ISO-10303-21;
HEADER;
/*Generated by software containing ST-Developer
 * from STEP Tools, Inc. (www.steptools.com) 
 */
/*OPTION: using custom renumber hook */
/*description */
/*implementation_level */
FILE_DESCRIPTION(('STEP AP242 Edition 2','STEP AP242 Edition 2''CAx-IF Rec.Pracs.---Representation and Presentation of Product Manufa
cturing Information (PMI)---4.0---2014-10-13','STEP AP242 Edition 2''CAx-IF Rec.Pracs.---Representation and Presentation of Product Manufa
cturing Information (PMI)---4.0---2014-10-13''CAx-IF Rec.Pracs.---3D Tessellated Geometry---0.4---2014-09-14','STEP AP242 Edition 2''CAx-IF Rec.Pracs.---Representation and Presentation of Product Manufa
cturing Information (PMI)---4.0---2014-10-13''CAx-IF Rec.Pracs.---3D Tessellated Geometry---0.4---2014-09-14''2;1','STEP AP242 Edition 2''CAx-IF Rec.Pracs.---Representation and Presentation of Product Manufa
cturing Information (PMI)---4.0---2014-10-13''CAx-IF Rec.Pracs.---3D Tessellated Geometry---0.4---2014-09-14''2;1''CAx-IF Rec.Pracs.---User Defined Attributes---1.5---2016-08-15'),'2;1');
/*name */
/*time_stamp */
/*author */
/*organization */
/*preprocessor_version */
/*originating_system */
/*authorisation */
FILE_NAME('/vol/tmp/translate-8188072455615183770/Part Studio 5 - Part 2.step','2026-04-23T11:21:53',(''),(''),'ST-DEVELOPER v20','ONSHAPE BY PTC INC, 1.213','  ');
FILE_SCHEMA(('AP242_MANAGED_MODEL_BASED_3D_ENGINEERING_MIM_LF { 1 0 10303 442 3 1 4 }'));
ENDSEC;
DATA;
#10=SHAPE_REPRESENTATION_RELATIONSHIP('','',#1293,#11);
#11=ADVANCED_BREP_SHAPE_REPRESENTATION('',(#1291),#2279);
#12=SPHERICAL_SURFACE('',#1416,4.);
#13=SPHERICAL_SURFACE('',#1418,4.);
#14=ELLIPSE('',#1402,5.65685424949238,4.);
#15=ELLIPSE('',#1405,5.65685424949238,4.);
#16=DEGENERATE_TOROIDAL_SURFACE('',#1312,9.9518651528353,28.5,.F.);
#17=DEGENERATE_TOROIDAL_SURFACE('',#1317,9.9518651528353,28.5,.F.);
#18=DEGENERATE_TOROIDAL_SURFACE('',#1321,9.9518651528353,30.,.F.);
#19=PLANE('',#1297);
#20=PLANE('',#1308);
#21=PLANE('',#1327);
#22=PLANE('',#1328);
#23=PLANE('',#1329);
#24=PLANE('',#1330);
#25=PLANE('',#1331);
#26=PLANE('',#1333);
#27=PLANE('',#1335);
#28=PLANE('',#1336);
#29=PLANE('',#1337);
#30=PLANE('',#1338);
#31=PLANE('',#1347);
#32=PLANE('',#1348);
#33=PLANE('',#1349);
#34=PLANE('',#1350);
#35=PLANE('',#1351);
#36=PLANE('',#1355);
#37=PLANE('',#1362);
#38=PLANE('',#1369);
#39=PLANE('',#1376);
#40=PLANE('',#1380);
#41=PLANE('',#1381);
#42=PLANE('',#1382);
#43=PLANE('',#1383);
#44=PLANE('',#1384);
#45=PLANE('',#1385);
#46=PLANE('',#1386);
#47=PLANE('',#1387);
#48=PLANE('',#1388);
#49=PLANE('',#1389);
#50=PLANE('',#1390);
#51=PLANE('',#1391);
#52=PLANE('',#1392);
#53=PLANE('',#1393);
#54=PLANE('',#1421);
#55=PLANE('',#1428);
#56=PLANE('',#1431);
#57=PLANE('',#1434);
#58=PLANE('',#1437);
#59=PLANE('',#1440);
#60=PLANE('',#1443);
#61=CIRCLE('',#1296,7.42317919290159);
#62=CIRCLE('',#1299,7.42317919290159);
#63=CIRCLE('',#1300,7.42317919290159);
#64=CIRCLE('',#1301,7.42317919290159);
#65=CIRCLE('',#1302,7.42317919290159);
#66=CIRCLE('',#1304,18.2353500041007);
#67=CIRCLE('',#1305,18.2353500041007);
#68=CIRCLE('',#1306,18.2353500041007);
#69=CIRCLE('',#1307,18.2353500041007);
#70=CIRCLE('',#1310,18.5);
#71=CIRCLE('',#1311,18.5);
#72=CIRCLE('',#1313,18.5);
#73=CIRCLE('',#1314,18.4974621877826);
#74=CIRCLE('',#1316,18.5);
#75=CIRCLE('',#1318,5.);
#76=CIRCLE('',#1319,12.0589923938128);
#77=CIRCLE('',#1320,18.5032570125427);
#78=CIRCLE('',#1322,20.0055041817139);
#79=CIRCLE('',#1323,4.);
#80=CIRCLE('',#1324,15.6947136030902);
#81=CIRCLE('',#1325,15.6947136030902);
#82=CIRCLE('',#1326,13.9694193013664);
#83=CIRCLE('',#1332,1.25);
#84=CIRCLE('',#1334,1.25);
#85=CIRCLE('',#1339,1.25);
#86=CIRCLE('',#1340,1.25);
#87=CIRCLE('',#1344,4.);
#88=CIRCLE('',#1346,5.);
#89=CIRCLE('',#1353,2.6);
#90=CIRCLE('',#1354,2.6);
#91=CIRCLE('',#1356,1.5);
#92=CIRCLE('',#1358,1.5);
#93=CIRCLE('',#1360,2.6);
#94=CIRCLE('',#1361,2.6);
#95=CIRCLE('',#1363,1.5);
#96=CIRCLE('',#1365,1.5);
#97=CIRCLE('',#1367,2.6);
#98=CIRCLE('',#1368,2.6);
#99=CIRCLE('',#1370,1.5);
#100=CIRCLE('',#1372,1.5);
#101=CIRCLE('',#1374,2.6);
#102=CIRCLE('',#1375,2.6);
#103=CIRCLE('',#1377,1.5);
#104=CIRCLE('',#1379,1.5);
#105=CIRCLE('',#1394,7.42317919290159);
#106=CIRCLE('',#1395,18.2353500041007);
#107=CIRCLE('',#1396,7.42317919290159);
#108=CIRCLE('',#1401,4.);
#109=CIRCLE('',#1404,4.);
#110=CIRCLE('',#1407,4.);
#111=CIRCLE('',#1408,4.);
#112=CIRCLE('',#1410,4.);
#113=CIRCLE('',#1412,4.);
#114=CIRCLE('',#1414,4.);
#115=CIRCLE('',#1415,4.);
#116=CIRCLE('',#1417,4.);
#117=CIRCLE('',#1419,4.);
#118=CIRCLE('',#1422,1.25);
#119=CIRCLE('',#1423,1.25);
#120=CIRCLE('',#1424,1.25);
#121=CIRCLE('',#1425,1.25);
#122=CIRCLE('',#1426,1.25);
#123=CIRCLE('',#1427,1.25);
#124=CIRCLE('',#1429,1.25);
#125=CIRCLE('',#1432,1.25);
#126=CIRCLE('',#1435,1.25);
#127=CIRCLE('',#1438,1.25);
#128=CIRCLE('',#1441,1.25);
#129=CIRCLE('',#1444,1.25);
#130=LINE('',#1842,#207);
#131=LINE('',#1846,#208);
#132=LINE('',#1854,#209);
#133=LINE('',#1862,#210);
#134=LINE('',#1864,#211);
#135=LINE('',#1866,#212);
#136=LINE('',#1871,#213);
#137=LINE('',#1886,#214);
#138=LINE('',#1897,#215);
#139=LINE('',#1906,#216);
#140=LINE('',#2011,#217);
#141=LINE('',#2013,#218);
#142=LINE('',#2015,#219);
#143=LINE('',#2017,#220);
#144=LINE('',#2019,#221);
#145=LINE('',#2021,#222);
#146=LINE('',#2023,#223);
#147=LINE('',#2025,#224);
#148=LINE('',#2027,#225);
#149=LINE('',#2029,#226);
#150=LINE('',#2031,#227);
#151=LINE('',#2033,#228);
#152=LINE('',#2035,#229);
#153=LINE('',#2037,#230);
#154=LINE('',#2039,#231);
#155=LINE('',#2041,#232);
#156=LINE('',#2045,#233);
#157=LINE('',#2049,#234);
#158=LINE('',#2051,#235);
#159=LINE('',#2053,#236);
#160=LINE('',#2055,#237);
#161=LINE('',#2061,#238);
#162=LINE('',#2072,#239);
#163=LINE('',#2075,#240);
#164=LINE('',#2077,#241);
#165=LINE('',#2079,#242);
#166=LINE('',#2081,#243);
#167=LINE('',#2083,#244);
#168=LINE('',#2085,#245);
#169=LINE('',#2087,#246);
#170=LINE('',#2089,#247);
#171=LINE('',#2091,#248);
#172=LINE('',#2093,#249);
#173=LINE('',#2094,#250);
#174=LINE('',#2140,#251);
#175=LINE('',#2143,#252);
#176=LINE('',#2145,#253);
#177=LINE('',#2147,#254);
#178=LINE('',#2149,#255);
#179=LINE('',#2152,#256);
#180=LINE('',#2154,#257);
#181=LINE('',#2156,#258);
#182=LINE('',#2158,#259);
#183=LINE('',#2161,#260);
#184=LINE('',#2163,#261);
#185=LINE('',#2165,#262);
#186=LINE('',#2167,#263);
#187=LINE('',#2170,#264);
#188=LINE('',#2172,#265);
#189=LINE('',#2174,#266);
#190=LINE('',#2176,#267);
#191=LINE('',#2179,#268);
#192=LINE('',#2180,#269);
#193=LINE('',#2182,#270);
#194=LINE('',#2184,#271);
#195=LINE('',#2186,#272);
#196=LINE('',#2188,#273);
#197=LINE('',#2191,#274);
#198=LINE('',#2193,#275);
#199=LINE('',#2195,#276);
#200=LINE('',#2197,#277);
#201=LINE('',#2199,#278);
#202=LINE('',#2201,#279);
#203=LINE('',#2203,#280);
#204=LINE('',#2205,#281);
#205=LINE('',#2216,#282);
#206=LINE('',#2217,#283);
#207=VECTOR('',#1450,1000.);
#208=VECTOR('',#1453,1000.);
#209=VECTOR('',#1456,1000.);
#210=VECTOR('',#1457,1000.);
#211=VECTOR('',#1458,1000.);
#212=VECTOR('',#1461,1000.);
#213=VECTOR('',#1464,1000.);
#214=VECTOR('',#1469,1000.);
#215=VECTOR('',#1476,1000.);
#216=VECTOR('',#1479,1000.);
#217=VECTOR('',#1524,1000.);
#218=VECTOR('',#1525,1000.);
#219=VECTOR('',#1526,1000.);
#220=VECTOR('',#1527,1000.);
#221=VECTOR('',#1530,1000.);
#222=VECTOR('',#1531,1000.);
#223=VECTOR('',#1532,1000.);
#224=VECTOR('',#1533,1000.);
#225=VECTOR('',#1536,1000.);
#226=VECTOR('',#1537,1000.);
#227=VECTOR('',#1538,1000.);
#228=VECTOR('',#1539,1000.);
#229=VECTOR('',#1542,1000.);
#230=VECTOR('',#1543,1000.);
#231=VECTOR('',#1544,1000.);
#232=VECTOR('',#1545,1000.);
#233=VECTOR('',#1550,1000.);
#234=VECTOR('',#1555,1000.);
#235=VECTOR('',#1558,1000.);
#236=VECTOR('',#1561,1000.);
#237=VECTOR('',#1564,1000.);
#238=VECTOR('',#1571,1000.);
#239=VECTOR('',#1588,1000.);
#240=VECTOR('',#1589,1000.);
#241=VECTOR('',#1590,1000.);
#242=VECTOR('',#1591,1000.);
#243=VECTOR('',#1594,1000.);
#244=VECTOR('',#1595,1000.);
#245=VECTOR('',#1596,1000.);
#246=VECTOR('',#1599,1000.);
#247=VECTOR('',#1600,1000.);
#248=VECTOR('',#1601,1000.);
#249=VECTOR('',#1604,1000.);
#250=VECTOR('',#1605,1000.);
#251=VECTOR('',#1664,1000.);
#252=VECTOR('',#1665,1000.);
#253=VECTOR('',#1666,1000.);
#254=VECTOR('',#1667,1000.);
#255=VECTOR('',#1670,1000.);
#256=VECTOR('',#1671,1000.);
#257=VECTOR('',#1672,1000.);
#258=VECTOR('',#1673,1000.);
#259=VECTOR('',#1676,1000.);
#260=VECTOR('',#1677,1000.);
#261=VECTOR('',#1678,1000.);
#262=VECTOR('',#1679,1000.);
#263=VECTOR('',#1682,1000.);
#264=VECTOR('',#1683,1000.);
#265=VECTOR('',#1684,1000.);
#266=VECTOR('',#1685,1000.);
#267=VECTOR('',#1688,1000.);
#268=VECTOR('',#1689,1000.);
#269=VECTOR('',#1690,1000.);
#270=VECTOR('',#1693,1000.);
#271=VECTOR('',#1694,1000.);
#272=VECTOR('',#1695,1000.);
#273=VECTOR('',#1698,1000.);
#274=VECTOR('',#1699,1000.);
#275=VECTOR('',#1700,1000.);
#276=VECTOR('',#1701,1000.);
#277=VECTOR('',#1704,1000.);
#278=VECTOR('',#1707,1000.);
#279=VECTOR('',#1710,1000.);
#280=VECTOR('',#1711,1000.);
#281=VECTOR('',#1712,1000.);
#282=VECTOR('',#1729,1000.);
#283=VECTOR('',#1730,1000.);
#284=ORIENTED_EDGE('',*,*,#612,.F.);
#285=ORIENTED_EDGE('',*,*,#613,.F.);
#286=ORIENTED_EDGE('',*,*,#614,.T.);
#287=ORIENTED_EDGE('',*,*,#615,.T.);
#288=ORIENTED_EDGE('',*,*,#613,.T.);
#289=ORIENTED_EDGE('',*,*,#616,.F.);
#290=ORIENTED_EDGE('',*,*,#617,.T.);
#291=ORIENTED_EDGE('',*,*,#618,.F.);
#292=ORIENTED_EDGE('',*,*,#619,.F.);
#293=ORIENTED_EDGE('',*,*,#620,.F.);
#294=ORIENTED_EDGE('',*,*,#621,.F.);
#295=ORIENTED_EDGE('',*,*,#622,.T.);
#296=ORIENTED_EDGE('',*,*,#623,.F.);
#297=ORIENTED_EDGE('',*,*,#624,.F.);
#298=ORIENTED_EDGE('',*,*,#619,.T.);
#299=ORIENTED_EDGE('',*,*,#625,.T.);
#300=ORIENTED_EDGE('',*,*,#626,.T.);
#301=ORIENTED_EDGE('',*,*,#627,.F.);
#302=ORIENTED_EDGE('',*,*,#628,.T.);
#303=ORIENTED_EDGE('',*,*,#629,.T.);
#304=ORIENTED_EDGE('',*,*,#623,.T.);
#305=ORIENTED_EDGE('',*,*,#630,.T.);
#306=ORIENTED_EDGE('',*,*,#631,.F.);
#307=ORIENTED_EDGE('',*,*,#632,.T.);
#308=ORIENTED_EDGE('',*,*,#633,.T.);
#309=ORIENTED_EDGE('',*,*,#634,.F.);
#310=ORIENTED_EDGE('',*,*,#635,.T.);
#311=ORIENTED_EDGE('',*,*,#636,.T.);
#312=ORIENTED_EDGE('',*,*,#615,.F.);
#313=ORIENTED_EDGE('',*,*,#637,.F.);
#314=ORIENTED_EDGE('',*,*,#614,.F.);
#315=ORIENTED_EDGE('',*,*,#620,.T.);
#316=ORIENTED_EDGE('',*,*,#624,.T.);
#317=ORIENTED_EDGE('',*,*,#637,.T.);
#318=ORIENTED_EDGE('',*,*,#638,.T.);
#319=ORIENTED_EDGE('',*,*,#621,.T.);
#320=ORIENTED_EDGE('',*,*,#639,.F.);
#321=ORIENTED_EDGE('',*,*,#631,.T.);
#322=ORIENTED_EDGE('',*,*,#628,.F.);
#323=ORIENTED_EDGE('',*,*,#640,.T.);
#324=ORIENTED_EDGE('',*,*,#633,.F.);
#325=ORIENTED_EDGE('',*,*,#641,.T.);
#326=ORIENTED_EDGE('',*,*,#640,.F.);
#327=ORIENTED_EDGE('',*,*,#627,.T.);
#328=ORIENTED_EDGE('',*,*,#642,.T.);
#329=ORIENTED_EDGE('',*,*,#634,.T.);
#330=ORIENTED_EDGE('',*,*,#643,.F.);
#331=ORIENTED_EDGE('',*,*,#625,.F.);
#332=ORIENTED_EDGE('',*,*,#618,.T.);
#333=ORIENTED_EDGE('',*,*,#644,.T.);
#334=ORIENTED_EDGE('',*,*,#616,.T.);
#335=ORIENTED_EDGE('',*,*,#612,.T.);
#336=ORIENTED_EDGE('',*,*,#636,.F.);
#337=ORIENTED_EDGE('',*,*,#645,.F.);
#338=ORIENTED_EDGE('',*,*,#646,.T.);
#339=ORIENTED_EDGE('',*,*,#647,.T.);
#340=ORIENTED_EDGE('',*,*,#648,.F.);
#341=ORIENTED_EDGE('',*,*,#649,.T.);
#342=ORIENTED_EDGE('',*,*,#650,.T.);
#343=ORIENTED_EDGE('',*,*,#651,.T.);
#344=ORIENTED_EDGE('',*,*,#652,.F.);
#345=ORIENTED_EDGE('',*,*,#653,.T.);
#346=ORIENTED_EDGE('',*,*,#654,.T.);
#347=ORIENTED_EDGE('',*,*,#655,.F.);
#348=ORIENTED_EDGE('',*,*,#656,.F.);
#349=ORIENTED_EDGE('',*,*,#657,.F.);
#350=ORIENTED_EDGE('',*,*,#658,.T.);
#351=ORIENTED_EDGE('',*,*,#659,.F.);
#352=ORIENTED_EDGE('',*,*,#660,.T.);
#353=ORIENTED_EDGE('',*,*,#656,.T.);
#354=ORIENTED_EDGE('',*,*,#661,.F.);
#355=ORIENTED_EDGE('',*,*,#662,.F.);
#356=ORIENTED_EDGE('',*,*,#663,.T.);
#357=ORIENTED_EDGE('',*,*,#658,.F.);
#358=ORIENTED_EDGE('',*,*,#664,.F.);
#359=ORIENTED_EDGE('',*,*,#665,.F.);
#360=ORIENTED_EDGE('',*,*,#666,.T.);
#361=ORIENTED_EDGE('',*,*,#667,.T.);
#362=ORIENTED_EDGE('',*,*,#668,.T.);
#363=ORIENTED_EDGE('',*,*,#648,.T.);
#364=ORIENTED_EDGE('',*,*,#669,.F.);
#365=ORIENTED_EDGE('',*,*,#670,.F.);
#366=ORIENTED_EDGE('',*,*,#671,.T.);
#367=ORIENTED_EDGE('',*,*,#654,.F.);
#368=ORIENTED_EDGE('',*,*,#672,.F.);
#369=ORIENTED_EDGE('',*,*,#673,.F.);
#370=ORIENTED_EDGE('',*,*,#674,.T.);
#371=ORIENTED_EDGE('',*,*,#675,.T.);
#372=ORIENTED_EDGE('',*,*,#676,.F.);
#373=ORIENTED_EDGE('',*,*,#669,.T.);
#374=ORIENTED_EDGE('',*,*,#659,.T.);
#375=ORIENTED_EDGE('',*,*,#667,.F.);
#376=ORIENTED_EDGE('',*,*,#677,.T.);
#377=ORIENTED_EDGE('',*,*,#678,.F.);
#378=ORIENTED_EDGE('',*,*,#661,.T.);
#379=ORIENTED_EDGE('',*,*,#655,.T.);
#380=ORIENTED_EDGE('',*,*,#675,.F.);
#381=ORIENTED_EDGE('',*,*,#679,.T.);
#382=ORIENTED_EDGE('',*,*,#679,.F.);
#383=ORIENTED_EDGE('',*,*,#674,.F.);
#384=ORIENTED_EDGE('',*,*,#680,.T.);
#385=ORIENTED_EDGE('',*,*,#662,.T.);
#386=ORIENTED_EDGE('',*,*,#664,.T.);
#387=ORIENTED_EDGE('',*,*,#657,.T.);
#388=ORIENTED_EDGE('',*,*,#660,.F.);
#389=ORIENTED_EDGE('',*,*,#681,.T.);
#390=ORIENTED_EDGE('',*,*,#677,.F.);
#391=ORIENTED_EDGE('',*,*,#666,.F.);
#392=ORIENTED_EDGE('',*,*,#682,.T.);
#393=ORIENTED_EDGE('',*,*,#670,.T.);
#394=ORIENTED_EDGE('',*,*,#683,.T.);
#395=ORIENTED_EDGE('',*,*,#684,.T.);
#396=ORIENTED_EDGE('',*,*,#680,.F.);
#397=ORIENTED_EDGE('',*,*,#673,.T.);
#398=ORIENTED_EDGE('',*,*,#685,.T.);
#399=ORIENTED_EDGE('',*,*,#671,.F.);
#400=ORIENTED_EDGE('',*,*,#682,.F.);
#401=ORIENTED_EDGE('',*,*,#665,.T.);
#402=ORIENTED_EDGE('',*,*,#681,.F.);
#403=ORIENTED_EDGE('',*,*,#663,.F.);
#404=ORIENTED_EDGE('',*,*,#676,.T.);
#405=ORIENTED_EDGE('',*,*,#684,.F.);
#406=ORIENTED_EDGE('',*,*,#678,.T.);
#407=ORIENTED_EDGE('',*,*,#683,.F.);
#408=ORIENTED_EDGE('',*,*,#686,.F.);
#409=ORIENTED_EDGE('',*,*,#647,.F.);
#410=ORIENTED_EDGE('',*,*,#643,.T.);
#411=ORIENTED_EDGE('',*,*,#687,.T.);
#412=ORIENTED_EDGE('',*,*,#686,.T.);
#413=ORIENTED_EDGE('',*,*,#687,.F.);
#414=ORIENTED_EDGE('',*,*,#688,.T.);
#415=ORIENTED_EDGE('',*,*,#689,.F.);
#416=ORIENTED_EDGE('',*,*,#690,.F.);
#417=ORIENTED_EDGE('',*,*,#691,.T.);
#418=ORIENTED_EDGE('',*,*,#692,.F.);
#419=ORIENTED_EDGE('',*,*,#691,.F.);
#420=ORIENTED_EDGE('',*,*,#693,.T.);
#421=ORIENTED_EDGE('',*,*,#694,.T.);
#422=ORIENTED_EDGE('',*,*,#646,.F.);
#423=ORIENTED_EDGE('',*,*,#695,.F.);
#424=ORIENTED_EDGE('',*,*,#694,.F.);
#425=ORIENTED_EDGE('',*,*,#696,.T.);
#426=ORIENTED_EDGE('',*,*,#697,.T.);
#427=ORIENTED_EDGE('',*,*,#698,.T.);
#428=ORIENTED_EDGE('',*,*,#697,.F.);
#429=ORIENTED_EDGE('',*,*,#699,.F.);
#430=ORIENTED_EDGE('',*,*,#689,.T.);
#431=ORIENTED_EDGE('',*,*,#700,.T.);
#432=ORIENTED_EDGE('',*,*,#701,.F.);
#433=ORIENTED_EDGE('',*,*,#702,.T.);
#434=ORIENTED_EDGE('',*,*,#700,.F.);
#435=ORIENTED_EDGE('',*,*,#703,.F.);
#436=ORIENTED_EDGE('',*,*,#702,.F.);
#437=ORIENTED_EDGE('',*,*,#704,.T.);
#438=ORIENTED_EDGE('',*,*,#705,.F.);
#439=ORIENTED_EDGE('',*,*,#706,.T.);
#440=ORIENTED_EDGE('',*,*,#704,.F.);
#441=ORIENTED_EDGE('',*,*,#707,.F.);
#442=ORIENTED_EDGE('',*,*,#706,.F.);
#443=ORIENTED_EDGE('',*,*,#708,.T.);
#444=ORIENTED_EDGE('',*,*,#709,.F.);
#445=ORIENTED_EDGE('',*,*,#710,.T.);
#446=ORIENTED_EDGE('',*,*,#708,.F.);
#447=ORIENTED_EDGE('',*,*,#711,.F.);
#448=ORIENTED_EDGE('',*,*,#710,.F.);
#449=ORIENTED_EDGE('',*,*,#712,.T.);
#450=ORIENTED_EDGE('',*,*,#713,.F.);
#451=ORIENTED_EDGE('',*,*,#714,.T.);
#452=ORIENTED_EDGE('',*,*,#712,.F.);
#453=ORIENTED_EDGE('',*,*,#715,.F.);
#454=ORIENTED_EDGE('',*,*,#714,.F.);
#455=ORIENTED_EDGE('',*,*,#716,.F.);
#456=ORIENTED_EDGE('',*,*,#717,.F.);
#457=ORIENTED_EDGE('',*,*,#718,.T.);
#458=ORIENTED_EDGE('',*,*,#719,.T.);
#459=ORIENTED_EDGE('',*,*,#720,.T.);
#460=ORIENTED_EDGE('',*,*,#721,.T.);
#461=ORIENTED_EDGE('',*,*,#722,.T.);
#462=ORIENTED_EDGE('',*,*,#723,.T.);
#463=ORIENTED_EDGE('',*,*,#724,.T.);
#464=ORIENTED_EDGE('',*,*,#725,.T.);
#465=ORIENTED_EDGE('',*,*,#726,.T.);
#466=ORIENTED_EDGE('',*,*,#727,.T.);
#467=ORIENTED_EDGE('',*,*,#728,.T.);
#468=ORIENTED_EDGE('',*,*,#729,.T.);
#469=ORIENTED_EDGE('',*,*,#730,.T.);
#470=ORIENTED_EDGE('',*,*,#731,.T.);
#471=ORIENTED_EDGE('',*,*,#732,.F.);
#472=ORIENTED_EDGE('',*,*,#733,.T.);
#473=ORIENTED_EDGE('',*,*,#716,.T.);
#474=ORIENTED_EDGE('',*,*,#734,.F.);
#475=ORIENTED_EDGE('',*,*,#735,.F.);
#476=ORIENTED_EDGE('',*,*,#736,.T.);
#477=ORIENTED_EDGE('',*,*,#737,.T.);
#478=ORIENTED_EDGE('',*,*,#718,.F.);
#479=ORIENTED_EDGE('',*,*,#622,.F.);
#480=ORIENTED_EDGE('',*,*,#638,.F.);
#481=ORIENTED_EDGE('',*,*,#630,.F.);
#482=ORIENTED_EDGE('',*,*,#738,.T.);
#483=ORIENTED_EDGE('',*,*,#739,.T.);
#484=ORIENTED_EDGE('',*,*,#740,.F.);
#485=ORIENTED_EDGE('',*,*,#741,.T.);
#486=ORIENTED_EDGE('',*,*,#698,.F.);
#487=ORIENTED_EDGE('',*,*,#688,.F.);
#488=ORIENTED_EDGE('',*,*,#692,.T.);
#489=ORIENTED_EDGE('',*,*,#695,.T.);
#490=ORIENTED_EDGE('',*,*,#703,.T.);
#491=ORIENTED_EDGE('',*,*,#707,.T.);
#492=ORIENTED_EDGE('',*,*,#711,.T.);
#493=ORIENTED_EDGE('',*,*,#715,.T.);
#494=ORIENTED_EDGE('',*,*,#742,.T.);
#495=ORIENTED_EDGE('',*,*,#734,.T.);
#496=ORIENTED_EDGE('',*,*,#719,.F.);
#497=ORIENTED_EDGE('',*,*,#737,.F.);
#498=ORIENTED_EDGE('',*,*,#732,.T.);
#499=ORIENTED_EDGE('',*,*,#742,.F.);
#500=ORIENTED_EDGE('',*,*,#736,.F.);
#501=ORIENTED_EDGE('',*,*,#743,.T.);
#502=ORIENTED_EDGE('',*,*,#701,.T.);
#503=ORIENTED_EDGE('',*,*,#705,.T.);
#504=ORIENTED_EDGE('',*,*,#709,.T.);
#505=ORIENTED_EDGE('',*,*,#713,.T.);
#506=ORIENTED_EDGE('',*,*,#733,.F.);
#507=ORIENTED_EDGE('',*,*,#743,.F.);
#508=ORIENTED_EDGE('',*,*,#735,.T.);
#509=ORIENTED_EDGE('',*,*,#717,.T.);
#510=ORIENTED_EDGE('',*,*,#740,.T.);
#511=ORIENTED_EDGE('',*,*,#744,.T.);
#512=ORIENTED_EDGE('',*,*,#745,.T.);
#513=ORIENTED_EDGE('',*,*,#746,.T.);
#514=ORIENTED_EDGE('',*,*,#629,.F.);
#515=ORIENTED_EDGE('',*,*,#641,.F.);
#516=ORIENTED_EDGE('',*,*,#632,.F.);
#517=ORIENTED_EDGE('',*,*,#639,.T.);
#518=ORIENTED_EDGE('',*,*,#626,.F.);
#519=ORIENTED_EDGE('',*,*,#645,.T.);
#520=ORIENTED_EDGE('',*,*,#635,.F.);
#521=ORIENTED_EDGE('',*,*,#642,.F.);
#522=ORIENTED_EDGE('',*,*,#644,.F.);
#523=ORIENTED_EDGE('',*,*,#617,.F.);
#524=ORIENTED_EDGE('',*,*,#649,.F.);
#525=ORIENTED_EDGE('',*,*,#668,.F.);
#526=ORIENTED_EDGE('',*,*,#685,.F.);
#527=ORIENTED_EDGE('',*,*,#672,.T.);
#528=ORIENTED_EDGE('',*,*,#653,.F.);
#529=ORIENTED_EDGE('',*,*,#747,.T.);
#530=ORIENTED_EDGE('',*,*,#748,.F.);
#531=ORIENTED_EDGE('',*,*,#749,.F.);
#532=ORIENTED_EDGE('',*,*,#651,.F.);
#533=ORIENTED_EDGE('',*,*,#750,.T.);
#534=ORIENTED_EDGE('',*,*,#748,.T.);
#535=ORIENTED_EDGE('',*,*,#751,.F.);
#536=ORIENTED_EDGE('',*,*,#650,.F.);
#537=ORIENTED_EDGE('',*,*,#749,.T.);
#538=ORIENTED_EDGE('',*,*,#750,.F.);
#539=ORIENTED_EDGE('',*,*,#747,.F.);
#540=ORIENTED_EDGE('',*,*,#652,.T.);
#541=ORIENTED_EDGE('',*,*,#751,.T.);
#542=ORIENTED_EDGE('',*,*,#752,.T.);
#543=ORIENTED_EDGE('',*,*,#720,.F.);
#544=ORIENTED_EDGE('',*,*,#753,.F.);
#545=ORIENTED_EDGE('',*,*,#739,.F.);
#546=ORIENTED_EDGE('',*,*,#754,.T.);
#547=ORIENTED_EDGE('',*,*,#741,.F.);
#548=ORIENTED_EDGE('',*,*,#755,.F.);
#549=ORIENTED_EDGE('',*,*,#726,.F.);
#550=ORIENTED_EDGE('',*,*,#756,.T.);
#551=ORIENTED_EDGE('',*,*,#729,.F.);
#552=ORIENTED_EDGE('',*,*,#757,.F.);
#553=ORIENTED_EDGE('',*,*,#722,.F.);
#554=ORIENTED_EDGE('',*,*,#753,.T.);
#555=ORIENTED_EDGE('',*,*,#723,.F.);
#556=ORIENTED_EDGE('',*,*,#758,.F.);
#557=ORIENTED_EDGE('',*,*,#744,.F.);
#558=ORIENTED_EDGE('',*,*,#755,.T.);
#559=ORIENTED_EDGE('',*,*,#746,.F.);
#560=ORIENTED_EDGE('',*,*,#759,.F.);
#561=ORIENTED_EDGE('',*,*,#727,.F.);
#562=ORIENTED_EDGE('',*,*,#760,.T.);
#563=ORIENTED_EDGE('',*,*,#724,.F.);
#564=ORIENTED_EDGE('',*,*,#761,.F.);
#565=ORIENTED_EDGE('',*,*,#731,.F.);
#566=ORIENTED_EDGE('',*,*,#758,.T.);
#567=ORIENTED_EDGE('',*,*,#757,.T.);
#568=ORIENTED_EDGE('',*,*,#762,.F.);
#569=ORIENTED_EDGE('',*,*,#761,.T.);
#570=ORIENTED_EDGE('',*,*,#759,.T.);
#571=ORIENTED_EDGE('',*,*,#763,.F.);
#572=ORIENTED_EDGE('',*,*,#762,.T.);
#573=ORIENTED_EDGE('',*,*,#728,.F.);
#574=ORIENTED_EDGE('',*,*,#763,.T.);
#575=ORIENTED_EDGE('',*,*,#745,.F.);
#576=ORIENTED_EDGE('',*,*,#690,.T.);
#577=ORIENTED_EDGE('',*,*,#699,.T.);
#578=ORIENTED_EDGE('',*,*,#696,.F.);
#579=ORIENTED_EDGE('',*,*,#693,.F.);
#580=ORIENTED_EDGE('',*,*,#752,.F.);
#581=ORIENTED_EDGE('',*,*,#738,.F.);
#582=ORIENTED_EDGE('',*,*,#754,.F.);
#583=ORIENTED_EDGE('',*,*,#725,.F.);
#584=ORIENTED_EDGE('',*,*,#760,.F.);
#585=ORIENTED_EDGE('',*,*,#730,.F.);
#586=ORIENTED_EDGE('',*,*,#756,.F.);
#587=ORIENTED_EDGE('',*,*,#721,.F.);
#588=ORIENTED_EDGE('',*,*,#764,.T.);
#589=ORIENTED_EDGE('',*,*,#765,.T.);
#590=ORIENTED_EDGE('',*,*,#766,.T.);
#591=ORIENTED_EDGE('',*,*,#767,.T.);
#592=ORIENTED_EDGE('',*,*,#768,.T.);
#593=ORIENTED_EDGE('',*,*,#769,.T.);
#594=ORIENTED_EDGE('',*,*,#770,.F.);
#595=ORIENTED_EDGE('',*,*,#770,.T.);
#596=ORIENTED_EDGE('',*,*,#768,.F.);
#597=ORIENTED_EDGE('',*,*,#771,.F.);
#598=ORIENTED_EDGE('',*,*,#771,.T.);
#599=ORIENTED_EDGE('',*,*,#767,.F.);
#600=ORIENTED_EDGE('',*,*,#772,.F.);
#601=ORIENTED_EDGE('',*,*,#772,.T.);
#602=ORIENTED_EDGE('',*,*,#766,.F.);
#603=ORIENTED_EDGE('',*,*,#773,.F.);
#604=ORIENTED_EDGE('',*,*,#773,.T.);
#605=ORIENTED_EDGE('',*,*,#765,.F.);
#606=ORIENTED_EDGE('',*,*,#774,.F.);
#607=ORIENTED_EDGE('',*,*,#774,.T.);
#608=ORIENTED_EDGE('',*,*,#764,.F.);
#609=ORIENTED_EDGE('',*,*,#775,.F.);
#610=ORIENTED_EDGE('',*,*,#775,.T.);
#611=ORIENTED_EDGE('',*,*,#769,.F.);
#612=EDGE_CURVE('',#776,#777,#895,.T.);
#613=EDGE_CURVE('',#778,#776,#130,.T.);
#614=EDGE_CURVE('',#778,#779,#61,.T.);
#615=EDGE_CURVE('',#779,#777,#131,.T.);
#616=EDGE_CURVE('',#780,#776,#896,.T.);
#617=EDGE_CURVE('',#780,#781,#132,.T.);
#618=EDGE_CURVE('',#782,#781,#897,.T.);
#619=EDGE_CURVE('',#783,#782,#133,.T.);
#620=EDGE_CURVE('',#778,#783,#134,.T.);
#621=EDGE_CURVE('',#784,#785,#135,.T.);
#622=EDGE_CURVE('',#784,#786,#62,.F.);
#623=EDGE_CURVE('',#787,#786,#136,.T.);
#624=EDGE_CURVE('',#783,#787,#63,.T.);
#625=EDGE_CURVE('',#782,#788,#898,.T.);
#626=EDGE_CURVE('',#788,#789,#64,.F.);
#627=EDGE_CURVE('',#790,#789,#137,.T.);
#628=EDGE_CURVE('',#790,#791,#899,.T.);
#629=EDGE_CURVE('',#791,#785,#65,.F.);
#630=EDGE_CURVE('',#786,#792,#66,.T.);
#631=EDGE_CURVE('',#793,#792,#138,.F.);
#632=EDGE_CURVE('',#793,#794,#67,.T.);
#633=EDGE_CURVE('',#794,#795,#900,.T.);
#634=EDGE_CURVE('',#796,#795,#139,.F.);
#635=EDGE_CURVE('',#796,#797,#68,.T.);
#636=EDGE_CURVE('',#797,#777,#901,.T.);
#637=EDGE_CURVE('',#787,#779,#69,.T.);
#638=EDGE_CURVE('',#792,#784,#70,.T.);
#639=EDGE_CURVE('',#793,#785,#71,.T.);
#640=EDGE_CURVE('',#790,#795,#72,.T.);
#641=EDGE_CURVE('',#794,#791,#73,.T.);
#642=EDGE_CURVE('',#789,#796,#74,.T.);
#643=EDGE_CURVE('',#798,#798,#75,.T.);
#644=EDGE_CURVE('',#781,#780,#76,.F.);
#645=EDGE_CURVE('',#788,#797,#77,.T.);
#646=EDGE_CURVE('',#799,#799,#78,.T.);
#647=EDGE_CURVE('',#800,#800,#79,.T.);
#648=EDGE_CURVE('',#801,#802,#902,.T.);
#649=EDGE_CURVE('',#801,#803,#80,.F.);
#650=EDGE_CURVE('',#803,#804,#903,.T.);
#651=EDGE_CURVE('',#804,#805,#904,.T.);
#652=EDGE_CURVE('',#806,#805,#905,.T.);
#653=EDGE_CURVE('',#806,#807,#81,.F.);
#654=EDGE_CURVE('',#807,#808,#906,.T.);
#655=EDGE_CURVE('',#809,#808,#907,.T.);
#656=EDGE_CURVE('',#810,#809,#908,.T.);
#657=EDGE_CURVE('',#811,#810,#82,.F.);
#658=EDGE_CURVE('',#811,#812,#909,.T.);
#659=EDGE_CURVE('',#802,#812,#910,.T.);
#660=EDGE_CURVE('',#813,#810,#140,.T.);
#661=EDGE_CURVE('',#814,#809,#141,.T.);
#662=EDGE_CURVE('',#815,#814,#142,.T.);
#663=EDGE_CURVE('',#815,#813,#143,.T.);
#664=EDGE_CURVE('',#816,#811,#144,.T.);
#665=EDGE_CURVE('',#817,#816,#145,.T.);
#666=EDGE_CURVE('',#817,#818,#146,.T.);
#667=EDGE_CURVE('',#818,#812,#147,.T.);
#668=EDGE_CURVE('',#819,#801,#148,.T.);
#669=EDGE_CURVE('',#820,#802,#149,.T.);
#670=EDGE_CURVE('',#821,#820,#150,.T.);
#671=EDGE_CURVE('',#821,#819,#151,.T.);
#672=EDGE_CURVE('',#822,#807,#152,.T.);
#673=EDGE_CURVE('',#823,#822,#153,.T.);
#674=EDGE_CURVE('',#823,#824,#154,.T.);
#675=EDGE_CURVE('',#824,#808,#155,.T.);
#676=EDGE_CURVE('',#825,#825,#83,.T.);
#677=EDGE_CURVE('',#818,#820,#156,.T.);
#678=EDGE_CURVE('',#826,#826,#84,.T.);
#679=EDGE_CURVE('',#824,#814,#157,.T.);
#680=EDGE_CURVE('',#823,#815,#158,.T.);
#681=EDGE_CURVE('',#813,#816,#159,.T.);
#682=EDGE_CURVE('',#817,#821,#160,.T.);
#683=EDGE_CURVE('',#827,#827,#85,.T.);
#684=EDGE_CURVE('',#828,#828,#86,.T.);
#685=EDGE_CURVE('',#822,#819,#161,.T.);
#686=EDGE_CURVE('',#829,#829,#87,.T.);
#687=EDGE_CURVE('',#830,#830,#88,.T.);
#688=EDGE_CURVE('',#831,#832,#162,.T.);
#689=EDGE_CURVE('',#833,#832,#163,.T.);
#690=EDGE_CURVE('',#834,#833,#164,.T.);
#691=EDGE_CURVE('',#834,#831,#165,.T.);
#692=EDGE_CURVE('',#831,#835,#166,.T.);
#693=EDGE_CURVE('',#834,#836,#167,.T.);
#694=EDGE_CURVE('',#836,#835,#168,.T.);
#695=EDGE_CURVE('',#835,#837,#169,.T.);
#696=EDGE_CURVE('',#836,#838,#170,.T.);
#697=EDGE_CURVE('',#838,#837,#171,.T.);
#698=EDGE_CURVE('',#832,#837,#172,.T.);
#699=EDGE_CURVE('',#833,#838,#173,.T.);
#700=EDGE_CURVE('',#839,#839,#89,.T.);
#701=EDGE_CURVE('',#840,#840,#90,.T.);
#702=EDGE_CURVE('',#841,#841,#91,.T.);
#703=EDGE_CURVE('',#842,#842,#92,.F.);
#704=EDGE_CURVE('',#843,#843,#93,.T.);
#705=EDGE_CURVE('',#844,#844,#94,.T.);
#706=EDGE_CURVE('',#845,#845,#95,.T.);
#707=EDGE_CURVE('',#846,#846,#96,.F.);
#708=EDGE_CURVE('',#847,#847,#97,.T.);
#709=EDGE_CURVE('',#848,#848,#98,.T.);
#710=EDGE_CURVE('',#849,#849,#99,.T.);
#711=EDGE_CURVE('',#850,#850,#100,.F.);
#712=EDGE_CURVE('',#851,#851,#101,.T.);
#713=EDGE_CURVE('',#852,#852,#102,.T.);
#714=EDGE_CURVE('',#853,#853,#103,.T.);
#715=EDGE_CURVE('',#854,#854,#104,.F.);
#716=EDGE_CURVE('',#855,#856,#174,.T.);
#717=EDGE_CURVE('',#857,#855,#175,.T.);
#718=EDGE_CURVE('',#857,#858,#176,.T.);
#719=EDGE_CURVE('',#858,#856,#177,.T.);
#720=EDGE_CURVE('',#859,#860,#178,.T.);
#721=EDGE_CURVE('',#860,#861,#179,.T.);
#722=EDGE_CURVE('',#861,#862,#180,.F.);
#723=EDGE_CURVE('',#862,#859,#181,.F.);
#724=EDGE_CURVE('',#863,#864,#182,.T.);
#725=EDGE_CURVE('',#864,#865,#183,.F.);
#726=EDGE_CURVE('',#865,#866,#184,.F.);
#727=EDGE_CURVE('',#866,#863,#185,.T.);
#728=EDGE_CURVE('',#867,#868,#186,.F.);
#729=EDGE_CURVE('',#868,#869,#187,.T.);
#730=EDGE_CURVE('',#869,#870,#188,.T.);
#731=EDGE_CURVE('',#870,#867,#189,.F.);
#732=EDGE_CURVE('',#871,#872,#190,.T.);
#733=EDGE_CURVE('',#871,#855,#191,.T.);
#734=EDGE_CURVE('',#872,#856,#192,.T.);
#735=EDGE_CURVE('',#873,#857,#193,.T.);
#736=EDGE_CURVE('',#873,#874,#194,.T.);
#737=EDGE_CURVE('',#874,#858,#195,.T.);
#738=EDGE_CURVE('',#875,#876,#196,.T.);
#739=EDGE_CURVE('',#876,#877,#197,.F.);
#740=EDGE_CURVE('',#878,#877,#198,.T.);
#741=EDGE_CURVE('',#878,#875,#199,.T.);
#742=EDGE_CURVE('',#874,#872,#200,.T.);
#743=EDGE_CURVE('',#873,#871,#201,.T.);
#744=EDGE_CURVE('',#877,#879,#202,.T.);
#745=EDGE_CURVE('',#879,#880,#203,.T.);
#746=EDGE_CURVE('',#880,#878,#204,.F.);
#747=EDGE_CURVE('',#806,#881,#105,.T.);
#748=EDGE_CURVE('',#882,#881,#106,.T.);
#749=EDGE_CURVE('',#803,#882,#107,.T.);
#750=EDGE_CURVE('',#804,#882,#205,.T.);
#751=EDGE_CURVE('',#805,#881,#206,.T.);
#752=EDGE_CURVE('',#876,#860,#108,.F.);
#753=EDGE_CURVE('',#877,#859,#14,.T.);
#754=EDGE_CURVE('',#865,#875,#109,.F.);
#755=EDGE_CURVE('',#866,#878,#15,.F.);
#756=EDGE_CURVE('',#861,#869,#110,.F.);
#757=EDGE_CURVE('',#862,#868,#111,.T.);
#758=EDGE_CURVE('',#879,#862,#112,.T.);
#759=EDGE_CURVE('',#863,#880,#113,.T.);
#760=EDGE_CURVE('',#870,#864,#114,.F.);
#761=EDGE_CURVE('',#867,#863,#115,.T.);
#762=EDGE_CURVE('',#879,#868,#116,.F.);
#763=EDGE_CURVE('',#867,#880,#117,.F.);
#764=EDGE_CURVE('',#883,#883,#118,.T.);
#765=EDGE_CURVE('',#884,#884,#119,.T.);
#766=EDGE_CURVE('',#885,#885,#120,.T.);
#767=EDGE_CURVE('',#886,#886,#121,.T.);
#768=EDGE_CURVE('',#887,#887,#122,.T.);
#769=EDGE_CURVE('',#888,#888,#123,.T.);
#770=EDGE_CURVE('',#889,#889,#124,.T.);
#771=EDGE_CURVE('',#890,#890,#125,.T.);
#772=EDGE_CURVE('',#891,#891,#126,.T.);
#773=EDGE_CURVE('',#892,#892,#127,.T.);
#774=EDGE_CURVE('',#893,#893,#128,.T.);
#775=EDGE_CURVE('',#894,#894,#129,.T.);
#776=VERTEX_POINT('',#1840);
#777=VERTEX_POINT('',#1841);
#778=VERTEX_POINT('',#1843);
#779=VERTEX_POINT('',#1845);
#780=VERTEX_POINT('',#1853);
#781=VERTEX_POINT('',#1855);
#782=VERTEX_POINT('',#1861);
#783=VERTEX_POINT('',#1863);
#784=VERTEX_POINT('',#1867);
#785=VERTEX_POINT('',#1868);
#786=VERTEX_POINT('',#1870);
#787=VERTEX_POINT('',#1872);
#788=VERTEX_POINT('',#1883);
#789=VERTEX_POINT('',#1885);
#790=VERTEX_POINT('',#1887);
#791=VERTEX_POINT('',#1892);
#792=VERTEX_POINT('',#1896);
#793=VERTEX_POINT('',#1898);
#794=VERTEX_POINT('',#1900);
#795=VERTEX_POINT('',#1905);
#796=VERTEX_POINT('',#1907);
#797=VERTEX_POINT('',#1909);
#798=VERTEX_POINT('',#1930);
#799=VERTEX_POINT('',#1935);
#800=VERTEX_POINT('',#1937);
#801=VERTEX_POINT('',#1942);
#802=VERTEX_POINT('',#1943);
#803=VERTEX_POINT('',#1945);
#804=VERTEX_POINT('',#1954);
#805=VERTEX_POINT('',#1972);
#806=VERTEX_POINT('',#1980);
#807=VERTEX_POINT('',#1982);
#808=VERTEX_POINT('',#1987);
#809=VERTEX_POINT('',#1992);
#810=VERTEX_POINT('',#1997);
#811=VERTEX_POINT('',#1999);
#812=VERTEX_POINT('',#2004);
#813=VERTEX_POINT('',#2012);
#814=VERTEX_POINT('',#2014);
#815=VERTEX_POINT('',#2016);
#816=VERTEX_POINT('',#2020);
#817=VERTEX_POINT('',#2022);
#818=VERTEX_POINT('',#2024);
#819=VERTEX_POINT('',#2028);
#820=VERTEX_POINT('',#2030);
#821=VERTEX_POINT('',#2032);
#822=VERTEX_POINT('',#2036);
#823=VERTEX_POINT('',#2038);
#824=VERTEX_POINT('',#2040);
#825=VERTEX_POINT('',#2044);
#826=VERTEX_POINT('',#2048);
#827=VERTEX_POINT('',#2058);
#828=VERTEX_POINT('',#2060);
#829=VERTEX_POINT('',#2066);
#830=VERTEX_POINT('',#2069);
#831=VERTEX_POINT('',#2073);
#832=VERTEX_POINT('',#2074);
#833=VERTEX_POINT('',#2076);
#834=VERTEX_POINT('',#2078);
#835=VERTEX_POINT('',#2082);
#836=VERTEX_POINT('',#2084);
#837=VERTEX_POINT('',#2088);
#838=VERTEX_POINT('',#2090);
#839=VERTEX_POINT('',#2097);
#840=VERTEX_POINT('',#2099);
#841=VERTEX_POINT('',#2102);
#842=VERTEX_POINT('',#2105);
#843=VERTEX_POINT('',#2108);
#844=VERTEX_POINT('',#2110);
#845=VERTEX_POINT('',#2113);
#846=VERTEX_POINT('',#2116);
#847=VERTEX_POINT('',#2119);
#848=VERTEX_POINT('',#2121);
#849=VERTEX_POINT('',#2124);
#850=VERTEX_POINT('',#2127);
#851=VERTEX_POINT('',#2130);
#852=VERTEX_POINT('',#2132);
#853=VERTEX_POINT('',#2135);
#854=VERTEX_POINT('',#2138);
#855=VERTEX_POINT('',#2141);
#856=VERTEX_POINT('',#2142);
#857=VERTEX_POINT('',#2144);
#858=VERTEX_POINT('',#2146);
#859=VERTEX_POINT('',#2150);
#860=VERTEX_POINT('',#2151);
#861=VERTEX_POINT('',#2153);
#862=VERTEX_POINT('',#2155);
#863=VERTEX_POINT('',#2159);
#864=VERTEX_POINT('',#2160);
#865=VERTEX_POINT('',#2162);
#866=VERTEX_POINT('',#2164);
#867=VERTEX_POINT('',#2168);
#868=VERTEX_POINT('',#2169);
#869=VERTEX_POINT('',#2171);
#870=VERTEX_POINT('',#2173);
#871=VERTEX_POINT('',#2177);
#872=VERTEX_POINT('',#2178);
#873=VERTEX_POINT('',#2183);
#874=VERTEX_POINT('',#2185);
#875=VERTEX_POINT('',#2189);
#876=VERTEX_POINT('',#2190);
#877=VERTEX_POINT('',#2192);
#878=VERTEX_POINT('',#2194);
#879=VERTEX_POINT('',#2202);
#880=VERTEX_POINT('',#2204);
#881=VERTEX_POINT('',#2211);
#882=VERTEX_POINT('',#2213);
#883=VERTEX_POINT('',#2243);
#884=VERTEX_POINT('',#2245);
#885=VERTEX_POINT('',#2247);
#886=VERTEX_POINT('',#2249);
#887=VERTEX_POINT('',#2251);
#888=VERTEX_POINT('',#2253);
#889=VERTEX_POINT('',#2256);
#890=VERTEX_POINT('',#2260);
#891=VERTEX_POINT('',#2264);
#892=VERTEX_POINT('',#2268);
#893=VERTEX_POINT('',#2272);
#894=VERTEX_POINT('',#2276);
#895=B_SPLINE_CURVE_WITH_KNOTS('',3,(#1829,#1830,#1831,#1832,#1833,#1834,#1835,#1836,#1837,#1838,#1839),.UNSPECIFIED.,.F.,.F.,(4,1,1,1,1,1,1,1,4),(3.17797870035413E-07,0.00354977105508048,0.00532449768368571,0.00709922431229093,0.00887395094089615,0.0106486775695014,0.0124234041981066,0.0133107675124092,0.0141981308267118),.UNSPECIFIED.);
#896=B_SPLINE_CURVE_WITH_KNOTS('',3,(#1848,#1849,#1850,#1851,#1852),.UNSPECIFIED.,.F.,.F.,(4,1,4),(0.0391676725689729,0.0426934570360289,0.0462192415030849),.UNSPECIFIED.);
#897=B_SPLINE_CURVE_WITH_KNOTS('',3,(#1856,#1857,#1858,#1859,#1860),.UNSPECIFIED.,.F.,.F.,(4,1,4),(0.0212642291919418,0.0251255390058973,0.0289868488198529),.UNSPECIFIED.);
#898=B_SPLINE_CURVE_WITH_KNOTS('',3,(#1874,#1875,#1876,#1877,#1878,#1879,#1880,#1881,#1882),.UNSPECIFIED.,.F.,.F.,(4,1,1,1,1,1,4),(3.32827926470182E-07,0.00411635247853245,0.00823237212913842,0.0102903819544414,0.0123483917797444,0.0144064016050474,0.0164644114303504),.UNSPECIFIED.);
#899=B_SPLINE_CURVE_WITH_KNOTS('',3,(#1888,#1889,#1890,#1891),.UNSPECIFIED.,.F.,.F.,(4,4),(2.07807476423411E-07,4.49723663193508E-05),.UNSPECIFIED.);
#900=B_SPLINE_CURVE_WITH_KNOTS('',3,(#1901,#1902,#1903,#1904),.UNSPECIFIED.,.F.,.F.,(4,4),(0.00249062755907198,0.00255008387170494),.UNSPECIFIED.);
#901=B_SPLINE_CURVE_WITH_KNOTS('',3,(#1910,#1911,#1912,#1913,#1914,#1915,#1916,#1917),.UNSPECIFIED.,.F.,.F.,(4,1,1,1,1,4),(2.66283495655555E-07,0.00155330215307013,0.00232982008785737,0.00310633802264461,0.00465937389221909,0.00621240976179357),.UNSPECIFIED.);
#902=B_SPLINE_CURVE_WITH_KNOTS('',3,(#1938,#1939,#1940,#1941),.UNSPECIFIED.,.F.,.F.,(4,4),(0.0132623471061313,0.013913351712488),.UNSPECIFIED.);
#903=B_SPLINE_CURVE_WITH_KNOTS('',3,(#1946,#1947,#1948,#1949,#1950,#1951,#1952,#1953),.UNSPECIFIED.,.F.,.F.,(4,1,1,1,1,4),(2.65862005339306E-07,0.00287212488015012,0.0057439838982949,0.00861584291643968,0.0100517724255121,0.0114877019345845),.UNSPECIFIED.);
#904=B_SPLINE_CURVE_WITH_KNOTS('',3,(#1955,#1956,#1957,#1958,#1959,#1960,#1961,#1962,#1963,#1964,#1965,#1966,#1967,#1968,#1969,#1970,#1971),.UNSPECIFIED.,.F.,.F.,(4,1,1,1,1,1,1,1,1,1,1,1,1,1,4),(2.06317411936365E-07,0.00599569936044798,0.00899344588196601,0.011991192403484,0.0149889389250021,0.0179866854465201,0.0209844319680381,0.0239821784895561,0.0269799250110741,0.0299776715325922,0.0329754180541102,0.0359731645756282,0.0389709110971462,0.0419686576186643,0.0479641506617003),.UNSPECIFIED.);
#905=B_SPLINE_CURVE_WITH_KNOTS('',3,(#1973,#1974,#1975,#1976,#1977,#1978,#1979),.UNSPECIFIED.,.F.,.F.,(4,1,1,1,4),(2.7449262672588E-07,0.00260403268089551,0.0052077908691643,0.00781154905743308,0.0104153072457019),.UNSPECIFIED.);
#906=B_SPLINE_CURVE_WITH_KNOTS('',3,(#1983,#1984,#1985,#1986),.UNSPECIFIED.,.F.,.F.,(4,4),(0.0132114015874411,0.0144426692274054),.UNSPECIFIED.);
#907=B_SPLINE_CURVE_WITH_KNOTS('',3,(#1988,#1989,#1990,#1991),.UNSPECIFIED.,.F.,.F.,(4,4),(0.0439106522466491,0.0498748299431435),.UNSPECIFIED.);
#908=B_SPLINE_CURVE_WITH_KNOTS('',3,(#1993,#1994,#1995,#1996),.UNSPECIFIED.,.F.,.F.,(4,4),(0.0111404274727882,0.0138222105713683),.UNSPECIFIED.);
#909=B_SPLINE_CURVE_WITH_KNOTS('',3,(#2000,#2001,#2002,#2003),.UNSPECIFIED.,.F.,.F.,(4,4),(0.0111683249676763,0.0135654150151343),.UNSPECIFIED.);
#910=B_SPLINE_CURVE_WITH_KNOTS('',3,(#2005,#2006,#2007,#2008,#2009),.UNSPECIFIED.,.F.,.F.,(4,1,4),(0.0258531892484594,0.0289059041890185,0.0319586191295776),.UNSPECIFIED.);
#911=EDGE_LOOP('',(#284,#285,#286,#287));
#912=EDGE_LOOP('',(#288,#289,#290,#291,#292,#293));
#913=EDGE_LOOP('',(#294,#295,#296,#297,#298,#299,#300,#301,#302,#303));
#914=EDGE_LOOP('',(#304,#305,#306,#307,#308,#309,#310,#311,#312,#313));
#915=EDGE_LOOP('',(#314,#315,#316,#317));
#916=EDGE_LOOP('',(#318,#319,#320,#321));
#917=EDGE_LOOP('',(#322,#323,#324,#325));
#918=EDGE_LOOP('',(#326,#327,#328,#329));
#919=EDGE_LOOP('',(#330));
#920=EDGE_LOOP('',(#331,#332,#333,#334,#335,#336,#337));
#921=EDGE_LOOP('',(#338));
#922=EDGE_LOOP('',(#339));
#923=EDGE_LOOP('',(#340,#341,#342,#343,#344,#345,#346,#347,#348,#349,#350,#351));
#924=EDGE_LOOP('',(#352,#353,#354,#355,#356));
#925=EDGE_LOOP('',(#357,#358,#359,#360,#361));
#926=EDGE_LOOP('',(#362,#363,#364,#365,#366));
#927=EDGE_LOOP('',(#367,#368,#369,#370,#371));
#928=EDGE_LOOP('',(#372));
#929=EDGE_LOOP('',(#373,#374,#375,#376));
#930=EDGE_LOOP('',(#377));
#931=EDGE_LOOP('',(#378,#379,#380,#381));
#932=EDGE_LOOP('',(#382,#383,#384,#385));
#933=EDGE_LOOP('',(#386,#387,#388,#389));
#934=EDGE_LOOP('',(#390,#391,#392,#393));
#935=EDGE_LOOP('',(#394));
#936=EDGE_LOOP('',(#395));
#937=EDGE_LOOP('',(#396,#397,#398,#399,#400,#401,#402,#403));
#938=EDGE_LOOP('',(#404));
#939=EDGE_LOOP('',(#405));
#940=EDGE_LOOP('',(#406));
#941=EDGE_LOOP('',(#407));
#942=EDGE_LOOP('',(#408));
#943=EDGE_LOOP('',(#409));
#944=EDGE_LOOP('',(#410));
#945=EDGE_LOOP('',(#411));
#946=EDGE_LOOP('',(#412));
#947=EDGE_LOOP('',(#413));
#948=EDGE_LOOP('',(#414,#415,#416,#417));
#949=EDGE_LOOP('',(#418,#419,#420,#421));
#950=EDGE_LOOP('',(#422));
#951=EDGE_LOOP('',(#423,#424,#425,#426));
#952=EDGE_LOOP('',(#427,#428,#429,#430));
#953=EDGE_LOOP('',(#431));
#954=EDGE_LOOP('',(#432));
#955=EDGE_LOOP('',(#433));
#956=EDGE_LOOP('',(#434));
#957=EDGE_LOOP('',(#435));
#958=EDGE_LOOP('',(#436));
#959=EDGE_LOOP('',(#437));
#960=EDGE_LOOP('',(#438));
#961=EDGE_LOOP('',(#439));
#962=EDGE_LOOP('',(#440));
#963=EDGE_LOOP('',(#441));
#964=EDGE_LOOP('',(#442));
#965=EDGE_LOOP('',(#443));
#966=EDGE_LOOP('',(#444));
#967=EDGE_LOOP('',(#445));
#968=EDGE_LOOP('',(#446));
#969=EDGE_LOOP('',(#447));
#970=EDGE_LOOP('',(#448));
#971=EDGE_LOOP('',(#449));
#972=EDGE_LOOP('',(#450));
#973=EDGE_LOOP('',(#451));
#974=EDGE_LOOP('',(#452));
#975=EDGE_LOOP('',(#453));
#976=EDGE_LOOP('',(#454));
#977=EDGE_LOOP('',(#455,#456,#457,#458));
#978=EDGE_LOOP('',(#459,#460,#461,#462));
#979=EDGE_LOOP('',(#463,#464,#465,#466));
#980=EDGE_LOOP('',(#467,#468,#469,#470));
#981=EDGE_LOOP('',(#471,#472,#473,#474));
#982=EDGE_LOOP('',(#475,#476,#477,#478));
#983=EDGE_LOOP('',(#479,#480,#481));
#984=EDGE_LOOP('',(#482,#483,#484,#485));
#985=EDGE_LOOP('',(#486,#487,#488,#489));
#986=EDGE_LOOP('',(#490));
#987=EDGE_LOOP('',(#491));
#988=EDGE_LOOP('',(#492));
#989=EDGE_LOOP('',(#493));
#990=EDGE_LOOP('',(#494,#495,#496,#497));
#991=EDGE_LOOP('',(#498,#499,#500,#501));
#992=EDGE_LOOP('',(#502));
#993=EDGE_LOOP('',(#503));
#994=EDGE_LOOP('',(#504));
#995=EDGE_LOOP('',(#505));
#996=EDGE_LOOP('',(#506,#507,#508,#509));
#997=EDGE_LOOP('',(#510,#511,#512,#513));
#998=EDGE_LOOP('',(#514,#515,#516,#517));
#999=EDGE_LOOP('',(#518,#519,#520,#521));
#1000=EDGE_LOOP('',(#522,#523));
#1001=EDGE_LOOP('',(#524,#525,#526,#527,#528,#529,#530,#531));
#1002=EDGE_LOOP('',(#532,#533,#534,#535));
#1003=EDGE_LOOP('',(#536,#537,#538));
#1004=EDGE_LOOP('',(#539,#540,#541));
#1005=EDGE_LOOP('',(#542,#543,#544,#545));
#1006=EDGE_LOOP('',(#546,#547,#548,#549));
#1007=EDGE_LOOP('',(#550,#551,#552,#553));
#1008=EDGE_LOOP('',(#554,#555,#556,#557));
#1009=EDGE_LOOP('',(#558,#559,#560,#561));
#1010=EDGE_LOOP('',(#562,#563,#564,#565));
#1011=EDGE_LOOP('',(#566,#567,#568));
#1012=EDGE_LOOP('',(#569,#570,#571));
#1013=EDGE_LOOP('',(#572,#573,#574,#575));
#1014=EDGE_LOOP('',(#576,#577,#578,#579));
#1015=EDGE_LOOP('',(#580,#581,#582,#583,#584,#585,#586,#587));
#1016=EDGE_LOOP('',(#588));
#1017=EDGE_LOOP('',(#589));
#1018=EDGE_LOOP('',(#590));
#1019=EDGE_LOOP('',(#591));
#1020=EDGE_LOOP('',(#592));
#1021=EDGE_LOOP('',(#593));
#1022=EDGE_LOOP('',(#594));
#1023=EDGE_LOOP('',(#595));
#1024=EDGE_LOOP('',(#596));
#1025=EDGE_LOOP('',(#597));
#1026=EDGE_LOOP('',(#598));
#1027=EDGE_LOOP('',(#599));
#1028=EDGE_LOOP('',(#600));
#1029=EDGE_LOOP('',(#601));
#1030=EDGE_LOOP('',(#602));
#1031=EDGE_LOOP('',(#603));
#1032=EDGE_LOOP('',(#604));
#1033=EDGE_LOOP('',(#605));
#1034=EDGE_LOOP('',(#606));
#1035=EDGE_LOOP('',(#607));
#1036=EDGE_LOOP('',(#608));
#1037=EDGE_LOOP('',(#609));
#1038=EDGE_LOOP('',(#610));
#1039=EDGE_LOOP('',(#611));
#1040=FACE_BOUND('',#911,.T.);
#1041=FACE_BOUND('',#912,.T.);
#1042=FACE_BOUND('',#913,.T.);
#1043=FACE_BOUND('',#914,.T.);
#1044=FACE_BOUND('',#915,.T.);
#1045=FACE_BOUND('',#916,.T.);
#1046=FACE_BOUND('',#917,.T.);
#1047=FACE_BOUND('',#918,.T.);
#1048=FACE_BOUND('',#919,.T.);
#1049=FACE_BOUND('',#920,.T.);
#1050=FACE_BOUND('',#921,.T.);
#1051=FACE_BOUND('',#922,.T.);
#1052=FACE_BOUND('',#923,.T.);
#1053=FACE_BOUND('',#924,.T.);
#1054=FACE_BOUND('',#925,.T.);
#1055=FACE_BOUND('',#926,.T.);
#1056=FACE_BOUND('',#927,.T.);
#1057=FACE_BOUND('',#928,.T.);
#1058=FACE_BOUND('',#929,.T.);
#1059=FACE_BOUND('',#930,.T.);
#1060=FACE_BOUND('',#931,.T.);
#1061=FACE_BOUND('',#932,.T.);
#1062=FACE_BOUND('',#933,.T.);
#1063=FACE_BOUND('',#934,.T.);
#1064=FACE_BOUND('',#935,.T.);
#1065=FACE_BOUND('',#936,.T.);
#1066=FACE_BOUND('',#937,.T.);
#1067=FACE_BOUND('',#938,.T.);
#1068=FACE_BOUND('',#939,.T.);
#1069=FACE_BOUND('',#940,.T.);
#1070=FACE_BOUND('',#941,.T.);
#1071=FACE_BOUND('',#942,.T.);
#1072=FACE_BOUND('',#943,.T.);
#1073=FACE_BOUND('',#944,.T.);
#1074=FACE_BOUND('',#945,.T.);
#1075=FACE_BOUND('',#946,.T.);
#1076=FACE_BOUND('',#947,.T.);
#1077=FACE_BOUND('',#948,.T.);
#1078=FACE_BOUND('',#949,.T.);
#1079=FACE_BOUND('',#950,.T.);
#1080=FACE_BOUND('',#951,.T.);
#1081=FACE_BOUND('',#952,.T.);
#1082=FACE_BOUND('',#953,.T.);
#1083=FACE_BOUND('',#954,.T.);
#1084=FACE_BOUND('',#955,.T.);
#1085=FACE_BOUND('',#956,.T.);
#1086=FACE_BOUND('',#957,.T.);
#1087=FACE_BOUND('',#958,.T.);
#1088=FACE_BOUND('',#959,.T.);
#1089=FACE_BOUND('',#960,.T.);
#1090=FACE_BOUND('',#961,.T.);
#1091=FACE_BOUND('',#962,.T.);
#1092=FACE_BOUND('',#963,.T.);
#1093=FACE_BOUND('',#964,.T.);
#1094=FACE_BOUND('',#965,.T.);
#1095=FACE_BOUND('',#966,.T.);
#1096=FACE_BOUND('',#967,.T.);
#1097=FACE_BOUND('',#968,.T.);
#1098=FACE_BOUND('',#969,.T.);
#1099=FACE_BOUND('',#970,.T.);
#1100=FACE_BOUND('',#971,.T.);
#1101=FACE_BOUND('',#972,.T.);
#1102=FACE_BOUND('',#973,.T.);
#1103=FACE_BOUND('',#974,.T.);
#1104=FACE_BOUND('',#975,.T.);
#1105=FACE_BOUND('',#976,.T.);
#1106=FACE_BOUND('',#977,.T.);
#1107=FACE_BOUND('',#978,.T.);
#1108=FACE_BOUND('',#979,.T.);
#1109=FACE_BOUND('',#980,.T.);
#1110=FACE_BOUND('',#981,.T.);
#1111=FACE_BOUND('',#982,.T.);
#1112=FACE_BOUND('',#983,.T.);
#1113=FACE_BOUND('',#984,.T.);
#1114=FACE_BOUND('',#985,.T.);
#1115=FACE_BOUND('',#986,.T.);
#1116=FACE_BOUND('',#987,.T.);
#1117=FACE_BOUND('',#988,.T.);
#1118=FACE_BOUND('',#989,.T.);
#1119=FACE_BOUND('',#990,.T.);
#1120=FACE_BOUND('',#991,.T.);
#1121=FACE_BOUND('',#992,.T.);
#1122=FACE_BOUND('',#993,.T.);
#1123=FACE_BOUND('',#994,.T.);
#1124=FACE_BOUND('',#995,.T.);
#1125=FACE_BOUND('',#996,.T.);
#1126=FACE_BOUND('',#997,.T.);
#1127=FACE_BOUND('',#998,.T.);
#1128=FACE_BOUND('',#999,.T.);
#1129=FACE_BOUND('',#1000,.T.);
#1130=FACE_BOUND('',#1001,.T.);
#1131=FACE_BOUND('',#1002,.T.);
#1132=FACE_BOUND('',#1003,.T.);
#1133=FACE_BOUND('',#1004,.T.);
#1134=FACE_BOUND('',#1005,.T.);
#1135=FACE_BOUND('',#1006,.T.);
#1136=FACE_BOUND('',#1007,.T.);
#1137=FACE_BOUND('',#1008,.T.);
#1138=FACE_BOUND('',#1009,.T.);
#1139=FACE_BOUND('',#1010,.T.);
#1140=FACE_BOUND('',#1011,.T.);
#1141=FACE_BOUND('',#1012,.T.);
#1142=FACE_BOUND('',#1013,.T.);
#1143=FACE_BOUND('',#1014,.T.);
#1144=FACE_BOUND('',#1015,.T.);
#1145=FACE_BOUND('',#1016,.T.);
#1146=FACE_BOUND('',#1017,.T.);
#1147=FACE_BOUND('',#1018,.T.);
#1148=FACE_BOUND('',#1019,.T.);
#1149=FACE_BOUND('',#1020,.T.);
#1150=FACE_BOUND('',#1021,.T.);
#1151=FACE_BOUND('',#1022,.T.);
#1152=FACE_BOUND('',#1023,.T.);
#1153=FACE_BOUND('',#1024,.T.);
#1154=FACE_BOUND('',#1025,.T.);
#1155=FACE_BOUND('',#1026,.T.);
#1156=FACE_BOUND('',#1027,.T.);
#1157=FACE_BOUND('',#1028,.T.);
#1158=FACE_BOUND('',#1029,.T.);
#1159=FACE_BOUND('',#1030,.T.);
#1160=FACE_BOUND('',#1031,.T.);
#1161=FACE_BOUND('',#1032,.T.);
#1162=FACE_BOUND('',#1033,.T.);
#1163=FACE_BOUND('',#1034,.T.);
#1164=FACE_BOUND('',#1035,.T.);
#1165=FACE_BOUND('',#1036,.T.);
#1166=FACE_BOUND('',#1037,.T.);
#1167=FACE_BOUND('',#1038,.T.);
#1168=FACE_BOUND('',#1039,.T.);
#1169=CYLINDRICAL_SURFACE('',#1295,7.42317919290159);
#1170=CYLINDRICAL_SURFACE('',#1298,7.42317919290159);
#1171=CYLINDRICAL_SURFACE('',#1303,18.2353500041007);
#1172=CYLINDRICAL_SURFACE('',#1309,18.5);
#1173=CYLINDRICAL_SURFACE('',#1315,18.5);
#1174=CYLINDRICAL_SURFACE('',#1341,1.25);
#1175=CYLINDRICAL_SURFACE('',#1342,1.25);
#1176=CYLINDRICAL_SURFACE('',#1343,4.);
#1177=CYLINDRICAL_SURFACE('',#1345,5.);
#1178=CYLINDRICAL_SURFACE('',#1352,2.6);
#1179=CYLINDRICAL_SURFACE('',#1357,1.5);
#1180=CYLINDRICAL_SURFACE('',#1359,2.6);
#1181=CYLINDRICAL_SURFACE('',#1364,1.5);
#1182=CYLINDRICAL_SURFACE('',#1366,2.6);
#1183=CYLINDRICAL_SURFACE('',#1371,1.5);
#1184=CYLINDRICAL_SURFACE('',#1373,2.6);
#1185=CYLINDRICAL_SURFACE('',#1378,1.5);
#1186=CYLINDRICAL_SURFACE('',#1397,18.2353500041007);
#1187=CYLINDRICAL_SURFACE('',#1398,7.42317919290159);
#1188=CYLINDRICAL_SURFACE('',#1399,7.42317919290159);
#1189=CYLINDRICAL_SURFACE('',#1400,4.);
#1190=CYLINDRICAL_SURFACE('',#1403,4.);
#1191=CYLINDRICAL_SURFACE('',#1406,4.);
#1192=CYLINDRICAL_SURFACE('',#1409,4.);
#1193=CYLINDRICAL_SURFACE('',#1411,4.);
#1194=CYLINDRICAL_SURFACE('',#1413,4.);
#1195=CYLINDRICAL_SURFACE('',#1420,4.);
#1196=CYLINDRICAL_SURFACE('',#1430,1.25);
#1197=CYLINDRICAL_SURFACE('',#1433,1.25);
#1198=CYLINDRICAL_SURFACE('',#1436,1.25);
#1199=CYLINDRICAL_SURFACE('',#1439,1.25);
#1200=CYLINDRICAL_SURFACE('',#1442,1.25);
#1201=CYLINDRICAL_SURFACE('',#1445,1.25);
#1202=ADVANCED_FACE('',(#1040),#1169,.F.);
#1203=ADVANCED_FACE('',(#1041),#19,.F.);
#1204=ADVANCED_FACE('',(#1042),#1170,.F.);
#1205=ADVANCED_FACE('',(#1043),#1171,.T.);
#1206=ADVANCED_FACE('',(#1044),#20,.T.);
#1207=ADVANCED_FACE('',(#1045),#1172,.F.);
#1208=ADVANCED_FACE('',(#1046),#16,.T.);
#1209=ADVANCED_FACE('',(#1047),#1173,.F.);
#1210=ADVANCED_FACE('',(#1048,#1049),#17,.T.);
#1211=ADVANCED_FACE('',(#1050,#1051,#1052),#18,.F.);
#1212=ADVANCED_FACE('',(#1053),#21,.T.);
#1213=ADVANCED_FACE('',(#1054),#22,.F.);
#1214=ADVANCED_FACE('',(#1055),#23,.T.);
#1215=ADVANCED_FACE('',(#1056),#24,.F.);
#1216=ADVANCED_FACE('',(#1057,#1058),#25,.T.);
#1217=ADVANCED_FACE('',(#1059,#1060),#26,.T.);
#1218=ADVANCED_FACE('',(#1061),#27,.T.);
#1219=ADVANCED_FACE('',(#1062),#28,.T.);
#1220=ADVANCED_FACE('',(#1063),#29,.T.);
#1221=ADVANCED_FACE('',(#1064,#1065,#1066),#30,.F.);
#1222=ADVANCED_FACE('',(#1067,#1068),#1174,.F.);
#1223=ADVANCED_FACE('',(#1069,#1070),#1175,.F.);
#1224=ADVANCED_FACE('',(#1071,#1072),#1176,.F.);
#1225=ADVANCED_FACE('',(#1073,#1074),#1177,.T.);
#1226=ADVANCED_FACE('',(#1075,#1076),#31,.F.);
#1227=ADVANCED_FACE('',(#1077),#32,.F.);
#1228=ADVANCED_FACE('',(#1078),#33,.T.);
#1229=ADVANCED_FACE('',(#1079,#1080),#34,.T.);
#1230=ADVANCED_FACE('',(#1081),#35,.F.);
#1231=ADVANCED_FACE('',(#1082,#1083),#1178,.F.);
#1232=ADVANCED_FACE('',(#1084,#1085),#36,.T.);
#1233=ADVANCED_FACE('',(#1086,#1087),#1179,.F.);
#1234=ADVANCED_FACE('',(#1088,#1089),#1180,.F.);
#1235=ADVANCED_FACE('',(#1090,#1091),#37,.T.);
#1236=ADVANCED_FACE('',(#1092,#1093),#1181,.F.);
#1237=ADVANCED_FACE('',(#1094,#1095),#1182,.F.);
#1238=ADVANCED_FACE('',(#1096,#1097),#38,.T.);
#1239=ADVANCED_FACE('',(#1098,#1099),#1183,.F.);
#1240=ADVANCED_FACE('',(#1100,#1101),#1184,.F.);
#1241=ADVANCED_FACE('',(#1102,#1103),#39,.T.);
#1242=ADVANCED_FACE('',(#1104,#1105),#1185,.F.);
#1243=ADVANCED_FACE('',(#1106),#40,.T.);
#1244=ADVANCED_FACE('',(#1107),#41,.F.);
#1245=ADVANCED_FACE('',(#1108),#42,.T.);
#1246=ADVANCED_FACE('',(#1109),#43,.F.);
#1247=ADVANCED_FACE('',(#1110),#44,.T.);
#1248=ADVANCED_FACE('',(#1111),#45,.F.);
#1249=ADVANCED_FACE('',(#1112,#1113),#46,.T.);
#1250=ADVANCED_FACE('',(#1114,#1115,#1116,#1117,#1118,#1119),#47,.T.);
#1251=ADVANCED_FACE('',(#1120),#48,.F.);
#1252=ADVANCED_FACE('',(#1121,#1122,#1123,#1124,#1125,#1126),#49,.F.);
#1253=ADVANCED_FACE('',(#1127),#50,.T.);
#1254=ADVANCED_FACE('',(#1128),#51,.T.);
#1255=ADVANCED_FACE('',(#1129),#52,.T.);
#1256=ADVANCED_FACE('',(#1130),#53,.F.);
#1257=ADVANCED_FACE('',(#1131),#1186,.T.);
#1258=ADVANCED_FACE('',(#1132),#1187,.F.);
#1259=ADVANCED_FACE('',(#1133),#1188,.F.);
#1260=ADVANCED_FACE('',(#1134),#1189,.T.);
#1261=ADVANCED_FACE('',(#1135),#1190,.T.);
#1262=ADVANCED_FACE('',(#1136),#1191,.T.);
#1263=ADVANCED_FACE('',(#1137),#1192,.T.);
#1264=ADVANCED_FACE('',(#1138),#1193,.T.);
#1265=ADVANCED_FACE('',(#1139),#1194,.T.);
#1266=ADVANCED_FACE('',(#1140),#12,.T.);
#1267=ADVANCED_FACE('',(#1141),#13,.T.);
#1268=ADVANCED_FACE('',(#1142),#1195,.T.);
#1269=ADVANCED_FACE('',(#1143,#1144,#1145,#1146,#1147,#1148,#1149,#1150),#54,.F.);
#1270=ADVANCED_FACE('',(#1151),#55,.T.);
#1271=ADVANCED_FACE('',(#1152,#1153),#1196,.F.);
#1272=ADVANCED_FACE('',(#1154),#56,.T.);
#1273=ADVANCED_FACE('',(#1155,#1156),#1197,.F.);
#1274=ADVANCED_FACE('',(#1157),#57,.T.);
#1275=ADVANCED_FACE('',(#1158,#1159),#1198,.F.);
#1276=ADVANCED_FACE('',(#1160),#58,.T.);
#1277=ADVANCED_FACE('',(#1161,#1162),#1199,.F.);
#1278=ADVANCED_FACE('',(#1163),#59,.T.);
#1279=ADVANCED_FACE('',(#1164,#1165),#1200,.F.);
#1280=ADVANCED_FACE('',(#1166),#60,.T.);
#1281=ADVANCED_FACE('',(#1167,#1168),#1201,.F.);
#1282=CLOSED_SHELL('',(#1202,#1203,#1204,#1205,#1206,#1207,#1208,#1209,#1210,#1211,#1212,#1213,#1214,#1215,#1216,#1217,#1218,#1219,#1220,#1221,#1222,#1223,#1224,#1225,#1226,#1227,#1228,#1229,#1230,#1231,#1232,#1233,#1234,#1235,#1236,#1237,#1238,#1239,#1240,#1241,#1242,#1243,#1244,#1245,#1246,#1247,#1248,#1249,#1250,#1251,#1252,#1253,#1254,#1255,#1256,#1257,#1258,#1259,#1260,#1261,#1262,#1263,#1264,#1265,#1266,#1267,#1268,#1269,#1270,#1271,#1272,#1273,#1274,#1275,#1276,#1277,#1278,#1279,#1280,#1281));
#1283=STYLED_ITEM('',(#1284),#1291);
#1284=PRESENTATION_STYLE_ASSIGNMENT((#1285));
#1285=SURFACE_STYLE_USAGE(.BOTH.,#1286);
#1286=SURFACE_SIDE_STYLE('',(#1287));
#1287=SURFACE_STYLE_FILL_AREA(#1288);
#1288=FILL_AREA_STYLE('',(#1289));
#1289=FILL_AREA_STYLE_COLOUR('',#1290);
#1290=COLOUR_RGB('',0.980392156862745,0.713725490196078,0.00392156862745098);
#1291=MANIFOLD_SOLID_BREP('Part 2',#1282);
#1292=SHAPE_DEFINITION_REPRESENTATION(#2284,#1293);
#1293=SHAPE_REPRESENTATION('Part 2',(#1294),#2279);
#1294=AXIS2_PLACEMENT_3D('',#1827,#1446,#1447);
#1295=AXIS2_PLACEMENT_3D('',#1828,#1448,#1449);
#1296=AXIS2_PLACEMENT_3D('',#1844,#1451,#1452);
#1297=AXIS2_PLACEMENT_3D('',#1847,#1454,#1455);
#1298=AXIS2_PLACEMENT_3D('',#1865,#1459,#1460);
#1299=AXIS2_PLACEMENT_3D('',#1869,#1462,#1463);
#1300=AXIS2_PLACEMENT_3D('',#1873,#1465,#1466);
#1301=AXIS2_PLACEMENT_3D('',#1884,#1467,#1468);
#1302=AXIS2_PLACEMENT_3D('',#1893,#1470,#1471);
#1303=AXIS2_PLACEMENT_3D('',#1894,#1472,#1473);
#1304=AXIS2_PLACEMENT_3D('',#1895,#1474,#1475);
#1305=AXIS2_PLACEMENT_3D('',#1899,#1477,#1478);
#1306=AXIS2_PLACEMENT_3D('',#1908,#1480,#1481);
#1307=AXIS2_PLACEMENT_3D('',#1918,#1482,#1483);
#1308=AXIS2_PLACEMENT_3D('',#1919,#1484,#1485);
#1309=AXIS2_PLACEMENT_3D('',#1920,#1486,#1487);
#1310=AXIS2_PLACEMENT_3D('',#1921,#1488,#1489);
#1311=AXIS2_PLACEMENT_3D('',#1922,#1490,#1491);
#1312=AXIS2_PLACEMENT_3D('',#1923,#1492,#1493);
#1313=AXIS2_PLACEMENT_3D('',#1924,#1494,#1495);
#1314=AXIS2_PLACEMENT_3D('',#1925,#1496,#1497);
#1315=AXIS2_PLACEMENT_3D('',#1926,#1498,#1499);
#1316=AXIS2_PLACEMENT_3D('',#1927,#1500,#1501);
#1317=AXIS2_PLACEMENT_3D('',#1928,#1502,#1503);
#1318=AXIS2_PLACEMENT_3D('',#1929,#1504,#1505);
#1319=AXIS2_PLACEMENT_3D('',#1931,#1506,#1507);
#1320=AXIS2_PLACEMENT_3D('',#1932,#1508,#1509);
#1321=AXIS2_PLACEMENT_3D('',#1933,#1510,#1511);
#1322=AXIS2_PLACEMENT_3D('',#1934,#1512,#1513);
#1323=AXIS2_PLACEMENT_3D('',#1936,#1514,#1515);
#1324=AXIS2_PLACEMENT_3D('',#1944,#1516,#1517);
#1325=AXIS2_PLACEMENT_3D('',#1981,#1518,#1519);
#1326=AXIS2_PLACEMENT_3D('',#1998,#1520,#1521);
#1327=AXIS2_PLACEMENT_3D('',#2010,#1522,#1523);
#1328=AXIS2_PLACEMENT_3D('',#2018,#1528,#1529);
#1329=AXIS2_PLACEMENT_3D('',#2026,#1534,#1535);
#1330=AXIS2_PLACEMENT_3D('',#2034,#1540,#1541);
#1331=AXIS2_PLACEMENT_3D('',#2042,#1546,#1547);
#1332=AXIS2_PLACEMENT_3D('',#2043,#1548,#1549);
#1333=AXIS2_PLACEMENT_3D('',#2046,#1551,#1552);
#1334=AXIS2_PLACEMENT_3D('',#2047,#1553,#1554);
#1335=AXIS2_PLACEMENT_3D('',#2050,#1556,#1557);
#1336=AXIS2_PLACEMENT_3D('',#2052,#1559,#1560);
#1337=AXIS2_PLACEMENT_3D('',#2054,#1562,#1563);
#1338=AXIS2_PLACEMENT_3D('',#2056,#1565,#1566);
#1339=AXIS2_PLACEMENT_3D('',#2057,#1567,#1568);
#1340=AXIS2_PLACEMENT_3D('',#2059,#1569,#1570);
#1341=AXIS2_PLACEMENT_3D('',#2062,#1572,#1573);
#1342=AXIS2_PLACEMENT_3D('',#2063,#1574,#1575);
#1343=AXIS2_PLACEMENT_3D('',#2064,#1576,#1577);
#1344=AXIS2_PLACEMENT_3D('',#2065,#1578,#1579);
#1345=AXIS2_PLACEMENT_3D('',#2067,#1580,#1581);
#1346=AXIS2_PLACEMENT_3D('',#2068,#1582,#1583);
#1347=AXIS2_PLACEMENT_3D('',#2070,#1584,#1585);
#1348=AXIS2_PLACEMENT_3D('',#2071,#1586,#1587);
#1349=AXIS2_PLACEMENT_3D('',#2080,#1592,#1593);
#1350=AXIS2_PLACEMENT_3D('',#2086,#1597,#1598);
#1351=AXIS2_PLACEMENT_3D('',#2092,#1602,#1603);
#1352=AXIS2_PLACEMENT_3D('',#2095,#1606,#1607);
#1353=AXIS2_PLACEMENT_3D('',#2096,#1608,#1609);
#1354=AXIS2_PLACEMENT_3D('',#2098,#1610,#1611);
#1355=AXIS2_PLACEMENT_3D('',#2100,#1612,#1613);
#1356=AXIS2_PLACEMENT_3D('',#2101,#1614,#1615);
#1357=AXIS2_PLACEMENT_3D('',#2103,#1616,#1617);
#1358=AXIS2_PLACEMENT_3D('',#2104,#1618,#1619);
#1359=AXIS2_PLACEMENT_3D('',#2106,#1620,#1621);
#1360=AXIS2_PLACEMENT_3D('',#2107,#1622,#1623);
#1361=AXIS2_PLACEMENT_3D('',#2109,#1624,#1625);
#1362=AXIS2_PLACEMENT_3D('',#2111,#1626,#1627);
#1363=AXIS2_PLACEMENT_3D('',#2112,#1628,#1629);
#1364=AXIS2_PLACEMENT_3D('',#2114,#1630,#1631);
#1365=AXIS2_PLACEMENT_3D('',#2115,#1632,#1633);
#1366=AXIS2_PLACEMENT_3D('',#2117,#1634,#1635);
#1367=AXIS2_PLACEMENT_3D('',#2118,#1636,#1637);
#1368=AXIS2_PLACEMENT_3D('',#2120,#1638,#1639);
#1369=AXIS2_PLACEMENT_3D('',#2122,#1640,#1641);
#1370=AXIS2_PLACEMENT_3D('',#2123,#1642,#1643);
#1371=AXIS2_PLACEMENT_3D('',#2125,#1644,#1645);
#1372=AXIS2_PLACEMENT_3D('',#2126,#1646,#1647);
#1373=AXIS2_PLACEMENT_3D('',#2128,#1648,#1649);
#1374=AXIS2_PLACEMENT_3D('',#2129,#1650,#1651);
#1375=AXIS2_PLACEMENT_3D('',#2131,#1652,#1653);
#1376=AXIS2_PLACEMENT_3D('',#2133,#1654,#1655);
#1377=AXIS2_PLACEMENT_3D('',#2134,#1656,#1657);
#1378=AXIS2_PLACEMENT_3D('',#2136,#1658,#1659);
#1379=AXIS2_PLACEMENT_3D('',#2137,#1660,#1661);
#1380=AXIS2_PLACEMENT_3D('',#2139,#1662,#1663);
#1381=AXIS2_PLACEMENT_3D('',#2148,#1668,#1669);
#1382=AXIS2_PLACEMENT_3D('',#2157,#1674,#1675);
#1383=AXIS2_PLACEMENT_3D('',#2166,#1680,#1681);
#1384=AXIS2_PLACEMENT_3D('',#2175,#1686,#1687);
#1385=AXIS2_PLACEMENT_3D('',#2181,#1691,#1692);
#1386=AXIS2_PLACEMENT_3D('',#2187,#1696,#1697);
#1387=AXIS2_PLACEMENT_3D('',#2196,#1702,#1703);
#1388=AXIS2_PLACEMENT_3D('',#2198,#1705,#1706);
#1389=AXIS2_PLACEMENT_3D('',#2200,#1708,#1709);
#1390=AXIS2_PLACEMENT_3D('',#2206,#1713,#1714);
#1391=AXIS2_PLACEMENT_3D('',#2207,#1715,#1716);
#1392=AXIS2_PLACEMENT_3D('',#2208,#1717,#1718);
#1393=AXIS2_PLACEMENT_3D('',#2209,#1719,#1720);
#1394=AXIS2_PLACEMENT_3D('',#2210,#1721,#1722);
#1395=AXIS2_PLACEMENT_3D('',#2212,#1723,#1724);
#1396=AXIS2_PLACEMENT_3D('',#2214,#1725,#1726);
#1397=AXIS2_PLACEMENT_3D('',#2215,#1727,#1728);
#1398=AXIS2_PLACEMENT_3D('',#2218,#1731,#1732);
#1399=AXIS2_PLACEMENT_3D('',#2219,#1733,#1734);
#1400=AXIS2_PLACEMENT_3D('',#2220,#1735,#1736);
#1401=AXIS2_PLACEMENT_3D('',#2221,#1737,#1738);
#1402=AXIS2_PLACEMENT_3D('',#2222,#1739,#1740);
#1403=AXIS2_PLACEMENT_3D('',#2223,#1741,#1742);
#1404=AXIS2_PLACEMENT_3D('',#2224,#1743,#1744);
#1405=AXIS2_PLACEMENT_3D('',#2225,#1745,#1746);
#1406=AXIS2_PLACEMENT_3D('',#2226,#1747,#1748);
#1407=AXIS2_PLACEMENT_3D('',#2227,#1749,#1750);
#1408=AXIS2_PLACEMENT_3D('',#2228,#1751,#1752);
#1409=AXIS2_PLACEMENT_3D('',#2229,#1753,#1754);
#1410=AXIS2_PLACEMENT_3D('',#2230,#1755,#1756);
#1411=AXIS2_PLACEMENT_3D('',#2231,#1757,#1758);
#1412=AXIS2_PLACEMENT_3D('',#2232,#1759,#1760);
#1413=AXIS2_PLACEMENT_3D('',#2233,#1761,#1762);
#1414=AXIS2_PLACEMENT_3D('',#2234,#1763,#1764);
#1415=AXIS2_PLACEMENT_3D('',#2235,#1765,#1766);
#1416=AXIS2_PLACEMENT_3D('',#2236,#1767,#1768);
#1417=AXIS2_PLACEMENT_3D('',#2237,#1769,#1770);
#1418=AXIS2_PLACEMENT_3D('',#2238,#1771,#1772);
#1419=AXIS2_PLACEMENT_3D('',#2239,#1773,#1774);
#1420=AXIS2_PLACEMENT_3D('',#2240,#1775,#1776);
#1421=AXIS2_PLACEMENT_3D('',#2241,#1777,#1778);
#1422=AXIS2_PLACEMENT_3D('',#2242,#1779,#1780);
#1423=AXIS2_PLACEMENT_3D('',#2244,#1781,#1782);
#1424=AXIS2_PLACEMENT_3D('',#2246,#1783,#1784);
#1425=AXIS2_PLACEMENT_3D('',#2248,#1785,#1786);
#1426=AXIS2_PLACEMENT_3D('',#2250,#1787,#1788);
#1427=AXIS2_PLACEMENT_3D('',#2252,#1789,#1790);
#1428=AXIS2_PLACEMENT_3D('',#2254,#1791,#1792);
#1429=AXIS2_PLACEMENT_3D('',#2255,#1793,#1794);
#1430=AXIS2_PLACEMENT_3D('',#2257,#1795,#1796);
#1431=AXIS2_PLACEMENT_3D('',#2258,#1797,#1798);
#1432=AXIS2_PLACEMENT_3D('',#2259,#1799,#1800);
#1433=AXIS2_PLACEMENT_3D('',#2261,#1801,#1802);
#1434=AXIS2_PLACEMENT_3D('',#2262,#1803,#1804);
#1435=AXIS2_PLACEMENT_3D('',#2263,#1805,#1806);
#1436=AXIS2_PLACEMENT_3D('',#2265,#1807,#1808);
#1437=AXIS2_PLACEMENT_3D('',#2266,#1809,#1810);
#1438=AXIS2_PLACEMENT_3D('',#2267,#1811,#1812);
#1439=AXIS2_PLACEMENT_3D('',#2269,#1813,#1814);
#1440=AXIS2_PLACEMENT_3D('',#2270,#1815,#1816);
#1441=AXIS2_PLACEMENT_3D('',#2271,#1817,#1818);
#1442=AXIS2_PLACEMENT_3D('',#2273,#1819,#1820);
#1443=AXIS2_PLACEMENT_3D('',#2274,#1821,#1822);
#1444=AXIS2_PLACEMENT_3D('',#2275,#1823,#1824);
#1445=AXIS2_PLACEMENT_3D('',#2277,#1825,#1826);
#1446=DIRECTION('',(0.,0.,1.));
#1447=DIRECTION('',(1.,0.,0.));
#1448=DIRECTION('',(0.,0.,1.));
#1449=DIRECTION('',(0.,-1.,0.));
#1450=DIRECTION('',(0.,0.,1.));
#1451=DIRECTION('',(0.,0.,-1.));
#1452=DIRECTION('',(0.,1.,0.));
#1453=DIRECTION('',(0.,0.,1.));
#1454=DIRECTION('',(0.,-1.,0.));
#1455=DIRECTION('',(-1.,0.,0.));
#1456=DIRECTION('',(1.,0.,0.));
#1457=DIRECTION('',(0.,0.,1.));
#1458=DIRECTION('',(1.,0.,0.));
#1459=DIRECTION('',(0.,0.,1.));
#1460=DIRECTION('',(0.,-1.,0.));
#1461=DIRECTION('',(0.,0.,1.));
#1462=DIRECTION('',(0.,0.,-1.));
#1463=DIRECTION('',(0.,1.,0.));
#1464=DIRECTION('',(0.,0.,1.));
#1465=DIRECTION('',(0.,0.,1.));
#1466=DIRECTION('',(0.,1.,0.));
#1467=DIRECTION('',(0.,0.,1.));
#1468=DIRECTION('',(0.,-1.,0.));
#1469=DIRECTION('',(0.,0.,1.));
#1470=DIRECTION('',(0.,0.,-1.));
#1471=DIRECTION('',(0.,1.,0.));
#1472=DIRECTION('',(0.,0.,1.));
#1473=DIRECTION('',(0.,-1.,0.));
#1474=DIRECTION('',(0.,0.,-1.));
#1475=DIRECTION('',(0.,1.,0.));
#1476=DIRECTION('',(0.,0.,1.));
#1477=DIRECTION('',(0.,0.,-1.));
#1478=DIRECTION('',(0.,1.,0.));
#1479=DIRECTION('',(0.,0.,1.));
#1480=DIRECTION('',(0.,0.,1.));
#1481=DIRECTION('',(0.,-1.,0.));
#1482=DIRECTION('',(0.,0.,-1.));
#1483=DIRECTION('',(0.,1.,0.));
#1484=DIRECTION('',(0.,0.,-1.));
#1485=DIRECTION('',(-1.,0.,0.));
#1486=DIRECTION('',(0.,0.,1.));
#1487=DIRECTION('',(0.,-1.,0.));
#1488=DIRECTION('',(0.,0.,-1.));
#1489=DIRECTION('',(0.,1.,0.));
#1490=DIRECTION('',(0.,0.,-1.));
#1491=DIRECTION('',(0.,1.,0.));
#1492=DIRECTION('',(0.,0.,-1.));
#1493=DIRECTION('',(0.,1.,0.));
#1494=DIRECTION('',(0.,0.,1.));
#1495=DIRECTION('',(0.,-1.,0.));
#1496=DIRECTION('',(0.,0.,-1.));
#1497=DIRECTION('',(0.,1.,0.));
#1498=DIRECTION('',(0.,0.,1.));
#1499=DIRECTION('',(0.,-1.,0.));
#1500=DIRECTION('',(0.,0.,1.));
#1501=DIRECTION('',(0.,-1.,0.));
#1502=DIRECTION('',(0.,0.,-1.));
#1503=DIRECTION('',(0.,1.,0.));
#1504=DIRECTION('',(0.,0.,-1.));
#1505=DIRECTION('',(0.,1.,0.));
#1506=DIRECTION('',(0.,0.,1.));
#1507=DIRECTION('',(0.,-1.,0.));
#1508=DIRECTION('',(0.,0.,1.));
#1509=DIRECTION('',(0.,-1.,0.));
#1510=DIRECTION('',(0.,0.,-1.));
#1511=DIRECTION('',(0.,1.,0.));
#1512=DIRECTION('',(0.,0.,1.));
#1513=DIRECTION('',(0.,-1.,0.));
#1514=DIRECTION('',(0.,0.,-1.));
#1515=DIRECTION('',(0.,1.,0.));
#1516=DIRECTION('',(0.,0.,-1.));
#1517=DIRECTION('',(0.,1.,0.));
#1518=DIRECTION('',(0.,0.,-1.));
#1519=DIRECTION('',(0.,1.,0.));
#1520=DIRECTION('',(0.,0.,1.));
#1521=DIRECTION('',(0.,-1.,0.));
#1522=DIRECTION('',(1.,0.,-2.20282346155785E-16));
#1523=DIRECTION('',(-2.20282346155785E-16,0.,-1.));
#1524=DIRECTION('',(0.,1.,0.));
#1525=DIRECTION('',(-2.20282346155785E-16,0.,-1.));
#1526=DIRECTION('',(0.,1.,0.));
#1527=DIRECTION('',(-2.20282346155785E-16,0.,-1.));
#1528=DIRECTION('',(1.,0.,1.62579519772896E-16));
#1529=DIRECTION('',(1.62579519772896E-16,0.,-1.));
#1530=DIRECTION('',(0.,1.,0.));
#1531=DIRECTION('',(1.62579519772896E-16,0.,-1.));
#1532=DIRECTION('',(0.,1.,0.));
#1533=DIRECTION('',(1.62579519772896E-16,0.,-1.));
#1534=DIRECTION('',(1.,0.,0.));
#1535=DIRECTION('',(0.,-1.,0.));
#1536=DIRECTION('',(0.,1.,0.));
#1537=DIRECTION('',(0.,0.,-1.));
#1538=DIRECTION('',(0.,1.,0.));
#1539=DIRECTION('',(0.,0.,-1.));
#1540=DIRECTION('',(1.,0.,0.));
#1541=DIRECTION('',(0.,-1.,0.));
#1542=DIRECTION('',(0.,1.,0.));
#1543=DIRECTION('',(0.,0.,-1.));
#1544=DIRECTION('',(0.,1.,0.));
#1545=DIRECTION('',(0.,0.,-1.));
#1546=DIRECTION('',(0.,1.,0.));
#1547=DIRECTION('',(1.,0.,0.));
#1548=DIRECTION('',(0.,1.,0.));
#1549=DIRECTION('',(1.,0.,0.));
#1550=DIRECTION('',(1.,0.,0.));
#1551=DIRECTION('',(0.,1.,0.));
#1552=DIRECTION('',(1.,0.,0.));
#1553=DIRECTION('',(0.,1.,0.));
#1554=DIRECTION('',(1.,0.,0.));
#1555=DIRECTION('',(1.,0.,0.));
#1556=DIRECTION('',(0.,0.,1.));
#1557=DIRECTION('',(0.,-1.,0.));
#1558=DIRECTION('',(1.,0.,0.));
#1559=DIRECTION('',(0.,0.,1.));
#1560=DIRECTION('',(0.,-1.,0.));
#1561=DIRECTION('',(1.,0.,0.));
#1562=DIRECTION('',(0.,0.,1.));
#1563=DIRECTION('',(0.,-1.,0.));
#1564=DIRECTION('',(1.,0.,0.));
#1565=DIRECTION('',(0.,1.,0.));
#1566=DIRECTION('',(1.,0.,0.));
#1567=DIRECTION('',(0.,1.,0.));
#1568=DIRECTION('',(1.,0.,0.));
#1569=DIRECTION('',(0.,1.,0.));
#1570=DIRECTION('',(1.,0.,0.));
#1571=DIRECTION('',(1.,0.,0.));
#1572=DIRECTION('',(0.,1.,0.));
#1573=DIRECTION('',(1.,0.,0.));
#1574=DIRECTION('',(0.,1.,0.));
#1575=DIRECTION('',(1.,0.,0.));
#1576=DIRECTION('',(0.,0.,-1.));
#1577=DIRECTION('',(0.,1.,0.));
#1578=DIRECTION('',(0.,0.,1.));
#1579=DIRECTION('',(0.,-1.,0.));
#1580=DIRECTION('',(0.,0.,-1.));
#1581=DIRECTION('',(0.,1.,0.));
#1582=DIRECTION('',(0.,0.,1.));
#1583=DIRECTION('',(0.,-1.,0.));
#1584=DIRECTION('',(0.,0.,1.));
#1585=DIRECTION('',(1.,0.,0.));
#1586=DIRECTION('',(0.,0.,1.));
#1587=DIRECTION('',(0.,-1.,0.));
#1588=DIRECTION('',(1.,0.,0.));
#1589=DIRECTION('',(0.,1.,0.));
#1590=DIRECTION('',(1.,0.,0.));
#1591=DIRECTION('',(0.,1.,0.));
#1592=DIRECTION('',(1.,0.,0.));
#1593=DIRECTION('',(0.,-1.,0.));
#1594=DIRECTION('',(0.,0.,-1.));
#1595=DIRECTION('',(0.,0.,-1.));
#1596=DIRECTION('',(0.,1.,0.));
#1597=DIRECTION('',(0.,0.,1.));
#1598=DIRECTION('',(0.,-1.,0.));
#1599=DIRECTION('',(1.,0.,0.));
#1600=DIRECTION('',(1.,0.,0.));
#1601=DIRECTION('',(0.,1.,0.));
#1602=DIRECTION('',(1.,0.,3.16844470498047E-16));
#1603=DIRECTION('',(3.16844470498047E-16,0.,-1.));
#1604=DIRECTION('',(3.16844470498047E-16,0.,-1.));
#1605=DIRECTION('',(3.16844470498047E-16,0.,-1.));
#1606=DIRECTION('',(0.,-1.,0.));
#1607=DIRECTION('',(-1.,0.,0.));
#1608=DIRECTION('',(0.,-1.,0.));
#1609=DIRECTION('',(-1.,0.,0.));
#1610=DIRECTION('',(0.,-1.,0.));
#1611=DIRECTION('',(-1.,0.,0.));
#1612=DIRECTION('',(0.,1.,0.));
#1613=DIRECTION('',(1.,0.,0.));
#1614=DIRECTION('',(0.,-1.,0.));
#1615=DIRECTION('',(-1.,0.,0.));
#1616=DIRECTION('',(0.,-1.,0.));
#1617=DIRECTION('',(-1.,0.,0.));
#1618=DIRECTION('',(0.,-1.,0.));
#1619=DIRECTION('',(-1.,0.,0.));
#1620=DIRECTION('',(0.,-1.,0.));
#1621=DIRECTION('',(-1.,0.,0.));
#1622=DIRECTION('',(0.,-1.,0.));
#1623=DIRECTION('',(-1.,0.,0.));
#1624=DIRECTION('',(0.,-1.,0.));
#1625=DIRECTION('',(-1.,0.,0.));
#1626=DIRECTION('',(0.,1.,0.));
#1627=DIRECTION('',(1.,0.,0.));
#1628=DIRECTION('',(0.,-1.,0.));
#1629=DIRECTION('',(-1.,0.,0.));
#1630=DIRECTION('',(0.,-1.,0.));
#1631=DIRECTION('',(-1.,0.,0.));
#1632=DIRECTION('',(0.,-1.,0.));
#1633=DIRECTION('',(-1.,0.,0.));
#1634=DIRECTION('',(0.,-1.,0.));
#1635=DIRECTION('',(-1.,0.,0.));
#1636=DIRECTION('',(0.,-1.,0.));
#1637=DIRECTION('',(-1.,0.,0.));
#1638=DIRECTION('',(0.,-1.,0.));
#1639=DIRECTION('',(-1.,0.,0.));
#1640=DIRECTION('',(0.,1.,0.));
#1641=DIRECTION('',(1.,0.,0.));
#1642=DIRECTION('',(0.,-1.,0.));
#1643=DIRECTION('',(-1.,0.,0.));
#1644=DIRECTION('',(0.,-1.,0.));
#1645=DIRECTION('',(-1.,0.,0.));
#1646=DIRECTION('',(0.,-1.,0.));
#1647=DIRECTION('',(-1.,0.,0.));
#1648=DIRECTION('',(0.,-1.,0.));
#1649=DIRECTION('',(-1.,0.,0.));
#1650=DIRECTION('',(0.,-1.,0.));
#1651=DIRECTION('',(-1.,0.,0.));
#1652=DIRECTION('',(0.,-1.,0.));
#1653=DIRECTION('',(-1.,0.,0.));
#1654=DIRECTION('',(0.,1.,0.));
#1655=DIRECTION('',(1.,0.,0.));
#1656=DIRECTION('',(0.,-1.,0.));
#1657=DIRECTION('',(-1.,0.,0.));
#1658=DIRECTION('',(0.,-1.,0.));
#1659=DIRECTION('',(-1.,0.,0.));
#1660=DIRECTION('',(0.,-1.,0.));
#1661=DIRECTION('',(-1.,0.,0.));
#1662=DIRECTION('',(0.,0.,-1.));
#1663=DIRECTION('',(0.,1.,0.));
#1664=DIRECTION('',(0.,-1.,0.));
#1665=DIRECTION('',(-1.,0.,0.));
#1666=DIRECTION('',(0.,-1.,0.));
#1667=DIRECTION('',(-1.,0.,0.));
#1668=DIRECTION('',(1.,0.,0.));
#1669=DIRECTION('',(0.,-1.,0.));
#1670=DIRECTION('',(0.,-1.,0.));
#1671=DIRECTION('',(0.,0.,1.));
#1672=DIRECTION('',(0.,-1.,0.));
#1673=DIRECTION('',(0.,0.,1.));
#1674=DIRECTION('',(1.,0.,0.));
#1675=DIRECTION('',(0.,-1.,0.));
#1676=DIRECTION('',(0.,-1.,0.));
#1677=DIRECTION('',(0.,0.,1.));
#1678=DIRECTION('',(0.,-1.,0.));
#1679=DIRECTION('',(0.,0.,1.));
#1680=DIRECTION('',(0.,0.,-1.));
#1681=DIRECTION('',(0.,1.,0.));
#1682=DIRECTION('',(1.,0.,0.));
#1683=DIRECTION('',(0.,-1.,0.));
#1684=DIRECTION('',(1.,0.,0.));
#1685=DIRECTION('',(0.,-1.,0.));
#1686=DIRECTION('',(1.,0.,0.));
#1687=DIRECTION('',(0.,-1.,0.));
#1688=DIRECTION('',(0.,-1.,0.));
#1689=DIRECTION('',(0.,0.,1.));
#1690=DIRECTION('',(0.,0.,1.));
#1691=DIRECTION('',(1.,0.,0.));
#1692=DIRECTION('',(0.,-1.,0.));
#1693=DIRECTION('',(0.,0.,1.));
#1694=DIRECTION('',(0.,-1.,0.));
#1695=DIRECTION('',(0.,0.,1.));
#1696=DIRECTION('',(0.,0.,-1.));
#1697=DIRECTION('',(0.,1.,0.));
#1698=DIRECTION('',(-1.,0.,0.));
#1699=DIRECTION('',(0.,-1.,0.));
#1700=DIRECTION('',(-1.,0.,0.));
#1701=DIRECTION('',(0.,-1.,0.));
#1702=DIRECTION('',(0.,-1.,0.));
#1703=DIRECTION('',(-1.,0.,0.));
#1704=DIRECTION('',(-1.,0.,0.));
#1705=DIRECTION('',(0.,0.,-1.));
#1706=DIRECTION('',(0.,1.,0.));
#1707=DIRECTION('',(-1.,0.,0.));
#1708=DIRECTION('',(0.,-1.,0.));
#1709=DIRECTION('',(-1.,0.,0.));
#1710=DIRECTION('',(0.,0.,1.));
#1711=DIRECTION('',(1.,0.,0.));
#1712=DIRECTION('',(0.,0.,1.));
#1713=DIRECTION('',(0.,0.,-1.));
#1714=DIRECTION('',(0.,1.,0.));
#1715=DIRECTION('',(0.,0.,1.));
#1716=DIRECTION('',(0.,-1.,0.));
#1717=DIRECTION('',(0.,0.,1.));
#1718=DIRECTION('',(0.,-1.,0.));
#1719=DIRECTION('',(0.,0.,-1.));
#1720=DIRECTION('',(-1.,0.,0.));
#1721=DIRECTION('',(0.,0.,-1.));
#1722=DIRECTION('',(0.,1.,0.));
#1723=DIRECTION('',(0.,0.,-1.));
#1724=DIRECTION('',(0.,1.,0.));
#1725=DIRECTION('',(0.,0.,1.));
#1726=DIRECTION('',(0.,1.,0.));
#1727=DIRECTION('',(0.,0.,1.));
#1728=DIRECTION('',(0.,-1.,0.));
#1729=DIRECTION('',(0.,0.,1.));
#1730=DIRECTION('',(0.,0.,1.));
#1731=DIRECTION('',(0.,0.,1.));
#1732=DIRECTION('',(0.,-1.,0.));
#1733=DIRECTION('',(0.,0.,1.));
#1734=DIRECTION('',(0.,-1.,0.));
#1735=DIRECTION('',(0.,1.,0.));
#1736=DIRECTION('',(1.,0.,0.));
#1737=DIRECTION('',(0.,-1.,0.));
#1738=DIRECTION('',(-1.,0.,0.));
#1739=DIRECTION('',(0.,0.707106781186548,0.707106781186548));
#1740=DIRECTION('',(0.,-0.707106781186548,0.707106781186548));
#1741=DIRECTION('',(0.,-1.,0.));
#1742=DIRECTION('',(-1.,0.,0.));
#1743=DIRECTION('',(0.,-1.,0.));
#1744=DIRECTION('',(-1.,0.,0.));
#1745=DIRECTION('',(0.,-0.707106781186548,-0.707106781186548));
#1746=DIRECTION('',(0.,0.707106781186548,-0.707106781186548));
#1747=DIRECTION('',(0.,-1.,0.));
#1748=DIRECTION('',(-1.,0.,0.));
#1749=DIRECTION('',(0.,-1.,0.));
#1750=DIRECTION('',(-1.,0.,0.));
#1751=DIRECTION('',(0.,1.,0.));
#1752=DIRECTION('',(1.,0.,0.));
#1753=DIRECTION('',(0.,0.,1.));
#1754=DIRECTION('',(0.,-1.,0.));
#1755=DIRECTION('',(0.,0.,1.));
#1756=DIRECTION('',(0.,-1.,0.));
#1757=DIRECTION('',(0.,0.,-1.));
#1758=DIRECTION('',(0.,1.,0.));
#1759=DIRECTION('',(0.,0.,1.));
#1760=DIRECTION('',(0.,-1.,0.));
#1761=DIRECTION('',(0.,1.,0.));
#1762=DIRECTION('',(1.,0.,0.));
#1763=DIRECTION('',(0.,-1.,0.));
#1764=DIRECTION('',(-1.,0.,0.));
#1765=DIRECTION('',(0.,1.,0.));
#1766=DIRECTION('',(1.,0.,0.));
#1767=DIRECTION('',(-1.,0.,0.));
#1768=DIRECTION('',(0.,1.,0.));
#1769=DIRECTION('',(-1.,0.,0.));
#1770=DIRECTION('',(0.,1.,0.));
#1771=DIRECTION('',(1.,0.,0.));
#1772=DIRECTION('',(0.,-1.,0.));
#1773=DIRECTION('',(1.,0.,0.));
#1774=DIRECTION('',(0.,-1.,0.));
#1775=DIRECTION('',(1.,0.,0.));
#1776=DIRECTION('',(0.,-1.,0.));
#1777=DIRECTION('',(0.,1.,0.));
#1778=DIRECTION('',(1.,0.,0.));
#1779=DIRECTION('',(0.,1.,0.));
#1780=DIRECTION('',(1.,0.,0.));
#1781=DIRECTION('',(0.,1.,0.));
#1782=DIRECTION('',(1.,0.,0.));
#1783=DIRECTION('',(0.,1.,0.));
#1784=DIRECTION('',(1.,0.,0.));
#1785=DIRECTION('',(0.,1.,0.));
#1786=DIRECTION('',(1.,0.,0.));
#1787=DIRECTION('',(0.,1.,0.));
#1788=DIRECTION('',(1.,0.,0.));
#1789=DIRECTION('',(0.,1.,0.));
#1790=DIRECTION('',(1.,0.,0.));
#1791=DIRECTION('',(0.,-1.,0.));
#1792=DIRECTION('',(-1.,0.,0.));
#1793=DIRECTION('',(0.,1.,0.));
#1794=DIRECTION('',(1.,0.,0.));
#1795=DIRECTION('',(0.,1.,0.));
#1796=DIRECTION('',(1.,0.,0.));
#1797=DIRECTION('',(0.,-1.,0.));
#1798=DIRECTION('',(-1.,0.,0.));
#1799=DIRECTION('',(0.,1.,0.));
#1800=DIRECTION('',(1.,0.,0.));
#1801=DIRECTION('',(0.,1.,0.));
#1802=DIRECTION('',(1.,0.,0.));
#1803=DIRECTION('',(0.,-1.,0.));
#1804=DIRECTION('',(-1.,0.,0.));
#1805=DIRECTION('',(0.,1.,0.));
#1806=DIRECTION('',(1.,0.,0.));
#1807=DIRECTION('',(0.,1.,0.));
#1808=DIRECTION('',(1.,0.,0.));
#1809=DIRECTION('',(0.,-1.,0.));
#1810=DIRECTION('',(-1.,0.,0.));
#1811=DIRECTION('',(0.,1.,0.));
#1812=DIRECTION('',(1.,0.,0.));
#1813=DIRECTION('',(0.,1.,0.));
#1814=DIRECTION('',(1.,0.,0.));
#1815=DIRECTION('',(0.,-1.,0.));
#1816=DIRECTION('',(-1.,0.,0.));
#1817=DIRECTION('',(0.,1.,0.));
#1818=DIRECTION('',(1.,0.,0.));
#1819=DIRECTION('',(0.,1.,0.));
#1820=DIRECTION('',(1.,0.,0.));
#1821=DIRECTION('',(0.,-1.,0.));
#1822=DIRECTION('',(-1.,0.,0.));
#1823=DIRECTION('',(0.,1.,0.));
#1824=DIRECTION('',(1.,0.,0.));
#1825=DIRECTION('',(0.,1.,0.));
#1826=DIRECTION('',(1.,0.,0.));
#1827=CARTESIAN_POINT('',(0.,0.,0.));
#1828=CARTESIAN_POINT('',(-10.3486280447595,-26.9768208070984,-25.9367647058824));
#1829=CARTESIAN_POINT('',(-10.3486280447595,-34.4,-6.71763102163017));
#1830=CARTESIAN_POINT('',(-11.0932191418298,-34.4,-7.65868956813095));
#1831=CARTESIAN_POINT('',(-12.1705040854593,-34.2340493650097,-9.06612519321225));
#1832=CARTESIAN_POINT('',(-13.500054151697,-33.7262667076858,-10.9592224807154));
#1833=CARTESIAN_POINT('',(-14.4416827151491,-33.2008639540658,-12.3973072687018));
#1834=CARTESIAN_POINT('',(-15.3053774074633,-32.5392594847888,-13.8280131866993));
#1835=CARTESIAN_POINT('',(-16.0885409700941,-31.7297544966559,-15.2325284187707));
#1836=CARTESIAN_POINT('',(-16.6746437665876,-30.9070025776322,-16.3421407489664));
#1837=CARTESIAN_POINT('',(-17.1300056612992,-30.0341975194165,-17.0556547485271));
#1838=CARTESIAN_POINT('',(-17.3474783761089,-29.4686110317148,-17.1723284665311));
#1839=CARTESIAN_POINT('',(-17.4363180995031,-29.1832294314961,-17.1231431687412));
#1840=CARTESIAN_POINT('',(-10.3486280447595,-34.4,-6.71763102163017));
#1841=CARTESIAN_POINT('',(-17.4363180995025,-29.1832294314957,-17.1231431687348));
#1842=CARTESIAN_POINT('',(-10.3486280447595,-34.4,-25.9367647058824));
#1843=CARTESIAN_POINT('',(-10.3486280447595,-34.4,-25.9367647058824));
#1844=CARTESIAN_POINT('',(-10.3486280447595,-26.9768208070984,-25.9367647058824));
#1845=CARTESIAN_POINT('',(-17.4363180994987,-29.18322943151,-25.9367647058824));
#1846=CARTESIAN_POINT('',(-17.4363180994987,-29.18322943151,-25.9367647058824));
#1847=CARTESIAN_POINT('',(-9.09862804475953,-34.4,-25.9367647058824));
#1848=CARTESIAN_POINT('',(-4.94158856583936,-34.4,-2.19676470588236));
#1849=CARTESIAN_POINT('',(-6.01169519751931,-34.4,-2.72989523888262));
#1850=CARTESIAN_POINT('',(-7.96144294219738,-34.4,-4.05601490683237));
#1851=CARTESIAN_POINT('',(-9.61795972876311,-34.4,-5.7941689145339));
#1852=CARTESIAN_POINT('',(-10.3486280447595,-34.4,-6.71763102163017));
#1853=CARTESIAN_POINT('',(-4.94158856583936,-34.4,-2.19676470588236));
#1854=CARTESIAN_POINT('',(3.09637195524048,-34.4,-2.19676470588236));
#1855=CARTESIAN_POINT('',(4.94158856583948,-34.4,-2.19676470588236));
#1856=CARTESIAN_POINT('',(10.7613719552405,-34.4,-7.25847043355274));
#1857=CARTESIAN_POINT('',(9.99478080621571,-34.4,-6.21692634768754));
#1858=CARTESIAN_POINT('',(8.25086217669032,-34.4,-4.2748747651508));
#1859=CARTESIAN_POINT('',(6.10112066033432,-34.4,-2.77444728934466));
#1860=CARTESIAN_POINT('',(4.94158856583946,-34.4,-2.19676470588241));
#1861=CARTESIAN_POINT('',(10.7613719552405,-34.4,-7.25847043355275));
#1862=CARTESIAN_POINT('',(10.7613719552405,-34.4,-25.9367647058824));
#1863=CARTESIAN_POINT('',(10.7613719552405,-34.4,-25.9367647058824));
#1864=CARTESIAN_POINT('',(-9.09862804475953,-34.4,-25.9367647058824));
#1865=CARTESIAN_POINT('',(10.7613719552405,-26.9768208070984,-25.9367647058824));
#1866=CARTESIAN_POINT('',(16.6072037455172,-31.5517350150062,-23.95));
#1867=CARTESIAN_POINT('',(16.6072037455172,-31.5517350150062,-25.9));
#1868=CARTESIAN_POINT('',(16.6072037455172,-31.5517350150062,-22.));
#1869=CARTESIAN_POINT('',(10.7613719552405,-26.9768208070984,-25.9));
#1870=CARTESIAN_POINT('',(17.8490620099797,-29.18322943151,-25.9));
#1871=CARTESIAN_POINT('',(17.8490620099797,-29.18322943151,-25.9367647058824));
#1872=CARTESIAN_POINT('',(17.8490620099797,-29.18322943151,-25.9367647058824));
#1873=CARTESIAN_POINT('',(10.7613719552405,-26.9768208070984,-25.9367647058824));
#1874=CARTESIAN_POINT('',(10.7613719552405,-34.4,-7.25847043355274));
#1875=CARTESIAN_POINT('',(11.5858226033422,-34.4,-8.37862646158734));
#1876=CARTESIAN_POINT('',(13.1499357000828,-34.1308768977774,-10.6188249127855));
#1877=CARTESIAN_POINT('',(14.8198960434327,-33.2618033905828,-13.532987927898));
#1878=CARTESIAN_POINT('',(15.8712328677765,-32.3908214935462,-15.9417595191514));
#1879=CARTESIAN_POINT('',(16.4832869067429,-31.7271576956488,-17.8156709543237));
#1880=CARTESIAN_POINT('',(16.8241222768146,-31.2603776422694,-19.8447453068855));
#1881=CARTESIAN_POINT('',(16.7303002532458,-31.393776138979,-21.2272118498904));
#1882=CARTESIAN_POINT('',(16.6169532293311,-31.5392496857163,-21.9));
#1883=CARTESIAN_POINT('',(16.6169532293311,-31.5392496857163,-21.9));
#1884=CARTESIAN_POINT('',(10.7613719552405,-26.9768208070984,-21.9));
#1885=CARTESIAN_POINT('',(16.6072037455172,-31.5517350150062,-21.9));
#1886=CARTESIAN_POINT('',(16.6072037455172,-31.5517350150062,-21.9284757694948));
#1887=CARTESIAN_POINT('',(16.6072037455172,-31.5517350150062,-21.9569515389895));
#1888=CARTESIAN_POINT('',(16.6072037455173,-31.5517350150062,-21.9569515389896));
#1889=CARTESIAN_POINT('',(16.6047064446101,-31.5549260696072,-21.971312393271));
#1890=CARTESIAN_POINT('',(16.6021818120282,-31.5581466650269,-21.9856618093965));
#1891=CARTESIAN_POINT('',(16.5996301526528,-31.561396092801,-22.));
#1892=CARTESIAN_POINT('',(16.5996301526528,-31.561396092801,-22.));
#1893=CARTESIAN_POINT('',(10.7613719552405,-26.9768208070984,-22.));
#1894=CARTESIAN_POINT('',(0.206371955240503,-24.5719956048147,-25.9367647058824));
#1895=CARTESIAN_POINT('',(0.206371955240503,-24.5719956048147,-25.9));
#1896=CARTESIAN_POINT('',(-16.815558214652,-31.1127817244916,-25.9));
#1897=CARTESIAN_POINT('',(-16.815558214652,-31.1127817244916,-23.95));
#1898=CARTESIAN_POINT('',(-16.815558214652,-31.1127817244916,-22.));
#1899=CARTESIAN_POINT('',(0.206371955240503,-24.5719956048147,-22.));
#1900=CARTESIAN_POINT('',(-16.829930385065,-31.0752557366066,-22.));
#1901=CARTESIAN_POINT('',(-16.8299303850651,-31.0752557366065,-21.9999999999998));
#1902=CARTESIAN_POINT('',(-16.8251219063645,-31.0878522951448,-21.9857354058938));
#1903=CARTESIAN_POINT('',(-16.8203306051533,-31.1003619180079,-21.9713869748199));
#1904=CARTESIAN_POINT('',(-16.8155582146521,-31.1127817244913,-21.9569515389893));
#1905=CARTESIAN_POINT('',(-16.815558214652,-31.1127817244916,-21.9569515389895));
#1906=CARTESIAN_POINT('',(-16.815558214652,-31.1127817244916,-21.9284757694948));
#1907=CARTESIAN_POINT('',(-16.815558214652,-31.1127817244916,-21.9));
#1908=CARTESIAN_POINT('',(0.206371955240503,-24.5719956048147,-21.9));
#1909=CARTESIAN_POINT('',(-16.7969798775388,-31.1609269462974,-21.9));
#1910=CARTESIAN_POINT('',(-16.7969798775387,-31.1609269462982,-21.9000000000005));
#1911=CARTESIAN_POINT('',(-16.6718634868304,-31.4838014612998,-21.5111730542488));
#1912=CARTESIAN_POINT('',(-16.5005297793541,-31.8800052230492,-20.8151535628438));
#1913=CARTESIAN_POINT('',(-16.5374521488958,-31.7959210685043,-19.7541985438513));
#1914=CARTESIAN_POINT('',(-16.7295112391768,-31.343813862903,-18.8263926698707));
#1915=CARTESIAN_POINT('',(-17.0713497071759,-30.4487417465776,-17.9400367588013));
#1916=CARTESIAN_POINT('',(-17.3228581513916,-29.6173298856011,-17.3813094250398));
#1917=CARTESIAN_POINT('',(-17.4363180995025,-29.1832294314957,-17.1231431687349));
#1918=CARTESIAN_POINT('',(0.206371955240503,-24.5719956048147,-25.9367647058824));
#1919=CARTESIAN_POINT('',(0.206371955240474,-35.9952875202126,-25.9367647058824));
#1920=CARTESIAN_POINT('',(0.,-23.4,-32.));
#1921=CARTESIAN_POINT('',(0.,-23.4,-25.9));
#1922=CARTESIAN_POINT('',(0.,-23.4,-22.));
#1923=CARTESIAN_POINT('',(0.,-23.4,-20.3012434352235));
#1924=CARTESIAN_POINT('',(0.,-23.4,-21.9569515389895));
#1925=CARTESIAN_POINT('',(0.,-23.4,-22.));
#1926=CARTESIAN_POINT('',(0.,-23.4,-32.));
#1927=CARTESIAN_POINT('',(0.,-23.4,-21.9));
#1928=CARTESIAN_POINT('',(0.,-23.4,-20.3012434352235));
#1929=CARTESIAN_POINT('',(0.,-23.4,3.96172687864015));
#1930=CARTESIAN_POINT('',(0.,-18.4,3.96172687864015));
#1931=CARTESIAN_POINT('',(0.,-23.4,-2.19676470588236));
#1932=CARTESIAN_POINT('',(0.,-23.4,-21.9));
#1933=CARTESIAN_POINT('',(0.,-23.4,-20.3012434352235));
#1934=CARTESIAN_POINT('',(0.,-23.4,-21.9));
#1935=CARTESIAN_POINT('',(0.,-43.4055041817139,-21.9));
#1936=CARTESIAN_POINT('',(0.,-23.4,6.25709722749674));
#1937=CARTESIAN_POINT('',(0.,-19.4,6.25709722749674));
#1938=CARTESIAN_POINT('',(10.7613719552405,-34.8243997095685,-4.73676470588236));
#1939=CARTESIAN_POINT('',(10.7613719552405,-34.685453182895,-4.5701080942892));
#1940=CARTESIAN_POINT('',(10.7613719552405,-34.5440038081162,-4.40553929505507));
#1941=CARTESIAN_POINT('',(10.7613719552405,-34.3999999999892,-4.24310133928031));
#1942=CARTESIAN_POINT('',(10.7613719552405,-34.8243997095685,-4.73676470588235));
#1943=CARTESIAN_POINT('',(10.7613719552405,-34.3999999999892,-4.24310133928034));
#1944=CARTESIAN_POINT('',(0.,-23.4,-4.73676470588235));
#1945=CARTESIAN_POINT('',(11.2080214123188,-34.3865504642734,-4.73676470588235));
#1946=CARTESIAN_POINT('',(11.2080214123188,-34.3865504642734,-4.73676470588235));
#1947=CARTESIAN_POINT('',(11.8584436869125,-34.3473438036717,-5.45690146787792));
#1948=CARTESIAN_POINT('',(13.1261980151263,-34.1031318215318,-6.87412892279292));
#1949=CARTESIAN_POINT('',(14.9447470734338,-33.2252912328535,-8.95998043821528));
#1950=CARTESIAN_POINT('',(16.3413466003666,-31.9927812811793,-10.5598707171724));
#1951=CARTESIAN_POINT('',(17.3166262046493,-30.5519990560687,-11.4637827891938));
#1952=CARTESIAN_POINT('',(17.7030425854121,-29.6522905165046,-11.6320536058407));
#1953=CARTESIAN_POINT('',(17.8490620099799,-29.1832294315101,-11.6133147180458));
#1954=CARTESIAN_POINT('',(17.8490620099797,-29.18322943151,-11.6133147180432));
#1955=CARTESIAN_POINT('',(17.8490620099798,-29.1832294315096,-11.6133147180454));
#1956=CARTESIAN_POINT('',(17.3427141484255,-31.1205283664643,-11.9948651708502));
#1957=CARTESIAN_POINT('',(16.1486890977821,-33.8117401351254,-12.543023186332));
#1958=CARTESIAN_POINT('',(13.664947953559,-36.9977897739593,-13.2116843505034));
#1959=CARTESIAN_POINT('',(11.4766961427889,-39.012509017537,-13.6345717927153));
#1960=CARTESIAN_POINT('',(8.9205330946316,-40.6853792800424,-13.9703203947548));
#1961=CARTESIAN_POINT('',(6.17487367550572,-41.8916138218274,-14.1776945232724));
#1962=CARTESIAN_POINT('',(3.19699794506627,-42.6458679217157,-14.2451178727367));
#1963=CARTESIAN_POINT('',(0.196944625005812,-42.8912416007401,-14.1621911322416));
#1964=CARTESIAN_POINT('',(-2.85545572023558,-42.6331851226984,-13.9350368850479));
#1965=CARTESIAN_POINT('',(-5.75655995559922,-41.8924262763976,-13.5932011495742));
#1966=CARTESIAN_POINT('',(-8.53795525203181,-40.6675822564329,-13.1516163362234));
#1967=CARTESIAN_POINT('',(-11.0240176808914,-39.0421508907523,-12.6535221477793));
#1968=CARTESIAN_POINT('',(-13.2489291888857,-37.0003820245461,-12.1041678227832));
#1969=CARTESIAN_POINT('',(-15.6846688154405,-33.8908053051031,-11.356055735801));
#1970=CARTESIAN_POINT('',(-16.9293771348353,-31.1227975930365,-10.7799073225033));
#1971=CARTESIAN_POINT('',(-17.4363180994991,-29.1832294315092,-10.4093113032382));
#1972=CARTESIAN_POINT('',(-17.4363180994987,-29.18322943151,-10.4093113032335));
#1973=CARTESIAN_POINT('',(-11.2483325121168,-34.3452752720011,-4.73676470588234));
#1974=CARTESIAN_POINT('',(-11.8560192853424,-34.2710753828345,-5.36914413889051));
#1975=CARTESIAN_POINT('',(-13.0411405323364,-33.9779131982835,-6.60592809430912));
#1976=CARTESIAN_POINT('',(-14.7527693019548,-33.0632010558244,-8.38826635863094));
#1977=CARTESIAN_POINT('',(-16.3356463343096,-31.5780107091646,-9.95582316906807));
#1978=CARTESIAN_POINT('',(-17.1721420448837,-30.0318473956891,-10.4563015822774));
#1979=CARTESIAN_POINT('',(-17.4363180994988,-29.1832294315099,-10.4093113032384));
#1980=CARTESIAN_POINT('',(-11.2483325121168,-34.3452752720011,-4.73676470588235));
#1981=CARTESIAN_POINT('',(0.,-23.4,-4.73676470588235));
#1982=CARTESIAN_POINT('',(-10.3486280447595,-35.199573410689,-4.73676470588236));
#1983=CARTESIAN_POINT('',(-10.3486280447595,-35.1995734106891,-4.73676470588235));
#1984=CARTESIAN_POINT('',(-10.3486280447595,-34.9418989321154,-4.41755273056747));
#1985=CARTESIAN_POINT('',(-10.3486280447595,-34.6754872801783,-4.10547347873351));
#1986=CARTESIAN_POINT('',(-10.3486280447595,-34.4,-3.80080325313367));
#1987=CARTESIAN_POINT('',(-10.3486280447595,-34.4,-3.80080325313368));
#1988=CARTESIAN_POINT('',(-5.57362804476254,-34.4,-0.215112542894396));
#1989=CARTESIAN_POINT('',(-7.36241909395186,-34.4,-1.11205903555355));
#1990=CARTESIAN_POINT('',(-8.967550184836,-34.4,-2.36386959253531));
#1991=CARTESIAN_POINT('',(-10.3486280447595,-34.4,-3.80080325313367));
#1992=CARTESIAN_POINT('',(-5.57362804476254,-34.4,-0.215112542894397));
#1993=CARTESIAN_POINT('',(-5.57362804475953,-36.2093460424824,-2.19676470588236));
#1994=CARTESIAN_POINT('',(-5.57362804475953,-35.63716281865,-1.50352696904518));
#1995=CARTESIAN_POINT('',(-5.57362804475953,-35.0342466204413,-0.842765800298541));
#1996=CARTESIAN_POINT('',(-5.57362804475953,-34.4000000000007,-0.215112542893617));
#1997=CARTESIAN_POINT('',(-5.57362804475953,-36.2093460424824,-2.19676470588236));
#1998=CARTESIAN_POINT('',(0.,-23.4,-2.19676470588236));
#1999=CARTESIAN_POINT('',(5.98637195524047,-36.0217283456308,-2.19676470588236));
#2000=CARTESIAN_POINT('',(5.98637195524047,-36.0217283456308,-2.19676470588236));
#2001=CARTESIAN_POINT('',(5.98637195524047,-35.5061559743121,-1.58126396200302));
#2002=CARTESIAN_POINT('',(5.98637195524047,-34.9657549764681,-0.992204851372754));
#2003=CARTESIAN_POINT('',(5.98637195524047,-34.4,-0.430146855907098));
#2004=CARTESIAN_POINT('',(5.98637195524042,-34.4,-0.430146855907079));
#2005=CARTESIAN_POINT('',(10.7613719552349,-34.4,-4.24310133928629));
#2006=CARTESIAN_POINT('',(10.0752665732882,-34.4,-3.48595588053957));
#2007=CARTESIAN_POINT('',(8.60493446523174,-34.4,-2.08219157097991));
#2008=CARTESIAN_POINT('',(6.88638336585847,-34.4,-0.916746487176236));
#2009=CARTESIAN_POINT('',(5.98637195524043,-34.4,-0.430146855907079));
#2010=CARTESIAN_POINT('',(-5.57362804475953,-39.4,7.07573529411765));
#2011=CARTESIAN_POINT('',(-5.57362804475953,-39.4,-2.19676470588236));
#2012=CARTESIAN_POINT('',(-5.57362804475953,-39.4,-2.19676470588236));
#2013=CARTESIAN_POINT('',(-5.57362804475953,-34.4,7.07573529411765));
#2014=CARTESIAN_POINT('',(-5.57362804475953,-34.4,11.0132352941176));
#2015=CARTESIAN_POINT('',(-5.57362804475953,-39.4,11.0132352941176));
#2016=CARTESIAN_POINT('',(-5.57362804475953,-39.4,11.0132352941176));
#2017=CARTESIAN_POINT('',(-5.57362804475953,-39.4,7.07573529411765));
#2018=CARTESIAN_POINT('',(5.98637195524047,-39.4,0.470735294117647));
#2019=CARTESIAN_POINT('',(5.98637195524047,-39.4,-2.19676470588236));
#2020=CARTESIAN_POINT('',(5.98637195524047,-39.4,-2.19676470588236));
#2021=CARTESIAN_POINT('',(5.98637195524047,-39.4,0.470735294117647));
#2022=CARTESIAN_POINT('',(5.98637195524047,-39.4,11.0132352941176));
#2023=CARTESIAN_POINT('',(5.98637195524047,-39.4,11.0132352941176));
#2024=CARTESIAN_POINT('',(5.98637195524047,-34.4,11.0132352941176));
#2025=CARTESIAN_POINT('',(5.98637195524047,-34.4,0.470735294117647));
#2026=CARTESIAN_POINT('',(10.7613719552405,-39.4,-3.46676470588235));
#2027=CARTESIAN_POINT('',(10.7613719552405,-39.4,-4.73676470588235));
#2028=CARTESIAN_POINT('',(10.7613719552405,-39.4,-4.73676470588235));
#2029=CARTESIAN_POINT('',(10.7613719552405,-34.4,-3.46676470588235));
#2030=CARTESIAN_POINT('',(10.7613719552405,-34.4,11.0132352941176));
#2031=CARTESIAN_POINT('',(10.7613719552405,-39.4,11.0132352941176));
#2032=CARTESIAN_POINT('',(10.7613719552405,-39.4,11.0132352941176));
#2033=CARTESIAN_POINT('',(10.7613719552405,-39.4,-3.46676470588235));
#2034=CARTESIAN_POINT('',(-10.3486280447595,-39.4,7.07573529411765));
#2035=CARTESIAN_POINT('',(-10.3486280447595,-39.4,-4.73676470588235));
#2036=CARTESIAN_POINT('',(-10.3486280447595,-39.4,-4.73676470588235));
#2037=CARTESIAN_POINT('',(-10.3486280447595,-39.4,7.07573529411765));
#2038=CARTESIAN_POINT('',(-10.3486280447595,-39.4,11.0132352941176));
#2039=CARTESIAN_POINT('',(-10.3486280447595,-39.4,11.0132352941176));
#2040=CARTESIAN_POINT('',(-10.3486280447595,-34.4,11.0132352941176));
#2041=CARTESIAN_POINT('',(-10.3486280447595,-34.4,7.07573529411765));
#2042=CARTESIAN_POINT('',(0.206371955240474,-34.4,2.94074699264677));
#2043=CARTESIAN_POINT('',(7.98637195524048,-34.4,8.47323529411764));
#2044=CARTESIAN_POINT('',(9.23637195524048,-34.4,8.47323529411764));
#2045=CARTESIAN_POINT('',(8.37387195524047,-34.4,11.0132352941176));
#2046=CARTESIAN_POINT('',(0.206371955240474,-34.4,2.94074699264677));
#2047=CARTESIAN_POINT('',(-7.57362804475953,-34.4,8.47323529411764));
#2048=CARTESIAN_POINT('',(-6.32362804475953,-34.4,8.47323529411764));
#2049=CARTESIAN_POINT('',(-9.09862804475953,-34.4,11.0132352941176));
#2050=CARTESIAN_POINT('',(-9.09862804475953,-39.4,11.0132352941176));
#2051=CARTESIAN_POINT('',(-9.09862804475953,-39.4,11.0132352941176));
#2052=CARTESIAN_POINT('',(3.09637195524048,-39.4,-2.19676470588236));
#2053=CARTESIAN_POINT('',(3.09637195524048,-39.4,-2.19676470588236));
#2054=CARTESIAN_POINT('',(8.37387195524047,-39.4,11.0132352941176));
#2055=CARTESIAN_POINT('',(8.37387195524047,-39.4,11.0132352941176));
#2056=CARTESIAN_POINT('',(0.206371955240474,-39.4,2.94074699264677));
#2057=CARTESIAN_POINT('',(-7.57362804475953,-39.4,8.47323529411764));
#2058=CARTESIAN_POINT('',(-6.32362804475953,-39.4,8.47323529411764));
#2059=CARTESIAN_POINT('',(7.98637195524048,-39.4,8.47323529411764));
#2060=CARTESIAN_POINT('',(9.23637195524048,-39.4,8.47323529411764));
#2061=CARTESIAN_POINT('',(-9.09862804475953,-39.4,-4.73676470588235));
#2062=CARTESIAN_POINT('',(7.98637195524048,-39.4,8.47323529411764));
#2063=CARTESIAN_POINT('',(-7.57362804475953,-39.4,8.47323529411764));
#2064=CARTESIAN_POINT('',(0.,-23.4,5.));
#2065=CARTESIAN_POINT('',(0.,-23.4,3.));
#2066=CARTESIAN_POINT('',(0.,-27.4,3.));
#2067=CARTESIAN_POINT('',(0.,-23.4,5.));
#2068=CARTESIAN_POINT('',(0.,-23.4,3.));
#2069=CARTESIAN_POINT('',(0.,-28.4,3.));
#2070=CARTESIAN_POINT('',(0.,-23.4,3.));
#2071=CARTESIAN_POINT('',(-2.28,-48.4,21.9));
#2072=CARTESIAN_POINT('',(-2.28,1.6,21.9));
#2073=CARTESIAN_POINT('',(-41.73,1.6,21.9));
#2074=CARTESIAN_POINT('',(37.17,1.6,21.9));
#2075=CARTESIAN_POINT('',(37.17,-48.4,21.9));
#2076=CARTESIAN_POINT('',(37.17,-48.4,21.9));
#2077=CARTESIAN_POINT('',(-2.28,-48.4,21.9));
#2078=CARTESIAN_POINT('',(-41.73,-48.4,21.9));
#2079=CARTESIAN_POINT('',(-41.73,-48.4,21.9));
#2080=CARTESIAN_POINT('',(-41.73,-48.4,-6.93889390390723E-15));
#2081=CARTESIAN_POINT('',(-41.73,1.6,-6.93889390390723E-15));
#2082=CARTESIAN_POINT('',(-41.73,1.6,-21.9));
#2083=CARTESIAN_POINT('',(-41.73,-48.4,-6.93889390390723E-15));
#2084=CARTESIAN_POINT('',(-41.73,-48.4,-21.9));
#2085=CARTESIAN_POINT('',(-41.73,-48.4,-21.9));
#2086=CARTESIAN_POINT('',(-2.28,-48.4,-21.9));
#2087=CARTESIAN_POINT('',(-2.28,1.6,-21.9));
#2088=CARTESIAN_POINT('',(37.17,1.6,-21.9));
#2089=CARTESIAN_POINT('',(-2.28,-48.4,-21.9));
#2090=CARTESIAN_POINT('',(37.17,-48.4,-21.9));
#2091=CARTESIAN_POINT('',(37.17,-48.4,-21.9));
#2092=CARTESIAN_POINT('',(37.17,-48.4,-6.93889390390723E-15));
#2093=CARTESIAN_POINT('',(37.17,1.6,-6.93889390390723E-15));
#2094=CARTESIAN_POINT('',(37.17,-48.4,-6.93889390390723E-15));
#2095=CARTESIAN_POINT('',(-33.63,5.,18.36));
#2096=CARTESIAN_POINT('',(-33.63,3.,18.36));
#2097=CARTESIAN_POINT('',(-36.23,3.,18.36));
#2098=CARTESIAN_POINT('',(-33.63,5.,18.36));
#2099=CARTESIAN_POINT('',(-36.23,5.,18.36));
#2100=CARTESIAN_POINT('',(-31.03,3.,18.36));
#2101=CARTESIAN_POINT('',(-33.63,3.,18.36));
#2102=CARTESIAN_POINT('',(-35.13,3.,18.36));
#2103=CARTESIAN_POINT('',(-33.63,5.,18.36));
#2104=CARTESIAN_POINT('',(-33.63,1.6,18.36));
#2105=CARTESIAN_POINT('',(-35.13,1.6,18.36));
#2106=CARTESIAN_POINT('',(33.63,5.,-18.36));
#2107=CARTESIAN_POINT('',(33.63,3.,-18.36));
#2108=CARTESIAN_POINT('',(31.03,3.,-18.36));
#2109=CARTESIAN_POINT('',(33.63,5.,-18.36));
#2110=CARTESIAN_POINT('',(31.03,5.,-18.36));
#2111=CARTESIAN_POINT('',(36.23,3.,-18.36));
#2112=CARTESIAN_POINT('',(33.63,3.,-18.36));
#2113=CARTESIAN_POINT('',(32.13,3.,-18.36));
#2114=CARTESIAN_POINT('',(33.63,5.,-18.36));
#2115=CARTESIAN_POINT('',(33.63,1.6,-18.36));
#2116=CARTESIAN_POINT('',(32.13,1.6,-18.36));
#2117=CARTESIAN_POINT('',(33.63,5.,18.36));
#2118=CARTESIAN_POINT('',(33.63,3.,18.36));
#2119=CARTESIAN_POINT('',(31.03,3.,18.36));
#2120=CARTESIAN_POINT('',(33.63,5.,18.36));
#2121=CARTESIAN_POINT('',(31.03,5.,18.36));
#2122=CARTESIAN_POINT('',(36.23,3.,18.36));
#2123=CARTESIAN_POINT('',(33.63,3.,18.36));
#2124=CARTESIAN_POINT('',(32.13,3.,18.36));
#2125=CARTESIAN_POINT('',(33.63,5.,18.36));
#2126=CARTESIAN_POINT('',(33.63,1.6,18.36));
#2127=CARTESIAN_POINT('',(32.13,1.6,18.36));
#2128=CARTESIAN_POINT('',(-33.63,5.,-18.36));
#2129=CARTESIAN_POINT('',(-33.63,3.,-18.36));
#2130=CARTESIAN_POINT('',(-36.23,3.,-18.36));
#2131=CARTESIAN_POINT('',(-33.63,5.,-18.36));
#2132=CARTESIAN_POINT('',(-36.23,5.,-18.36));
#2133=CARTESIAN_POINT('',(-31.03,3.,-18.36));
#2134=CARTESIAN_POINT('',(-33.63,3.,-18.36));
#2135=CARTESIAN_POINT('',(-35.13,3.,-18.36));
#2136=CARTESIAN_POINT('',(-33.63,5.,-18.36));
#2137=CARTESIAN_POINT('',(-33.63,1.6,-18.36));
#2138=CARTESIAN_POINT('',(-35.13,1.6,-18.36));
#2139=CARTESIAN_POINT('',(30.17,3.3,20.9));
#2140=CARTESIAN_POINT('',(-29.83,3.3,20.9));
#2141=CARTESIAN_POINT('',(-29.83,5.,20.9));
#2142=CARTESIAN_POINT('',(-29.83,1.6,20.9));
#2143=CARTESIAN_POINT('',(30.17,5.,20.9));
#2144=CARTESIAN_POINT('',(30.17,5.,20.9));
#2145=CARTESIAN_POINT('',(30.17,3.3,20.9));
#2146=CARTESIAN_POINT('',(30.17,1.6,20.9));
#2147=CARTESIAN_POINT('',(30.17,1.6,20.9));
#2148=CARTESIAN_POINT('',(-45.73,5.,19.63));
#2149=CARTESIAN_POINT('',(-45.73,-52.4,-21.9));
#2150=CARTESIAN_POINT('',(-45.73,1.,-21.9));
#2151=CARTESIAN_POINT('',(-45.73,-48.4,-21.9));
#2152=CARTESIAN_POINT('',(-45.73,-48.4,25.9));
#2153=CARTESIAN_POINT('',(-45.73,-48.4,21.9));
#2154=CARTESIAN_POINT('',(-45.73,5.,21.9));
#2155=CARTESIAN_POINT('',(-45.73,1.,21.9));
#2156=CARTESIAN_POINT('',(-45.73,1.,19.63));
#2157=CARTESIAN_POINT('',(41.17,5.,-3.46944695195361E-15));
#2158=CARTESIAN_POINT('',(41.17,-52.4,21.9));
#2159=CARTESIAN_POINT('',(41.17,1.,21.9));
#2160=CARTESIAN_POINT('',(41.17,-48.4,21.9));
#2161=CARTESIAN_POINT('',(41.17,-48.4,-3.46944695195361E-15));
#2162=CARTESIAN_POINT('',(41.17,-48.4,-21.9));
#2163=CARTESIAN_POINT('',(41.17,5.,-21.9));
#2164=CARTESIAN_POINT('',(41.17,1.,-21.9));
#2165=CARTESIAN_POINT('',(41.17,1.,25.9));
#2166=CARTESIAN_POINT('',(34.9,5.,25.9));
#2167=CARTESIAN_POINT('',(34.9,1.,25.9));
#2168=CARTESIAN_POINT('',(37.17,1.,25.9));
#2169=CARTESIAN_POINT('',(-41.73,1.,25.9));
#2170=CARTESIAN_POINT('',(-41.73,5.,25.9));
#2171=CARTESIAN_POINT('',(-41.73,-48.4,25.9));
#2172=CARTESIAN_POINT('',(41.17,-48.4,25.9));
#2173=CARTESIAN_POINT('',(37.17,-48.4,25.9));
#2174=CARTESIAN_POINT('',(37.17,5.,25.9));
#2175=CARTESIAN_POINT('',(-29.83,5.,19.63));
#2176=CARTESIAN_POINT('',(-29.83,3.3,-20.9));
#2177=CARTESIAN_POINT('',(-29.83,5.,-20.9));
#2178=CARTESIAN_POINT('',(-29.83,1.6,-20.9));
#2179=CARTESIAN_POINT('',(-29.83,5.,19.63));
#2180=CARTESIAN_POINT('',(-29.83,1.6,19.63));
#2181=CARTESIAN_POINT('',(30.17,5.,6.93889390390723E-15));
#2182=CARTESIAN_POINT('',(30.17,5.,6.93889390390723E-15));
#2183=CARTESIAN_POINT('',(30.17,5.,-20.9));
#2184=CARTESIAN_POINT('',(30.17,3.3,-20.9));
#2185=CARTESIAN_POINT('',(30.17,1.6,-20.9));
#2186=CARTESIAN_POINT('',(30.17,1.6,6.93889390390723E-15));
#2187=CARTESIAN_POINT('',(30.17,5.,-25.9));
#2188=CARTESIAN_POINT('',(30.17,-48.4,-25.9));
#2189=CARTESIAN_POINT('',(37.17,-48.4,-25.9));
#2190=CARTESIAN_POINT('',(-41.73,-48.4,-25.9));
#2191=CARTESIAN_POINT('',(-41.73,5.,-25.9));
#2192=CARTESIAN_POINT('',(-41.73,5.,-25.9));
#2193=CARTESIAN_POINT('',(30.17,5.,-25.9));
#2194=CARTESIAN_POINT('',(37.17,5.,-25.9));
#2195=CARTESIAN_POINT('',(37.17,5.,-25.9));
#2196=CARTESIAN_POINT('',(30.17,1.6,19.63));
#2197=CARTESIAN_POINT('',(30.17,1.6,-20.9));
#2198=CARTESIAN_POINT('',(30.17,3.3,-20.9));
#2199=CARTESIAN_POINT('',(30.17,5.,-20.9));
#2200=CARTESIAN_POINT('',(30.17,5.,19.63));
#2201=CARTESIAN_POINT('',(-41.73,5.,19.63));
#2202=CARTESIAN_POINT('',(-41.73,5.,21.9));
#2203=CARTESIAN_POINT('',(30.17,5.,21.9));
#2204=CARTESIAN_POINT('',(37.17,5.,21.9));
#2205=CARTESIAN_POINT('',(37.17,5.,-25.9));
#2206=CARTESIAN_POINT('',(0.,-33.4,-22.));
#2207=CARTESIAN_POINT('',(-2.28,-48.4,-21.9));
#2208=CARTESIAN_POINT('',(3.09637195524048,-39.4,-2.19676470588236));
#2209=CARTESIAN_POINT('',(0.206371955240474,-35.9952875202126,-4.73676470588235));
#2210=CARTESIAN_POINT('',(-10.3486280447595,-26.9768208070984,-4.73676470588235));
#2211=CARTESIAN_POINT('',(-17.4363180994987,-29.18322943151,-4.73676470588235));
#2212=CARTESIAN_POINT('',(0.206371955240503,-24.5719956048147,-4.73676470588235));
#2213=CARTESIAN_POINT('',(17.8490620099797,-29.18322943151,-4.73676470588235));
#2214=CARTESIAN_POINT('',(10.7613719552405,-26.9768208070984,-4.73676470588235));
#2215=CARTESIAN_POINT('',(0.206371955240503,-24.5719956048147,-25.9367647058824));
#2216=CARTESIAN_POINT('',(17.8490620099797,-29.18322943151,-25.9367647058824));
#2217=CARTESIAN_POINT('',(-17.4363180994987,-29.18322943151,-25.9367647058824));
#2218=CARTESIAN_POINT('',(10.7613719552405,-26.9768208070984,-25.9367647058824));
#2219=CARTESIAN_POINT('',(-10.3486280447595,-26.9768208070984,-25.9367647058824));
#2220=CARTESIAN_POINT('',(-41.73,5.,-21.9));
#2221=CARTESIAN_POINT('',(-41.73,-48.4,-21.9));
#2222=CARTESIAN_POINT('',(-41.73,1.,-21.9));
#2223=CARTESIAN_POINT('',(37.17,5.,-21.9));
#2224=CARTESIAN_POINT('',(37.17,-48.4,-21.9));
#2225=CARTESIAN_POINT('',(37.17,1.,-21.9));
#2226=CARTESIAN_POINT('',(-41.73,5.,21.9));
#2227=CARTESIAN_POINT('',(-41.73,-48.4,21.9));
#2228=CARTESIAN_POINT('',(-41.73,1.,21.9));
#2229=CARTESIAN_POINT('',(-41.73,1.,19.63));
#2230=CARTESIAN_POINT('',(-41.73,1.,21.9));
#2231=CARTESIAN_POINT('',(37.17,1.,-3.46944695195361E-15));
#2232=CARTESIAN_POINT('',(37.17,1.,21.9));
#2233=CARTESIAN_POINT('',(37.17,5.,21.9));
#2234=CARTESIAN_POINT('',(37.17,-48.4,21.9));
#2235=CARTESIAN_POINT('',(37.17,1.,21.9));
#2236=CARTESIAN_POINT('',(-41.73,1.,21.9));
#2237=CARTESIAN_POINT('',(-41.73,1.,21.9));
#2238=CARTESIAN_POINT('',(37.17,1.,21.9));
#2239=CARTESIAN_POINT('',(37.17,1.,21.9));
#2240=CARTESIAN_POINT('',(30.17,1.,21.9));
#2241=CARTESIAN_POINT('',(0.,-48.4,0.));
#2242=CARTESIAN_POINT('',(-43.73,-48.4,0.));
#2243=CARTESIAN_POINT('',(-42.48,-48.4,0.));
#2244=CARTESIAN_POINT('',(-43.73,-48.4,-12.5));
#2245=CARTESIAN_POINT('',(-42.48,-48.4,-12.5));
#2246=CARTESIAN_POINT('',(39.17,-48.4,12.5));
#2247=CARTESIAN_POINT('',(40.42,-48.4,12.5));
#2248=CARTESIAN_POINT('',(39.17,-48.4,-12.5));
#2249=CARTESIAN_POINT('',(40.42,-48.4,-12.5));
#2250=CARTESIAN_POINT('',(39.17,-48.4,-5.20417042793042E-15));
#2251=CARTESIAN_POINT('',(40.42,-48.4,-5.20417042793042E-15));
#2252=CARTESIAN_POINT('',(-43.73,-48.4,12.5));
#2253=CARTESIAN_POINT('',(-42.48,-48.4,12.5));
#2254=CARTESIAN_POINT('',(40.42,-41.4,-5.20417042793042E-15));
#2255=CARTESIAN_POINT('',(39.17,-41.4,-5.20417042793042E-15));
#2256=CARTESIAN_POINT('',(40.42,-41.4,-5.20417042793042E-15));
#2257=CARTESIAN_POINT('',(39.17,-48.4,-5.20417042793042E-15));
#2258=CARTESIAN_POINT('',(40.42,-41.4,-12.5));
#2259=CARTESIAN_POINT('',(39.17,-41.4,-12.5));
#2260=CARTESIAN_POINT('',(40.42,-41.4,-12.5));
#2261=CARTESIAN_POINT('',(39.17,-48.4,-12.5));
#2262=CARTESIAN_POINT('',(40.42,-41.4,12.5));
#2263=CARTESIAN_POINT('',(39.17,-41.4,12.5));
#2264=CARTESIAN_POINT('',(40.42,-41.4,12.5));
#2265=CARTESIAN_POINT('',(39.17,-48.4,12.5));
#2266=CARTESIAN_POINT('',(-42.48,-41.4,-12.5));
#2267=CARTESIAN_POINT('',(-43.73,-41.4,-12.5));
#2268=CARTESIAN_POINT('',(-42.48,-41.4,-12.5));
#2269=CARTESIAN_POINT('',(-43.73,-48.4,-12.5));
#2270=CARTESIAN_POINT('',(-42.48,-41.4,0.));
#2271=CARTESIAN_POINT('',(-43.73,-41.4,0.));
#2272=CARTESIAN_POINT('',(-42.48,-41.4,0.));
#2273=CARTESIAN_POINT('',(-43.73,-48.4,0.));
#2274=CARTESIAN_POINT('',(-42.48,-41.4,12.5));
#2275=CARTESIAN_POINT('',(-43.73,-41.4,12.5));
#2276=CARTESIAN_POINT('',(-42.48,-41.4,12.5));
#2277=CARTESIAN_POINT('',(-43.73,-48.4,12.5));
#2278=MECHANICAL_DESIGN_GEOMETRIC_PRESENTATION_REPRESENTATION('',(#1283),#2279);
#2279=(
GEOMETRIC_REPRESENTATION_CONTEXT(3)
GLOBAL_UNCERTAINTY_ASSIGNED_CONTEXT((#2280))
GLOBAL_UNIT_ASSIGNED_CONTEXT((#2283,#2282,#2281))
REPRESENTATION_CONTEXT('Part 2','TOP_LEVEL_ASSEMBLY_PART')
);
#2280=UNCERTAINTY_MEASURE_WITH_UNIT(LENGTH_MEASURE(1.E-05),#2283,'DISTANCE_ACCURACY_VALUE','Maximum Tolerance applied to model');
#2281=(
NAMED_UNIT(*)
SI_UNIT($,.STERADIAN.)
SOLID_ANGLE_UNIT()
);
#2282=(
NAMED_UNIT(*)
PLANE_ANGLE_UNIT()
SI_UNIT($,.RADIAN.)
);
#2283=(
LENGTH_UNIT()
NAMED_UNIT(*)
SI_UNIT(.MILLI.,.METRE.)
);
#2284=PRODUCT_DEFINITION_SHAPE('','',#2285);
#2285=PRODUCT_DEFINITION('','',#2287,#2286);
#2286=PRODUCT_DEFINITION_CONTEXT('',#2293,'design');
#2287=PRODUCT_DEFINITION_FORMATION_WITH_SPECIFIED_SOURCE('','',#2289,.NOT_KNOWN.);
#2288=PRODUCT_RELATED_PRODUCT_CATEGORY('','',(#2289));
#2289=PRODUCT('Part 2','Part 2','Part 2',(#2291));
#2290=PRODUCT_CATEGORY('','');
#2291=PRODUCT_CONTEXT('',#2293,'mechanical');
#2292=APPLICATION_PROTOCOL_DEFINITION('international standard','ap242_managed_model_based_3d_engineering',2020,#2293);
#2293=APPLICATION_CONTEXT('managed model based 3d engineering');
#2294=COMPOSITE_SHAPE_ASPECT('hole_callout.FlF6cty9Mf5I978_4.RLBD.4',$,#2284,$);
#2295=SHAPE_ASPECT('hole_callout.FlF6cty9Mf5I978_4.RLBD.4',$,#2284,.T.);
#2296=GEOMETRIC_ITEM_SPECIFIC_USAGE('','',#2295,#11,#1242);
#2297=SHAPE_ASPECT_RELATIONSHIP('','',#2294,#2295);
#2298=SHAPE_ASPECT('hole_callout.FlF6cty9Mf5I978_4.RLBD.4',$,#2284,.T.);
#2299=GEOMETRIC_ITEM_SPECIFIC_USAGE('','',#2298,#11,#1240);
#2300=SHAPE_ASPECT_RELATIONSHIP('','',#2294,#2298);
#2301=SHAPE_ASPECT('hole_callout.FlF6cty9Mf5I978_4.RLBD.4',$,#2284,.T.);
#2302=GEOMETRIC_ITEM_SPECIFIC_USAGE('','',#2301,#11,#1241);
#2303=SHAPE_ASPECT_RELATIONSHIP('','',#2294,#2301);
#2304=SHAPE_ASPECT('hole_callout.FlF6cty9Mf5I978_4.RLBD.4',$,#2284,.T.);
#2305=GEOMETRIC_ITEM_SPECIFIC_USAGE('','',#2304,#11,#1239);
#2306=SHAPE_ASPECT_RELATIONSHIP('','',#2294,#2304);
#2307=SHAPE_ASPECT('hole_callout.FlF6cty9Mf5I978_4.RLBD.4',$,#2284,.T.);
#2308=GEOMETRIC_ITEM_SPECIFIC_USAGE('','',#2307,#11,#1237);
#2309=SHAPE_ASPECT_RELATIONSHIP('','',#2294,#2307);
#2310=SHAPE_ASPECT('hole_callout.FlF6cty9Mf5I978_4.RLBD.4',$,#2284,.T.);
#2311=GEOMETRIC_ITEM_SPECIFIC_USAGE('','',#2310,#11,#1238);
#2312=SHAPE_ASPECT_RELATIONSHIP('','',#2294,#2310);
#2313=SHAPE_ASPECT('hole_callout.FlF6cty9Mf5I978_4.RLBD.4',$,#2284,.T.);
#2314=GEOMETRIC_ITEM_SPECIFIC_USAGE('','',#2313,#11,#1233);
#2315=SHAPE_ASPECT_RELATIONSHIP('','',#2294,#2313);
#2316=SHAPE_ASPECT('hole_callout.FlF6cty9Mf5I978_4.RLBD.4',$,#2284,.T.);
#2317=GEOMETRIC_ITEM_SPECIFIC_USAGE('','',#2316,#11,#1231);
#2318=SHAPE_ASPECT_RELATIONSHIP('','',#2294,#2316);
#2319=SHAPE_ASPECT('hole_callout.FlF6cty9Mf5I978_4.RLBD.4',$,#2284,.T.);
#2320=GEOMETRIC_ITEM_SPECIFIC_USAGE('','',#2319,#11,#1232);
#2321=SHAPE_ASPECT_RELATIONSHIP('','',#2294,#2319);
#2322=SHAPE_ASPECT('hole_callout.FlF6cty9Mf5I978_4.RLBD.4',$,#2284,.T.);
#2323=GEOMETRIC_ITEM_SPECIFIC_USAGE('','',#2322,#11,#1234);
#2324=SHAPE_ASPECT_RELATIONSHIP('','',#2294,#2322);
#2325=SHAPE_ASPECT('hole_callout.FlF6cty9Mf5I978_4.RLBD.4',$,#2284,.T.);
#2326=GEOMETRIC_ITEM_SPECIFIC_USAGE('','',#2325,#11,#1236);
#2327=SHAPE_ASPECT_RELATIONSHIP('','',#2294,#2325);
#2328=SHAPE_ASPECT('hole_callout.FlF6cty9Mf5I978_4.RLBD.4',$,#2284,.T.);
#2329=GEOMETRIC_ITEM_SPECIFIC_USAGE('','',#2328,#11,#1235);
#2330=SHAPE_ASPECT_RELATIONSHIP('','',#2294,#2328);
#2331=DIMENSIONAL_SIZE(#2294,'diameter');
#2332=(
LENGTH_UNIT()
NAMED_UNIT(*)
SI_UNIT(.MILLI.,.METRE.)
);
#2334=PRECISION_QUALIFIER(3);
#2333=(
LENGTH_MEASURE_WITH_UNIT()
MEASURE_REPRESENTATION_ITEM()
MEASURE_WITH_UNIT(POSITIVE_LENGTH_MEASURE(3.),#2332)
QUALIFIED_REPRESENTATION_ITEM((#2334))
REPRESENTATION_ITEM('nominal value')
);
#2335=COMPOUND_REPRESENTATION_ITEM('modifiers',SET_REPRESENTATION_ITEM((#2336)));
#2336=DESCRIPTIVE_REPRESENTATION_ITEM('dimensional note','diameter');
#2337=SHAPE_DIMENSION_REPRESENTATION('',(#2333,#2335),#2279);
#2338=DIMENSIONAL_CHARACTERISTIC_REPRESENTATION(#2331,#2337);
#2339=DIMENSIONAL_SIZE(#2294,'depth');
#2340=(
LENGTH_UNIT()
NAMED_UNIT(*)
SI_UNIT(.MILLI.,.METRE.)
);
#2342=PRECISION_QUALIFIER(3);
#2341=(
LENGTH_MEASURE_WITH_UNIT()
MEASURE_REPRESENTATION_ITEM()
MEASURE_WITH_UNIT(POSITIVE_LENGTH_MEASURE(2.),#2340)
QUALIFIED_REPRESENTATION_ITEM((#2342))
REPRESENTATION_ITEM('nominal value')
);
#2343=COMPOUND_REPRESENTATION_ITEM('modifiers',SET_REPRESENTATION_ITEM((#2344)));
#2344=DESCRIPTIVE_REPRESENTATION_ITEM('dimensional note','depth');
#2345=SHAPE_DIMENSION_REPRESENTATION('',(#2341,#2343),#2279);
#2346=DIMENSIONAL_CHARACTERISTIC_REPRESENTATION(#2339,#2345);
#2347=DIMENSIONAL_SIZE(#2294,'diameter');
#2348=(
LENGTH_UNIT()
NAMED_UNIT(*)
SI_UNIT(.MILLI.,.METRE.)
);
#2350=PRECISION_QUALIFIER(3);
#2349=(
LENGTH_MEASURE_WITH_UNIT()
MEASURE_REPRESENTATION_ITEM()
MEASURE_WITH_UNIT(POSITIVE_LENGTH_MEASURE(5.2),#2348)
QUALIFIED_REPRESENTATION_ITEM((#2350))
REPRESENTATION_ITEM('nominal value')
);
#2351=COMPOUND_REPRESENTATION_ITEM('modifiers',SET_REPRESENTATION_ITEM((#2352,#2353)));
#2352=DESCRIPTIVE_REPRESENTATION_ITEM('dimensional note','counterbore');
#2353=DESCRIPTIVE_REPRESENTATION_ITEM('dimensional note','diameter');
#2354=SHAPE_DIMENSION_REPRESENTATION('',(#2349,#2351),#2279);
#2355=DIMENSIONAL_CHARACTERISTIC_REPRESENTATION(#2347,#2354);
#2356=PRESENTATION_STYLE_ASSIGNMENT((NULL_STYLE(.NULL.)));
#2357=CARTESIAN_POINT('',(-0.03363,0.005,-0.01836));
#2358=DIRECTION('',(0.,1.,0.));
#2359=DIRECTION('',(1.,0.,0.));
#2360=AXIS2_PLACEMENT_3D('',#2357,#2358,#2359);
#2361=PLANE('',#2360);
#2362=ANNOTATION_PLANE('',(#2356),#2361,(#2389));
#2363=CARTESIAN_POINT('',(0.,0.,0.));
#2364=DIRECTION('',(0.,0.,1.));
#2365=DIRECTION('',(1.,0.,0.));
#2366=AXIS2_PLACEMENT_3D('',#2363,#2364,#2365);
#2367=CARTESIAN_POINT('',(0.,0.,0.));
#2368=DIRECTION('',(0.,0.,1.));
#2369=DIRECTION('',(1.,0.,0.));
#2370=AXIS2_PLACEMENT_3D('',#2367,#2368,#2369);
#2371=SHAPE_REPRESENTATION('',(#2370,#1291),#2279);
#2372=REPRESENTATION_MAP(#2366,#2371);
#2373=MAPPED_ITEM('',#2372,#2366);
#2374=PRESENTATION_STYLE_ASSIGNMENT((NULL_STYLE(.NULL.)));
#2375=STYLED_ITEM('',(#2374),#2373);
#2376=DRAUGHTING_MODEL('',(#2362,#2366,#2373,#2375,#2461,#2465,#2472,#2474,#2521,#2525,#2532,#2534),#2279);
#2377=DRAUGHTING_PRE_DEFINED_CURVE_FONT('continuous');
#2378=COLOUR_RGB('',0.,0.,0.);
#2379=CURVE_STYLE('',#2377,POSITIVE_LENGTH_MEASURE(0.02),#2378);
#2380=PRESENTATION_STYLE_ASSIGNMENT((#2379));
#2381=COORDINATES_LIST('coordinates',3558,((-31.7915224,5.0000000,-20.1984776),(-30.3773088,5.0000000,-23.0269048),(-28.9630952,5.0000000,-21.6126912),(-18.5586640,5.0000000,-30.9362110),(-18.5586640,5.0000000,-34.3493360),(-18.5748036,5.0000000,-34.4310922),(-18.5586640,5.0000000,-30.9362110),(-18.5748036,5.0000000,-34.4310922),(-18.6232224,5.0000000,-34.5006776),(-18.5586640,5.0000000,-30.9362110),(-18.6232224,5.0000000,-34.5006776),(-18.6930724,5.0000000,-34.5483026),(-18.5586640,5.0000000,-30.9362110),(-18.6930724,5.0000000,-34.5483026),(-18.7756224,5.0000000,-34.5641776),(-18.5586640,5.0000000,-30.9362110),(-18.7756224,5.0000000,-34.5641776),(-18.8581724,5.0000000,-34.5483026),(-18.5586640,5.0000000,-30.9362110),(-18.8581724,5.0000000,-34.5483026),(-18.9280224,5.0000000,-34.5006776),(-18.5586640,5.0000000,-30.9362110),(-18.9280224,5.0000000,-34.5006776),(-18.9756474,5.0000000,-34.4310922),(-18.5586640,5.0000000,-30.9362110),(-18.9756474,5.0000000,-34.4310922),(-18.9915224,5.0000000,-34.3493360),(-18.5586640,5.0000000,-30.9362110),(-18.9915224,5.0000000,-34.3493360),(-18.9915224,5.0000000,-30.7213693),(-11.7366474,5.0000000,-30.9362110),(-18.5586640,5.0000000,-30.9362110),(-18.9915224,5.0000000,-30.7213693),(-11.7366474,5.0000000,-30.9362110),(-18.9915224,5.0000000,-30.7213693),(-18.9759120,5.0000000,-30.6364380),(-11.7366474,5.0000000,-30.9362110),(-18.9759120,5.0000000,-30.6364380),(-18.9290807,5.0000000,-30.5679110),(-11.7366474,5.0000000,-30.9362110),(-18.9290807,5.0000000,-30.5679110),(-18.8592307,5.0000000,-30.5218735),(-11.7366474,5.0000000,-30.9362110),(-18.8592307,5.0000000,-30.5218735),(-18.7745640,5.0000000,-30.5065276),(-11.7366474,5.0000000,-30.9362110),(-18.7745640,5.0000000,-30.5065276),(-11.5207474,5.0000000,-30.5065276),(-11.7366474,5.0000000,-30.9362110),(-11.5207474,5.0000000,-30.5065276),(-11.4363453,5.0000000,-30.5218735),(-11.7366474,5.0000000,-30.9362110),(-11.4363453,5.0000000,-30.5218735),(-11.3672890,5.0000000,-30.5679110),(-11.7366474,5.0000000,-30.9362110),(-11.3672890,5.0000000,-30.5679110),(-11.3212515,5.0000000,-30.6364380),(-11.7366474,5.0000000,-30.9362110),(-11.3212515,5.0000000,-30.6364380),(-11.3059057,5.0000000,-30.7213693),(-11.7366474,5.0000000,-30.9362110),(-11.3059057,5.0000000,-30.7213693),(-11.3059057,5.0000000,-34.3493360),(-11.7366474,5.0000000,-30.9362110),(-11.3059057,5.0000000,-34.3493360),(-11.3217807,5.0000000,-34.4310922),(-11.7366474,5.0000000,-30.9362110),(-11.3217807,5.0000000,-34.4310922),(-11.3694057,5.0000000,-34.5006776),(-11.7366474,5.0000000,-30.9362110),(-11.3694057,5.0000000,-34.5006776),(-11.4389911,5.0000000,-34.5483026),(-11.7366474,5.0000000,-30.9362110),(-11.4389911,5.0000000,-34.5483026),(-11.5207474,5.0000000,-34.5641776),(-11.7366474,5.0000000,-30.9362110),(-11.5207474,5.0000000,-34.5641776),(-11.6027682,5.0000000,-34.5483026),(-11.7366474,5.0000000,-30.9362110),(-11.6027682,5.0000000,-34.5483026),(-11.6731474,5.0000000,-34.5006776),(-11.7366474,5.0000000,-30.9362110),(-11.6731474,5.0000000,-34.5006776),(-11.7207724,5.0000000,-34.4310922),(-11.7366474,5.0000000,-30.9362110),(-11.7207724,5.0000000,-34.4310922),(-11.7366474,5.0000000,-34.3493360),(-9.4498807,5.0000000,-30.6822110),(-9.3528282,5.0000000,-30.6415313),(-9.2548166,5.0000000,-30.6062755),(-9.4498807,5.0000000,-30.6822110),(-9.2548166,5.0000000,-30.6062755),(-9.1558459,5.0000000,-30.5764438),(-9.4498807,5.0000000,-30.6822110),(-9.1558459,5.0000000,-30.5764438),(-9.0559161,5.0000000,-30.5520360),(-9.4498807,5.0000000,-30.6822110),(-9.0559161,5.0000000,-30.5520360),(-8.9550272,5.0000000,-30.5330521),(-9.4498807,5.0000000,-30.6822110),(-8.9550272,5.0000000,-30.5330521),(-8.8531791,5.0000000,-30.5194922),(-9.4498807,5.0000000,-30.6822110),(-8.8531791,5.0000000,-30.5194922),(-8.7503720,5.0000000,-30.5113563),(-9.4498807,5.0000000,-30.6822110),(-8.7503720,5.0000000,-30.5113563),(-8.6466057,5.0000000,-30.5086443),(-9.4498807,5.0000000,-30.6822110),(-8.6466057,5.0000000,-30.5086443),(-8.5108248,5.0000000,-30.5129603),(-9.4498807,5.0000000,-30.6822110),(-8.5108248,5.0000000,-30.5129603),(-8.3775906,5.0000000,-30.5259084),(-9.4498807,5.0000000,-30.6822110),(-8.3775906,5.0000000,-30.5259084),(-8.2469030,5.0000000,-30.5474884),(-9.4498807,5.0000000,-30.6822110),(-8.2469030,5.0000000,-30.5474884),(-8.1187620,5.0000000,-30.5777005),(-9.4498807,5.0000000,-30.6822110),(-8.1187620,5.0000000,-30.5777005),(-7.9931676,5.0000000,-30.6165447),(-9.4498807,5.0000000,-30.6822110),(-7.9931676,5.0000000,-30.6165447),(-7.8701198,5.0000000,-30.6640209),(-9.4498807,5.0000000,-30.6822110),(-7.8701198,5.0000000,-30.6640209),(-7.7496186,5.0000000,-30.7201291),(-9.4498807,5.0000000,-30.6822110),(-7.7496186,5.0000000,-30.7201291),(-7.6316640,5.0000000,-30.7848693),(-9.4498807,5.0000000,-30.6822110),(-7.6316640,5.0000000,-30.7848693),(-7.5180916,5.0000000,-30.8572659),(-9.4498807,5.0000000,-30.6822110),(-7.5180916,5.0000000,-30.8572659),(-7.4107370,5.0000000,-30.9358141),(-9.4498807,5.0000000,-30.6822110),(-7.4107370,5.0000000,-30.9358141),(-7.3096000,5.0000000,-31.0205138),(-9.4498807,5.0000000,-30.6822110),(-7.3096000,5.0000000,-31.0205138),(-7.2146807,5.0000000,-31.1113651),(-9.4498807,5.0000000,-30.6822110),(-7.2146807,5.0000000,-31.1113651),(-7.1259791,5.0000000,-31.2083680),(-7.1259791,5.0000000,-31.2083680),(-7.0434953,5.0000000,-31.3115224),(-6.9672291,5.0000000,-31.4208284),(-7.1259791,5.0000000,-31.2083680),(-6.9672291,5.0000000,-31.4208284),(-6.8971807,5.0000000,-31.5362860),(-7.1259791,5.0000000,-31.2083680),(-6.8971807,5.0000000,-31.5362860),(-6.8341768,5.0000000,-31.6560595),(-7.1259791,5.0000000,-31.2083680),(-6.8341768,5.0000000,-31.6560595),(-6.7795734,5.0000000,-31.7783136),(-7.1259791,5.0000000,-31.2083680),(-6.7795734,5.0000000,-31.7783136),(-6.7333705,5.0000000,-31.9030481),(-7.1259791,5.0000000,-31.2083680),(-6.7333705,5.0000000,-31.9030481),(-6.6955682,5.0000000,-32.0302630),(-7.1259791,5.0000000,-31.2083680),(-6.6955682,5.0000000,-32.0302630),(-6.6661664,5.0000000,-32.1599585),(-7.1259791,5.0000000,-31.2083680),(-6.6661664,5.0000000,-32.1599585),(-6.6451651,5.0000000,-32.2921344),(-7.1259791,5.0000000,-31.2083680),(-6.6451651,5.0000000,-32.2921344),(-6.6325643,5.0000000,-32.4267908),(-7.1259791,5.0000000,-31.2083680),(-6.6325643,5.0000000,-32.4267908),(-6.6283640,5.0000000,-32.5639276),(-7.1259791,5.0000000,-31.2083680),(-6.6283640,5.0000000,-32.5639276),(-6.6325643,5.0000000,-32.6955578),(-7.1259791,5.0000000,-31.2083680),(-6.6325643,5.0000000,-32.6955578),(-6.6451651,5.0000000,-32.8263943),(-7.1259791,5.0000000,-31.2083680),(-6.6451651,5.0000000,-32.8263943),(-6.6661664,5.0000000,-32.9564370),(-7.1259791,5.0000000,-31.2083680),(-6.6661664,5.0000000,-32.9564370),(-6.6955682,5.0000000,-33.0856860),(-7.1259791,5.0000000,-31.2083680),(-6.6955682,5.0000000,-33.0856860),(-6.7333705,5.0000000,-33.2141412),(-7.1259791,5.0000000,-31.2083680),(-6.7333705,5.0000000,-33.2141412),(-6.7795734,5.0000000,-33.3418026),(-6.7795734,5.0000000,-33.3418026),(-7.1713552,5.0000000,-33.2003167),(-7.1347931,5.0000000,-33.1024374),(-6.7795734,5.0000000,-33.3418026),(-7.1347931,5.0000000,-33.1024374),(-7.1048786,5.0000000,-33.0012839),(-6.7795734,5.0000000,-33.3418026),(-7.1048786,5.0000000,-33.0012839),(-7.0816118,5.0000000,-32.8968561),(-6.7795734,5.0000000,-33.3418026),(-7.0816118,5.0000000,-32.8968561),(-7.0649927,5.0000000,-32.7891542),(-6.7795734,5.0000000,-33.3418026),(-7.0649927,5.0000000,-32.7891542),(-7.0550212,5.0000000,-32.6781780),(-6.7795734,5.0000000,-33.3418026),(-7.0550212,5.0000000,-32.6781780),(-7.0516974,5.0000000,-32.5639276),(-6.7795734,5.0000000,-33.3418026),(-7.0516974,5.0000000,-32.5639276),(-7.0550543,5.0000000,-32.4538940),(-7.1259791,5.0000000,-31.2083680),(-6.7795734,5.0000000,-33.3418026),(-7.0550543,5.0000000,-32.4538940),(-7.1259791,5.0000000,-31.2083680),(-7.0550543,5.0000000,-32.4538940),(-7.0651250,5.0000000,-32.3460433),(-7.1259791,5.0000000,-31.2083680),(-7.0651250,5.0000000,-32.3460433),(-7.0819095,5.0000000,-32.2403753),(-7.1259791,5.0000000,-31.2083680),(-7.0819095,5.0000000,-32.2403753),(-7.1054078,5.0000000,-32.1368901),(-7.1259791,5.0000000,-31.2083680),(-7.1054078,5.0000000,-32.1368901),(-7.1356199,5.0000000,-32.0355878),(-7.1259791,5.0000000,-31.2083680),(-7.1356199,5.0000000,-32.0355878),(-7.1725458,5.0000000,-31.9364683),(-7.1259791,5.0000000,-31.2083680),(-7.1725458,5.0000000,-31.9364683),(-7.2161855,5.0000000,-31.8395315),(-7.1259791,5.0000000,-31.2083680),(-7.2161855,5.0000000,-31.8395315),(-7.2665390,5.0000000,-31.7447776),(-7.1259791,5.0000000,-31.2083680),(-7.2665390,5.0000000,-31.7447776),(-7.3223827,5.0000000,-31.6535625),(-7.1259791,5.0000000,-31.2083680),(-7.3223827,5.0000000,-31.6535625),(-7.3830218,5.0000000,-31.5672422),(-7.1259791,5.0000000,-31.2083680),(-7.3830218,5.0000000,-31.5672422),(-7.4484566,5.0000000,-31.4858167),(-7.1259791,5.0000000,-31.2083680),(-7.4484566,5.0000000,-31.4858167),(-7.5186870,5.0000000,-31.4092860),(-7.1259791,5.0000000,-31.2083680),(-7.5186870,5.0000000,-31.4092860),(-7.5937129,5.0000000,-31.3376500),(-7.1259791,5.0000000,-31.2083680),(-7.5937129,5.0000000,-31.3376500),(-7.6735343,5.0000000,-31.2709089),(-7.1259791,5.0000000,-31.2083680),(-7.6735343,5.0000000,-31.2709089),(-7.7581514,5.0000000,-31.2090625),(-7.1259791,5.0000000,-31.2083680),(-7.7581514,5.0000000,-31.2090625),(-7.8475640,5.0000000,-31.1521110),(-7.1259791,5.0000000,-31.2083680),(-7.8475640,5.0000000,-31.1521110),(-7.9401517,5.0000000,-31.1010133),(-7.1259791,5.0000000,-31.2083680),(-7.9401517,5.0000000,-31.1010133),(-8.0348229,5.0000000,-31.0567287),(-7.1259791,5.0000000,-31.2083680),(-8.0348229,5.0000000,-31.0567287),(-8.1315777,5.0000000,-31.0192571),(-7.1259791,5.0000000,-31.2083680),(-8.1315777,5.0000000,-31.0192571),(-8.2304161,5.0000000,-30.9885985),(-9.4498807,5.0000000,-30.6822110),(-7.1259791,5.0000000,-31.2083680),(-8.2304161,5.0000000,-30.9885985),(-9.4498807,5.0000000,-30.6822110),(-8.2304161,5.0000000,-30.9885985),(-8.3313381,5.0000000,-30.9647529),(-9.4498807,5.0000000,-30.6822110),(-8.3313381,5.0000000,-30.9647529),(-8.4343437,5.0000000,-30.9477203),(-9.4498807,5.0000000,-30.6822110),(-8.4343437,5.0000000,-30.9477203),(-8.5394329,5.0000000,-30.9375008),(-9.4498807,5.0000000,-30.6822110),(-8.5394329,5.0000000,-30.9375008),(-8.6466057,5.0000000,-30.9340943),(-9.4498807,5.0000000,-30.6822110),(-8.6466057,5.0000000,-30.9340943),(-8.8001963,5.0000000,-30.9411719),(-9.4498807,5.0000000,-30.6822110),(-8.8001963,5.0000000,-30.9411719),(-8.9498182,5.0000000,-30.9624047),(-9.4498807,5.0000000,-30.6822110),(-8.9498182,5.0000000,-30.9624047),(-9.0954713,5.0000000,-30.9977927),(-9.4498807,5.0000000,-30.6822110),(-9.0954713,5.0000000,-30.9977927),(-9.2371557,5.0000000,-31.0473360),(-9.4498807,5.0000000,-30.6822110),(-9.2371557,5.0000000,-31.0473360),(-7.6401307,5.0000000,-33.8307526),(-10.0107974,5.0000000,-29.7074860),(-9.4498807,5.0000000,-30.6822110),(-7.6401307,5.0000000,-33.8307526),(-7.2145649,5.0000000,-33.2949218),(-7.1713552,5.0000000,-33.2003167),(-6.7795734,5.0000000,-33.3418026),(-7.2644224,5.0000000,-33.3862526),(-7.2145649,5.0000000,-33.2949218),(-6.7795734,5.0000000,-33.3418026),(-7.3323541,5.0000000,-33.4902339),(-7.2644224,5.0000000,-33.3862526),(-6.7795734,5.0000000,-33.3418026),(-7.4176161,5.0000000,-33.5989776),(-7.3323541,5.0000000,-33.4902339),(-6.7795734,5.0000000,-33.3418026),(-7.4667459,5.0000000,-33.6551354),(-7.4176161,5.0000000,-33.5989776),(-6.7795734,5.0000000,-33.3418026),(-7.5202083,5.0000000,-33.7124839),(-7.4667459,5.0000000,-33.6551354),(-6.7795734,5.0000000,-33.3418026),(-7.5780032,5.0000000,-33.7710229),(-7.5202083,5.0000000,-33.7124839),(-6.7795734,5.0000000,-33.3418026),(-7.6401307,5.0000000,-33.8307526),(-7.5780032,5.0000000,-33.7710229),(-6.7795734,5.0000000,-33.3418026),(-7.6401307,5.0000000,-33.8307526),(-6.7795734,5.0000000,-33.3418026),(-6.8341768,5.0000000,-33.4686703),(-7.6401307,5.0000000,-33.8307526),(-6.8341768,5.0000000,-33.4686703),(-6.8971807,5.0000000,-33.5947443),(-7.6401307,5.0000000,-33.8307526),(-6.8971807,5.0000000,-33.5947443),(-6.9473689,5.0000000,-33.6814615),(-7.6401307,5.0000000,-33.8307526),(-6.9473689,5.0000000,-33.6814615),(-7.0021541,5.0000000,-33.7648714),(-7.6401307,5.0000000,-33.8307526),(-7.0021541,5.0000000,-33.7648714),(-7.0615366,5.0000000,-33.8449740),(-7.6401307,5.0000000,-33.8307526),(-7.0615366,5.0000000,-33.8449740),(-7.1255161,5.0000000,-33.9217693),(-7.6401307,5.0000000,-33.8307526),(-7.1255161,5.0000000,-33.9217693),(-7.1940928,5.0000000,-33.9952573),(-7.6401307,5.0000000,-33.8307526),(-7.1940928,5.0000000,-33.9952573),(-7.2672666,5.0000000,-34.0654380),(-7.6401307,5.0000000,-33.8307526),(-7.2672666,5.0000000,-34.0654380),(-7.3450376,5.0000000,-34.1323115),(-7.6401307,5.0000000,-33.8307526),(-7.3450376,5.0000000,-34.1323115),(-7.4274057,5.0000000,-34.1958776),(-7.6401307,5.0000000,-33.8307526),(-7.4274057,5.0000000,-34.1958776),(-6.8855390,5.0000000,-35.1483776),(-10.0107974,5.0000000,-29.7074860),(-7.6401307,5.0000000,-33.8307526),(-6.8855390,5.0000000,-35.1483776),(-10.0107974,5.0000000,-29.7074860),(-6.8855390,5.0000000,-35.1483776),(-6.8569640,5.0000000,-35.2520943),(-10.0107974,5.0000000,-29.7074860),(-6.8569640,5.0000000,-35.2520943),(-6.8643724,5.0000000,-35.3124193),(-10.0107974,5.0000000,-29.7074860),(-6.8643724,5.0000000,-35.3124193),(-6.9030015,5.0000000,-35.3875610),(-10.0107974,5.0000000,-29.7074860),(-6.9030015,5.0000000,-35.3875610),(-6.9680890,5.0000000,-35.4415360),(-10.0107974,5.0000000,-29.7074860),(-6.9680890,5.0000000,-35.4415360),(-7.0707474,5.0000000,-35.4722276),(-10.0107974,5.0000000,-29.7074860),(-7.0707474,5.0000000,-35.4722276),(-7.1310724,5.0000000,-35.4648193),(-10.0107974,5.0000000,-29.7074860),(-7.1310724,5.0000000,-35.4648193),(-7.2067432,5.0000000,-35.4261901),(-10.0107974,5.0000000,-29.7074860),(-7.2067432,5.0000000,-35.4261901),(-7.2623057,5.0000000,-35.3611026),(-10.0107974,5.0000000,-29.7074860),(-7.2623057,5.0000000,-35.3611026),(-7.7978224,5.0000000,-34.4329443),(-7.7978224,5.0000000,-34.4329443),(-7.8984302,5.0000000,-34.4773447),(-8.0023453,5.0000000,-34.5158250),(-7.7978224,5.0000000,-34.4329443),(-8.0023453,5.0000000,-34.5158250),(-8.1095677,5.0000000,-34.5483853),(-7.7978224,5.0000000,-34.4329443),(-8.1095677,5.0000000,-34.5483853),(-8.2200974,5.0000000,-34.5750255),(-7.7978224,5.0000000,-34.4329443),(-8.2200974,5.0000000,-34.5750255),(-8.3339343,5.0000000,-34.5957457),(-7.7978224,5.0000000,-34.4329443),(-8.3339343,5.0000000,-34.5957457),(-8.4510786,5.0000000,-34.6105459),(-7.7978224,5.0000000,-34.4329443),(-8.4510786,5.0000000,-34.6105459),(-8.5715302,5.0000000,-34.6194259),(-7.7978224,5.0000000,-34.4329443),(-8.5715302,5.0000000,-34.6194259),(-8.6952890,5.0000000,-34.6223860),(-7.7978224,5.0000000,-34.4329443),(-8.6952890,5.0000000,-34.6223860),(-8.8198912,5.0000000,-34.6180534),(-7.7978224,5.0000000,-34.4329443),(-8.8198912,5.0000000,-34.6180534),(-8.9434021,5.0000000,-34.6050558),(-7.7978224,5.0000000,-34.4329443),(-8.9434021,5.0000000,-34.6050558),(-9.0658215,5.0000000,-34.5833930),(-7.7978224,5.0000000,-34.4329443),(-9.0658215,5.0000000,-34.5833930),(-9.1871495,5.0000000,-34.5530651),(-7.7978224,5.0000000,-34.4329443),(-9.1871495,5.0000000,-34.5530651),(-9.3073860,5.0000000,-34.5140722),(-7.7978224,5.0000000,-34.4329443),(-9.3073860,5.0000000,-34.5140722),(-9.4265312,5.0000000,-34.4664141),(-7.7978224,5.0000000,-34.4329443),(-9.4265312,5.0000000,-34.4664141),(-9.5445850,5.0000000,-34.4100909),(-7.7978224,5.0000000,-34.4329443),(-9.5445850,5.0000000,-34.4100909),(-9.6615474,5.0000000,-34.3451026),(-7.7978224,5.0000000,-34.4329443),(-9.6615474,5.0000000,-34.3451026),(-9.7746567,5.0000000,-34.2729375),(-7.7978224,5.0000000,-34.4329443),(-9.7746567,5.0000000,-34.2729375),(-9.8816807,5.0000000,-34.1945547),(-7.7978224,5.0000000,-34.4329443),(-9.8816807,5.0000000,-34.1945547),(-9.9826192,5.0000000,-34.1099542),(-7.7978224,5.0000000,-34.4329443),(-9.9826192,5.0000000,-34.1099542),(-10.0774724,5.0000000,-34.0191360),(-7.7978224,5.0000000,-34.4329443),(-10.0774724,5.0000000,-34.0191360),(-10.1662401,5.0000000,-33.9221000),(-10.1662401,5.0000000,-33.9221000),(-10.2489224,5.0000000,-33.8188464),(-10.3255192,5.0000000,-33.7093750),(-10.1662401,5.0000000,-33.9221000),(-10.3255192,5.0000000,-33.7093750),(-10.3960307,5.0000000,-33.5936860),(-10.1662401,5.0000000,-33.9221000),(-10.3960307,5.0000000,-33.5936860),(-10.4592827,5.0000000,-33.4738793),(-10.1662401,5.0000000,-33.9221000),(-10.4592827,5.0000000,-33.4738793),(-10.5141010,5.0000000,-33.3515261),(-10.1662401,5.0000000,-33.9221000),(-10.5141010,5.0000000,-33.3515261),(-10.5604858,5.0000000,-33.2266262),(-10.1662401,5.0000000,-33.9221000),(-10.5604858,5.0000000,-33.2266262),(-10.5984370,5.0000000,-33.0991797),(-10.1662401,5.0000000,-33.9221000),(-10.5984370,5.0000000,-33.0991797),(-10.6279545,5.0000000,-32.9691866),(-10.1662401,5.0000000,-33.9221000),(-10.6279545,5.0000000,-32.9691866),(-10.6490385,5.0000000,-32.8366469),(-10.1662401,5.0000000,-33.9221000),(-10.6490385,5.0000000,-32.8366469),(-10.6616889,5.0000000,-32.7015606),(-10.1662401,5.0000000,-33.9221000),(-10.6616889,5.0000000,-32.7015606),(-10.6659057,5.0000000,-32.5639276),(-10.1662401,5.0000000,-33.9221000),(-10.6659057,5.0000000,-32.5639276),(-10.6617054,5.0000000,-32.4258647),(-10.1662401,5.0000000,-33.9221000),(-10.6617054,5.0000000,-32.4258647),(-10.6491047,5.0000000,-32.2905469),(-10.1662401,5.0000000,-33.9221000),(-10.6491047,5.0000000,-32.2905469),(-10.6281034,5.0000000,-32.1579741),(-10.1662401,5.0000000,-33.9221000),(-10.6281034,5.0000000,-32.1579741),(-10.5987015,5.0000000,-32.0281464),(-10.1662401,5.0000000,-33.9221000),(-10.5987015,5.0000000,-32.0281464),(-10.5608992,5.0000000,-31.9010637),(-10.1662401,5.0000000,-33.9221000),(-10.5608992,5.0000000,-31.9010637),(-10.5146963,5.0000000,-31.7767261),(-10.1662401,5.0000000,-33.9221000),(-10.5146963,5.0000000,-31.7767261),(-10.4600929,5.0000000,-31.6551335),(-10.1662401,5.0000000,-33.9221000),(-10.4600929,5.0000000,-31.6551335),(-10.3970890,5.0000000,-31.5362860),(-10.3970890,5.0000000,-31.5362860),(-10.0287890,5.0000000,-31.7447776),(-10.0781504,5.0000000,-31.8395150),(-10.3970890,5.0000000,-31.5362860),(-10.0781504,5.0000000,-31.8395150),(-10.1209302,5.0000000,-31.9364021),(-10.3970890,5.0000000,-31.5362860),(-10.1209302,5.0000000,-31.9364021),(-10.1571285,5.0000000,-32.0354390),(-10.3970890,5.0000000,-31.5362860),(-10.1571285,5.0000000,-32.0354390),(-10.1867453,5.0000000,-32.1366255),(-10.3970890,5.0000000,-31.5362860),(-10.1867453,5.0000000,-32.1366255),(-10.2097806,5.0000000,-32.2399619),(-10.3970890,5.0000000,-31.5362860),(-10.2097806,5.0000000,-32.2399619),(-10.2262343,5.0000000,-32.3454479),(-10.3970890,5.0000000,-31.5362860),(-10.2262343,5.0000000,-32.3454479),(-10.2361066,5.0000000,-32.4530838),(-10.3970890,5.0000000,-31.5362860),(-10.2361066,5.0000000,-32.4530838),(-10.2393974,5.0000000,-32.5628693),(-10.3970890,5.0000000,-31.5362860),(-10.2393974,5.0000000,-32.5628693),(-10.2360570,5.0000000,-32.6726879),(-10.1662401,5.0000000,-33.9221000),(-10.3970890,5.0000000,-31.5362860),(-10.2360570,5.0000000,-32.6726879),(-10.1662401,5.0000000,-33.9221000),(-10.2360570,5.0000000,-32.6726879),(-10.2260359,5.0000000,-32.7804229),(-10.1662401,5.0000000,-33.9221000),(-10.2260359,5.0000000,-32.7804229),(-10.2093341,5.0000000,-32.8860744),(-10.1662401,5.0000000,-33.9221000),(-10.2093341,5.0000000,-32.8860744),(-10.1859515,5.0000000,-32.9896422),(-10.1662401,5.0000000,-33.9221000),(-10.1859515,5.0000000,-32.9896422),(-10.1558883,5.0000000,-33.0911265),(-10.1662401,5.0000000,-33.9221000),(-10.1558883,5.0000000,-33.0911265),(-10.1191442,5.0000000,-33.1905271),(-10.1662401,5.0000000,-33.9221000),(-10.1191442,5.0000000,-33.1905271),(-10.0757195,5.0000000,-33.2878442),(-10.1662401,5.0000000,-33.9221000),(-10.0757195,5.0000000,-33.2878442),(-10.0256140,5.0000000,-33.3830776),(-10.1662401,5.0000000,-33.9221000),(-10.0256140,5.0000000,-33.3830776),(-9.9697704,5.0000000,-33.4750203),(-10.1662401,5.0000000,-33.9221000),(-9.9697704,5.0000000,-33.4750203),(-9.9091312,5.0000000,-33.5619360),(-10.1662401,5.0000000,-33.9221000),(-9.9091312,5.0000000,-33.5619360),(-9.8436965,5.0000000,-33.6438245),(-10.1662401,5.0000000,-33.9221000),(-9.8436965,5.0000000,-33.6438245),(-9.7734661,5.0000000,-33.7206860),(-10.1662401,5.0000000,-33.9221000),(-9.7734661,5.0000000,-33.7206860),(-9.6984402,5.0000000,-33.7925203),(-10.1662401,5.0000000,-33.9221000),(-9.6984402,5.0000000,-33.7925203),(-9.6186187,5.0000000,-33.8593276),(-10.1662401,5.0000000,-33.9221000),(-9.6186187,5.0000000,-33.8593276),(-9.5340017,5.0000000,-33.9211078),(-10.1662401,5.0000000,-33.9221000),(-9.5340017,5.0000000,-33.9211078),(-9.4445890,5.0000000,-33.9778610),(-10.1662401,5.0000000,-33.9221000),(-9.4445890,5.0000000,-33.9778610),(-9.3525140,5.0000000,-34.0289586),(-10.1662401,5.0000000,-33.9221000),(-9.3525140,5.0000000,-34.0289586),(-9.2599099,5.0000000,-34.0732433),(-10.1662401,5.0000000,-33.9221000),(-9.2599099,5.0000000,-34.0732433),(-9.1667765,5.0000000,-34.1107149),(-10.1662401,5.0000000,-33.9221000),(-9.1667765,5.0000000,-34.1107149),(-9.0731140,5.0000000,-34.1413735),(-10.1662401,5.0000000,-33.9221000),(-9.0731140,5.0000000,-34.1413735),(-8.9789224,5.0000000,-34.1652190),(-7.7978224,5.0000000,-34.4329443),(-10.1662401,5.0000000,-33.9221000),(-8.9789224,5.0000000,-34.1652190),(-7.7978224,5.0000000,-34.4329443),(-8.9789224,5.0000000,-34.1652190),(-8.8842015,5.0000000,-34.1822516),(-7.7978224,5.0000000,-34.4329443),(-8.8842015,5.0000000,-34.1822516),(-8.7889515,5.0000000,-34.1924711),(-7.7978224,5.0000000,-34.4329443),(-8.7889515,5.0000000,-34.1924711),(-8.6931724,5.0000000,-34.1958776),(-7.7978224,5.0000000,-34.4329443),(-8.6931724,5.0000000,-34.1958776),(-8.6868224,5.0000000,-34.1958776),(-7.7978224,5.0000000,-34.4329443),(-8.6868224,5.0000000,-34.1958776),(-8.5931103,5.0000000,-34.1937940),(-7.7978224,5.0000000,-34.4329443),(-8.5931103,5.0000000,-34.1937940),(-8.5019448,5.0000000,-34.1875433),(-7.7978224,5.0000000,-34.4329443),(-8.5019448,5.0000000,-34.1875433),(-8.4133259,5.0000000,-34.1771253),(-7.7978224,5.0000000,-34.4329443),(-8.4133259,5.0000000,-34.1771253),(-8.3272536,5.0000000,-34.1625401),(-7.7978224,5.0000000,-34.4329443),(-8.3272536,5.0000000,-34.1625401),(-8.2437280,5.0000000,-34.1437878),(-7.7978224,5.0000000,-34.4329443),(-8.2437280,5.0000000,-34.1437878),(-8.1627489,5.0000000,-34.1208683),(-7.7978224,5.0000000,-34.4329443),(-8.1627489,5.0000000,-34.1208683),(-8.0843165,5.0000000,-34.0937815),(-7.7978224,5.0000000,-34.4329443),(-8.0843165,5.0000000,-34.0937815),(-8.0084307,5.0000000,-34.0625276),(-10.0107974,5.0000000,-29.7074860),(-7.7978224,5.0000000,-34.4329443),(-8.0084307,5.0000000,-34.0625276),(-10.0107974,5.0000000,-29.7074860),(-8.0084307,5.0000000,-34.0625276),(-9.6128640,5.0000000,-31.2674693),(-10.0107974,5.0000000,-29.7074860),(-9.6128640,5.0000000,-31.2674693),(-9.7333156,5.0000000,-31.3703261),(-9.9864061,5.0000000,-31.6755064),(-10.0287890,5.0000000,-31.7447776),(-10.3970890,5.0000000,-31.5362860),(-9.9412781,5.0000000,-31.6089802),(-9.9864061,5.0000000,-31.6755064),(-10.3970890,5.0000000,-31.5362860),(-9.8427870,5.0000000,-31.4841630),(-9.9412781,5.0000000,-31.6089802),(-10.3970890,5.0000000,-31.5362860),(-9.7333156,5.0000000,-31.3703261),(-9.8427870,5.0000000,-31.4841630),(-10.3970890,5.0000000,-31.5362860),(-9.7333156,5.0000000,-31.3703261),(-10.3970890,5.0000000,-31.5362860),(-10.3391453,5.0000000,-31.4412344),(-9.7333156,5.0000000,-31.3703261),(-10.3391453,5.0000000,-31.4412344),(-10.2774974,5.0000000,-31.3502839),(-9.7333156,5.0000000,-31.3703261),(-10.2774974,5.0000000,-31.3502839),(-10.2121453,5.0000000,-31.2634344),(-9.7333156,5.0000000,-31.3703261),(-10.2121453,5.0000000,-31.2634344),(-10.1430890,5.0000000,-31.1806860),(-9.7333156,5.0000000,-31.3703261),(-10.1430890,5.0000000,-31.1806860),(-10.0703286,5.0000000,-31.1020386),(-9.7333156,5.0000000,-31.3703261),(-10.0703286,5.0000000,-31.1020386),(-9.9938640,5.0000000,-31.0274922),(-9.7333156,5.0000000,-31.3703261),(-9.9938640,5.0000000,-31.0274922),(-9.9136953,5.0000000,-30.9570469),(-9.7333156,5.0000000,-31.3703261),(-9.9136953,5.0000000,-30.9570469),(-9.8298224,5.0000000,-30.8907026),(-10.0107974,5.0000000,-29.7074860),(-9.7333156,5.0000000,-31.3703261),(-9.8298224,5.0000000,-30.8907026),(-10.0107974,5.0000000,-29.7074860),(-9.8298224,5.0000000,-30.8907026),(-10.3854474,5.0000000,-29.9202110),(-10.0107974,5.0000000,-29.7074860),(-10.3854474,5.0000000,-29.9202110),(-10.4129640,5.0000000,-29.8186110),(-10.0107974,5.0000000,-29.7074860),(-10.4129640,5.0000000,-29.8186110),(-10.4066140,5.0000000,-29.7582860),(-10.0107974,5.0000000,-29.7074860),(-10.4066140,5.0000000,-29.7582860),(-10.3674557,5.0000000,-29.6812922),(-10.0107974,5.0000000,-29.7074860),(-10.3674557,5.0000000,-29.6812922),(-10.3050140,5.0000000,-29.6259943),(-10.0107974,5.0000000,-29.7074860),(-10.3050140,5.0000000,-29.6259943),(-10.2002390,5.0000000,-29.5984776),(-10.0107974,5.0000000,-29.7074860),(-10.2002390,5.0000000,-29.5984776),(-10.1399140,5.0000000,-29.6058860),(-10.0107974,5.0000000,-29.7074860),(-10.1399140,5.0000000,-29.6058860),(-10.0674182,5.0000000,-29.6413401),(-6.0843807,5.0000000,-31.4854860),(-6.0822640,5.0000000,-31.4368026),(-6.0583358,5.0000000,-31.3447111),(-6.0843807,5.0000000,-31.4854860),(-6.0583358,5.0000000,-31.3447111),(-6.0304718,5.0000000,-31.2584073),(-6.0843807,5.0000000,-31.4854860),(-6.0304718,5.0000000,-31.2584073),(-5.9986722,5.0000000,-31.1778913),(-6.0843807,5.0000000,-31.4854860),(-5.9986722,5.0000000,-31.1778913),(-5.9629370,5.0000000,-31.1031630),(-6.0843807,5.0000000,-31.4854860),(-5.9629370,5.0000000,-31.1031630),(-5.9232660,5.0000000,-31.0342226),(-6.0843807,5.0000000,-31.4854860),(-5.9232660,5.0000000,-31.0342226),(-5.8796593,5.0000000,-30.9710698),(-6.0843807,5.0000000,-31.4854860),(-5.8796593,5.0000000,-30.9710698),(-5.7806390,5.0000000,-30.8621276),(-6.0843807,5.0000000,-31.4854860),(-5.7806390,5.0000000,-30.8621276),(-5.6996600,5.0000000,-30.7926745),(-6.0843807,5.0000000,-31.4854860),(-5.6996600,5.0000000,-30.7926745),(-5.6165312,5.0000000,-30.7324818),(-6.0843807,5.0000000,-31.4854860),(-5.6165312,5.0000000,-30.7324818),(-5.5312527,5.0000000,-30.6815495),(-6.0843807,5.0000000,-31.4854860),(-5.5312527,5.0000000,-30.6815495),(-5.4438245,5.0000000,-30.6398776),(-6.0843807,5.0000000,-31.4854860),(-5.4438245,5.0000000,-30.6398776),(-5.3542465,5.0000000,-30.6074662),(-6.0843807,5.0000000,-31.4854860),(-5.3542465,5.0000000,-30.6074662),(-5.2625187,5.0000000,-30.5843151),(-6.0843807,5.0000000,-31.4854860),(-5.2625187,5.0000000,-30.5843151),(-5.1686412,5.0000000,-30.5704245),(-6.0843807,5.0000000,-31.4854860),(-5.1686412,5.0000000,-30.5704245),(-5.0726140,5.0000000,-30.5657943),(-6.0843807,5.0000000,-31.4854860),(-5.0726140,5.0000000,-30.5657943),(-4.9773640,5.0000000,-30.5705072),(-6.0843807,5.0000000,-31.4854860),(-4.9773640,5.0000000,-30.5705072),(-4.8847599,5.0000000,-30.5846459),(-6.0843807,5.0000000,-31.4854860),(-4.8847599,5.0000000,-30.5846459),(-4.7948015,5.0000000,-30.6082103),(-6.0843807,5.0000000,-31.4854860),(-4.7948015,5.0000000,-30.6082103),(-4.7074890,5.0000000,-30.6412005),(-4.7074890,5.0000000,-30.6412005),(-4.6228224,5.0000000,-30.6836166),(-4.5408015,5.0000000,-30.7354584),(-4.7074890,5.0000000,-30.6412005),(-4.5408015,5.0000000,-30.7354584),(-4.4614265,5.0000000,-30.7967259),(-4.7074890,5.0000000,-30.6412005),(-4.4614265,5.0000000,-30.7967259),(-4.3846974,5.0000000,-30.8674193),(-4.7074890,5.0000000,-30.6412005),(-4.3846974,5.0000000,-30.8674193),(-4.3045782,5.0000000,-30.9556578),(-4.7074890,5.0000000,-30.6412005),(-4.3045782,5.0000000,-30.9556578),(-4.2351416,5.0000000,-31.0505110),(-4.7074890,5.0000000,-30.6412005),(-4.2351416,5.0000000,-31.0505110),(-4.1763876,5.0000000,-31.1519787),(-4.7074890,5.0000000,-30.6412005),(-4.1763876,5.0000000,-31.1519787),(-4.1283161,5.0000000,-31.2600610),(-4.7074890,5.0000000,-30.6412005),(-4.1283161,5.0000000,-31.2600610),(-4.0909272,5.0000000,-31.3747578),(-4.7074890,5.0000000,-30.6412005),(-4.0909272,5.0000000,-31.3747578),(-4.0642208,5.0000000,-31.4960693),(-4.7074890,5.0000000,-30.6412005),(-4.0642208,5.0000000,-31.4960693),(-4.0481970,5.0000000,-31.6239953),(-4.7074890,5.0000000,-30.6412005),(-4.0481970,5.0000000,-31.6239953),(-4.0428557,5.0000000,-31.7585360),(-4.7074890,5.0000000,-30.6412005),(-4.0428557,5.0000000,-31.7585360),(-4.0441455,5.0000000,-31.8618185),(-4.7074890,5.0000000,-30.6412005),(-4.0441455,5.0000000,-31.8618185),(-4.0480151,5.0000000,-31.9610580),(-4.7074890,5.0000000,-30.6412005),(-4.0480151,5.0000000,-31.9610580),(-4.0544643,5.0000000,-32.0562542),(-4.7074890,5.0000000,-30.6412005),(-4.0544643,5.0000000,-32.0562542),(-4.0634932,5.0000000,-32.1474073),(-4.7074890,5.0000000,-30.6412005),(-4.0634932,5.0000000,-32.1474073),(-4.0751018,5.0000000,-32.2345172),(-4.7074890,5.0000000,-30.6412005),(-4.0751018,5.0000000,-32.2345172),(-4.0892901,5.0000000,-32.3175840),(-4.7074890,5.0000000,-30.6412005),(-4.0892901,5.0000000,-32.3175840),(-4.1060580,5.0000000,-32.3966076),(-4.7074890,5.0000000,-30.6412005),(-4.1060580,5.0000000,-32.3966076),(-4.1254057,5.0000000,-32.4715880),(-4.7074890,5.0000000,-30.6412005),(-4.1254057,5.0000000,-32.4715880),(-4.1718401,5.0000000,-32.6094194),(-4.1718401,5.0000000,-32.6094194),(-4.2285932,5.0000000,-32.7310782),(-4.2956651,5.0000000,-32.8365642),(-4.1718401,5.0000000,-32.6094194),(-4.2956651,5.0000000,-32.8365642),(-4.3730557,5.0000000,-32.9258776),(-4.1718401,5.0000000,-32.6094194),(-4.3730557,5.0000000,-32.9258776),(-4.4525465,5.0000000,-32.9953308),(-4.1718401,5.0000000,-32.6094194),(-4.4525465,5.0000000,-32.9953308),(-4.5343854,5.0000000,-33.0555235),(-4.1718401,5.0000000,-32.6094194),(-4.5343854,5.0000000,-33.0555235),(-4.6185725,5.0000000,-33.1064558),(-4.1718401,5.0000000,-32.6094194),(-4.6185725,5.0000000,-33.1064558),(-4.7051078,5.0000000,-33.1481276),(-4.1718401,5.0000000,-32.6094194),(-4.7051078,5.0000000,-33.1481276),(-4.7939912,5.0000000,-33.1805391),(-4.1718401,5.0000000,-32.6094194),(-4.7939912,5.0000000,-33.1805391),(-4.8852229,5.0000000,-33.2036901),(-4.1718401,5.0000000,-32.6094194),(-4.8852229,5.0000000,-33.2036901),(-4.9788027,5.0000000,-33.2175808),(-4.1718401,5.0000000,-32.6094194),(-4.9788027,5.0000000,-33.2175808),(-5.0747307,5.0000000,-33.2222110),(-4.1718401,5.0000000,-32.6094194),(-5.0747307,5.0000000,-33.2222110),(-5.1600423,5.0000000,-33.2189533),(-4.1718401,5.0000000,-32.6094194),(-5.1600423,5.0000000,-33.2189533),(-5.2424104,5.0000000,-33.2091802),(-4.1718401,5.0000000,-32.6094194),(-5.2424104,5.0000000,-33.2091802),(-5.3218350,5.0000000,-33.1928918),(-4.1718401,5.0000000,-32.6094194),(-5.3218350,5.0000000,-33.1928918),(-5.3983161,5.0000000,-33.1700880),(-4.1718401,5.0000000,-32.6094194),(-5.3983161,5.0000000,-33.1700880),(-5.5424479,5.0000000,-33.1049344),(-4.1718401,5.0000000,-32.6094194),(-5.5424479,5.0000000,-33.1049344),(-5.6748057,5.0000000,-33.0137193),(-5.6324724,5.0000000,-34.1916443),(-4.3571807,5.0000000,-34.1916443),(-4.2756890,5.0000000,-34.2075193),(-5.6324724,5.0000000,-34.1916443),(-4.2756890,5.0000000,-34.2075193),(-4.2068974,5.0000000,-34.2551443),(-5.6324724,5.0000000,-34.1916443),(-4.2068974,5.0000000,-34.2551443),(-4.1600661,5.0000000,-34.3244651),(-5.6324724,5.0000000,-34.1916443),(-4.1600661,5.0000000,-34.3244651),(-4.1444557,5.0000000,-34.4054276),(-5.6324724,5.0000000,-34.1916443),(-4.1444557,5.0000000,-34.4054276),(-4.1600661,5.0000000,-34.4861255),(-5.6324724,5.0000000,-34.1916443),(-4.1600661,5.0000000,-34.4861255),(-4.2068974,5.0000000,-34.5546526),(-5.6324724,5.0000000,-34.1916443),(-4.2068974,5.0000000,-34.5546526),(-4.2756890,5.0000000,-34.6022776),(-5.6324724,5.0000000,-34.1916443),(-4.2756890,5.0000000,-34.6022776),(-4.3571807,5.0000000,-34.6181526),(-5.6324724,5.0000000,-34.1916443),(-4.3571807,5.0000000,-34.6181526),(-5.8293224,5.0000000,-34.6181526),(-5.6748057,5.0000000,-33.0137193),(-5.6324724,5.0000000,-34.1916443),(-5.8293224,5.0000000,-34.6181526),(-5.6748057,5.0000000,-33.0137193),(-5.8293224,5.0000000,-34.6181526),(-5.9097557,5.0000000,-34.6041297),(-5.6748057,5.0000000,-33.0137193),(-5.9097557,5.0000000,-34.6041297),(-5.9796057,5.0000000,-34.5620610),(-5.6748057,5.0000000,-33.0137193),(-5.9796057,5.0000000,-34.5620610),(-6.0272307,5.0000000,-34.4969735),(-5.6748057,5.0000000,-33.0137193),(-6.0272307,5.0000000,-34.4969735),(-6.0431057,5.0000000,-34.4181276),(-5.6748057,5.0000000,-33.0137193),(-6.0431057,5.0000000,-34.4181276),(-6.1235390,5.0000000,-32.3533193),(-5.6748057,5.0000000,-33.0137193),(-6.1235390,5.0000000,-32.3533193),(-6.1103099,5.0000000,-32.2739443),(-5.6748057,5.0000000,-33.0137193),(-6.1103099,5.0000000,-32.2739443),(-6.0706224,5.0000000,-32.2030360),(-5.6748057,5.0000000,-33.0137193),(-6.0706224,5.0000000,-32.2030360),(-6.0055349,5.0000000,-32.1490610),(-5.6748057,5.0000000,-33.0137193),(-6.0055349,5.0000000,-32.1490610),(-5.9224557,5.0000000,-32.1310693),(-5.6748057,5.0000000,-33.0137193),(-5.9224557,5.0000000,-32.1310693),(-5.8412286,5.0000000,-32.1445630),(-5.6748057,5.0000000,-33.0137193),(-5.8412286,5.0000000,-32.1445630),(-5.7689974,5.0000000,-32.1850443),(-5.6748057,5.0000000,-33.0137193),(-5.7689974,5.0000000,-32.1850443),(-5.7065557,5.0000000,-32.2866443),(-5.6748057,5.0000000,-33.0137193),(-5.7065557,5.0000000,-32.2866443),(-5.6725567,5.0000000,-32.3717740),(-5.6748057,5.0000000,-33.0137193),(-5.6725567,5.0000000,-32.3717740),(-5.6234765,5.0000000,-32.4557130),(-5.6748057,5.0000000,-33.0137193),(-5.6234765,5.0000000,-32.4557130),(-5.5593151,5.0000000,-32.5384615),(-5.6748057,5.0000000,-33.0137193),(-5.5593151,5.0000000,-32.5384615),(-5.4800724,5.0000000,-32.6200193),(-5.6748057,5.0000000,-33.0137193),(-5.4800724,5.0000000,-32.6200193),(-5.3844916,5.0000000,-32.6978068),(-5.6748057,5.0000000,-33.0137193),(-5.3844916,5.0000000,-32.6978068),(-5.2850745,5.0000000,-32.7533693),(-5.6748057,5.0000000,-33.0137193),(-5.2850745,5.0000000,-32.7533693),(-5.1818208,5.0000000,-32.7867068),(-5.6748057,5.0000000,-33.0137193),(-5.1818208,5.0000000,-32.7867068),(-5.0747307,5.0000000,-32.7978193),(-5.6748057,5.0000000,-33.0137193),(-5.0747307,5.0000000,-32.7978193),(-4.9682359,5.0000000,-32.7867068),(-4.1718401,5.0000000,-32.6094194),(-5.6748057,5.0000000,-33.0137193),(-4.9682359,5.0000000,-32.7867068),(-4.1718401,5.0000000,-32.6094194),(-4.9682359,5.0000000,-32.7867068),(-4.8657099,5.0000000,-32.7533693),(-4.1718401,5.0000000,-32.6094194),(-4.8657099,5.0000000,-32.7533693),(-4.7671526,5.0000000,-32.6978068),(-4.1718401,5.0000000,-32.6094194),(-4.7671526,5.0000000,-32.6978068),(-4.6725640,5.0000000,-32.6200193),(-4.1718401,5.0000000,-32.6094194),(-4.6725640,5.0000000,-32.6200193),(-4.5822750,5.0000000,-32.4914318),(-4.1718401,5.0000000,-32.6094194),(-4.5822750,5.0000000,-32.4914318),(-4.5468043,5.0000000,-32.4053099),(-4.1718401,5.0000000,-32.6094194),(-4.5468043,5.0000000,-32.4053099),(-4.5177828,5.0000000,-32.3046360),(-4.1718401,5.0000000,-32.6094194),(-4.5177828,5.0000000,-32.3046360),(-4.4952105,5.0000000,-32.1894099),(-4.1718401,5.0000000,-32.6094194),(-4.4952105,5.0000000,-32.1894099),(-4.4790875,5.0000000,-32.0596318),(-4.1718401,5.0000000,-32.6094194),(-4.4790875,5.0000000,-32.0596318),(-4.4694136,5.0000000,-31.9153016),(-4.1718401,5.0000000,-32.6094194),(-4.4694136,5.0000000,-31.9153016),(-4.4661890,5.0000000,-31.7564193),(-4.1718401,5.0000000,-32.6094194),(-4.4661890,5.0000000,-31.7564193),(-4.4696286,5.0000000,-31.6649727),(-4.1718401,5.0000000,-32.6094194),(-4.4696286,5.0000000,-31.6649727),(-4.4799474,5.0000000,-31.5784870),(-4.1718401,5.0000000,-32.6094194),(-4.4799474,5.0000000,-31.5784870),(-4.4971453,5.0000000,-31.4969623),(-4.7074890,5.0000000,-30.6412005),(-4.1718401,5.0000000,-32.6094194),(-4.4971453,5.0000000,-31.4969623),(-4.7074890,5.0000000,-30.6412005),(-4.4971453,5.0000000,-31.4969623),(-4.5212224,5.0000000,-31.4203985),(-4.7074890,5.0000000,-30.6412005),(-4.5212224,5.0000000,-31.4203985),(-4.5900140,5.0000000,-31.2821537),(-4.7074890,5.0000000,-30.6412005),(-4.5900140,5.0000000,-31.2821537),(-4.6863224,5.0000000,-31.1637526),(-4.7074890,5.0000000,-30.6412005),(-4.6863224,5.0000000,-31.1637526),(-4.7776036,5.0000000,-31.0878172),(-4.7074890,5.0000000,-30.6412005),(-4.7776036,5.0000000,-31.0878172),(-4.8736474,5.0000000,-31.0335776),(-4.7074890,5.0000000,-30.6412005),(-4.8736474,5.0000000,-31.0335776),(-4.9744536,5.0000000,-31.0010339),(-4.7074890,5.0000000,-30.6412005),(-4.9744536,5.0000000,-31.0010339),(-5.0800224,5.0000000,-30.9901860),(-4.7074890,5.0000000,-30.6412005),(-5.0800224,5.0000000,-30.9901860),(-5.1826146,5.0000000,-31.0014308),(-4.7074890,5.0000000,-30.6412005),(-5.1826146,5.0000000,-31.0014308),(-5.2850745,5.0000000,-31.0351651),(-4.7074890,5.0000000,-30.6412005),(-5.2850745,5.0000000,-31.0351651),(-5.3874021,5.0000000,-31.0913891),(-6.0843807,5.0000000,-31.4854860),(-4.7074890,5.0000000,-30.6412005),(-5.3874021,5.0000000,-31.0913891),(-6.0843807,5.0000000,-31.4854860),(-5.3874021,5.0000000,-31.0913891),(-5.4895974,5.0000000,-31.1701026),(-6.0843807,5.0000000,-31.4854860),(-5.4895974,5.0000000,-31.1701026),(-5.5917265,5.0000000,-31.3129776),(-6.0843807,5.0000000,-31.4854860),(-5.5917265,5.0000000,-31.3129776),(-5.6312817,5.0000000,-31.4129901),(-6.0843807,5.0000000,-31.4854860),(-5.6312817,5.0000000,-31.4129901),(-5.6631640,5.0000000,-31.5320526),(-6.0843807,5.0000000,-31.4854860),(-5.6631640,5.0000000,-31.5320526),(-5.7072172,5.0000000,-31.6047469),(-6.0843807,5.0000000,-31.4854860),(-5.7072172,5.0000000,-31.6047469),(-5.7557682,5.0000000,-31.6566714),(-6.0843807,5.0000000,-31.4854860),(-5.7557682,5.0000000,-31.6566714),(-5.8663640,5.0000000,-31.6982110),(-6.0843807,5.0000000,-31.4854860),(-5.8663640,5.0000000,-31.6982110),(-5.8737724,5.0000000,-31.6982110),(-6.0843807,5.0000000,-31.4854860),(-5.8737724,5.0000000,-31.6982110),(-5.9476573,5.0000000,-31.6825344),(-6.0843807,5.0000000,-31.4854860),(-5.9476573,5.0000000,-31.6825344),(-6.0073870,5.0000000,-31.6418547),(-1.8997307,5.0000000,-30.9901860),(-0.7281557,5.0000000,-32.5808610),(-0.6636635,5.0000000,-32.6746061),(-1.8997307,5.0000000,-30.9901860),(-0.6636635,5.0000000,-32.6746061),(-0.6077703,5.0000000,-32.7722209),(-1.8997307,5.0000000,-30.9901860),(-0.6077703,5.0000000,-32.7722209),(-0.5604760,5.0000000,-32.8737051),(-1.8997307,5.0000000,-30.9901860),(-0.5604760,5.0000000,-32.8737051),(-0.5217807,5.0000000,-32.9790589),(-1.8997307,5.0000000,-30.9901860),(-0.5217807,5.0000000,-32.9790589),(-0.4916843,5.0000000,-33.0882822),(-1.8997307,5.0000000,-30.9901860),(-0.4916843,5.0000000,-33.0882822),(-0.4701870,5.0000000,-33.2013750),(-1.8997307,5.0000000,-30.9901860),(-0.4701870,5.0000000,-33.2013750),(-0.4572885,5.0000000,-33.3183374),(-1.8997307,5.0000000,-30.9901860),(-0.4572885,5.0000000,-33.3183374),(-0.4529890,5.0000000,-33.4391693),(-1.8997307,5.0000000,-30.9901860),(-0.4529890,5.0000000,-33.4391693),(-0.4581153,5.0000000,-33.5641353),(-1.8997307,5.0000000,-30.9901860),(-0.4581153,5.0000000,-33.5641353),(-0.4734942,5.0000000,-33.6845042),(-1.8997307,5.0000000,-30.9901860),(-0.4734942,5.0000000,-33.6845042),(-0.4991258,5.0000000,-33.8002759),(-1.8997307,5.0000000,-30.9901860),(-0.4991258,5.0000000,-33.8002759),(-0.5350099,5.0000000,-33.9114505),(-0.5350099,5.0000000,-33.9114505),(-0.5811466,5.0000000,-34.0180280),(-0.6375359,5.0000000,-34.1200084),(-0.5350099,5.0000000,-33.9114505),(-0.6375359,5.0000000,-34.1200084),(-0.7041778,5.0000000,-34.2173916),(-0.5350099,5.0000000,-33.9114505),(-0.7041778,5.0000000,-34.2173916),(-0.7810724,5.0000000,-34.3101776),(-0.5350099,5.0000000,-33.9114505),(-0.7810724,5.0000000,-34.3101776),(-0.8539651,5.0000000,-34.3833515),(-0.5350099,5.0000000,-33.9114505),(-0.8539651,5.0000000,-34.3833515),(-0.9313557,5.0000000,-34.4467688),(-0.5350099,5.0000000,-33.9114505),(-0.9313557,5.0000000,-34.4467688),(-1.0132442,5.0000000,-34.5004296),(-0.5350099,5.0000000,-33.9114505),(-1.0132442,5.0000000,-34.5004296),(-1.0996307,5.0000000,-34.5443339),(-0.5350099,5.0000000,-33.9114505),(-1.0996307,5.0000000,-34.5443339),(-1.1905151,5.0000000,-34.5784817),(-0.5350099,5.0000000,-33.9114505),(-1.1905151,5.0000000,-34.5784817),(-1.2858974,5.0000000,-34.6028729),(-0.5350099,5.0000000,-33.9114505),(-1.2858974,5.0000000,-34.6028729),(-1.3857776,5.0000000,-34.6175077),(-0.5350099,5.0000000,-33.9114505),(-1.3857776,5.0000000,-34.6175077),(-1.4901557,5.0000000,-34.6223860),(-0.5350099,5.0000000,-33.9114505),(-1.4901557,5.0000000,-34.6223860),(-1.5886634,5.0000000,-34.6176069),(-0.5350099,5.0000000,-33.9114505),(-1.5886634,5.0000000,-34.6176069),(-1.6841614,5.0000000,-34.6032698),(-0.5350099,5.0000000,-33.9114505),(-1.6841614,5.0000000,-34.6032698),(-1.7766498,5.0000000,-34.5793746),(-0.5350099,5.0000000,-33.9114505),(-1.7766498,5.0000000,-34.5793746),(-1.8661286,5.0000000,-34.5459214),(-0.5350099,5.0000000,-33.9114505),(-1.8661286,5.0000000,-34.5459214),(-1.9525978,5.0000000,-34.5029101),(-0.5350099,5.0000000,-33.9114505),(-1.9525978,5.0000000,-34.5029101),(-2.0360573,5.0000000,-34.4503407),(-2.0360573,5.0000000,-34.4503407),(-2.1165071,5.0000000,-34.3882132),(-2.1939474,5.0000000,-34.3165276),(-2.0360573,5.0000000,-34.4503407),(-2.1939474,5.0000000,-34.3165276),(-2.2730743,5.0000000,-34.2300089),(-2.0360573,5.0000000,-34.4503407),(-2.2730743,5.0000000,-34.2300089),(-2.3416510,5.0000000,-34.1371401),(-2.0360573,5.0000000,-34.4503407),(-2.3416510,5.0000000,-34.1371401),(-2.3996774,5.0000000,-34.0379214),(-2.0360573,5.0000000,-34.4503407),(-2.3996774,5.0000000,-34.0379214),(-2.4471536,5.0000000,-33.9323526),(-2.0360573,5.0000000,-34.4503407),(-2.4471536,5.0000000,-33.9323526),(-2.4840795,5.0000000,-33.8204339),(-2.0360573,5.0000000,-34.4503407),(-2.4840795,5.0000000,-33.8204339),(-2.5104552,5.0000000,-33.7021651),(-2.0360573,5.0000000,-34.4503407),(-2.5104552,5.0000000,-33.7021651),(-2.5262806,5.0000000,-33.5775464),(-2.0360573,5.0000000,-34.4503407),(-2.5262806,5.0000000,-33.5775464),(-2.5315557,5.0000000,-33.4465776),(-2.0360573,5.0000000,-34.4503407),(-2.5315557,5.0000000,-33.4465776),(-2.5315557,5.0000000,-33.4412860),(-2.0360573,5.0000000,-34.4503407),(-2.5315557,5.0000000,-33.4412860),(-2.5159453,5.0000000,-33.3597943),(-2.0360573,5.0000000,-34.4503407),(-2.5159453,5.0000000,-33.3597943),(-2.4691140,5.0000000,-33.2910026),(-2.0360573,5.0000000,-34.4503407),(-2.4691140,5.0000000,-33.2910026),(-2.4003224,5.0000000,-33.2441714),(-2.0360573,5.0000000,-34.4503407),(-2.4003224,5.0000000,-33.2441714),(-2.3188307,5.0000000,-33.2285610),(-2.0360573,5.0000000,-34.4503407),(-2.3188307,5.0000000,-33.2285610),(-2.2373390,5.0000000,-33.2441714),(-2.0360573,5.0000000,-34.4503407),(-2.2373390,5.0000000,-33.2441714),(-2.1685474,5.0000000,-33.2910026),(-2.0360573,5.0000000,-34.4503407),(-2.1685474,5.0000000,-33.2910026),(-2.1209224,5.0000000,-33.3597943),(-2.1209224,5.0000000,-33.3597943),(-2.1050474,5.0000000,-33.4412860),(-2.1050474,5.0000000,-33.4465776),(-2.1209224,5.0000000,-33.3597943),(-2.1050474,5.0000000,-33.4465776),(-2.1017235,5.0000000,-33.5334933),(-2.0360573,5.0000000,-34.4503407),(-2.1209224,5.0000000,-33.3597943),(-2.1017235,5.0000000,-33.5334933),(-2.0360573,5.0000000,-34.4503407),(-2.1017235,5.0000000,-33.5334933),(-2.0917521,5.0000000,-33.6159110),(-2.0360573,5.0000000,-34.4503407),(-2.0917521,5.0000000,-33.6159110),(-2.0751329,5.0000000,-33.6938308),(-2.0360573,5.0000000,-34.4503407),(-2.0751329,5.0000000,-33.6938308),(-2.0518661,5.0000000,-33.7672526),(-2.0360573,5.0000000,-34.4503407),(-2.0518661,5.0000000,-33.7672526),(-1.9853896,5.0000000,-33.9006026),(-2.0360573,5.0000000,-34.4503407),(-1.9853896,5.0000000,-33.9006026),(-1.8923224,5.0000000,-34.0159610),(-2.0360573,5.0000000,-34.4503407),(-1.8923224,5.0000000,-34.0159610),(-1.8014380,5.0000000,-34.0946745),(-2.0360573,5.0000000,-34.4503407),(-1.8014380,5.0000000,-34.0946745),(-1.7044682,5.0000000,-34.1508985),(-2.0360573,5.0000000,-34.4503407),(-1.7044682,5.0000000,-34.1508985),(-1.6014130,5.0000000,-34.1846328),(-2.0360573,5.0000000,-34.4503407),(-1.6014130,5.0000000,-34.1846328),(-1.4922724,5.0000000,-34.1958776),(-2.0360573,5.0000000,-34.4503407),(-1.4922724,5.0000000,-34.1958776),(-1.3790307,5.0000000,-34.1850297),(-2.0360573,5.0000000,-34.4503407),(-1.3790307,5.0000000,-34.1850297),(-1.2753140,5.0000000,-34.1524860),(-0.5350099,5.0000000,-33.9114505),(-2.0360573,5.0000000,-34.4503407),(-1.2753140,5.0000000,-34.1524860),(-0.5350099,5.0000000,-33.9114505),(-1.2753140,5.0000000,-34.1524860),(-1.1811224,5.0000000,-34.0982464),(-0.5350099,5.0000000,-33.9114505),(-1.1811224,5.0000000,-34.0982464),(-1.0964557,5.0000000,-34.0223110),(-0.5350099,5.0000000,-33.9114505),(-1.0964557,5.0000000,-34.0223110),(-1.0448620,5.0000000,-33.9611426),(-0.5350099,5.0000000,-33.9114505),(-1.0448620,5.0000000,-33.9611426),(-1.0001474,5.0000000,-33.8967000),(-0.5350099,5.0000000,-33.9114505),(-1.0001474,5.0000000,-33.8967000),(-0.9313557,5.0000000,-33.7579922),(-0.5350099,5.0000000,-33.9114505),(-0.9313557,5.0000000,-33.7579922),(-0.8900807,5.0000000,-33.6061875),(-0.5350099,5.0000000,-33.9114505),(-0.8900807,5.0000000,-33.6061875),(-0.8797620,5.0000000,-33.5253739),(-0.5350099,5.0000000,-33.9114505),(-0.8797620,5.0000000,-33.5253739),(-0.8763224,5.0000000,-33.4412860),(-0.5350099,5.0000000,-33.9114505),(-0.8763224,5.0000000,-33.4412860),(-0.8792493,5.0000000,-33.3545688),(-0.5350099,5.0000000,-33.9114505),(-0.8792493,5.0000000,-33.3545688),(-0.8880302,5.0000000,-33.2711589),(-0.5350099,5.0000000,-33.9114505),(-0.8880302,5.0000000,-33.2711589),(-0.9026649,5.0000000,-33.1910563),(-0.5350099,5.0000000,-33.9114505),(-0.9026649,5.0000000,-33.1910563),(-0.9231536,5.0000000,-33.1142610),(-0.5350099,5.0000000,-33.9114505),(-0.9231536,5.0000000,-33.1142610),(-0.9816927,5.0000000,-32.9705922),(-1.8997307,5.0000000,-30.9901860),(-0.5350099,5.0000000,-33.9114505),(-0.9816927,5.0000000,-32.9705922),(-1.8997307,5.0000000,-30.9901860),(-0.9816927,5.0000000,-32.9705922),(-1.0636474,5.0000000,-32.8401526),(-1.8997307,5.0000000,-30.9901860),(-1.0636474,5.0000000,-32.8401526),(-2.4871057,5.0000000,-30.9065776),(-0.6635974,5.0000000,-30.9901860),(-1.8997307,5.0000000,-30.9901860),(-2.4871057,5.0000000,-30.9065776),(-0.6635974,5.0000000,-30.9901860),(-2.4871057,5.0000000,-30.9065776),(-2.5336724,5.0000000,-30.7816943),(-0.6635974,5.0000000,-30.9901860),(-2.5336724,5.0000000,-30.7816943),(-2.5315557,5.0000000,-30.7467693),(-0.6635974,5.0000000,-30.9901860),(-2.5315557,5.0000000,-30.7467693),(-2.5050974,5.0000000,-30.6681880),(-0.6635974,5.0000000,-30.9901860),(-2.5050974,5.0000000,-30.6681880),(-2.4532390,5.0000000,-30.6123610),(-0.6635974,5.0000000,-30.9901860),(-2.4532390,5.0000000,-30.6123610),(-2.3847120,5.0000000,-30.5774360),(-0.6635974,5.0000000,-30.9901860),(-2.3847120,5.0000000,-30.5774360),(-2.3188307,5.0000000,-30.5657943),(-0.6635974,5.0000000,-30.9901860),(-2.3188307,5.0000000,-30.5657943),(-0.6635974,5.0000000,-30.5657943),(-0.6635974,5.0000000,-30.9901860),(-0.6635974,5.0000000,-30.5657943),(-0.5802536,5.0000000,-30.5808755),(-0.6635974,5.0000000,-30.9901860),(-0.5802536,5.0000000,-30.5808755),(-0.5122557,5.0000000,-30.6261193),(-0.6635974,5.0000000,-30.9901860),(-0.5122557,5.0000000,-30.6261193),(-0.4678057,5.0000000,-30.6941172),(-0.6635974,5.0000000,-30.9901860),(-0.4678057,5.0000000,-30.6941172),(-0.4529890,5.0000000,-30.7774610),(-0.6635974,5.0000000,-30.9901860),(-0.4529890,5.0000000,-30.7774610),(-0.4678057,5.0000000,-30.8615985),(-0.6635974,5.0000000,-30.9901860),(-0.4678057,5.0000000,-30.8615985),(-0.5122557,5.0000000,-30.9298610),(-0.6635974,5.0000000,-30.9901860),(-0.5122557,5.0000000,-30.9298610),(-0.5781370,5.0000000,-30.9751047),(-3.5845974,5.0000000,-30.5962214),(-3.5115724,5.0000000,-30.4895943),(-3.4049453,5.0000000,-30.4165693),(-3.5845974,5.0000000,-30.5962214),(-3.4049453,5.0000000,-30.4165693),(-3.2797974,5.0000000,-30.3922276),(-3.5845974,5.0000000,-30.5962214),(-3.2797974,5.0000000,-30.3922276),(-3.1549140,5.0000000,-30.4165693),(-3.5845974,5.0000000,-30.5962214),(-3.1549140,5.0000000,-30.4165693),(-3.0490807,5.0000000,-30.4895943),(-3.5845974,5.0000000,-30.5962214),(-3.0490807,5.0000000,-30.4895943),(-2.9760557,5.0000000,-30.5962214),(-3.5845974,5.0000000,-30.5962214),(-2.9760557,5.0000000,-30.5962214),(-2.9517140,5.0000000,-30.7213693),(-3.5845974,5.0000000,-30.5962214),(-2.9517140,5.0000000,-30.7213693),(-2.9760557,5.0000000,-30.8465172),(-3.5845974,5.0000000,-30.5962214),(-2.9760557,5.0000000,-30.8465172),(-3.0490807,5.0000000,-30.9531443),(-3.5845974,5.0000000,-30.5962214),(-3.0490807,5.0000000,-30.9531443),(-3.1549140,5.0000000,-31.0261693),(-3.5845974,5.0000000,-30.5962214),(-3.1549140,5.0000000,-31.0261693),(-3.2797974,5.0000000,-31.0505110),(-3.5845974,5.0000000,-30.5962214),(-3.2797974,5.0000000,-31.0505110),(-3.4049453,5.0000000,-31.0261693),(-3.5845974,5.0000000,-30.5962214),(-3.4049453,5.0000000,-31.0261693),(-3.5115724,5.0000000,-30.9531443),(-3.5845974,5.0000000,-30.5962214),(-3.5115724,5.0000000,-30.9531443),(-3.5845974,5.0000000,-30.8465172),(-3.5845974,5.0000000,-30.5962214),(-3.5845974,5.0000000,-30.8465172),(-3.6089390,5.0000000,-30.7213693),(3.2799360,5.0000000,-30.6139485),(3.3794193,5.0000000,-30.5049401),(3.4926610,5.0000000,-30.4774235),(3.2799360,5.0000000,-30.6139485),(3.4926610,5.0000000,-30.4774235),(3.5937318,5.0000000,-30.5028235),(3.2799360,5.0000000,-30.6139485),(3.5937318,5.0000000,-30.5028235),(3.6704610,5.0000000,-30.5790235),(3.2799360,5.0000000,-30.6139485),(3.6704610,5.0000000,-30.5790235),(3.6778693,5.0000000,-30.5853735),(3.2799360,5.0000000,-30.6139485),(3.6778693,5.0000000,-30.5853735),(4.9235276,5.0000000,-32.7528401),(3.2799360,5.0000000,-30.6139485),(4.9235276,5.0000000,-32.7528401),(4.9510443,5.0000000,-32.8597318),(3.2799360,5.0000000,-30.6139485),(4.9510443,5.0000000,-32.8597318),(4.9232630,5.0000000,-32.9690047),(3.2799360,5.0000000,-30.6139485),(4.9232630,5.0000000,-32.9690047),(4.8399193,5.0000000,-33.0470568),(3.2799360,5.0000000,-30.6139485),(4.8399193,5.0000000,-33.0470568),(4.7330276,5.0000000,-33.0766901),(3.2799360,5.0000000,-30.6139485),(4.7330276,5.0000000,-33.0766901),(4.6242839,5.0000000,-33.0489089),(3.2799360,5.0000000,-30.6139485),(4.6242839,5.0000000,-33.0489089),(4.5478193,5.0000000,-32.9655651),(3.2799360,5.0000000,-30.6139485),(4.5478193,5.0000000,-32.9655651),(3.7053860,5.0000000,-31.4997735),(3.2799360,5.0000000,-30.6139485),(3.7053860,5.0000000,-31.4997735),(3.7053860,5.0000000,-34.1075068),(3.7053860,5.0000000,-34.1075068),(5.2918276,5.0000000,-34.1075068),(5.3767589,5.0000000,-34.1233818),(3.7053860,5.0000000,-34.1075068),(5.3767589,5.0000000,-34.1233818),(5.4474026,5.0000000,-34.1710068),(3.7053860,5.0000000,-34.1075068),(5.4474026,5.0000000,-34.1710068),(5.4950276,5.0000000,-34.2405922),(3.7053860,5.0000000,-34.1075068),(5.4950276,5.0000000,-34.2405922),(5.5109026,5.0000000,-34.3223485),(3.7053860,5.0000000,-34.1075068),(5.5109026,5.0000000,-34.3223485),(5.4950276,5.0000000,-34.4043693),(3.7053860,5.0000000,-34.1075068),(5.4950276,5.0000000,-34.4043693),(5.4474026,5.0000000,-34.4747485),(3.7053860,5.0000000,-34.1075068),(5.4474026,5.0000000,-34.4747485),(5.3767589,5.0000000,-34.5239610),(3.7053860,5.0000000,-34.1075068),(5.3767589,5.0000000,-34.5239610),(5.2918276,5.0000000,-34.5403651),(3.7053860,5.0000000,-34.1075068),(5.2918276,5.0000000,-34.5403651),(3.4852526,5.0000000,-34.5403651),(3.2799360,5.0000000,-30.6139485),(3.7053860,5.0000000,-34.1075068),(3.4852526,5.0000000,-34.5403651),(3.4852526,5.0000000,-34.5403651),(1.6797360,5.0000000,-34.5403651),(1.5969214,5.0000000,-34.5239610),(3.4852526,5.0000000,-34.5403651),(1.5969214,5.0000000,-34.5239610),(1.5283943,5.0000000,-34.4747485),(3.4852526,5.0000000,-34.5403651),(1.5283943,5.0000000,-34.4747485),(1.4823568,5.0000000,-34.4043693),(3.4852526,5.0000000,-34.5403651),(1.4823568,5.0000000,-34.4043693),(1.4670110,5.0000000,-34.3223485),(3.4852526,5.0000000,-34.5403651),(1.4670110,5.0000000,-34.3223485),(1.4823568,5.0000000,-34.2405922),(3.4852526,5.0000000,-34.5403651),(1.4823568,5.0000000,-34.2405922),(1.5283943,5.0000000,-34.1710068),(3.4852526,5.0000000,-34.5403651),(1.5283943,5.0000000,-34.1710068),(1.5969214,5.0000000,-34.1233818),(3.4852526,5.0000000,-34.5403651),(1.5969214,5.0000000,-34.1233818),(1.6797360,5.0000000,-34.1075068),(3.4852526,5.0000000,-34.5403651),(1.6797360,5.0000000,-34.1075068),(3.2725276,5.0000000,-34.1075068),(3.2799360,5.0000000,-30.6139485),(3.4852526,5.0000000,-34.5403651),(3.2725276,5.0000000,-34.1075068),(3.2799360,5.0000000,-30.6139485),(3.2725276,5.0000000,-34.1075068),(3.2725276,5.0000000,-31.4955401),(3.2799360,5.0000000,-30.6139485),(3.2725276,5.0000000,-31.4955401),(2.4163360,5.0000000,-32.9846151),(3.2799360,5.0000000,-30.6139485),(2.4163360,5.0000000,-32.9846151),(2.3366964,5.0000000,-33.0639901),(3.2799360,5.0000000,-30.6139485),(2.3366964,5.0000000,-33.0639901),(2.2290110,5.0000000,-33.0904485),(3.2799360,5.0000000,-30.6139485),(2.2290110,5.0000000,-33.0904485),(2.1178860,5.0000000,-33.0629318),(3.2799360,5.0000000,-30.6139485),(2.1178860,5.0000000,-33.0629318),(2.0361297,5.0000000,-32.9832922),(3.2799360,5.0000000,-30.6139485),(2.0361297,5.0000000,-32.9832922),(2.0088776,5.0000000,-32.8734901),(3.2799360,5.0000000,-30.6139485),(2.0088776,5.0000000,-32.8734901),(2.0406276,5.0000000,-32.7644818),(7.1375610,5.0000000,-30.9610818),(8.3091360,5.0000000,-32.5517568),(8.3736282,5.0000000,-32.6455020),(7.1375610,5.0000000,-30.9610818),(8.3736282,5.0000000,-32.6455020),(8.4295214,5.0000000,-32.7431167),(7.1375610,5.0000000,-30.9610818),(8.4295214,5.0000000,-32.7431167),(8.4768157,5.0000000,-32.8446009),(7.1375610,5.0000000,-30.9610818),(8.4768157,5.0000000,-32.8446009),(8.5155110,5.0000000,-32.9499547),(7.1375610,5.0000000,-30.9610818),(8.5155110,5.0000000,-32.9499547),(8.5456073,5.0000000,-33.0591780),(7.1375610,5.0000000,-30.9610818),(8.5456073,5.0000000,-33.0591780),(8.5671047,5.0000000,-33.1722709),(7.1375610,5.0000000,-30.9610818),(8.5671047,5.0000000,-33.1722709),(8.5800032,5.0000000,-33.2892332),(7.1375610,5.0000000,-30.9610818),(8.5800032,5.0000000,-33.2892332),(8.5843026,5.0000000,-33.4100651),(7.1375610,5.0000000,-30.9610818),(8.5843026,5.0000000,-33.4100651),(8.5791763,5.0000000,-33.5350311),(7.1375610,5.0000000,-30.9610818),(8.5791763,5.0000000,-33.5350311),(8.5637974,5.0000000,-33.6554000),(7.1375610,5.0000000,-30.9610818),(8.5637974,5.0000000,-33.6554000),(8.5381659,5.0000000,-33.7711718),(7.1375610,5.0000000,-30.9610818),(8.5381659,5.0000000,-33.7711718),(8.5022818,5.0000000,-33.8823464),(8.5022818,5.0000000,-33.8823464),(8.4561451,5.0000000,-33.9889239),(8.3997558,5.0000000,-34.0909042),(8.5022818,5.0000000,-33.8823464),(8.3997558,5.0000000,-34.0909042),(8.3331138,5.0000000,-34.1882874),(8.5022818,5.0000000,-33.8823464),(8.3331138,5.0000000,-34.1882874),(8.2562193,5.0000000,-34.2810735),(8.5022818,5.0000000,-33.8823464),(8.2562193,5.0000000,-34.2810735),(8.1833266,5.0000000,-34.3542473),(8.5022818,5.0000000,-33.8823464),(8.1833266,5.0000000,-34.3542473),(8.1059360,5.0000000,-34.4176646),(8.5022818,5.0000000,-33.8823464),(8.1059360,5.0000000,-34.4176646),(8.0240474,5.0000000,-34.4713254),(8.5022818,5.0000000,-33.8823464),(8.0240474,5.0000000,-34.4713254),(7.9376610,5.0000000,-34.5152297),(8.5022818,5.0000000,-33.8823464),(7.9376610,5.0000000,-34.5152297),(7.8467766,5.0000000,-34.5493775),(8.5022818,5.0000000,-33.8823464),(7.8467766,5.0000000,-34.5493775),(7.7513943,5.0000000,-34.5737688),(8.5022818,5.0000000,-33.8823464),(7.7513943,5.0000000,-34.5737688),(7.6515141,5.0000000,-34.5884035),(8.5022818,5.0000000,-33.8823464),(7.6515141,5.0000000,-34.5884035),(7.5471360,5.0000000,-34.5932818),(8.5022818,5.0000000,-33.8823464),(7.5471360,5.0000000,-34.5932818),(7.4486283,5.0000000,-34.5885028),(8.5022818,5.0000000,-33.8823464),(7.4486283,5.0000000,-34.5885028),(7.3531302,5.0000000,-34.5741657),(8.5022818,5.0000000,-33.8823464),(7.3531302,5.0000000,-34.5741657),(7.2606418,5.0000000,-34.5502705),(8.5022818,5.0000000,-33.8823464),(7.2606418,5.0000000,-34.5502705),(7.1711630,5.0000000,-34.5168172),(8.5022818,5.0000000,-33.8823464),(7.1711630,5.0000000,-34.5168172),(7.0846939,5.0000000,-34.4738059),(8.5022818,5.0000000,-33.8823464),(7.0846939,5.0000000,-34.4738059),(7.0012344,5.0000000,-34.4212365),(7.0012344,5.0000000,-34.4212365),(6.9207845,5.0000000,-34.3591090),(6.8433443,5.0000000,-34.2874235),(7.0012344,5.0000000,-34.4212365),(6.8433443,5.0000000,-34.2874235),(6.7642173,5.0000000,-34.2009047),(7.0012344,5.0000000,-34.4212365),(6.7642173,5.0000000,-34.2009047),(6.6956407,5.0000000,-34.1080360),(7.0012344,5.0000000,-34.4212365),(6.6956407,5.0000000,-34.1080360),(6.6376142,5.0000000,-34.0088172),(7.0012344,5.0000000,-34.4212365),(6.6376142,5.0000000,-34.0088172),(6.5901380,5.0000000,-33.9032485),(7.0012344,5.0000000,-34.4212365),(6.5901380,5.0000000,-33.9032485),(6.5532121,5.0000000,-33.7913297),(7.0012344,5.0000000,-34.4212365),(6.5532121,5.0000000,-33.7913297),(6.5268365,5.0000000,-33.6730610),(7.0012344,5.0000000,-34.4212365),(6.5268365,5.0000000,-33.6730610),(6.5110111,5.0000000,-33.5484422),(7.0012344,5.0000000,-34.4212365),(6.5110111,5.0000000,-33.5484422),(6.5057360,5.0000000,-33.4174735),(7.0012344,5.0000000,-34.4212365),(6.5057360,5.0000000,-33.4174735),(6.5057360,5.0000000,-33.4121818),(7.0012344,5.0000000,-34.4212365),(6.5057360,5.0000000,-33.4121818),(6.5213464,5.0000000,-33.3306901),(7.0012344,5.0000000,-34.4212365),(6.5213464,5.0000000,-33.3306901),(6.5681776,5.0000000,-33.2618985),(7.0012344,5.0000000,-34.4212365),(6.5681776,5.0000000,-33.2618985),(6.6369693,5.0000000,-33.2150672),(7.0012344,5.0000000,-34.4212365),(6.6369693,5.0000000,-33.2150672),(6.7184610,5.0000000,-33.1994568),(7.0012344,5.0000000,-34.4212365),(6.7184610,5.0000000,-33.1994568),(6.7999526,5.0000000,-33.2150672),(7.0012344,5.0000000,-34.4212365),(6.7999526,5.0000000,-33.2150672),(6.8687443,5.0000000,-33.2618985),(7.0012344,5.0000000,-34.4212365),(6.8687443,5.0000000,-33.2618985),(6.9163693,5.0000000,-33.3306901),(6.9163693,5.0000000,-33.3306901),(6.9322443,5.0000000,-33.4121818),(6.9322443,5.0000000,-33.4174735),(6.9163693,5.0000000,-33.3306901),(6.9322443,5.0000000,-33.4174735),(6.9355681,5.0000000,-33.5043891),(7.0012344,5.0000000,-34.4212365),(6.9163693,5.0000000,-33.3306901),(6.9355681,5.0000000,-33.5043891),(7.0012344,5.0000000,-34.4212365),(6.9355681,5.0000000,-33.5043891),(6.9455396,5.0000000,-33.5868068),(7.0012344,5.0000000,-34.4212365),(6.9455396,5.0000000,-33.5868068),(6.9621588,5.0000000,-33.6647266),(7.0012344,5.0000000,-34.4212365),(6.9621588,5.0000000,-33.6647266),(6.9854255,5.0000000,-33.7381485),(7.0012344,5.0000000,-34.4212365),(6.9854255,5.0000000,-33.7381485),(7.0519021,5.0000000,-33.8714985),(7.0012344,5.0000000,-34.4212365),(7.0519021,5.0000000,-33.8714985),(7.1449693,5.0000000,-33.9868568),(7.0012344,5.0000000,-34.4212365),(7.1449693,5.0000000,-33.9868568),(7.2358537,5.0000000,-34.0655703),(7.0012344,5.0000000,-34.4212365),(7.2358537,5.0000000,-34.0655703),(7.3328235,5.0000000,-34.1217943),(7.0012344,5.0000000,-34.4212365),(7.3328235,5.0000000,-34.1217943),(7.4358787,5.0000000,-34.1555287),(7.0012344,5.0000000,-34.4212365),(7.4358787,5.0000000,-34.1555287),(7.5450193,5.0000000,-34.1667735),(7.0012344,5.0000000,-34.4212365),(7.5450193,5.0000000,-34.1667735),(7.6582610,5.0000000,-34.1559255),(7.0012344,5.0000000,-34.4212365),(7.6582610,5.0000000,-34.1559255),(7.7619776,5.0000000,-34.1233818),(8.5022818,5.0000000,-33.8823464),(7.0012344,5.0000000,-34.4212365),(7.7619776,5.0000000,-34.1233818),(8.5022818,5.0000000,-33.8823464),(7.7619776,5.0000000,-34.1233818),(7.8561693,5.0000000,-34.0691422),(8.5022818,5.0000000,-33.8823464),(7.8561693,5.0000000,-34.0691422),(7.9408360,5.0000000,-33.9932068),(8.5022818,5.0000000,-33.8823464),(7.9408360,5.0000000,-33.9932068),(7.9924297,5.0000000,-33.9320384),(8.5022818,5.0000000,-33.8823464),(7.9924297,5.0000000,-33.9320384),(8.0371443,5.0000000,-33.8675959),(8.5022818,5.0000000,-33.8823464),(8.0371443,5.0000000,-33.8675959),(8.1059360,5.0000000,-33.7288880),(8.5022818,5.0000000,-33.8823464),(8.1059360,5.0000000,-33.7288880),(8.1472110,5.0000000,-33.5770834),(8.5022818,5.0000000,-33.8823464),(8.1472110,5.0000000,-33.5770834),(8.1575297,5.0000000,-33.4962697),(8.5022818,5.0000000,-33.8823464),(8.1575297,5.0000000,-33.4962697),(8.1609693,5.0000000,-33.4121818),(8.5022818,5.0000000,-33.8823464),(8.1609693,5.0000000,-33.4121818),(8.1580423,5.0000000,-33.3254646),(8.5022818,5.0000000,-33.8823464),(8.1580423,5.0000000,-33.3254646),(8.1492615,5.0000000,-33.2420547),(8.5022818,5.0000000,-33.8823464),(8.1492615,5.0000000,-33.2420547),(8.1346267,5.0000000,-33.1619521),(8.5022818,5.0000000,-33.8823464),(8.1346267,5.0000000,-33.1619521),(8.1141380,5.0000000,-33.0851568),(8.5022818,5.0000000,-33.8823464),(8.1141380,5.0000000,-33.0851568),(8.0555990,5.0000000,-32.9414880),(7.1375610,5.0000000,-30.9610818),(8.5022818,5.0000000,-33.8823464),(8.0555990,5.0000000,-32.9414880),(7.1375610,5.0000000,-30.9610818),(8.0555990,5.0000000,-32.9414880),(7.9736443,5.0000000,-32.8110485),(7.1375610,5.0000000,-30.9610818),(7.9736443,5.0000000,-32.8110485),(6.5501860,5.0000000,-30.8774735),(8.3736943,5.0000000,-30.9610818),(7.1375610,5.0000000,-30.9610818),(6.5501860,5.0000000,-30.8774735),(8.3736943,5.0000000,-30.9610818),(6.5501860,5.0000000,-30.8774735),(6.5036193,5.0000000,-30.7525901),(8.3736943,5.0000000,-30.9610818),(6.5036193,5.0000000,-30.7525901),(6.5057360,5.0000000,-30.7176651),(8.3736943,5.0000000,-30.9610818),(6.5057360,5.0000000,-30.7176651),(6.5321943,5.0000000,-30.6390839),(8.3736943,5.0000000,-30.9610818),(6.5321943,5.0000000,-30.6390839),(6.5840526,5.0000000,-30.5832568),(8.3736943,5.0000000,-30.9610818),(6.5840526,5.0000000,-30.5832568),(6.6525797,5.0000000,-30.5483318),(8.3736943,5.0000000,-30.9610818),(6.6525797,5.0000000,-30.5483318),(6.7184610,5.0000000,-30.5366901),(8.3736943,5.0000000,-30.9610818),(6.7184610,5.0000000,-30.5366901),(8.3736943,5.0000000,-30.5366901),(8.3736943,5.0000000,-30.9610818),(8.3736943,5.0000000,-30.5366901),(8.4570380,5.0000000,-30.5517714),(8.3736943,5.0000000,-30.9610818),(8.4570380,5.0000000,-30.5517714),(8.5250360,5.0000000,-30.5970151),(8.3736943,5.0000000,-30.9610818),(8.5250360,5.0000000,-30.5970151),(8.5694860,5.0000000,-30.6650130),(8.3736943,5.0000000,-30.9610818),(8.5694860,5.0000000,-30.6650130),(8.5843026,5.0000000,-30.7483568),(8.3736943,5.0000000,-30.9610818),(8.5843026,5.0000000,-30.7483568),(8.5694860,5.0000000,-30.8324943),(8.3736943,5.0000000,-30.9610818),(8.5694860,5.0000000,-30.8324943),(8.5250360,5.0000000,-30.9007568),(8.3736943,5.0000000,-30.9610818),(8.5250360,5.0000000,-30.9007568),(8.4591547,5.0000000,-30.9460005),(-14.8473807,5.0000000,-37.3559610),(-14.7503282,5.0000000,-37.3152813),(-14.6523166,5.0000000,-37.2800255),(-14.8473807,5.0000000,-37.3559610),(-14.6523166,5.0000000,-37.2800255),(-14.5533459,5.0000000,-37.2501938),(-14.8473807,5.0000000,-37.3559610),(-14.5533459,5.0000000,-37.2501938),(-14.4534161,5.0000000,-37.2257860),(-14.8473807,5.0000000,-37.3559610),(-14.4534161,5.0000000,-37.2257860),(-14.3525272,5.0000000,-37.2068021),(-14.8473807,5.0000000,-37.3559610),(-14.3525272,5.0000000,-37.2068021),(-14.2506791,5.0000000,-37.1932422),(-14.8473807,5.0000000,-37.3559610),(-14.2506791,5.0000000,-37.1932422),(-14.1478720,5.0000000,-37.1851063),(-14.8473807,5.0000000,-37.3559610),(-14.1478720,5.0000000,-37.1851063),(-14.0441057,5.0000000,-37.1823943),(-14.8473807,5.0000000,-37.3559610),(-14.0441057,5.0000000,-37.1823943),(-13.9083248,5.0000000,-37.1867103),(-14.8473807,5.0000000,-37.3559610),(-13.9083248,5.0000000,-37.1867103),(-13.7750906,5.0000000,-37.1996584),(-14.8473807,5.0000000,-37.3559610),(-13.7750906,5.0000000,-37.1996584),(-13.6444030,5.0000000,-37.2212384),(-14.8473807,5.0000000,-37.3559610),(-13.6444030,5.0000000,-37.2212384),(-13.5162620,5.0000000,-37.2514505),(-14.8473807,5.0000000,-37.3559610),(-13.5162620,5.0000000,-37.2514505),(-13.3906676,5.0000000,-37.2902947),(-14.8473807,5.0000000,-37.3559610),(-13.3906676,5.0000000,-37.2902947),(-13.2676198,5.0000000,-37.3377709),(-14.8473807,5.0000000,-37.3559610),(-13.2676198,5.0000000,-37.3377709),(-13.1471186,5.0000000,-37.3938791),(-14.8473807,5.0000000,-37.3559610),(-13.1471186,5.0000000,-37.3938791),(-13.0291640,5.0000000,-37.4586193),(-14.8473807,5.0000000,-37.3559610),(-13.0291640,5.0000000,-37.4586193),(-12.9155916,5.0000000,-37.5310159),(-14.8473807,5.0000000,-37.3559610),(-12.9155916,5.0000000,-37.5310159),(-12.8082370,5.0000000,-37.6095641),(-14.8473807,5.0000000,-37.3559610),(-12.8082370,5.0000000,-37.6095641),(-12.7071000,5.0000000,-37.6942638),(-14.8473807,5.0000000,-37.3559610),(-12.7071000,5.0000000,-37.6942638),(-12.6121807,5.0000000,-37.7851151),(-14.8473807,5.0000000,-37.3559610),(-12.6121807,5.0000000,-37.7851151),(-12.5234791,5.0000000,-37.8821180),(-12.5234791,5.0000000,-37.8821180),(-12.4409953,5.0000000,-37.9852724),(-12.3647291,5.0000000,-38.0945784),(-12.5234791,5.0000000,-37.8821180),(-12.3647291,5.0000000,-38.0945784),(-12.2946807,5.0000000,-38.2100360),(-12.5234791,5.0000000,-37.8821180),(-12.2946807,5.0000000,-38.2100360),(-12.2316768,5.0000000,-38.3298095),(-12.5234791,5.0000000,-37.8821180),(-12.2316768,5.0000000,-38.3298095),(-12.1770734,5.0000000,-38.4520636),(-12.5234791,5.0000000,-37.8821180),(-12.1770734,5.0000000,-38.4520636),(-12.1308705,5.0000000,-38.5767981),(-12.5234791,5.0000000,-37.8821180),(-12.1308705,5.0000000,-38.5767981),(-12.0930682,5.0000000,-38.7040130),(-12.5234791,5.0000000,-37.8821180),(-12.0930682,5.0000000,-38.7040130),(-12.0636664,5.0000000,-38.8337085),(-12.5234791,5.0000000,-37.8821180),(-12.0636664,5.0000000,-38.8337085),(-12.0426651,5.0000000,-38.9658844),(-12.5234791,5.0000000,-37.8821180),(-12.0426651,5.0000000,-38.9658844),(-12.0300643,5.0000000,-39.1005408),(-12.5234791,5.0000000,-37.8821180),(-12.0300643,5.0000000,-39.1005408),(-12.0258640,5.0000000,-39.2376776),(-12.5234791,5.0000000,-37.8821180),(-12.0258640,5.0000000,-39.2376776),(-12.0300643,5.0000000,-39.3693078),(-12.5234791,5.0000000,-37.8821180),(-12.0300643,5.0000000,-39.3693078),(-12.0426651,5.0000000,-39.5001443),(-12.5234791,5.0000000,-37.8821180),(-12.0426651,5.0000000,-39.5001443),(-12.0636664,5.0000000,-39.6301870),(-12.5234791,5.0000000,-37.8821180),(-12.0636664,5.0000000,-39.6301870),(-12.0930682,5.0000000,-39.7594360),(-12.5234791,5.0000000,-37.8821180),(-12.0930682,5.0000000,-39.7594360),(-12.1308705,5.0000000,-39.8878912),(-12.5234791,5.0000000,-37.8821180),(-12.1308705,5.0000000,-39.8878912),(-12.1770734,5.0000000,-40.0155526),(-12.1770734,5.0000000,-40.0155526),(-12.5688552,5.0000000,-39.8740667),(-12.5322931,5.0000000,-39.7761874),(-12.1770734,5.0000000,-40.0155526),(-12.5322931,5.0000000,-39.7761874),(-12.5023786,5.0000000,-39.6750339),(-12.1770734,5.0000000,-40.0155526),(-12.5023786,5.0000000,-39.6750339),(-12.4791118,5.0000000,-39.5706061),(-12.1770734,5.0000000,-40.0155526),(-12.4791118,5.0000000,-39.5706061),(-12.4624927,5.0000000,-39.4629042),(-12.1770734,5.0000000,-40.0155526),(-12.4624927,5.0000000,-39.4629042),(-12.4525212,5.0000000,-39.3519280),(-12.1770734,5.0000000,-40.0155526),(-12.4525212,5.0000000,-39.3519280),(-12.4491974,5.0000000,-39.2376776),(-12.1770734,5.0000000,-40.0155526),(-12.4491974,5.0000000,-39.2376776),(-12.4525543,5.0000000,-39.1276440),(-12.5234791,5.0000000,-37.8821180),(-12.1770734,5.0000000,-40.0155526),(-12.4525543,5.0000000,-39.1276440),(-12.5234791,5.0000000,-37.8821180),(-12.4525543,5.0000000,-39.1276440),(-12.4626250,5.0000000,-39.0197933),(-12.5234791,5.0000000,-37.8821180),(-12.4626250,5.0000000,-39.0197933),(-12.4794095,5.0000000,-38.9141253),(-12.5234791,5.0000000,-37.8821180),(-12.4794095,5.0000000,-38.9141253),(-12.5029078,5.0000000,-38.8106401),(-12.5234791,5.0000000,-37.8821180),(-12.5029078,5.0000000,-38.8106401),(-12.5331199,5.0000000,-38.7093378),(-12.5234791,5.0000000,-37.8821180),(-12.5331199,5.0000000,-38.7093378),(-12.5700458,5.0000000,-38.6102183),(-12.5234791,5.0000000,-37.8821180),(-12.5700458,5.0000000,-38.6102183),(-12.6136855,5.0000000,-38.5132815),(-12.5234791,5.0000000,-37.8821180),(-12.6136855,5.0000000,-38.5132815),(-12.6640390,5.0000000,-38.4185276),(-12.5234791,5.0000000,-37.8821180),(-12.6640390,5.0000000,-38.4185276),(-12.7198827,5.0000000,-38.3273125),(-12.5234791,5.0000000,-37.8821180),(-12.7198827,5.0000000,-38.3273125),(-12.7805218,5.0000000,-38.2409922),(-12.5234791,5.0000000,-37.8821180),(-12.7805218,5.0000000,-38.2409922),(-12.8459566,5.0000000,-38.1595667),(-12.5234791,5.0000000,-37.8821180),(-12.8459566,5.0000000,-38.1595667),(-12.9161870,5.0000000,-38.0830360),(-12.5234791,5.0000000,-37.8821180),(-12.9161870,5.0000000,-38.0830360),(-12.9912129,5.0000000,-38.0114000),(-12.5234791,5.0000000,-37.8821180),(-12.9912129,5.0000000,-38.0114000),(-13.0710343,5.0000000,-37.9446589),(-12.5234791,5.0000000,-37.8821180),(-13.0710343,5.0000000,-37.9446589),(-13.1556514,5.0000000,-37.8828125),(-12.5234791,5.0000000,-37.8821180),(-13.1556514,5.0000000,-37.8828125),(-13.2450640,5.0000000,-37.8258610),(-12.5234791,5.0000000,-37.8821180),(-13.2450640,5.0000000,-37.8258610),(-13.3376517,5.0000000,-37.7747633),(-12.5234791,5.0000000,-37.8821180),(-13.3376517,5.0000000,-37.7747633),(-13.4323229,5.0000000,-37.7304787),(-12.5234791,5.0000000,-37.8821180),(-13.4323229,5.0000000,-37.7304787),(-13.5290777,5.0000000,-37.6930071),(-12.5234791,5.0000000,-37.8821180),(-13.5290777,5.0000000,-37.6930071),(-13.6279161,5.0000000,-37.6623485),(-14.8473807,5.0000000,-37.3559610),(-12.5234791,5.0000000,-37.8821180),(-13.6279161,5.0000000,-37.6623485),(-14.8473807,5.0000000,-37.3559610),(-13.6279161,5.0000000,-37.6623485),(-13.7288381,5.0000000,-37.6385029),(-14.8473807,5.0000000,-37.3559610),(-13.7288381,5.0000000,-37.6385029),(-13.8318437,5.0000000,-37.6214703),(-14.8473807,5.0000000,-37.3559610),(-13.8318437,5.0000000,-37.6214703),(-13.9369329,5.0000000,-37.6112508),(-14.8473807,5.0000000,-37.3559610),(-13.9369329,5.0000000,-37.6112508),(-14.0441057,5.0000000,-37.6078443),(-14.8473807,5.0000000,-37.3559610),(-14.0441057,5.0000000,-37.6078443),(-14.1976963,5.0000000,-37.6149219),(-14.8473807,5.0000000,-37.3559610),(-14.1976963,5.0000000,-37.6149219),(-14.3473182,5.0000000,-37.6361547),(-14.8473807,5.0000000,-37.3559610),(-14.3473182,5.0000000,-37.6361547),(-14.4929713,5.0000000,-37.6715427),(-14.8473807,5.0000000,-37.3559610),(-14.4929713,5.0000000,-37.6715427),(-14.6346557,5.0000000,-37.7210860),(-14.8473807,5.0000000,-37.3559610),(-14.6346557,5.0000000,-37.7210860),(-13.0376307,5.0000000,-40.5045026),(-15.4082974,5.0000000,-36.3812360),(-14.8473807,5.0000000,-37.3559610),(-13.0376307,5.0000000,-40.5045026),(-12.6120649,5.0000000,-39.9686718),(-12.5688552,5.0000000,-39.8740667),(-12.1770734,5.0000000,-40.0155526),(-12.6619224,5.0000000,-40.0600026),(-12.6120649,5.0000000,-39.9686718),(-12.1770734,5.0000000,-40.0155526),(-12.7298541,5.0000000,-40.1639839),(-12.6619224,5.0000000,-40.0600026),(-12.1770734,5.0000000,-40.0155526),(-12.8151161,5.0000000,-40.2727276),(-12.7298541,5.0000000,-40.1639839),(-12.1770734,5.0000000,-40.0155526),(-12.8642459,5.0000000,-40.3288854),(-12.8151161,5.0000000,-40.2727276),(-12.1770734,5.0000000,-40.0155526),(-12.9177083,5.0000000,-40.3862339),(-12.8642459,5.0000000,-40.3288854),(-12.1770734,5.0000000,-40.0155526),(-12.9755032,5.0000000,-40.4447729),(-12.9177083,5.0000000,-40.3862339),(-12.1770734,5.0000000,-40.0155526),(-13.0376307,5.0000000,-40.5045026),(-12.9755032,5.0000000,-40.4447729),(-12.1770734,5.0000000,-40.0155526),(-13.0376307,5.0000000,-40.5045026),(-12.1770734,5.0000000,-40.0155526),(-12.2316768,5.0000000,-40.1424203),(-13.0376307,5.0000000,-40.5045026),(-12.2316768,5.0000000,-40.1424203),(-12.2946807,5.0000000,-40.2684943),(-13.0376307,5.0000000,-40.5045026),(-12.2946807,5.0000000,-40.2684943),(-12.3448689,5.0000000,-40.3552115),(-13.0376307,5.0000000,-40.5045026),(-12.3448689,5.0000000,-40.3552115),(-12.3996541,5.0000000,-40.4386214),(-13.0376307,5.0000000,-40.5045026),(-12.3996541,5.0000000,-40.4386214),(-12.4590366,5.0000000,-40.5187240),(-13.0376307,5.0000000,-40.5045026),(-12.4590366,5.0000000,-40.5187240),(-12.5230161,5.0000000,-40.5955193),(-13.0376307,5.0000000,-40.5045026),(-12.5230161,5.0000000,-40.5955193),(-12.5915928,5.0000000,-40.6690073),(-13.0376307,5.0000000,-40.5045026),(-12.5915928,5.0000000,-40.6690073),(-12.6647666,5.0000000,-40.7391880),(-13.0376307,5.0000000,-40.5045026),(-12.6647666,5.0000000,-40.7391880),(-12.7425376,5.0000000,-40.8060615),(-13.0376307,5.0000000,-40.5045026),(-12.7425376,5.0000000,-40.8060615),(-12.8249057,5.0000000,-40.8696276),(-13.0376307,5.0000000,-40.5045026),(-12.8249057,5.0000000,-40.8696276),(-12.2830390,5.0000000,-41.8221276),(-15.4082974,5.0000000,-36.3812360),(-13.0376307,5.0000000,-40.5045026),(-12.2830390,5.0000000,-41.8221276),(-15.4082974,5.0000000,-36.3812360),(-12.2830390,5.0000000,-41.8221276),(-12.2544640,5.0000000,-41.9258443),(-15.4082974,5.0000000,-36.3812360),(-12.2544640,5.0000000,-41.9258443),(-12.2618724,5.0000000,-41.9861693),(-15.4082974,5.0000000,-36.3812360),(-12.2618724,5.0000000,-41.9861693),(-12.3005015,5.0000000,-42.0613110),(-15.4082974,5.0000000,-36.3812360),(-12.3005015,5.0000000,-42.0613110),(-12.3655890,5.0000000,-42.1152860),(-15.4082974,5.0000000,-36.3812360),(-12.3655890,5.0000000,-42.1152860),(-12.4682474,5.0000000,-42.1459776),(-15.4082974,5.0000000,-36.3812360),(-12.4682474,5.0000000,-42.1459776),(-12.5285724,5.0000000,-42.1385693),(-15.4082974,5.0000000,-36.3812360),(-12.5285724,5.0000000,-42.1385693),(-12.6042432,5.0000000,-42.0999401),(-15.4082974,5.0000000,-36.3812360),(-12.6042432,5.0000000,-42.0999401),(-12.6598057,5.0000000,-42.0348526),(-15.4082974,5.0000000,-36.3812360),(-12.6598057,5.0000000,-42.0348526),(-13.1953224,5.0000000,-41.1066943),(-13.1953224,5.0000000,-41.1066943),(-13.2959302,5.0000000,-41.1510947),(-13.3998453,5.0000000,-41.1895750),(-13.1953224,5.0000000,-41.1066943),(-13.3998453,5.0000000,-41.1895750),(-13.5070677,5.0000000,-41.2221353),(-13.1953224,5.0000000,-41.1066943),(-13.5070677,5.0000000,-41.2221353),(-13.6175974,5.0000000,-41.2487755),(-13.1953224,5.0000000,-41.1066943),(-13.6175974,5.0000000,-41.2487755),(-13.7314343,5.0000000,-41.2694957),(-13.1953224,5.0000000,-41.1066943),(-13.7314343,5.0000000,-41.2694957),(-13.8485786,5.0000000,-41.2842959),(-13.1953224,5.0000000,-41.1066943),(-13.8485786,5.0000000,-41.2842959),(-13.9690302,5.0000000,-41.2931759),(-13.1953224,5.0000000,-41.1066943),(-13.9690302,5.0000000,-41.2931759),(-14.0927890,5.0000000,-41.2961360),(-13.1953224,5.0000000,-41.1066943),(-14.0927890,5.0000000,-41.2961360),(-14.2173912,5.0000000,-41.2918034),(-13.1953224,5.0000000,-41.1066943),(-14.2173912,5.0000000,-41.2918034),(-14.3409021,5.0000000,-41.2788058),(-13.1953224,5.0000000,-41.1066943),(-14.3409021,5.0000000,-41.2788058),(-14.4633215,5.0000000,-41.2571430),(-13.1953224,5.0000000,-41.1066943),(-14.4633215,5.0000000,-41.2571430),(-14.5846495,5.0000000,-41.2268151),(-13.1953224,5.0000000,-41.1066943),(-14.5846495,5.0000000,-41.2268151),(-14.7048860,5.0000000,-41.1878222),(-13.1953224,5.0000000,-41.1066943),(-14.7048860,5.0000000,-41.1878222),(-14.8240312,5.0000000,-41.1401641),(-13.1953224,5.0000000,-41.1066943),(-14.8240312,5.0000000,-41.1401641),(-14.9420850,5.0000000,-41.0838409),(-13.1953224,5.0000000,-41.1066943),(-14.9420850,5.0000000,-41.0838409),(-15.0590474,5.0000000,-41.0188526),(-13.1953224,5.0000000,-41.1066943),(-15.0590474,5.0000000,-41.0188526),(-15.1721567,5.0000000,-40.9466875),(-13.1953224,5.0000000,-41.1066943),(-15.1721567,5.0000000,-40.9466875),(-15.2791807,5.0000000,-40.8683047),(-13.1953224,5.0000000,-41.1066943),(-15.2791807,5.0000000,-40.8683047),(-15.3801192,5.0000000,-40.7837042),(-13.1953224,5.0000000,-41.1066943),(-15.3801192,5.0000000,-40.7837042),(-15.4749724,5.0000000,-40.6928860),(-13.1953224,5.0000000,-41.1066943),(-15.4749724,5.0000000,-40.6928860),(-15.5637401,5.0000000,-40.5958500),(-15.5637401,5.0000000,-40.5958500),(-15.6464224,5.0000000,-40.4925964),(-15.7230192,5.0000000,-40.3831250),(-15.5637401,5.0000000,-40.5958500),(-15.7230192,5.0000000,-40.3831250),(-15.7935307,5.0000000,-40.2674360),(-15.5637401,5.0000000,-40.5958500),(-15.7935307,5.0000000,-40.2674360),(-15.8567827,5.0000000,-40.1476293),(-15.5637401,5.0000000,-40.5958500),(-15.8567827,5.0000000,-40.1476293),(-15.9116010,5.0000000,-40.0252761),(-15.5637401,5.0000000,-40.5958500),(-15.9116010,5.0000000,-40.0252761),(-15.9579858,5.0000000,-39.9003762),(-15.5637401,5.0000000,-40.5958500),(-15.9579858,5.0000000,-39.9003762),(-15.9959370,5.0000000,-39.7729297),(-15.5637401,5.0000000,-40.5958500),(-15.9959370,5.0000000,-39.7729297),(-16.0254545,5.0000000,-39.6429366),(-15.5637401,5.0000000,-40.5958500),(-16.0254545,5.0000000,-39.6429366),(-16.0465385,5.0000000,-39.5103969),(-15.5637401,5.0000000,-40.5958500),(-16.0465385,5.0000000,-39.5103969),(-16.0591889,5.0000000,-39.3753106),(-15.5637401,5.0000000,-40.5958500),(-16.0591889,5.0000000,-39.3753106),(-16.0634057,5.0000000,-39.2376776),(-15.5637401,5.0000000,-40.5958500),(-16.0634057,5.0000000,-39.2376776),(-16.0592054,5.0000000,-39.0996147),(-15.5637401,5.0000000,-40.5958500),(-16.0592054,5.0000000,-39.0996147),(-16.0466047,5.0000000,-38.9642969),(-15.5637401,5.0000000,-40.5958500),(-16.0466047,5.0000000,-38.9642969),(-16.0256034,5.0000000,-38.8317241),(-15.5637401,5.0000000,-40.5958500),(-16.0256034,5.0000000,-38.8317241),(-15.9962015,5.0000000,-38.7018964),(-15.5637401,5.0000000,-40.5958500),(-15.9962015,5.0000000,-38.7018964),(-15.9583992,5.0000000,-38.5748137),(-15.5637401,5.0000000,-40.5958500),(-15.9583992,5.0000000,-38.5748137),(-15.9121963,5.0000000,-38.4504761),(-15.5637401,5.0000000,-40.5958500),(-15.9121963,5.0000000,-38.4504761),(-15.8575929,5.0000000,-38.3288835),(-15.5637401,5.0000000,-40.5958500),(-15.8575929,5.0000000,-38.3288835),(-15.7945890,5.0000000,-38.2100360),(-15.7945890,5.0000000,-38.2100360),(-15.4262890,5.0000000,-38.4185276),(-15.4756504,5.0000000,-38.5132650),(-15.7945890,5.0000000,-38.2100360),(-15.4756504,5.0000000,-38.5132650),(-15.5184302,5.0000000,-38.6101521),(-15.7945890,5.0000000,-38.2100360),(-15.5184302,5.0000000,-38.6101521),(-15.5546285,5.0000000,-38.7091890),(-15.7945890,5.0000000,-38.2100360),(-15.5546285,5.0000000,-38.7091890),(-15.5842453,5.0000000,-38.8103755),(-15.7945890,5.0000000,-38.2100360),(-15.5842453,5.0000000,-38.8103755),(-15.6072806,5.0000000,-38.9137119),(-15.7945890,5.0000000,-38.2100360),(-15.6072806,5.0000000,-38.9137119),(-15.6237343,5.0000000,-39.0191979),(-15.7945890,5.0000000,-38.2100360),(-15.6237343,5.0000000,-39.0191979),(-15.6336066,5.0000000,-39.1268338),(-15.7945890,5.0000000,-38.2100360),(-15.6336066,5.0000000,-39.1268338),(-15.6368974,5.0000000,-39.2366193),(-15.7945890,5.0000000,-38.2100360),(-15.6368974,5.0000000,-39.2366193),(-15.6335570,5.0000000,-39.3464379),(-15.5637401,5.0000000,-40.5958500),(-15.7945890,5.0000000,-38.2100360),(-15.6335570,5.0000000,-39.3464379),(-15.5637401,5.0000000,-40.5958500),(-15.6335570,5.0000000,-39.3464379),(-15.6235359,5.0000000,-39.4541729),(-15.5637401,5.0000000,-40.5958500),(-15.6235359,5.0000000,-39.4541729),(-15.6068341,5.0000000,-39.5598244),(-15.5637401,5.0000000,-40.5958500),(-15.6068341,5.0000000,-39.5598244),(-15.5834515,5.0000000,-39.6633922),(-15.5637401,5.0000000,-40.5958500),(-15.5834515,5.0000000,-39.6633922),(-15.5533883,5.0000000,-39.7648765),(-15.5637401,5.0000000,-40.5958500),(-15.5533883,5.0000000,-39.7648765),(-15.5166442,5.0000000,-39.8642771),(-15.5637401,5.0000000,-40.5958500),(-15.5166442,5.0000000,-39.8642771),(-15.4732195,5.0000000,-39.9615942),(-15.5637401,5.0000000,-40.5958500),(-15.4732195,5.0000000,-39.9615942),(-15.4231140,5.0000000,-40.0568276),(-15.5637401,5.0000000,-40.5958500),(-15.4231140,5.0000000,-40.0568276),(-15.3672704,5.0000000,-40.1487703),(-15.5637401,5.0000000,-40.5958500),(-15.3672704,5.0000000,-40.1487703),(-15.3066312,5.0000000,-40.2356860),(-15.5637401,5.0000000,-40.5958500),(-15.3066312,5.0000000,-40.2356860),(-15.2411965,5.0000000,-40.3175745),(-15.5637401,5.0000000,-40.5958500),(-15.2411965,5.0000000,-40.3175745),(-15.1709661,5.0000000,-40.3944360),(-15.5637401,5.0000000,-40.5958500),(-15.1709661,5.0000000,-40.3944360),(-15.0959402,5.0000000,-40.4662703),(-15.5637401,5.0000000,-40.5958500),(-15.0959402,5.0000000,-40.4662703),(-15.0161187,5.0000000,-40.5330776),(-15.5637401,5.0000000,-40.5958500),(-15.0161187,5.0000000,-40.5330776),(-14.9315017,5.0000000,-40.5948578),(-15.5637401,5.0000000,-40.5958500),(-14.9315017,5.0000000,-40.5948578),(-14.8420890,5.0000000,-40.6516110),(-15.5637401,5.0000000,-40.5958500),(-14.8420890,5.0000000,-40.6516110),(-14.7500140,5.0000000,-40.7027086),(-15.5637401,5.0000000,-40.5958500),(-14.7500140,5.0000000,-40.7027086),(-14.6574099,5.0000000,-40.7469933),(-15.5637401,5.0000000,-40.5958500),(-14.6574099,5.0000000,-40.7469933),(-14.5642765,5.0000000,-40.7844649),(-15.5637401,5.0000000,-40.5958500),(-14.5642765,5.0000000,-40.7844649),(-14.4706140,5.0000000,-40.8151235),(-15.5637401,5.0000000,-40.5958500),(-14.4706140,5.0000000,-40.8151235),(-14.3764224,5.0000000,-40.8389690),(-13.1953224,5.0000000,-41.1066943),(-15.5637401,5.0000000,-40.5958500),(-14.3764224,5.0000000,-40.8389690),(-13.1953224,5.0000000,-41.1066943),(-14.3764224,5.0000000,-40.8389690),(-14.2817015,5.0000000,-40.8560016),(-13.1953224,5.0000000,-41.1066943),(-14.2817015,5.0000000,-40.8560016),(-14.1864515,5.0000000,-40.8662211),(-13.1953224,5.0000000,-41.1066943),(-14.1864515,5.0000000,-40.8662211),(-14.0906724,5.0000000,-40.8696276),(-13.1953224,5.0000000,-41.1066943),(-14.0906724,5.0000000,-40.8696276),(-14.0843224,5.0000000,-40.8696276),(-13.1953224,5.0000000,-41.1066943),(-14.0843224,5.0000000,-40.8696276),(-13.9906103,5.0000000,-40.8675440),(-13.1953224,5.0000000,-41.1066943),(-13.9906103,5.0000000,-40.8675440),(-13.8994448,5.0000000,-40.8612933),(-13.1953224,5.0000000,-41.1066943),(-13.8994448,5.0000000,-40.8612933),(-13.8108259,5.0000000,-40.8508753),(-13.1953224,5.0000000,-41.1066943),(-13.8108259,5.0000000,-40.8508753),(-13.7247536,5.0000000,-40.8362901),(-13.1953224,5.0000000,-41.1066943),(-13.7247536,5.0000000,-40.8362901),(-13.6412280,5.0000000,-40.8175378),(-13.1953224,5.0000000,-41.1066943),(-13.6412280,5.0000000,-40.8175378),(-13.5602489,5.0000000,-40.7946183),(-13.1953224,5.0000000,-41.1066943),(-13.5602489,5.0000000,-40.7946183),(-13.4818165,5.0000000,-40.7675315),(-13.1953224,5.0000000,-41.1066943),(-13.4818165,5.0000000,-40.7675315),(-13.4059307,5.0000000,-40.7362776),(-15.4082974,5.0000000,-36.3812360),(-13.1953224,5.0000000,-41.1066943),(-13.4059307,5.0000000,-40.7362776),(-15.4082974,5.0000000,-36.3812360),(-13.4059307,5.0000000,-40.7362776),(-15.0103640,5.0000000,-37.9412193),(-15.4082974,5.0000000,-36.3812360),(-15.0103640,5.0000000,-37.9412193),(-15.1308156,5.0000000,-38.0440761),(-15.3839061,5.0000000,-38.3492564),(-15.4262890,5.0000000,-38.4185276),(-15.7945890,5.0000000,-38.2100360),(-15.3387781,5.0000000,-38.2827302),(-15.3839061,5.0000000,-38.3492564),(-15.7945890,5.0000000,-38.2100360),(-15.2402870,5.0000000,-38.1579130),(-15.3387781,5.0000000,-38.2827302),(-15.7945890,5.0000000,-38.2100360),(-15.1308156,5.0000000,-38.0440761),(-15.2402870,5.0000000,-38.1579130),(-15.7945890,5.0000000,-38.2100360),(-15.1308156,5.0000000,-38.0440761),(-15.7945890,5.0000000,-38.2100360),(-15.7366453,5.0000000,-38.1149844),(-15.1308156,5.0000000,-38.0440761),(-15.7366453,5.0000000,-38.1149844),(-15.6749974,5.0000000,-38.0240339),(-15.1308156,5.0000000,-38.0440761),(-15.6749974,5.0000000,-38.0240339),(-15.6096453,5.0000000,-37.9371844),(-15.1308156,5.0000000,-38.0440761),(-15.6096453,5.0000000,-37.9371844),(-15.5405890,5.0000000,-37.8544360),(-15.1308156,5.0000000,-38.0440761),(-15.5405890,5.0000000,-37.8544360),(-15.4678286,5.0000000,-37.7757886),(-15.1308156,5.0000000,-38.0440761),(-15.4678286,5.0000000,-37.7757886),(-15.3913640,5.0000000,-37.7012422),(-15.1308156,5.0000000,-38.0440761),(-15.3913640,5.0000000,-37.7012422),(-15.3111953,5.0000000,-37.6307969),(-15.1308156,5.0000000,-38.0440761),(-15.3111953,5.0000000,-37.6307969),(-15.2273224,5.0000000,-37.5644526),(-15.4082974,5.0000000,-36.3812360),(-15.1308156,5.0000000,-38.0440761),(-15.2273224,5.0000000,-37.5644526),(-15.4082974,5.0000000,-36.3812360),(-15.2273224,5.0000000,-37.5644526),(-15.7829474,5.0000000,-36.5939610),(-15.4082974,5.0000000,-36.3812360),(-15.7829474,5.0000000,-36.5939610),(-15.8104640,5.0000000,-36.4923610),(-15.4082974,5.0000000,-36.3812360),(-15.8104640,5.0000000,-36.4923610),(-15.8041140,5.0000000,-36.4320360),(-15.4082974,5.0000000,-36.3812360),(-15.8041140,5.0000000,-36.4320360),(-15.7649557,5.0000000,-36.3550422),(-15.4082974,5.0000000,-36.3812360),(-15.7649557,5.0000000,-36.3550422),(-15.7025140,5.0000000,-36.2997443),(-15.4082974,5.0000000,-36.3812360),(-15.7025140,5.0000000,-36.2997443),(-15.5977390,5.0000000,-36.2722276),(-15.4082974,5.0000000,-36.3812360),(-15.5977390,5.0000000,-36.2722276),(-15.5374140,5.0000000,-36.2796360),(-15.4082974,5.0000000,-36.3812360),(-15.5374140,5.0000000,-36.2796360),(-15.4649182,5.0000000,-36.3150901),(-9.8954390,5.0000000,-39.5276610),(-9.8478140,5.0000000,-39.5763443),(-9.7917554,5.0000000,-39.6539168),(-9.8954390,5.0000000,-39.5276610),(-9.7917554,5.0000000,-39.6539168),(-9.7431713,5.0000000,-39.7352927),(-9.8954390,5.0000000,-39.5276610),(-9.7431713,5.0000000,-39.7352927),(-9.7020617,5.0000000,-39.8204720),(-9.8954390,5.0000000,-39.5276610),(-9.7020617,5.0000000,-39.8204720),(-9.6684265,5.0000000,-39.9094547),(-9.8954390,5.0000000,-39.5276610),(-9.6684265,5.0000000,-39.9094547),(-9.6422659,5.0000000,-40.0022408),(-9.8954390,5.0000000,-39.5276610),(-9.6422659,5.0000000,-40.0022408),(-9.6235797,5.0000000,-40.0988302),(-9.8954390,5.0000000,-39.5276610),(-9.6235797,5.0000000,-40.0988302),(-9.6123679,5.0000000,-40.1992231),(-9.8954390,5.0000000,-39.5276610),(-9.6123679,5.0000000,-40.1992231),(-9.6086307,5.0000000,-40.3034193),(-9.8954390,5.0000000,-39.5276610),(-9.6086307,5.0000000,-40.3034193),(-9.6123514,5.0000000,-40.4075328),(-9.8954390,5.0000000,-39.5276610),(-9.6123514,5.0000000,-40.4075328),(-9.6235135,5.0000000,-40.5071485),(-9.8954390,5.0000000,-39.5276610),(-9.6235135,5.0000000,-40.5071485),(-9.6421170,5.0000000,-40.6022662),(-9.8954390,5.0000000,-39.5276610),(-9.6421170,5.0000000,-40.6022662),(-9.6681620,5.0000000,-40.6928860),(-9.8954390,5.0000000,-39.5276610),(-9.6681620,5.0000000,-40.6928860),(-9.7016483,5.0000000,-40.7790078),(-9.8954390,5.0000000,-39.5276610),(-9.7016483,5.0000000,-40.7790078),(-9.7425760,5.0000000,-40.8606318),(-9.8954390,5.0000000,-39.5276610),(-9.7425760,5.0000000,-40.8606318),(-9.7909452,5.0000000,-40.9377578),(-9.8954390,5.0000000,-39.5276610),(-9.7909452,5.0000000,-40.9377578),(-9.8467557,5.0000000,-41.0103860),(-9.8954390,5.0000000,-39.5276610),(-9.8467557,5.0000000,-41.0103860),(-9.9085028,5.0000000,-41.0763664),(-9.8954390,5.0000000,-39.5276610),(-9.9085028,5.0000000,-41.0763664),(-9.9752109,5.0000000,-41.1335495),(-9.8954390,5.0000000,-39.5276610),(-9.9752109,5.0000000,-41.1335495),(-10.0468799,5.0000000,-41.1819352),(-9.8954390,5.0000000,-39.5276610),(-10.0468799,5.0000000,-41.1819352),(-10.1235099,5.0000000,-41.2215235),(-10.1235099,5.0000000,-41.2215235),(-10.2051008,5.0000000,-41.2523143),(-10.2916526,5.0000000,-41.2743078),(-10.1235099,5.0000000,-41.2215235),(-10.2916526,5.0000000,-41.2743078),(-10.3831653,5.0000000,-41.2875039),(-10.1235099,5.0000000,-41.2215235),(-10.3831653,5.0000000,-41.2875039),(-10.4796390,5.0000000,-41.2919026),(-10.1235099,5.0000000,-41.2215235),(-10.4796390,5.0000000,-41.2919026),(-10.5751536,5.0000000,-41.2875205),(-10.1235099,5.0000000,-41.2215235),(-10.5751536,5.0000000,-41.2875205),(-10.6664349,5.0000000,-41.2743740),(-10.1235099,5.0000000,-41.2215235),(-10.6664349,5.0000000,-41.2743740),(-10.7534828,5.0000000,-41.2524632),(-10.1235099,5.0000000,-41.2215235),(-10.7534828,5.0000000,-41.2524632),(-10.8362974,5.0000000,-41.2217880),(-10.1235099,5.0000000,-41.2215235),(-10.8362974,5.0000000,-41.2217880),(-10.9148786,5.0000000,-41.1823486),(-10.1235099,5.0000000,-41.2215235),(-10.9148786,5.0000000,-41.1823486),(-10.9892265,5.0000000,-41.1341448),(-10.1235099,5.0000000,-41.2215235),(-10.9892265,5.0000000,-41.1341448),(-11.0593411,5.0000000,-41.0771767),(-10.1235099,5.0000000,-41.2215235),(-11.0593411,5.0000000,-41.0771767),(-11.1252224,5.0000000,-41.0114443),(-10.1235099,5.0000000,-41.2215235),(-11.1252224,5.0000000,-41.0114443),(-11.1850017,5.0000000,-40.9390311),(-10.1235099,5.0000000,-41.2215235),(-11.1850017,5.0000000,-40.9390311),(-11.2368104,5.0000000,-40.8620209),(-10.1235099,5.0000000,-41.2215235),(-11.2368104,5.0000000,-40.8620209),(-11.2806485,5.0000000,-40.7804134),(-10.1235099,5.0000000,-41.2215235),(-11.2806485,5.0000000,-40.7804134),(-11.3165161,5.0000000,-40.6942089),(-10.1235099,5.0000000,-41.2215235),(-11.3165161,5.0000000,-40.6942089),(-11.3444131,5.0000000,-40.6034072),(-10.1235099,5.0000000,-41.2215235),(-11.3444131,5.0000000,-40.6034072),(-11.3643396,5.0000000,-40.5080084),(-10.1235099,5.0000000,-41.2215235),(-11.3643396,5.0000000,-40.5080084),(-11.3762954,5.0000000,-40.4080124),(-11.3762954,5.0000000,-40.4080124),(-11.3802807,5.0000000,-40.3034193),(-11.3649349,5.0000000,-40.2211339),(-11.3762954,5.0000000,-40.4080124),(-11.3649349,5.0000000,-40.2211339),(-11.3188974,5.0000000,-40.1520776),(-11.3762954,5.0000000,-40.4080124),(-11.3188974,5.0000000,-40.1520776),(-11.2506349,5.0000000,-40.1052464),(-11.3762954,5.0000000,-40.4080124),(-11.2506349,5.0000000,-40.1052464),(-11.1686140,5.0000000,-40.0896360),(-11.3762954,5.0000000,-40.4080124),(-11.1686140,5.0000000,-40.0896360),(-11.0857995,5.0000000,-40.1052464),(-11.3762954,5.0000000,-40.4080124),(-11.0857995,5.0000000,-40.1052464),(-11.0172724,5.0000000,-40.1520776),(-11.3762954,5.0000000,-40.4080124),(-11.0172724,5.0000000,-40.1520776),(-10.9712349,5.0000000,-40.2211339),(-11.3762954,5.0000000,-40.4080124),(-10.9712349,5.0000000,-40.2211339),(-10.9558890,5.0000000,-40.3034193),(-11.3762954,5.0000000,-40.4080124),(-10.9558890,5.0000000,-40.3034193),(-10.9472239,5.0000000,-40.4296917),(-11.3762954,5.0000000,-40.4080124),(-10.9472239,5.0000000,-40.4296917),(-10.9212286,5.0000000,-40.5407505),(-11.3762954,5.0000000,-40.4080124),(-10.9212286,5.0000000,-40.5407505),(-10.8779031,5.0000000,-40.6365959),(-11.3762954,5.0000000,-40.4080124),(-10.8779031,5.0000000,-40.6365959),(-10.8172474,5.0000000,-40.7172276),(-11.3762954,5.0000000,-40.4080124),(-10.8172474,5.0000000,-40.7172276),(-10.7457437,5.0000000,-40.7820505),(-10.1235099,5.0000000,-41.2215235),(-11.3762954,5.0000000,-40.4080124),(-10.7457437,5.0000000,-40.7820505),(-10.1235099,5.0000000,-41.2215235),(-10.7457437,5.0000000,-40.7820505),(-10.6656411,5.0000000,-40.8283526),(-10.1235099,5.0000000,-41.2215235),(-10.6656411,5.0000000,-40.8283526),(-10.5769396,5.0000000,-40.8561339),(-10.1235099,5.0000000,-41.2215235),(-10.5769396,5.0000000,-40.8561339),(-10.4796390,5.0000000,-40.8653943),(-10.1235099,5.0000000,-41.2215235),(-10.4796390,5.0000000,-40.8653943),(-10.3857781,5.0000000,-40.8562000),(-10.1235099,5.0000000,-41.2215235),(-10.3857781,5.0000000,-40.8562000),(-10.3010453,5.0000000,-40.8286172),(-10.1235099,5.0000000,-41.2215235),(-10.3010453,5.0000000,-40.8286172),(-10.2254406,5.0000000,-40.7826459),(-10.1235099,5.0000000,-41.2215235),(-10.2254406,5.0000000,-40.7826459),(-10.1589640,5.0000000,-40.7182860),(-10.1235099,5.0000000,-41.2215235),(-10.1589640,5.0000000,-40.7182860),(-10.1047906,5.0000000,-40.6371912),(-10.1235099,5.0000000,-41.2215235),(-10.1047906,5.0000000,-40.6371912),(-10.0660953,5.0000000,-40.5410151),(-10.1235099,5.0000000,-41.2215235),(-10.0660953,5.0000000,-40.5410151),(-10.0428781,5.0000000,-40.4297578),(-9.8954390,5.0000000,-39.5276610),(-10.1235099,5.0000000,-41.2215235),(-10.0428781,5.0000000,-40.4297578),(-9.8954390,5.0000000,-39.5276610),(-10.0428781,5.0000000,-40.4297578),(-10.0351390,5.0000000,-40.3034193),(-9.8954390,5.0000000,-39.5276610),(-10.0351390,5.0000000,-40.3034193),(-10.0428120,5.0000000,-40.1753610),(-9.8954390,5.0000000,-39.5276610),(-10.0428120,5.0000000,-40.1753610),(-10.0658307,5.0000000,-40.0600026),(-9.8954390,5.0000000,-39.5276610),(-10.0658307,5.0000000,-40.0600026),(-10.1041953,5.0000000,-39.9573443),(-9.8954390,5.0000000,-39.5276610),(-10.1041953,5.0000000,-39.9573443),(-10.1579057,5.0000000,-39.8673860),(-9.8954390,5.0000000,-39.5276610),(-10.1579057,5.0000000,-39.8673860),(-10.2201489,5.0000000,-39.8025630),(-9.8110370,5.0000000,-39.4514610),(-9.8954390,5.0000000,-39.5276610),(-10.2201489,5.0000000,-39.8025630),(-9.8110370,5.0000000,-39.4514610),(-10.2201489,5.0000000,-39.8025630),(-10.2894036,5.0000000,-39.7562610),(-9.8110370,5.0000000,-39.4514610),(-10.2894036,5.0000000,-39.7562610),(-10.3656698,5.0000000,-39.7284797),(-9.8110370,5.0000000,-39.4514610),(-10.3656698,5.0000000,-39.7284797),(-10.4489474,5.0000000,-39.7192193),(-9.8110370,5.0000000,-39.4514610),(-10.4489474,5.0000000,-39.7192193),(-10.4912807,5.0000000,-39.7192193),(-9.8110370,5.0000000,-39.4514610),(-10.4912807,5.0000000,-39.7192193),(-10.5579557,5.0000000,-39.7192193),(-9.8110370,5.0000000,-39.4514610),(-10.5579557,5.0000000,-39.7192193),(-10.6394474,5.0000000,-39.7036089),(-9.8110370,5.0000000,-39.4514610),(-10.6394474,5.0000000,-39.7036089),(-10.7082390,5.0000000,-39.6567776),(-9.8110370,5.0000000,-39.4514610),(-10.7082390,5.0000000,-39.6567776),(-10.7550703,5.0000000,-39.5882505),(-9.8110370,5.0000000,-39.4514610),(-10.7550703,5.0000000,-39.5882505),(-10.7706807,5.0000000,-39.5075526),(-9.8110370,5.0000000,-39.4514610),(-10.7706807,5.0000000,-39.5075526),(-10.7550703,5.0000000,-39.4265901),(-9.8110370,5.0000000,-39.4514610),(-10.7550703,5.0000000,-39.4265901),(-10.7082390,5.0000000,-39.3572693),(-9.8110370,5.0000000,-39.4514610),(-10.7082390,5.0000000,-39.3572693),(-10.6394474,5.0000000,-39.3096443),(-9.8110370,5.0000000,-39.4514610),(-10.6394474,5.0000000,-39.3096443),(-10.5579557,5.0000000,-39.2937693),(-9.8110370,5.0000000,-39.4514610),(-10.5579557,5.0000000,-39.2937693),(-10.4912807,5.0000000,-39.2937693),(-9.8110370,5.0000000,-39.4514610),(-10.4912807,5.0000000,-39.2937693),(-10.3609073,5.0000000,-39.2798125),(-9.8110370,5.0000000,-39.4514610),(-10.3609073,5.0000000,-39.2798125),(-10.2428370,5.0000000,-39.2379422),(-9.8110370,5.0000000,-39.4514610),(-10.2428370,5.0000000,-39.2379422),(-10.1370698,5.0000000,-39.1681584),(-9.8110370,5.0000000,-39.4514610),(-10.1370698,5.0000000,-39.1681584),(-10.0436057,5.0000000,-39.0704610),(-9.8110370,5.0000000,-39.4514610),(-10.0436057,5.0000000,-39.0704610),(-9.9667442,5.0000000,-38.9492818),(-9.8110370,5.0000000,-39.4514610),(-9.9667442,5.0000000,-38.9492818),(-9.9118432,5.0000000,-38.8090526),(-9.8110370,5.0000000,-39.4514610),(-9.9118432,5.0000000,-38.8090526),(-9.8789026,5.0000000,-38.6497735),(-9.8110370,5.0000000,-39.4514610),(-9.8789026,5.0000000,-38.6497735),(-9.8706674,5.0000000,-38.5629901),(-9.8110370,5.0000000,-39.4514610),(-9.8706674,5.0000000,-38.5629901),(-9.8679224,5.0000000,-38.4714443),(-9.8110370,5.0000000,-39.4514610),(-9.8679224,5.0000000,-38.4714443),(-9.8707005,5.0000000,-38.3807584),(-11.0897021,5.0000000,-38.4359405),(-11.0924140,5.0000000,-38.5360026),(-11.1082890,5.0000000,-38.6180235),(-11.0815661,5.0000000,-38.3416000),(-11.0897021,5.0000000,-38.4359405),(-11.1082890,5.0000000,-38.6180235),(-11.0815661,5.0000000,-38.3416000),(-11.1082890,5.0000000,-38.6180235),(-11.1559140,5.0000000,-38.6862860),(-11.0680062,5.0000000,-38.2529811),(-11.0815661,5.0000000,-38.3416000),(-11.1559140,5.0000000,-38.6862860),(-11.0680062,5.0000000,-38.2529811),(-11.1559140,5.0000000,-38.6862860),(-11.2252349,5.0000000,-38.7323235),(-11.0490224,5.0000000,-38.1700839),(-11.0680062,5.0000000,-38.2529811),(-11.2252349,5.0000000,-38.7323235),(-11.0490224,5.0000000,-38.1700839),(-11.2252349,5.0000000,-38.7323235),(-11.3083140,5.0000000,-38.7476693),(-10.9947828,5.0000000,-38.0214542),(-11.0490224,5.0000000,-38.1700839),(-11.3083140,5.0000000,-38.7476693),(-10.9947828,5.0000000,-38.0214542),(-11.3083140,5.0000000,-38.7476693),(-11.3911286,5.0000000,-38.7323235),(-10.9947828,5.0000000,-38.0214542),(-11.3911286,5.0000000,-38.7323235),(-11.4596557,5.0000000,-38.6862860),(-10.9188474,5.0000000,-37.8957110),(-10.9947828,5.0000000,-38.0214542),(-11.4596557,5.0000000,-38.6862860),(-10.9188474,5.0000000,-37.8957110),(-11.4596557,5.0000000,-38.6862860),(-11.5056932,5.0000000,-38.6180235),(-10.9188474,5.0000000,-37.8957110),(-11.5056932,5.0000000,-38.6180235),(-11.5210390,5.0000000,-38.5360026),(-10.8282937,5.0000000,-37.7961615),(-10.9188474,5.0000000,-37.8957110),(-11.5210390,5.0000000,-38.5360026),(-10.8282937,5.0000000,-37.7961615),(-11.5210390,5.0000000,-38.5360026),(-11.5166238,5.0000000,-38.3990311),(-10.8282937,5.0000000,-37.7961615),(-11.5166238,5.0000000,-38.3990311),(-11.5033781,5.0000000,-38.2680459),(-10.8282937,5.0000000,-37.7961615),(-11.5033781,5.0000000,-38.2680459),(-11.4813019,5.0000000,-38.1430468),(-10.7249078,5.0000000,-37.7250547),(-10.8282937,5.0000000,-37.7961615),(-11.4813019,5.0000000,-38.1430468),(-10.7249078,5.0000000,-37.7250547),(-11.4813019,5.0000000,-38.1430468),(-11.4503953,5.0000000,-38.0240339),(-10.7249078,5.0000000,-37.7250547),(-11.4503953,5.0000000,-38.0240339),(-11.4106582,5.0000000,-37.9110072),(-10.6086896,5.0000000,-37.6823907),(-10.7249078,5.0000000,-37.7250547),(-11.4106582,5.0000000,-37.9110072),(-10.6086896,5.0000000,-37.6823907),(-11.4106582,5.0000000,-37.9110072),(-11.3620906,5.0000000,-37.8039667),(-10.6086896,5.0000000,-37.6823907),(-11.3620906,5.0000000,-37.8039667),(-11.3046926,5.0000000,-37.7029124),(-10.4796390,5.0000000,-37.6681693),(-10.6086896,5.0000000,-37.6823907),(-11.3046926,5.0000000,-37.7029124),(-10.4796390,5.0000000,-37.6681693),(-11.3046926,5.0000000,-37.7029124),(-11.2384640,5.0000000,-37.6078443),(-10.4796390,5.0000000,-37.6681693),(-11.2384640,5.0000000,-37.6078443),(-11.1664147,5.0000000,-37.5222681),(-10.3560786,5.0000000,-37.6815969),(-10.4796390,5.0000000,-37.6681693),(-11.1664147,5.0000000,-37.5222681),(-10.3560786,5.0000000,-37.6815969),(-11.1664147,5.0000000,-37.5222681),(-11.0878500,5.0000000,-37.4481021),(-10.3560786,5.0000000,-37.6815969),(-11.0878500,5.0000000,-37.4481021),(-11.0027699,5.0000000,-37.3853463),(-10.2425724,5.0000000,-37.7218797),(-10.3560786,5.0000000,-37.6815969),(-11.0027699,5.0000000,-37.3853463),(-10.2425724,5.0000000,-37.7218797),(-11.0027699,5.0000000,-37.3853463),(-10.9111745,5.0000000,-37.3340005),(-10.2425724,5.0000000,-37.7218797),(-10.9111745,5.0000000,-37.3340005),(-10.8130636,5.0000000,-37.2940650),(-10.1391203,5.0000000,-37.7890177),(-10.2425724,5.0000000,-37.7218797),(-10.8130636,5.0000000,-37.2940650),(-10.1391203,5.0000000,-37.7890177),(-10.8130636,5.0000000,-37.2940650),(-10.7084375,5.0000000,-37.2655396),(-10.1391203,5.0000000,-37.7890177),(-10.7084375,5.0000000,-37.2655396),(-10.5972959,5.0000000,-37.2484244),(-10.0457224,5.0000000,-37.8830110),(-10.1391203,5.0000000,-37.7890177),(-10.5972959,5.0000000,-37.2484244),(-10.0457224,5.0000000,-37.8830110),(-10.5972959,5.0000000,-37.2484244),(-10.4796390,5.0000000,-37.2427193),(-10.0457224,5.0000000,-37.8830110),(-10.4796390,5.0000000,-37.2427193),(-10.3665131,5.0000000,-37.2482094),(-9.9679349,5.0000000,-38.0007505),(-10.0457224,5.0000000,-37.8830110),(-10.3665131,5.0000000,-37.2482094),(-9.9679349,5.0000000,-38.0007505),(-10.3665131,5.0000000,-37.2482094),(-10.2589104,5.0000000,-37.2646797),(-9.9123724,5.0000000,-38.1380693),(-9.9679349,5.0000000,-38.0007505),(-10.2589104,5.0000000,-37.2646797),(-9.9123724,5.0000000,-38.1380693),(-10.2589104,5.0000000,-37.2646797),(-10.1568308,5.0000000,-37.2921302),(-9.9123724,5.0000000,-38.1380693),(-10.1568308,5.0000000,-37.2921302),(-10.0602745,5.0000000,-37.3305610),(-9.8929255,5.0000000,-38.2140709),(-9.9123724,5.0000000,-38.1380693),(-10.0602745,5.0000000,-37.3305610),(-9.8929255,5.0000000,-38.2140709),(-10.0602745,5.0000000,-37.3305610),(-9.9692412,5.0000000,-37.3799719),(-9.8790349,5.0000000,-38.2949672),(-9.8929255,5.0000000,-38.2140709),(-9.9692412,5.0000000,-37.3799719),(-9.8790349,5.0000000,-38.2949672),(-9.9692412,5.0000000,-37.3799719),(-9.8837312,5.0000000,-37.4403630),(-9.8707005,5.0000000,-38.3807584),(-9.8790349,5.0000000,-38.2949672),(-9.8837312,5.0000000,-37.4403630),(-9.8110370,5.0000000,-39.4514610),(-9.8707005,5.0000000,-38.3807584),(-9.8837312,5.0000000,-37.4403630),(-9.8110370,5.0000000,-39.4514610),(-9.8837312,5.0000000,-37.4403630),(-9.8037444,5.0000000,-37.5117344),(-9.8110370,5.0000000,-39.4514610),(-9.8037444,5.0000000,-37.5117344),(-9.7292807,5.0000000,-37.5940860),(-9.8110370,5.0000000,-39.4514610),(-9.7292807,5.0000000,-37.5940860),(-9.6615639,5.0000000,-37.6853507),(-9.8110370,5.0000000,-39.4514610),(-9.6615639,5.0000000,-37.6853507),(-9.6028760,5.0000000,-37.7818740),(-9.8110370,5.0000000,-39.4514610),(-9.6028760,5.0000000,-37.7818740),(-9.5532170,5.0000000,-37.8836559),(-9.8110370,5.0000000,-39.4514610),(-9.5532170,5.0000000,-37.8836559),(-9.5125870,5.0000000,-37.9906964),(-9.8110370,5.0000000,-39.4514610),(-9.5125870,5.0000000,-37.9906964),(-9.4809858,5.0000000,-38.1029955),(-9.8110370,5.0000000,-39.4514610),(-9.4809858,5.0000000,-38.1029955),(-9.4584135,5.0000000,-38.2205532),(-9.8110370,5.0000000,-39.4514610),(-9.4584135,5.0000000,-38.2205532),(-9.4448702,5.0000000,-38.3433694),(-9.8110370,5.0000000,-39.4514610),(-9.4448702,5.0000000,-38.3433694),(-9.4403557,5.0000000,-38.4714443),(-9.8110370,5.0000000,-39.4514610),(-9.4403557,5.0000000,-38.4714443),(-9.4448371,5.0000000,-38.6008255),(-9.8110370,5.0000000,-39.4514610),(-9.4448371,5.0000000,-38.6008255),(-9.4582812,5.0000000,-38.7249151),(-9.8110370,5.0000000,-39.4514610),(-9.4582812,5.0000000,-38.7249151),(-9.4806881,5.0000000,-38.8437130),(-9.8110370,5.0000000,-39.4514610),(-9.4806881,5.0000000,-38.8437130),(-9.5120578,5.0000000,-38.9572193),(-9.8110370,5.0000000,-39.4514610),(-9.5120578,5.0000000,-38.9572193),(-9.5523902,5.0000000,-39.0654339),(-9.8110370,5.0000000,-39.4514610),(-9.5523902,5.0000000,-39.0654339),(-9.6016854,5.0000000,-39.1683568),(-9.8110370,5.0000000,-39.4514610),(-9.6016854,5.0000000,-39.1683568),(-9.6599433,5.0000000,-39.2659880),(-9.8110370,5.0000000,-39.4514610),(-9.6599433,5.0000000,-39.2659880),(-9.7271640,5.0000000,-39.3583276),(0.9473693,5.0000000,-39.0223068),(2.3295526,5.0000000,-37.2326651),(2.4017839,5.0000000,-37.1707526),(0.9473693,5.0000000,-39.0223068),(2.4017839,5.0000000,-37.1707526),(2.4935943,5.0000000,-37.1501151),(0.9473693,5.0000000,-39.0223068),(2.4935943,5.0000000,-37.1501151),(2.6258860,5.0000000,-37.1956235),(0.9473693,5.0000000,-39.0223068),(2.6258860,5.0000000,-37.1956235),(2.6901797,5.0000000,-37.2691776),(0.9473693,5.0000000,-39.0223068),(2.6901797,5.0000000,-37.2691776),(2.7116110,5.0000000,-37.3649568),(0.9473693,5.0000000,-39.0223068),(2.7116110,5.0000000,-37.3649568),(2.6671610,5.0000000,-37.4972485),(0.9473693,5.0000000,-39.0223068),(2.6671610,5.0000000,-37.4972485),(1.4913526,5.0000000,-39.0223068),(1.4913526,5.0000000,-39.0223068),(1.5770776,5.0000000,-39.0223068),(1.6963220,5.0000000,-39.0274166),(0.9473693,5.0000000,-39.0223068),(1.4913526,5.0000000,-39.0223068),(1.6963220,5.0000000,-39.0274166),(0.0837693,5.0000000,-39.0223068),(0.9473693,5.0000000,-39.0223068),(1.6963220,5.0000000,-39.0274166),(0.0837693,5.0000000,-39.0223068),(1.6963220,5.0000000,-39.0274166),(1.8101094,5.0000000,-39.0427459),(0.0837693,5.0000000,-39.0223068),(1.8101094,5.0000000,-39.0427459),(1.9184397,5.0000000,-39.0682947),(0.0837693,5.0000000,-39.0223068),(1.9184397,5.0000000,-39.0682947),(2.0213130,5.0000000,-39.1040630),(0.0837693,5.0000000,-39.0223068),(2.0213130,5.0000000,-39.1040630),(2.1187293,5.0000000,-39.1500509),(0.0837693,5.0000000,-39.0223068),(2.1187293,5.0000000,-39.1500509),(2.2106886,5.0000000,-39.2062584),(0.0837693,5.0000000,-39.0223068),(2.2106886,5.0000000,-39.2062584),(2.2971908,5.0000000,-39.2726853),(0.0837693,5.0000000,-39.0223068),(2.2971908,5.0000000,-39.2726853),(2.3782360,5.0000000,-39.3493318),(0.0837693,5.0000000,-39.0223068),(2.3782360,5.0000000,-39.3493318),(2.4546344,5.0000000,-39.4390586),(0.0837693,5.0000000,-39.0223068),(2.4546344,5.0000000,-39.4390586),(2.5208464,5.0000000,-39.5314974),(0.0837693,5.0000000,-39.0223068),(2.5208464,5.0000000,-39.5314974),(2.5768719,5.0000000,-39.6266482),(2.5768719,5.0000000,-39.6266482),(2.6227110,5.0000000,-39.7245110),(2.2271589,5.0000000,-39.8737360),(2.5768719,5.0000000,-39.6266482),(2.2271589,5.0000000,-39.8737360),(2.1626667,5.0000000,-39.7561287),(2.5768719,5.0000000,-39.6266482),(2.1626667,5.0000000,-39.7561287),(2.0723776,5.0000000,-39.6498985),(2.5768719,5.0000000,-39.6266482),(2.0723776,5.0000000,-39.6498985),(1.9624433,5.0000000,-39.5619245),(2.5768719,5.0000000,-39.6266482),(1.9624433,5.0000000,-39.5619245),(1.8432485,5.0000000,-39.4990860),(2.5768719,5.0000000,-39.6266482),(1.8432485,5.0000000,-39.4990860),(1.7147933,5.0000000,-39.4613828),(0.0837693,5.0000000,-39.0223068),(2.5768719,5.0000000,-39.6266482),(1.7147933,5.0000000,-39.4613828),(0.0837693,5.0000000,-39.0223068),(1.7147933,5.0000000,-39.4613828),(1.5770776,5.0000000,-39.4488151),(0.0837693,5.0000000,-39.0223068),(1.5770776,5.0000000,-39.4488151),(0.0837693,5.0000000,-39.4488151),(2.2658542,5.0000000,-40.0027203),(2.2271589,5.0000000,-39.8737360),(2.6227110,5.0000000,-39.7245110),(2.2787526,5.0000000,-40.1430818),(2.2658542,5.0000000,-40.0027203),(2.6227110,5.0000000,-39.7245110),(2.2658542,5.0000000,-40.2821203),(2.2787526,5.0000000,-40.1430818),(2.6227110,5.0000000,-39.7245110),(2.2271589,5.0000000,-40.4103110),(2.2658542,5.0000000,-40.2821203),(2.6227110,5.0000000,-39.7245110),(2.1626667,5.0000000,-40.5276537),(2.2271589,5.0000000,-40.4103110),(2.6227110,5.0000000,-39.7245110),(2.1626667,5.0000000,-40.5276537),(2.6227110,5.0000000,-39.7245110),(2.6583636,5.0000000,-39.8250857),(2.1626667,5.0000000,-40.5276537),(2.6583636,5.0000000,-39.8250857),(2.6838297,5.0000000,-39.9283724),(2.0723776,5.0000000,-40.6341485),(2.1626667,5.0000000,-40.5276537),(2.6838297,5.0000000,-39.9283724),(2.0723776,5.0000000,-40.6341485),(2.6838297,5.0000000,-39.9283724),(2.6991094,5.0000000,-40.0343711),(2.0723776,5.0000000,-40.6341485),(2.6991094,5.0000000,-40.0343711),(2.7042026,5.0000000,-40.1430818),(1.9652214,5.0000000,-40.7221224),(2.0723776,5.0000000,-40.6341485),(2.7042026,5.0000000,-40.1430818),(1.9652214,5.0000000,-40.7221224),(2.7042026,5.0000000,-40.1430818),(2.6991094,5.0000000,-40.2556951),(1.9652214,5.0000000,-40.7221224),(2.6991094,5.0000000,-40.2556951),(2.6838297,5.0000000,-40.3644058),(1.8480110,5.0000000,-40.7849610),(1.9652214,5.0000000,-40.7221224),(2.6838297,5.0000000,-40.3644058),(1.8480110,5.0000000,-40.7849610),(2.6838297,5.0000000,-40.3644058),(2.6583636,5.0000000,-40.4692138),(1.8480110,5.0000000,-40.7849610),(2.6583636,5.0000000,-40.4692138),(2.6227110,5.0000000,-40.5701193),(1.7207464,5.0000000,-40.8226641),(1.8480110,5.0000000,-40.7849610),(2.6227110,5.0000000,-40.5701193),(1.7207464,5.0000000,-40.8226641),(2.6227110,5.0000000,-40.5701193),(2.5768719,5.0000000,-40.6671222),(1.7207464,5.0000000,-40.8226641),(2.5768719,5.0000000,-40.6671222),(2.5208464,5.0000000,-40.7602224),(1.5834276,5.0000000,-40.8352318),(1.7207464,5.0000000,-40.8226641),(2.5208464,5.0000000,-40.7602224),(1.5834276,5.0000000,-40.8352318),(2.5208464,5.0000000,-40.7602224),(2.4546344,5.0000000,-40.8494201),(0.0837693,5.0000000,-40.8352318),(1.5834276,5.0000000,-40.8352318),(2.4546344,5.0000000,-40.8494201),(0.0837693,5.0000000,-40.8352318),(2.4546344,5.0000000,-40.8494201),(2.3782360,5.0000000,-40.9347151),(0.0837693,5.0000000,-40.8352318),(2.3782360,5.0000000,-40.9347151),(2.2911715,5.0000000,-41.0128499),(0.0837693,5.0000000,-40.8352318),(2.2911715,5.0000000,-41.0128499),(2.2003698,5.0000000,-41.0805667),(0.0837693,5.0000000,-40.8352318),(2.2003698,5.0000000,-41.0805667),(2.1058309,5.0000000,-41.1378655),(0.0837693,5.0000000,-40.8352318),(2.1058309,5.0000000,-41.1378655),(2.0075547,5.0000000,-41.1847464),(0.0837693,5.0000000,-40.8352318),(2.0075547,5.0000000,-41.1847464),(1.9055413,5.0000000,-41.2212093),(0.0837693,5.0000000,-40.8352318),(1.9055413,5.0000000,-41.2212093),(1.7997907,5.0000000,-41.2472542),(0.0837693,5.0000000,-40.8352318),(1.7997907,5.0000000,-41.2472542),(1.6903028,5.0000000,-41.2628811),(0.0837693,5.0000000,-40.8352318),(1.6903028,5.0000000,-41.2628811),(1.5770776,5.0000000,-41.2680901),(0.0837693,5.0000000,-40.8352318),(1.5770776,5.0000000,-41.2680901),(-0.1289557,5.0000000,-41.2680901),(0.0837693,5.0000000,-39.4488151),(0.0837693,5.0000000,-40.8352318),(-0.1289557,5.0000000,-41.2680901),(0.0837693,5.0000000,-39.0223068),(0.0837693,5.0000000,-39.4488151),(-0.1289557,5.0000000,-41.2680901),(0.0837693,5.0000000,-39.0223068),(-0.1289557,5.0000000,-41.2680901),(-0.2149453,5.0000000,-41.2514214),(0.0837693,5.0000000,-39.0223068),(-0.2149453,5.0000000,-41.2514214),(-0.2866474,5.0000000,-41.2014151),(0.0837693,5.0000000,-39.0223068),(-0.2866474,5.0000000,-41.2014151),(-0.3287161,5.0000000,-41.1270672),(0.0837693,5.0000000,-39.0223068),(-0.3287161,5.0000000,-41.1270672),(-0.3427390,5.0000000,-41.0479568),(0.0837693,5.0000000,-39.0223068),(-0.3427390,5.0000000,-41.0479568),(-0.3427390,5.0000000,-37.4210485),(0.0837693,5.0000000,-39.0223068),(-0.3427390,5.0000000,-37.4210485),(-0.3198526,5.0000000,-37.3377047),(0.0837693,5.0000000,-39.0223068),(-0.3198526,5.0000000,-37.3377047),(-0.2765932,5.0000000,-37.2781735),(0.0837693,5.0000000,-39.0223068),(-0.2765932,5.0000000,-37.2781735),(-0.1289557,5.0000000,-37.2305485),(0.0837693,5.0000000,-39.0223068),(-0.1289557,5.0000000,-37.2305485),(-0.0549385,5.0000000,-37.2424547),(0.0837693,5.0000000,-39.0223068),(-0.0549385,5.0000000,-37.2424547),(0.0051880,5.0000000,-37.2781735),(0.0837693,5.0000000,-39.0223068),(0.0051880,5.0000000,-37.2781735),(0.0837693,5.0000000,-37.4210485),(-1.3047640,5.0000000,-39.0275985),(-1.3068807,5.0000000,-37.4210485),(-1.2907411,5.0000000,-37.3390276),(-1.3047640,5.0000000,-39.0275985),(-1.2907411,5.0000000,-37.3390276),(-1.2423224,5.0000000,-37.2707651),(-1.3047640,5.0000000,-39.0275985),(-1.2423224,5.0000000,-37.2707651),(-1.1735307,5.0000000,-37.2247276),(-1.3047640,5.0000000,-39.0275985),(-1.1735307,5.0000000,-37.2247276),(-1.0962724,5.0000000,-37.2093818),(-1.3047640,5.0000000,-39.0275985),(-1.0962724,5.0000000,-37.2093818),(-1.0134578,5.0000000,-37.2247276),(-1.3047640,5.0000000,-39.0275985),(-1.0134578,5.0000000,-37.2247276),(-0.9449307,5.0000000,-37.2707651),(-1.3047640,5.0000000,-39.0275985),(-0.9449307,5.0000000,-37.2707651),(-0.8988932,5.0000000,-37.3390276),(-1.3047640,5.0000000,-39.0275985),(-0.8988932,5.0000000,-37.3390276),(-0.8835474,5.0000000,-37.4210485),(-1.3047640,5.0000000,-39.0275985),(-0.8835474,5.0000000,-37.4210485),(-0.8835474,5.0000000,-41.0479568),(-1.3047640,5.0000000,-39.0275985),(-0.8835474,5.0000000,-41.0479568),(-0.8988932,5.0000000,-41.1294485),(-1.3047640,5.0000000,-39.0275985),(-0.8988932,5.0000000,-41.1294485),(-0.9449307,5.0000000,-41.1982401),(-1.3047640,5.0000000,-39.0275985),(-0.9449307,5.0000000,-41.1982401),(-1.0123995,5.0000000,-41.2458651),(-1.3047640,5.0000000,-39.0275985),(-1.0123995,5.0000000,-41.2458651),(-1.0920390,5.0000000,-41.2617401),(-1.3047640,5.0000000,-39.0275985),(-1.0920390,5.0000000,-41.2617401),(-1.1740599,5.0000000,-41.2453360),(-1.3047640,5.0000000,-39.0275985),(-1.1740599,5.0000000,-41.2453360),(-1.2444390,5.0000000,-41.1961235),(-1.3047640,5.0000000,-39.0275985),(-1.2444390,5.0000000,-41.1961235),(-1.2912703,5.0000000,-41.1315651),(-1.3047640,5.0000000,-39.0275985),(-1.2912703,5.0000000,-41.1315651),(-1.3068807,5.0000000,-41.0479568),(-1.3047640,5.0000000,-39.0275985),(-1.3068807,5.0000000,-41.0479568),(-1.3068807,5.0000000,-39.4488151),(-3.5060974,5.0000000,-39.0275985),(-1.3047640,5.0000000,-39.0275985),(-1.3068807,5.0000000,-39.4488151),(-3.5060974,5.0000000,-39.0275985),(-1.3068807,5.0000000,-39.4488151),(-3.4997474,5.0000000,-39.4488151),(-3.5060974,5.0000000,-39.0275985),(-3.4997474,5.0000000,-39.4488151),(-3.4997474,5.0000000,-41.0479568),(-3.5060974,5.0000000,-39.0275985),(-3.4997474,5.0000000,-41.0479568),(-3.5161515,5.0000000,-41.1294485),(-3.5060974,5.0000000,-39.0275985),(-3.5161515,5.0000000,-41.1294485),(-3.5653640,5.0000000,-41.1982401),(-3.5060974,5.0000000,-39.0275985),(-3.5653640,5.0000000,-41.1982401),(-3.6349495,5.0000000,-41.2458651),(-3.5060974,5.0000000,-39.0275985),(-3.6349495,5.0000000,-41.2458651),(-3.7124724,5.0000000,-41.2617401),(-3.5060974,5.0000000,-39.0275985),(-3.7124724,5.0000000,-41.2617401),(-3.7947578,5.0000000,-41.2458651),(-3.5060974,5.0000000,-39.0275985),(-3.7947578,5.0000000,-41.2458651),(-3.8659307,5.0000000,-41.1982401),(-3.5060974,5.0000000,-39.0275985),(-3.8659307,5.0000000,-41.1982401),(-3.9143495,5.0000000,-41.1294485),(-3.5060974,5.0000000,-39.0275985),(-3.9143495,5.0000000,-41.1294485),(-3.9304890,5.0000000,-41.0479568),(-3.5060974,5.0000000,-39.0275985),(-3.9304890,5.0000000,-41.0479568),(-3.9304890,5.0000000,-37.4210485),(-3.5060974,5.0000000,-39.0275985),(-3.9304890,5.0000000,-37.4210485),(-3.9148786,5.0000000,-37.3390276),(-3.5060974,5.0000000,-39.0275985),(-3.9148786,5.0000000,-37.3390276),(-3.8680474,5.0000000,-37.2707651),(-3.5060974,5.0000000,-39.0275985),(-3.8680474,5.0000000,-37.2707651),(-3.7984620,5.0000000,-37.2247276),(-3.5060974,5.0000000,-39.0275985),(-3.7984620,5.0000000,-37.2247276),(-3.7167057,5.0000000,-37.2093818),(-3.5060974,5.0000000,-39.0275985),(-3.7167057,5.0000000,-37.2093818),(-3.6389182,5.0000000,-37.2244630),(-3.5060974,5.0000000,-39.0275985),(-3.6389182,5.0000000,-37.2244630),(-3.5664224,5.0000000,-37.2697068),(-3.5060974,5.0000000,-39.0275985),(-3.5664224,5.0000000,-37.2697068),(-3.5211786,5.0000000,-37.3345297),(-3.5060974,5.0000000,-39.0275985),(-3.5211786,5.0000000,-37.3345297),(-3.5060974,5.0000000,-37.4210485),(3.6757526,5.0000000,-38.7397318),(3.6757526,5.0000000,-41.0479568),(3.6604068,5.0000000,-41.1294485),(3.6757526,5.0000000,-38.7397318),(3.6604068,5.0000000,-41.1294485),(3.6143693,5.0000000,-41.1982401),(3.6757526,5.0000000,-38.7397318),(3.6143693,5.0000000,-41.1982401),(3.5469005,5.0000000,-41.2458651),(3.6807301,5.0000000,-38.6272673),(3.6757526,5.0000000,-38.7397318),(3.5469005,5.0000000,-41.2458651),(3.6807301,5.0000000,-38.6272673),(3.5469005,5.0000000,-41.2458651),(3.4672610,5.0000000,-41.2617401),(3.6807301,5.0000000,-38.6272673),(3.4672610,5.0000000,-41.2617401),(3.3839172,5.0000000,-41.2453360),(3.6807301,5.0000000,-38.6272673),(3.3839172,5.0000000,-41.2453360),(3.3095693,5.0000000,-41.1961235),(3.6807301,5.0000000,-38.6272673),(3.3095693,5.0000000,-41.1961235),(3.2643255,5.0000000,-41.1315651),(3.6807301,5.0000000,-38.6272673),(3.2643255,5.0000000,-41.1315651),(3.2492443,5.0000000,-41.0479568),(3.6807301,5.0000000,-38.6272673),(3.2492443,5.0000000,-41.0479568),(3.2492443,5.0000000,-38.7397318),(3.6807301,5.0000000,-38.6272673),(3.2492443,5.0000000,-38.7397318),(3.2561896,5.0000000,-38.5846364),(3.6807301,5.0000000,-38.6272673),(3.2561896,5.0000000,-38.5846364),(3.2770255,5.0000000,-38.4352625),(3.6807301,5.0000000,-38.6272673),(3.2770255,5.0000000,-38.4352625),(3.3117521,5.0000000,-38.2916103),(3.6807301,5.0000000,-38.6272673),(3.3117521,5.0000000,-38.2916103),(3.3603693,5.0000000,-38.1536797),(3.6807301,5.0000000,-38.6272673),(3.3603693,5.0000000,-38.1536797),(3.4228771,5.0000000,-38.0214707),(3.6807301,5.0000000,-38.6272673),(3.4228771,5.0000000,-38.0214707),(3.4992755,5.0000000,-37.8949834),(3.6807301,5.0000000,-38.6272673),(3.4992755,5.0000000,-37.8949834),(3.5895646,5.0000000,-37.7742176),(3.6807301,5.0000000,-38.6272673),(3.5895646,5.0000000,-37.7742176),(3.6937443,5.0000000,-37.6591735),(3.6807301,5.0000000,-38.6272673),(3.6937443,5.0000000,-37.6591735),(3.8063245,5.0000000,-37.5537535),(3.8063245,5.0000000,-37.5537535),(3.9249901,5.0000000,-37.4623896),(4.0497412,5.0000000,-37.3850817),(3.8063245,5.0000000,-37.5537535),(4.0497412,5.0000000,-37.3850817),(4.1805776,5.0000000,-37.3218297),(3.8063245,5.0000000,-37.5537535),(4.1805776,5.0000000,-37.3218297),(4.3174995,5.0000000,-37.2726338),(3.8063245,5.0000000,-37.5537535),(4.3174995,5.0000000,-37.2726338),(4.4605068,5.0000000,-37.2374938),(3.8063245,5.0000000,-37.5537535),(4.4605068,5.0000000,-37.2374938),(4.6095995,5.0000000,-37.2164098),(3.8063245,5.0000000,-37.5537535),(4.6095995,5.0000000,-37.2164098),(4.7647776,5.0000000,-37.2093818),(3.8063245,5.0000000,-37.5537535),(4.7647776,5.0000000,-37.2093818),(4.9201707,5.0000000,-37.2164098),(3.8063245,5.0000000,-37.5537535),(4.9201707,5.0000000,-37.2164098),(5.0699084,5.0000000,-37.2374938),(3.8063245,5.0000000,-37.5537535),(5.0699084,5.0000000,-37.2374938),(5.2139905,5.0000000,-37.2726338),(3.8063245,5.0000000,-37.5537535),(5.2139905,5.0000000,-37.2726338),(5.3524172,5.0000000,-37.3218297),(3.8063245,5.0000000,-37.5537535),(5.3524172,5.0000000,-37.3218297),(5.4851884,5.0000000,-37.3850817),(3.8063245,5.0000000,-37.5537535),(5.4851884,5.0000000,-37.3850817),(5.6123042,5.0000000,-37.4623896),(3.8063245,5.0000000,-37.5537535),(5.6123042,5.0000000,-37.4623896),(5.7337645,5.0000000,-37.5537535),(3.8063245,5.0000000,-37.5537535),(5.7337645,5.0000000,-37.5537535),(5.8495693,5.0000000,-37.6591735),(5.8495693,5.0000000,-37.6591735),(5.9542451,5.0000000,-37.7728782),(6.0449641,5.0000000,-37.8928005),(5.8495693,5.0000000,-37.6591735),(6.0449641,5.0000000,-37.8928005),(6.1217263,5.0000000,-38.0189407),(5.8495693,5.0000000,-37.6591735),(6.1217263,5.0000000,-38.0189407),(6.1845318,5.0000000,-38.1512985),(5.8495693,5.0000000,-37.6591735),(6.1845318,5.0000000,-38.1512985),(6.2333805,5.0000000,-38.2898740),(5.8495693,5.0000000,-37.6591735),(6.2333805,5.0000000,-38.2898740),(6.2682724,5.0000000,-38.4346672),(5.8495693,5.0000000,-37.6591735),(6.2682724,5.0000000,-38.4346672),(6.2892076,5.0000000,-38.5856782),(5.8495693,5.0000000,-37.6591735),(6.2892076,5.0000000,-38.5856782),(6.2961860,5.0000000,-38.7429068),(5.8495693,5.0000000,-37.6591735),(6.2961860,5.0000000,-38.7429068),(6.2961860,5.0000000,-41.0479568),(5.8495693,5.0000000,-37.6591735),(6.2961860,5.0000000,-41.0479568),(6.2808401,5.0000000,-41.1294485),(5.8495693,5.0000000,-37.6591735),(6.2808401,5.0000000,-41.1294485),(6.2348026,5.0000000,-41.1982401),(5.8495693,5.0000000,-37.6591735),(6.2348026,5.0000000,-41.1982401),(6.1665401,5.0000000,-41.2458651),(5.8495693,5.0000000,-37.6591735),(6.1665401,5.0000000,-41.2458651),(6.0845193,5.0000000,-41.2617401),(5.8495693,5.0000000,-37.6591735),(6.0845193,5.0000000,-41.2617401),(6.0024985,5.0000000,-41.2458651),(5.8495693,5.0000000,-37.6591735),(6.0024985,5.0000000,-41.2458651),(5.9342360,5.0000000,-41.1982401),(5.9342360,5.0000000,-41.1982401),(5.8881985,5.0000000,-41.1294485),(5.8728526,5.0000000,-41.0479568),(5.9342360,5.0000000,-41.1982401),(5.8728526,5.0000000,-41.0479568),(5.8728526,5.0000000,-38.7429068),(5.8495693,5.0000000,-37.6591735),(5.9342360,5.0000000,-41.1982401),(5.8728526,5.0000000,-38.7429068),(5.8495693,5.0000000,-37.6591735),(5.8728526,5.0000000,-38.7429068),(5.8677429,5.0000000,-38.6308888),(5.8495693,5.0000000,-37.6591735),(5.8677429,5.0000000,-38.6308888),(5.8524136,5.0000000,-38.5229058),(5.8495693,5.0000000,-37.6591735),(5.8524136,5.0000000,-38.5229058),(5.8268647,5.0000000,-38.4189576),(5.8495693,5.0000000,-37.6591735),(5.8268647,5.0000000,-38.4189576),(5.7910964,5.0000000,-38.3190443),(5.8495693,5.0000000,-37.6591735),(5.7910964,5.0000000,-38.3190443),(5.7451085,5.0000000,-38.2231659),(5.8495693,5.0000000,-37.6591735),(5.7451085,5.0000000,-38.2231659),(5.6889011,5.0000000,-38.1313224),(5.8495693,5.0000000,-37.6591735),(5.6889011,5.0000000,-38.1313224),(5.6224741,5.0000000,-38.0435138),(5.8495693,5.0000000,-37.6591735),(5.6224741,5.0000000,-38.0435138),(5.5458276,5.0000000,-37.9597401),(5.8495693,5.0000000,-37.6591735),(5.5458276,5.0000000,-37.9597401),(5.4639556,5.0000000,-37.8833417),(5.8495693,5.0000000,-37.6591735),(5.4639556,5.0000000,-37.8833417),(5.3776188,5.0000000,-37.8171297),(5.8495693,5.0000000,-37.6591735),(5.3776188,5.0000000,-37.8171297),(5.2868171,5.0000000,-37.7611042),(5.8495693,5.0000000,-37.6591735),(5.2868171,5.0000000,-37.7611042),(5.1915505,5.0000000,-37.7152651),(5.8495693,5.0000000,-37.6591735),(5.1915505,5.0000000,-37.7152651),(5.0918192,5.0000000,-37.6796125),(5.8495693,5.0000000,-37.6591735),(5.0918192,5.0000000,-37.6796125),(4.9876229,5.0000000,-37.6541464),(5.8495693,5.0000000,-37.6591735),(4.9876229,5.0000000,-37.6541464),(4.8789619,5.0000000,-37.6388667),(3.8063245,5.0000000,-37.5537535),(5.8495693,5.0000000,-37.6591735),(4.8789619,5.0000000,-37.6388667),(3.8063245,5.0000000,-37.5537535),(4.8789619,5.0000000,-37.6388667),(4.7658360,5.0000000,-37.6337735),(3.8063245,5.0000000,-37.5537535),(4.7658360,5.0000000,-37.6337735),(4.6546944,5.0000000,-37.6388336),(3.8063245,5.0000000,-37.5537535),(4.6546944,5.0000000,-37.6388336),(4.5477532,5.0000000,-37.6540141),(3.8063245,5.0000000,-37.5537535),(4.5477532,5.0000000,-37.6540141),(4.4450121,5.0000000,-37.6793149),(3.8063245,5.0000000,-37.5537535),(4.4450121,5.0000000,-37.6793149),(4.3464714,5.0000000,-37.7147360),(3.8063245,5.0000000,-37.5537535),(4.3464714,5.0000000,-37.7147360),(4.2521309,5.0000000,-37.7602774),(3.8063245,5.0000000,-37.5537535),(4.2521309,5.0000000,-37.7602774),(4.1619907,5.0000000,-37.8159391),(3.8063245,5.0000000,-37.5537535),(4.1619907,5.0000000,-37.8159391),(4.0760507,5.0000000,-37.8817211),(3.8063245,5.0000000,-37.5537535),(4.0760507,5.0000000,-37.8817211),(3.9943110,5.0000000,-37.9576235),(3.8063245,5.0000000,-37.5537535),(3.9943110,5.0000000,-37.9576235),(3.9196489,5.0000000,-38.0406861),(3.8063245,5.0000000,-37.5537535),(3.9196489,5.0000000,-38.0406861),(3.8549417,5.0000000,-38.1279490),(3.8063245,5.0000000,-37.5537535),(3.8549417,5.0000000,-38.1279490),(3.8001895,5.0000000,-38.2194121),(3.8063245,5.0000000,-37.5537535),(3.8001895,5.0000000,-38.2194121),(3.7553922,5.0000000,-38.3150755),(3.8063245,5.0000000,-37.5537535),(3.7553922,5.0000000,-38.3150755),(3.7205499,5.0000000,-38.4149392),(3.8063245,5.0000000,-37.5537535),(3.7205499,5.0000000,-38.4149392),(3.6956625,5.0000000,-38.5190032),(3.6807301,5.0000000,-38.6272673),(3.8063245,5.0000000,-37.5537535),(3.6956625,5.0000000,-38.5190032),(-4.5265953,5.0000000,-40.8884130),(-4.4734140,5.0000000,-41.0479568),(-4.4884953,5.0000000,-41.1278610),(-4.5265953,5.0000000,-40.8884130),(-4.4884953,5.0000000,-41.1278610),(-4.5337390,5.0000000,-41.1961235),(-4.5265953,5.0000000,-40.8884130),(-4.5337390,5.0000000,-41.1961235),(-4.6020015,5.0000000,-41.2453360),(-4.5265953,5.0000000,-40.8884130),(-4.6020015,5.0000000,-41.2453360),(-4.6861390,5.0000000,-41.2617401),(-4.5265953,5.0000000,-40.8884130),(-4.6861390,5.0000000,-41.2617401),(-7.3065724,5.0000000,-41.2617401),(-4.5265953,5.0000000,-40.8884130),(-7.3065724,5.0000000,-41.2617401),(-7.3997057,5.0000000,-41.2413672),(-4.5265953,5.0000000,-40.8884130),(-7.3997057,5.0000000,-41.2413672),(-7.4737890,5.0000000,-41.1802485),(-4.5265953,5.0000000,-40.8884130),(-7.4737890,5.0000000,-41.1802485),(-7.5203557,5.0000000,-41.0479568),(-4.5265953,5.0000000,-40.8884130),(-7.5203557,5.0000000,-41.0479568),(-7.5203557,5.0000000,-41.0320818),(-4.5265953,5.0000000,-40.8884130),(-7.5203557,5.0000000,-41.0320818),(-7.4600307,5.0000000,-40.9029651),(-4.5265953,5.0000000,-40.8884130),(-7.4600307,5.0000000,-40.9029651),(-7.3888578,5.0000000,-40.8521651),(-4.5265953,5.0000000,-40.8884130),(-7.3888578,5.0000000,-40.8521651),(-7.3065724,5.0000000,-40.8352318),(-4.5265953,5.0000000,-40.8884130),(-7.3065724,5.0000000,-40.8352318),(-6.2069640,5.0000000,-40.8352318),(-6.2069640,5.0000000,-40.8352318),(-6.2069640,5.0000000,-37.4210485),(-6.1916182,5.0000000,-37.3390276),(-6.2069640,5.0000000,-40.8352318),(-6.1916182,5.0000000,-37.3390276),(-6.1455807,5.0000000,-37.2707651),(-6.2069640,5.0000000,-40.8352318),(-6.1455807,5.0000000,-37.2707651),(-6.0773182,5.0000000,-37.2247276),(-6.2069640,5.0000000,-40.8352318),(-6.0773182,5.0000000,-37.2247276),(-5.9952974,5.0000000,-37.2093818),(-6.2069640,5.0000000,-40.8352318),(-5.9952974,5.0000000,-37.2093818),(-5.9132765,5.0000000,-37.2247276),(-6.2069640,5.0000000,-40.8352318),(-5.9132765,5.0000000,-37.2247276),(-5.8450140,5.0000000,-37.2707651),(-6.2069640,5.0000000,-40.8352318),(-5.8450140,5.0000000,-37.2707651),(-5.7989765,5.0000000,-37.3390276),(-6.2069640,5.0000000,-40.8352318),(-5.7989765,5.0000000,-37.3390276),(-5.7836307,5.0000000,-37.4210485),(-6.2069640,5.0000000,-40.8352318),(-5.7836307,5.0000000,-37.4210485),(-5.7836307,5.0000000,-40.8352318),(-4.5265953,5.0000000,-40.8884130),(-6.2069640,5.0000000,-40.8352318),(-5.7836307,5.0000000,-40.8352318),(-4.5265953,5.0000000,-40.8884130),(-5.7836307,5.0000000,-40.8352318),(-4.6861390,5.0000000,-40.8352318),(-4.5265953,5.0000000,-40.8884130),(-4.6861390,5.0000000,-40.8352318),(-4.5930718,5.0000000,-40.8485271)));
#2382=COMPLEX_TRIANGULATED_SURFACE_SET('surface set',#2381,3558,(),(),(),((1,2,3),(4,5,6),(7,8,9),(10,11,12),(13,14,15),(16,17,18),(19,20,21),(22,23,24),(25,26,27),(28,29,30),(31,32,33),(34,35,36),(37,38,39),(40,41,42),(43,44,45),(46,47,48),(49,50,51),(52,53,54),(55,56,57),(58,59,60),(61,62,63),(64,65,66),(67,68,69),(70,71,72),(73,74,75),(76,77,78),(79,80,81),(82,83,84),(85,86,87),(88,89,90),(91,92,93),(94,95,96),(97,98,99),(100,101,102),(103,104,105),(106,107,108),(109,110,111),(112,113,114),(115,116,117),(118,119,120),(121,122,123),(124,125,126),(127,128,129),(130,131,132),(133,134,135),(136,137,138),(139,140,141),(142,143,144),(145,146,147),(148,149,150),(151,152,153),(154,155,156),(157,158,159),(160,161,162),(163,164,165),(166,167,168),(169,170,171),(172,173,174),(175,176,177),(178,179,180),(181,182,183),(184,185,186),(187,188,189),(190,191,192),(193,194,195),(196,197,198),(199,200,201),(202,203,204),(205,206,207),(208,209,210),(211,212,213),(214,215,216),(217,218,219),(220,221,222),(223,224,225),(226,227,228),(229,230,231),(232,233,234),(235,236,237),(238,239,240),(241,242,243),(244,245,246),(247,248,249),(250,251,252),(253,254,255),(256,257,258),(259,260,261),(262,263,264),(265,266,267),(268,269,270),(271,272,273),(274,275,276),(277,278,279),(280,281,282),(283,284,285),(286,287,288),(289,290,291),(292,293,294),(295,296,297),(298,299,300),(301,302,303),(304,305,306),(307,308,309),(310,311,312),(313,314,315),(316,317,318),(319,320,321),(322,323,324),(325,326,327),(328,329,330),(331,332,333),(334,335,336),(337,338,339),(340,341,342),(343,344,345),(346,347,348),(349,350,351),(352,353,354),(355,356,357),(358,359,360),(361,362,363),(364,365,366),(367,368,369),(370,371,372),(373,374,375),(376,377,378),(379,380,381),(382,383,384),(385,386,387),(388,389,390),(391,392,393),(394,395,396),(397,398,399),(400,401,402),(403,404,405),(406,407,408),(409,410,411),(412,413,414),(415,416,417),(418,419,420),(421,422,423),(424,425,426),(427,428,429),(430,431,432),(433,434,435),(436,437,438),(439,440,441),(442,443,444),(445,446,447),(448,449,450),(451,452,453),(454,455,456),(457,458,459),(460,461,462),(463,464,465),(466,467,468),(469,470,471),(472,473,474),(475,476,477),(478,479,480),(481,482,483),(484,485,486),(487,488,489),(490,491,492),(493,494,495),(496,497,498),(499,500,501),(502,503,504),(505,506,507),(508,509,510),(511,512,513),(514,515,516),(517,518,519),(520,521,522),(523,524,525),(526,527,528),(529,530,531),(532,533,534),(535,536,537),(538,539,540),(541,542,543),(544,545,546),(547,548,549),(550,551,552),(553,554,555),(556,557,558),(559,560,561),(562,563,564),(565,566,567),(568,569,570),(571,572,573),(574,575,576),(577,578,579),(580,581,582),(583,584,585),(586,587,588),(589,590,591),(592,593,594),(595,596,597),(598,599,600),(601,602,603),(604,605,606),(607,608,609),(610,611,612),(613,614,615),(616,617,618),(619,620,621),(622,623,624),(625,626,627),(628,629,630),(631,632,633),(634,635,636),(637,638,639),(640,641,642),(643,644,645),(646,647,648),(649,650,651),(652,653,654),(655,656,657),(658,659,660),(661,662,663),(664,665,666),(667,668,669),(670,671,672),(673,674,675),(676,677,678),(679,680,681),(682,683,684),(685,686,687),(688,689,690),(691,692,693),(694,695,696),(697,698,699),(700,701,702),(703,704,705),(706,707,708),(709,710,711),(712,713,714),(715,716,717),(718,719,720),(721,722,723),(724,725,726),(727,728,729),(730,731,732),(733,734,735),(736,737,738),(739,740,741),(742,743,744),(745,746,747),(748,749,750),(751,752,753),(754,755,756),(757,758,759),(760,761,762),(763,764,765),(766,767,768),(769,770,771),(772,773,774),(775,776,777),(778,779,780),(781,782,783),(784,785,786),(787,788,789),(790,791,792),(793,794,795),(796,797,798),(799,800,801),(802,803,804),(805,806,807),(808,809,810),(811,812,813),(814,815,816),(817,818,819),(820,821,822),(823,824,825),(826,827,828),(829,830,831),(832,833,834),(835,836,837),(838,839,840),(841,842,843),(844,845,846),(847,848,849),(850,851,852),(853,854,855),(856,857,858),(859,860,861),(862,863,864),(865,866,867),(868,869,870),(871,872,873),(874,875,876),(877,878,879),(880,881,882),(883,884,885),(886,887,888),(889,890,891),(892,893,894),(895,896,897),(898,899,900),(901,902,903),(904,905,906),(907,908,909),(910,911,912),(913,914,915),(916,917,918),(919,920,921),(922,923,924),(925,926,927),(928,929,930),(931,932,933),(934,935,936),(937,938,939),(940,941,942),(943,944,945),(946,947,948),(949,950,951),(952,953,954),(955,956,957),(958,959,960),(961,962,963),(964,965,966),(967,968,969),(970,971,972),(973,974,975),(976,977,978),(979,980,981),(982,983,984),(985,986,987),(988,989,990),(991,992,993),(994,995,996),(997,998,999),(1000,1001,1002),(1003,1004,1005),(1006,1007,1008),(1009,1010,1011),(1012,1013,1014),(1015,1016,1017),(1018,1019,1020),(1021,1022,1023),(1024,1025,1026),(1027,1028,1029),(1030,1031,1032),(1033,1034,1035),(1036,1037,1038),(1039,1040,1041),(1042,1043,1044),(1045,1046,1047),(1048,1049,1050),(1051,1052,1053),(1054,1055,1056),(1057,1058,1059),(1060,1061,1062),(1063,1064,1065),(1066,1067,1068),(1069,1070,1071),(1072,1073,1074),(1075,1076,1077),(1078,1079,1080),(1081,1082,1083),(1084,1085,1086),(1087,1088,1089),(1090,1091,1092),(1093,1094,1095),(1096,1097,1098),(1099,1100,1101),(1102,1103,1104),(1105,1106,1107),(1108,1109,1110),(1111,1112,1113),(1114,1115,1116),(1117,1118,1119),(1120,1121,1122),(1123,1124,1125),(1126,1127,1128),(1129,1130,1131),(1132,1133,1134),(1135,1136,1137),(1138,1139,1140),(1141,1142,1143),(1144,1145,1146),(1147,1148,1149),(1150,1151,1152),(1153,1154,1155),(1156,1157,1158),(1159,1160,1161),(1162,1163,1164),(1165,1166,1167),(1168,1169,1170),(1171,1172,1173),(1174,1175,1176),(1177,1178,1179),(1180,1181,1182),(1183,1184,1185),(1186,1187,1188),(1189,1190,1191),(1192,1193,1194),(1195,1196,1197),(1198,1199,1200),(1201,1202,1203),(1204,1205,1206),(1207,1208,1209),(1210,1211,1212),(1213,1214,1215),(1216,1217,1218),(1219,1220,1221),(1222,1223,1224),(1225,1226,1227),(1228,1229,1230),(1231,1232,1233),(1234,1235,1236),(1237,1238,1239),(1240,1241,1242),(1243,1244,1245),(1246,1247,1248),(1249,1250,1251),(1252,1253,1254),(1255,1256,1257),(1258,1259,1260),(1261,1262,1263),(1264,1265,1266),(1267,1268,1269),(1270,1271,1272),(1273,1274,1275),(1276,1277,1278),(1279,1280,1281),(1282,1283,1284),(1285,1286,1287),(1288,1289,1290),(1291,1292,1293),(1294,1295,1296),(1297,1298,1299),(1300,1301,1302),(1303,1304,1305),(1306,1307,1308),(1309,1310,1311),(1312,1313,1314),(1315,1316,1317),(1318,1319,1320),(1321,1322,1323),(1324,1325,1326),(1327,1328,1329),(1330,1331,1332),(1333,1334,1335),(1336,1337,1338),(1339,1340,1341),(1342,1343,1344),(1345,1346,1347),(1348,1349,1350),(1351,1352,1353),(1354,1355,1356),(1357,1358,1359),(1360,1361,1362),(1363,1364,1365),(1366,1367,1368),(1369,1370,1371),(1372,1373,1374),(1375,1376,1377),(1378,1379,1380),(1381,1382,1383),(1384,1385,1386),(1387,1388,1389),(1390,1391,1392),(1393,1394,1395),(1396,1397,1398),(1399,1400,1401),(1402,1403,1404),(1405,1406,1407),(1408,1409,1410),(1411,1412,1413),(1414,1415,1416),(1417,1418,1419),(1420,1421,1422),(1423,1424,1425),(1426,1427,1428),(1429,1430,1431),(1432,1433,1434),(1435,1436,1437),(1438,1439,1440),(1441,1442,1443),(1444,1445,1446),(1447,1448,1449),(1450,1451,1452),(1453,1454,1455),(1456,1457,1458),(1459,1460,1461),(1462,1463,1464),(1465,1466,1467),(1468,1469,1470),(1471,1472,1473),(1474,1475,1476),(1477,1478,1479),(1480,1481,1482),(1483,1484,1485),(1486,1487,1488),(1489,1490,1491),(1492,1493,1494),(1495,1496,1497),(1498,1499,1500),(1501,1502,1503),(1504,1505,1506),(1507,1508,1509),(1510,1511,1512),(1513,1514,1515),(1516,1517,1518),(1519,1520,1521),(1522,1523,1524),(1525,1526,1527),(1528,1529,1530),(1531,1532,1533),(1534,1535,1536),(1537,1538,1539),(1540,1541,1542),(1543,1544,1545),(1546,1547,1548),(1549,1550,1551),(1552,1553,1554),(1555,1556,1557),(1558,1559,1560),(1561,1562,1563),(1564,1565,1566),(1567,1568,1569),(1570,1571,1572),(1573,1574,1575),(1576,1577,1578),(1579,1580,1581),(1582,1583,1584),(1585,1586,1587),(1588,1589,1590),(1591,1592,1593),(1594,1595,1596),(1597,1598,1599),(1600,1601,1602),(1603,1604,1605),(1606,1607,1608),(1609,1610,1611),(1612,1613,1614),(1615,1616,1617),(1618,1619,1620),(1621,1622,1623),(1624,1625,1626),(1627,1628,1629),(1630,1631,1632),(1633,1634,1635),(1636,1637,1638),(1639,1640,1641),(1642,1643,1644),(1645,1646,1647),(1648,1649,1650),(1651,1652,1653),(1654,1655,1656),(1657,1658,1659),(1660,1661,1662),(1663,1664,1665),(1666,1667,1668),(1669,1670,1671),(1672,1673,1674),(1675,1676,1677),(1678,1679,1680),(1681,1682,1683),(1684,1685,1686),(1687,1688,1689),(1690,1691,1692),(1693,1694,1695),(1696,1697,1698),(1699,1700,1701),(1702,1703,1704),(1705,1706,1707),(1708,1709,1710),(1711,1712,1713),(1714,1715,1716),(1717,1718,1719),(1720,1721,1722),(1723,1724,1725),(1726,1727,1728),(1729,1730,1731),(1732,1733,1734),(1735,1736,1737),(1738,1739,1740),(1741,1742,1743),(1744,1745,1746),(1747,1748,1749),(1750,1751,1752),(1753,1754,1755),(1756,1757,1758),(1759,1760,1761),(1762,1763,1764),(1765,1766,1767),(1768,1769,1770),(1771,1772,1773),(1774,1775,1776),(1777,1778,1779),(1780,1781,1782),(1783,1784,1785),(1786,1787,1788),(1789,1790,1791),(1792,1793,1794),(1795,1796,1797),(1798,1799,1800),(1801,1802,1803),(1804,1805,1806),(1807,1808,1809),(1810,1811,1812),(1813,1814,1815),(1816,1817,1818),(1819,1820,1821),(1822,1823,1824),(1825,1826,1827),(1828,1829,1830),(1831,1832,1833),(1834,1835,1836),(1837,1838,1839),(1840,1841,1842),(1843,1844,1845),(1846,1847,1848),(1849,1850,1851),(1852,1853,1854),(1855,1856,1857),(1858,1859,1860),(1861,1862,1863),(1864,1865,1866),(1867,1868,1869),(1870,1871,1872),(1873,1874,1875),(1876,1877,1878),(1879,1880,1881),(1882,1883,1884),(1885,1886,1887),(1888,1889,1890),(1891,1892,1893),(1894,1895,1896),(1897,1898,1899),(1900,1901,1902),(1903,1904,1905),(1906,1907,1908),(1909,1910,1911),(1912,1913,1914),(1915,1916,1917),(1918,1919,1920),(1921,1922,1923),(1924,1925,1926),(1927,1928,1929),(1930,1931,1932),(1933,1934,1935),(1936,1937,1938),(1939,1940,1941),(1942,1943,1944),(1945,1946,1947),(1948,1949,1950),(1951,1952,1953),(1954,1955,1956),(1957,1958,1959),(1960,1961,1962),(1963,1964,1965),(1966,1967,1968),(1969,1970,1971),(1972,1973,1974),(1975,1976,1977),(1978,1979,1980),(1981,1982,1983),(1984,1985,1986),(1987,1988,1989),(1990,1991,1992),(1993,1994,1995),(1996,1997,1998),(1999,2000,2001),(2002,2003,2004),(2005,2006,2007),(2008,2009,2010),(2011,2012,2013),(2014,2015,2016),(2017,2018,2019),(2020,2021,2022),(2023,2024,2025),(2026,2027,2028),(2029,2030,2031),(2032,2033,2034),(2035,2036,2037),(2038,2039,2040),(2041,2042,2043),(2044,2045,2046),(2047,2048,2049),(2050,2051,2052),(2053,2054,2055),(2056,2057,2058),(2059,2060,2061),(2062,2063,2064),(2065,2066,2067),(2068,2069,2070),(2071,2072,2073),(2074,2075,2076),(2077,2078,2079),(2080,2081,2082),(2083,2084,2085),(2086,2087,2088),(2089,2090,2091),(2092,2093,2094),(2095,2096,2097),(2098,2099,2100),(2101,2102,2103),(2104,2105,2106),(2107,2108,2109),(2110,2111,2112),(2113,2114,2115),(2116,2117,2118),(2119,2120,2121),(2122,2123,2124),(2125,2126,2127),(2128,2129,2130),(2131,2132,2133),(2134,2135,2136),(2137,2138,2139),(2140,2141,2142),(2143,2144,2145),(2146,2147,2148),(2149,2150,2151),(2152,2153,2154),(2155,2156,2157),(2158,2159,2160),(2161,2162,2163),(2164,2165,2166),(2167,2168,2169),(2170,2171,2172),(2173,2174,2175),(2176,2177,2178),(2179,2180,2181),(2182,2183,2184),(2185,2186,2187),(2188,2189,2190),(2191,2192,2193),(2194,2195,2196),(2197,2198,2199),(2200,2201,2202),(2203,2204,2205),(2206,2207,2208),(2209,2210,2211),(2212,2213,2214),(2215,2216,2217),(2218,2219,2220),(2221,2222,2223),(2224,2225,2226),(2227,2228,2229),(2230,2231,2232),(2233,2234,2235),(2236,2237,2238),(2239,2240,2241),(2242,2243,2244),(2245,2246,2247),(2248,2249,2250),(2251,2252,2253),(2254,2255,2256),(2257,2258,2259),(2260,2261,2262),(2263,2264,2265),(2266,2267,2268),(2269,2270,2271),(2272,2273,2274),(2275,2276,2277),(2278,2279,2280),(2281,2282,2283),(2284,2285,2286),(2287,2288,2289),(2290,2291,2292),(2293,2294,2295),(2296,2297,2298),(2299,2300,2301),(2302,2303,2304),(2305,2306,2307),(2308,2309,2310),(2311,2312,2313),(2314,2315,2316),(2317,2318,2319),(2320,2321,2322),(2323,2324,2325),(2326,2327,2328),(2329,2330,2331),(2332,2333,2334),(2335,2336,2337),(2338,2339,2340),(2341,2342,2343),(2344,2345,2346),(2347,2348,2349),(2350,2351,2352),(2353,2354,2355),(2356,2357,2358),(2359,2360,2361),(2362,2363,2364),(2365,2366,2367),(2368,2369,2370),(2371,2372,2373),(2374,2375,2376),(2377,2378,2379),(2380,2381,2382),(2383,2384,2385),(2386,2387,2388),(2389,2390,2391),(2392,2393,2394),(2395,2396,2397),(2398,2399,2400),(2401,2402,2403),(2404,2405,2406),(2407,2408,2409),(2410,2411,2412),(2413,2414,2415),(2416,2417,2418),(2419,2420,2421),(2422,2423,2424),(2425,2426,2427),(2428,2429,2430),(2431,2432,2433),(2434,2435,2436),(2437,2438,2439),(2440,2441,2442),(2443,2444,2445),(2446,2447,2448),(2449,2450,2451),(2452,2453,2454),(2455,2456,2457),(2458,2459,2460),(2461,2462,2463),(2464,2465,2466),(2467,2468,2469),(2470,2471,2472),(2473,2474,2475),(2476,2477,2478),(2479,2480,2481),(2482,2483,2484),(2485,2486,2487),(2488,2489,2490),(2491,2492,2493),(2494,2495,2496),(2497,2498,2499),(2500,2501,2502),(2503,2504,2505),(2506,2507,2508),(2509,2510,2511),(2512,2513,2514),(2515,2516,2517),(2518,2519,2520),(2521,2522,2523),(2524,2525,2526),(2527,2528,2529),(2530,2531,2532),(2533,2534,2535),(2536,2537,2538),(2539,2540,2541),(2542,2543,2544),(2545,2546,2547),(2548,2549,2550),(2551,2552,2553),(2554,2555,2556),(2557,2558,2559),(2560,2561,2562),(2563,2564,2565),(2566,2567,2568),(2569,2570,2571),(2572,2573,2574),(2575,2576,2577),(2578,2579,2580),(2581,2582,2583),(2584,2585,2586),(2587,2588,2589),(2590,2591,2592),(2593,2594,2595),(2596,2597,2598),(2599,2600,2601),(2602,2603,2604),(2605,2606,2607),(2608,2609,2610),(2611,2612,2613),(2614,2615,2616),(2617,2618,2619),(2620,2621,2622),(2623,2624,2625),(2626,2627,2628),(2629,2630,2631),(2632,2633,2634),(2635,2636,2637),(2638,2639,2640),(2641,2642,2643),(2644,2645,2646),(2647,2648,2649),(2650,2651,2652),(2653,2654,2655),(2656,2657,2658),(2659,2660,2661),(2662,2663,2664),(2665,2666,2667),(2668,2669,2670),(2671,2672,2673),(2674,2675,2676),(2677,2678,2679),(2680,2681,2682),(2683,2684,2685),(2686,2687,2688),(2689,2690,2691),(2692,2693,2694),(2695,2696,2697),(2698,2699,2700),(2701,2702,2703),(2704,2705,2706),(2707,2708,2709),(2710,2711,2712),(2713,2714,2715),(2716,2717,2718),(2719,2720,2721),(2722,2723,2724),(2725,2726,2727),(2728,2729,2730),(2731,2732,2733),(2734,2735,2736),(2737,2738,2739),(2740,2741,2742),(2743,2744,2745),(2746,2747,2748),(2749,2750,2751),(2752,2753,2754),(2755,2756,2757),(2758,2759,2760),(2761,2762,2763),(2764,2765,2766),(2767,2768,2769),(2770,2771,2772),(2773,2774,2775),(2776,2777,2778),(2779,2780,2781),(2782,2783,2784),(2785,2786,2787),(2788,2789,2790),(2791,2792,2793),(2794,2795,2796),(2797,2798,2799),(2800,2801,2802),(2803,2804,2805),(2806,2807,2808),(2809,2810,2811),(2812,2813,2814),(2815,2816,2817),(2818,2819,2820),(2821,2822,2823),(2824,2825,2826),(2827,2828,2829),(2830,2831,2832),(2833,2834,2835),(2836,2837,2838),(2839,2840,2841),(2842,2843,2844),(2845,2846,2847),(2848,2849,2850),(2851,2852,2853),(2854,2855,2856),(2857,2858,2859),(2860,2861,2862),(2863,2864,2865),(2866,2867,2868),(2869,2870,2871),(2872,2873,2874),(2875,2876,2877),(2878,2879,2880),(2881,2882,2883),(2884,2885,2886),(2887,2888,2889),(2890,2891,2892),(2893,2894,2895),(2896,2897,2898),(2899,2900,2901),(2902,2903,2904),(2905,2906,2907),(2908,2909,2910),(2911,2912,2913),(2914,2915,2916),(2917,2918,2919),(2920,2921,2922),(2923,2924,2925),(2926,2927,2928),(2929,2930,2931),(2932,2933,2934),(2935,2936,2937),(2938,2939,2940),(2941,2942,2943),(2944,2945,2946),(2947,2948,2949),(2950,2951,2952),(2953,2954,2955),(2956,2957,2958),(2959,2960,2961),(2962,2963,2964),(2965,2966,2967),(2968,2969,2970),(2971,2972,2973),(2974,2975,2976),(2977,2978,2979),(2980,2981,2982),(2983,2984,2985),(2986,2987,2988),(2989,2990,2991),(2992,2993,2994),(2995,2996,2997),(2998,2999,3000),(3001,3002,3003),(3004,3005,3006),(3007,3008,3009),(3010,3011,3012),(3013,3014,3015),(3016,3017,3018),(3019,3020,3021),(3022,3023,3024),(3025,3026,3027),(3028,3029,3030),(3031,3032,3033),(3034,3035,3036),(3037,3038,3039),(3040,3041,3042),(3043,3044,3045),(3046,3047,3048),(3049,3050,3051),(3052,3053,3054),(3055,3056,3057),(3058,3059,3060),(3061,3062,3063),(3064,3065,3066),(3067,3068,3069),(3070,3071,3072),(3073,3074,3075),(3076,3077,3078),(3079,3080,3081),(3082,3083,3084),(3085,3086,3087),(3088,3089,3090),(3091,3092,3093),(3094,3095,3096),(3097,3098,3099),(3100,3101,3102),(3103,3104,3105),(3106,3107,3108),(3109,3110,3111),(3112,3113,3114),(3115,3116,3117),(3118,3119,3120),(3121,3122,3123),(3124,3125,3126),(3127,3128,3129),(3130,3131,3132),(3133,3134,3135),(3136,3137,3138),(3139,3140,3141),(3142,3143,3144),(3145,3146,3147),(3148,3149,3150),(3151,3152,3153),(3154,3155,3156),(3157,3158,3159),(3160,3161,3162),(3163,3164,3165),(3166,3167,3168),(3169,3170,3171),(3172,3173,3174),(3175,3176,3177),(3178,3179,3180),(3181,3182,3183),(3184,3185,3186),(3187,3188,3189),(3190,3191,3192),(3193,3194,3195),(3196,3197,3198),(3199,3200,3201),(3202,3203,3204),(3205,3206,3207),(3208,3209,3210),(3211,3212,3213),(3214,3215,3216),(3217,3218,3219),(3220,3221,3222),(3223,3224,3225),(3226,3227,3228),(3229,3230,3231),(3232,3233,3234),(3235,3236,3237),(3238,3239,3240),(3241,3242,3243),(3244,3245,3246),(3247,3248,3249),(3250,3251,3252),(3253,3254,3255),(3256,3257,3258),(3259,3260,3261),(3262,3263,3264),(3265,3266,3267),(3268,3269,3270),(3271,3272,3273),(3274,3275,3276),(3277,3278,3279),(3280,3281,3282),(3283,3284,3285),(3286,3287,3288),(3289,3290,3291),(3292,3293,3294),(3295,3296,3297),(3298,3299,3300),(3301,3302,3303),(3304,3305,3306),(3307,3308,3309),(3310,3311,3312),(3313,3314,3315),(3316,3317,3318),(3319,3320,3321),(3322,3323,3324),(3325,3326,3327),(3328,3329,3330),(3331,3332,3333),(3334,3335,3336),(3337,3338,3339),(3340,3341,3342),(3343,3344,3345),(3346,3347,3348),(3349,3350,3351),(3352,3353,3354),(3355,3356,3357),(3358,3359,3360),(3361,3362,3363),(3364,3365,3366),(3367,3368,3369),(3370,3371,3372),(3373,3374,3375),(3376,3377,3378),(3379,3380,3381),(3382,3383,3384),(3385,3386,3387),(3388,3389,3390),(3391,3392,3393),(3394,3395,3396),(3397,3398,3399),(3400,3401,3402),(3403,3404,3405),(3406,3407,3408),(3409,3410,3411),(3412,3413,3414),(3415,3416,3417),(3418,3419,3420),(3421,3422,3423),(3424,3425,3426),(3427,3428,3429),(3430,3431,3432),(3433,3434,3435),(3436,3437,3438),(3439,3440,3441),(3442,3443,3444),(3445,3446,3447),(3448,3449,3450),(3451,3452,3453),(3454,3455,3456),(3457,3458,3459),(3460,3461,3462),(3463,3464,3465),(3466,3467,3468),(3469,3470,3471),(3472,3473,3474),(3475,3476,3477),(3478,3479,3480),(3481,3482,3483),(3484,3485,3486),(3487,3488,3489),(3490,3491,3492),(3493,3494,3495),(3496,3497,3498),(3499,3500,3501),(3502,3503,3504),(3505,3506,3507),(3508,3509,3510),(3511,3512,3513),(3514,3515,3516),(3517,3518,3519),(3520,3521,3522),(3523,3524,3525),(3526,3527,3528),(3529,3530,3531),(3532,3533,3534),(3535,3536,3537),(3538,3539,3540),(3541,3542,3543),(3544,3545,3546),(3547,3548,3549),(3550,3551,3552),(3553,3554,3555),(3556,3557,3558)));
#2383=TESSELLATED_GEOMETRIC_SET('hole callout',(#2382));
#2384=COORDINATES_LIST('coordinates',5,((-18.9915224,5.0000000,-27.9984776),(9.2243026,5.0000000,-27.9984776),(-31.7915224,5.0000000,-20.1984776),(-23.9915224,5.0000000,-27.9984776),(-18.9915224,5.0000000,-27.9984776)));
#2385=TESSELLATED_CURVE_SET('curve set',#2384,((1,2),(3,4,5)));
#2386=TESSELLATED_GEOMETRIC_SET('hole callout',(#2385));
#2387=TESSELLATED_ANNOTATION_OCCURRENCE('hole callout',(#2380),#2383);
#2388=TESSELLATED_ANNOTATION_OCCURRENCE('hole callout',(#2380),#2386);
#2389=DRAUGHTING_CALLOUT('hole callout',(#2387,#2388));
#2390=DRAUGHTING_MODEL_ITEM_ASSOCIATION('','',#2331,#2376,#2389);
#2391=DRAUGHTING_MODEL_ITEM_ASSOCIATION('','',#2339,#2376,#2389);
#2392=DRAUGHTING_MODEL_ITEM_ASSOCIATION('','',#2347,#2376,#2389);
#2393=DRAUGHTING_MODEL_ITEM_ASSOCIATION('','',#2294,#2376,#2389);
#2394=COMPOSITE_SHAPE_ASPECT('hole_callout.FmBrnywVRrrhenw_8.RLBD.1',$,#2284,$);
#2395=SHAPE_ASPECT('hole_callout.FmBrnywVRrrhenw_8.RLBD.1',$,#2284,.T.);
#2396=GEOMETRIC_ITEM_SPECIFIC_USAGE('','',#2395,#11,#1279);
#2397=SHAPE_ASPECT_RELATIONSHIP('','',#2394,#2395);
#2398=SHAPE_ASPECT('hole_callout.FmBrnywVRrrhenw_8.RLBD.1',$,#2284,.T.);
#2399=GEOMETRIC_ITEM_SPECIFIC_USAGE('','',#2398,#11,#1278);
#2400=SHAPE_ASPECT_RELATIONSHIP('','',#2394,#2398);
#2401=SHAPE_ASPECT('hole_callout.FmBrnywVRrrhenw_8.RLBD.1',$,#2284,.T.);
#2402=GEOMETRIC_ITEM_SPECIFIC_USAGE('','',#2401,#11,#1277);
#2403=SHAPE_ASPECT_RELATIONSHIP('','',#2394,#2401);
#2404=SHAPE_ASPECT('hole_callout.FmBrnywVRrrhenw_8.RLBD.1',$,#2284,.T.);
#2405=GEOMETRIC_ITEM_SPECIFIC_USAGE('','',#2404,#11,#1276);
#2406=SHAPE_ASPECT_RELATIONSHIP('','',#2394,#2404);
#2407=SHAPE_ASPECT('hole_callout.FmBrnywVRrrhenw_8.RLBD.1',$,#2284,.T.);
#2408=GEOMETRIC_ITEM_SPECIFIC_USAGE('','',#2407,#11,#1281);
#2409=SHAPE_ASPECT_RELATIONSHIP('','',#2394,#2407);
#2410=SHAPE_ASPECT('hole_callout.FmBrnywVRrrhenw_8.RLBD.1',$,#2284,.T.);
#2411=GEOMETRIC_ITEM_SPECIFIC_USAGE('','',#2410,#11,#1280);
#2412=SHAPE_ASPECT_RELATIONSHIP('','',#2394,#2410);
#2413=SHAPE_ASPECT('hole_callout.FmBrnywVRrrhenw_8.RLBD.1',$,#2284,.T.);
#2414=GEOMETRIC_ITEM_SPECIFIC_USAGE('','',#2413,#11,#1275);
#2415=SHAPE_ASPECT_RELATIONSHIP('','',#2394,#2413);
#2416=SHAPE_ASPECT('hole_callout.FmBrnywVRrrhenw_8.RLBD.1',$,#2284,.T.);
#2417=GEOMETRIC_ITEM_SPECIFIC_USAGE('','',#2416,#11,#1274);
#2418=SHAPE_ASPECT_RELATIONSHIP('','',#2394,#2416);
#2419=SHAPE_ASPECT('hole_callout.FmBrnywVRrrhenw_8.RLBD.1',$,#2284,.T.);
#2420=GEOMETRIC_ITEM_SPECIFIC_USAGE('','',#2419,#11,#1271);
#2421=SHAPE_ASPECT_RELATIONSHIP('','',#2394,#2419);
#2422=SHAPE_ASPECT('hole_callout.FmBrnywVRrrhenw_8.RLBD.1',$,#2284,.T.);
#2423=GEOMETRIC_ITEM_SPECIFIC_USAGE('','',#2422,#11,#1270);
#2424=SHAPE_ASPECT_RELATIONSHIP('','',#2394,#2422);
#2425=SHAPE_ASPECT('hole_callout.FmBrnywVRrrhenw_8.RLBD.1',$,#2284,.T.);
#2426=GEOMETRIC_ITEM_SPECIFIC_USAGE('','',#2425,#11,#1273);
#2427=SHAPE_ASPECT_RELATIONSHIP('','',#2394,#2425);
#2428=SHAPE_ASPECT('hole_callout.FmBrnywVRrrhenw_8.RLBD.1',$,#2284,.T.);
#2429=GEOMETRIC_ITEM_SPECIFIC_USAGE('','',#2428,#11,#1272);
#2430=SHAPE_ASPECT_RELATIONSHIP('','',#2394,#2428);
#2431=DIMENSIONAL_SIZE(#2394,'depth');
#2432=(
LENGTH_UNIT()
NAMED_UNIT(*)
SI_UNIT(.MILLI.,.METRE.)
);
#2434=PRECISION_QUALIFIER(3);
#2433=(
LENGTH_MEASURE_WITH_UNIT()
MEASURE_REPRESENTATION_ITEM()
MEASURE_WITH_UNIT(POSITIVE_LENGTH_MEASURE(7.),#2432)
QUALIFIED_REPRESENTATION_ITEM((#2434))
REPRESENTATION_ITEM('nominal value')
);
#2435=COMPOUND_REPRESENTATION_ITEM('modifiers',SET_REPRESENTATION_ITEM((#2436)));
#2436=DESCRIPTIVE_REPRESENTATION_ITEM('dimensional note','depth');
#2437=SHAPE_DIMENSION_REPRESENTATION('',(#2433,#2435),#2279);
#2438=DIMENSIONAL_CHARACTERISTIC_REPRESENTATION(#2431,#2437);
#2439=DIMENSIONAL_SIZE(#2394,'diameter');
#2440=(
LENGTH_UNIT()
NAMED_UNIT(*)
SI_UNIT(.MILLI.,.METRE.)
);
#2442=PRECISION_QUALIFIER(3);
#2441=(
LENGTH_MEASURE_WITH_UNIT()
MEASURE_REPRESENTATION_ITEM()
MEASURE_WITH_UNIT(POSITIVE_LENGTH_MEASURE(2.5),#2440)
QUALIFIED_REPRESENTATION_ITEM((#2442))
REPRESENTATION_ITEM('nominal value')
);
#2443=COMPOUND_REPRESENTATION_ITEM('modifiers',SET_REPRESENTATION_ITEM((#2444)));
#2444=DESCRIPTIVE_REPRESENTATION_ITEM('dimensional note','diameter');
#2445=SHAPE_DIMENSION_REPRESENTATION('',(#2441,#2443),#2279);
#2446=DIMENSIONAL_CHARACTERISTIC_REPRESENTATION(#2439,#2445);
#2447=DIMENSIONAL_SIZE(#2394,'depth');
#2448=(
LENGTH_UNIT()
NAMED_UNIT(*)
SI_UNIT(.MILLI.,.METRE.)
);
#2450=PRECISION_QUALIFIER(3);
#2449=(
LENGTH_MEASURE_WITH_UNIT()
MEASURE_REPRESENTATION_ITEM()
MEASURE_WITH_UNIT(POSITIVE_LENGTH_MEASURE(0.00999999999999959),#2448)
QUALIFIED_REPRESENTATION_ITEM((#2450))
REPRESENTATION_ITEM('nominal value')
);
#2451=COMPOUND_REPRESENTATION_ITEM('modifiers',SET_REPRESENTATION_ITEM((#2452)));
#2452=DESCRIPTIVE_REPRESENTATION_ITEM('dimensional note','depth');
#2453=SHAPE_DIMENSION_REPRESENTATION('',(#2449,#2451),#2279);
#2454=DIMENSIONAL_CHARACTERISTIC_REPRESENTATION(#2447,#2453);
#2455=PRESENTATION_STYLE_ASSIGNMENT((NULL_STYLE(.NULL.)));
#2456=CARTESIAN_POINT('',(-0.04373,-0.0484,0.));
#2457=DIRECTION('',(0.,-1.,0.));
#2458=DIRECTION('',(1.,0.,0.));
#2459=AXIS2_PLACEMENT_3D('',#2456,#2457,#2458);
#2460=PLANE('',#2459);
#2461=ANNOTATION_PLANE('',(#2455),#2460,(#2487));
#2462=CARTESIAN_POINT('',(0.,0.,0.));
#2463=DIRECTION('',(0.,0.,1.));
#2464=DIRECTION('',(1.,0.,0.));
#2465=AXIS2_PLACEMENT_3D('',#2462,#2463,#2464);
#2466=CARTESIAN_POINT('',(0.,0.,0.));
#2467=DIRECTION('',(0.,0.,1.));
#2468=DIRECTION('',(1.,0.,0.));
#2469=AXIS2_PLACEMENT_3D('',#2466,#2467,#2468);
#2470=SHAPE_REPRESENTATION('',(#2469,#1291),#2279);
#2471=REPRESENTATION_MAP(#2465,#2470);
#2472=MAPPED_ITEM('',#2471,#2465);
#2473=PRESENTATION_STYLE_ASSIGNMENT((NULL_STYLE(.NULL.)));
#2474=STYLED_ITEM('',(#2473),#2472);
#2475=DRAUGHTING_PRE_DEFINED_CURVE_FONT('continuous');
#2476=COLOUR_RGB('',0.,0.,0.);
#2477=CURVE_STYLE('',#2475,POSITIVE_LENGTH_MEASURE(0.02),#2476);
#2478=PRESENTATION_STYLE_ASSIGNMENT((#2477));
#2479=COORDINATES_LIST('coordinates',4131,((-42.8461165,-48.4000000,0.8838835),(-41.4319030,-48.4000000,3.7123106),(-40.0176894,-48.4000000,2.2980970),(-16.6823495,-48.4000000,7.4593343),(-16.6770082,-48.4000000,7.5917251),(-16.6770082,-48.4000000,9.2818835),(-16.6823495,-48.4000000,7.4593343),(-16.6770082,-48.4000000,9.2818835),(-16.6823164,-48.4000000,9.4125050),(-16.6823495,-48.4000000,7.4593343),(-16.6823164,-48.4000000,9.4125050),(-16.6982410,-48.4000000,9.5371402),(-16.6823495,-48.4000000,7.4593343),(-16.6982410,-48.4000000,9.5371402),(-16.7247820,-48.4000000,9.6557893),(-16.6823495,-48.4000000,7.4593343),(-16.7247820,-48.4000000,9.6557893),(-16.7619394,-48.4000000,9.7684522),(-16.6823495,-48.4000000,7.4593343),(-16.7619394,-48.4000000,9.7684522),(-16.8097133,-48.4000000,9.8751289),(-16.6823495,-48.4000000,7.4593343),(-16.8097133,-48.4000000,9.8751289),(-16.8681035,-48.4000000,9.9758194),(-16.6823495,-48.4000000,7.4593343),(-16.8681035,-48.4000000,9.9758194),(-16.9371101,-48.4000000,10.0705237),(-16.6823495,-48.4000000,7.4593343),(-16.9371101,-48.4000000,10.0705237),(-17.0167332,-48.4000000,10.1592418),(-16.6823495,-48.4000000,7.4593343),(-17.0167332,-48.4000000,10.1592418),(-17.0934127,-48.4000000,10.2309274),(-16.6823495,-48.4000000,7.4593343),(-17.0934127,-48.4000000,10.2309274),(-17.1731681,-48.4000000,10.2930548),(-16.6823495,-48.4000000,7.4593343),(-17.1731681,-48.4000000,10.2930548),(-17.2559992,-48.4000000,10.3456242),(-17.2559992,-48.4000000,10.3456242),(-17.3419061,-48.4000000,10.3886356),(-17.4308888,-48.4000000,10.4220888),(-17.2559992,-48.4000000,10.3456242),(-17.4308888,-48.4000000,10.4220888),(-17.5229473,-48.4000000,10.4459840),(-17.2559992,-48.4000000,10.3456242),(-17.5229473,-48.4000000,10.4459840),(-17.6180815,-48.4000000,10.4603211),(-17.2559992,-48.4000000,10.3456242),(-17.6180815,-48.4000000,10.4603211),(-17.7162915,-48.4000000,10.4651001),(-17.2559992,-48.4000000,10.3456242),(-17.7162915,-48.4000000,10.4651001),(-17.8133771,-48.4000000,10.4603211),(-17.2559992,-48.4000000,10.3456242),(-17.8133771,-48.4000000,10.4603211),(-17.9077837,-48.4000000,10.4459840),(-17.2559992,-48.4000000,10.3456242),(-17.9077837,-48.4000000,10.4459840),(-17.9995114,-48.4000000,10.4220888),(-17.2559992,-48.4000000,10.3456242),(-17.9995114,-48.4000000,10.4220888),(-18.0885603,-48.4000000,10.3886356),(-17.2559992,-48.4000000,10.3456242),(-18.0885603,-48.4000000,10.3886356),(-18.1749302,-48.4000000,10.3456242),(-17.2559992,-48.4000000,10.3456242),(-18.1749302,-48.4000000,10.3456242),(-18.2586212,-48.4000000,10.2930548),(-17.2559992,-48.4000000,10.3456242),(-18.2586212,-48.4000000,10.2930548),(-18.3396333,-48.4000000,10.2309274),(-17.2559992,-48.4000000,10.3456242),(-18.3396333,-48.4000000,10.2309274),(-18.4179665,-48.4000000,10.1592418),(-17.2559992,-48.4000000,10.3456242),(-18.4179665,-48.4000000,10.1592418),(-18.4975896,-48.4000000,10.0722600),(-17.2559992,-48.4000000,10.3456242),(-18.4975896,-48.4000000,10.0722600),(-18.5665962,-48.4000000,9.9790606),(-17.2559992,-48.4000000,10.3456242),(-18.5665962,-48.4000000,9.9790606),(-18.6249864,-48.4000000,9.8796434),(-17.2559992,-48.4000000,10.3456242),(-18.6249864,-48.4000000,9.8796434),(-18.6727603,-48.4000000,9.7740085),(-17.2559992,-48.4000000,10.3456242),(-18.6727603,-48.4000000,9.7740085),(-18.7099177,-48.4000000,9.6621559),(-18.7099177,-48.4000000,9.6621559),(-18.7364587,-48.4000000,9.5440856),(-18.7523833,-48.4000000,9.4197975),(-18.7099177,-48.4000000,9.6621559),(-18.7523833,-48.4000000,9.4197975),(-18.7576915,-48.4000000,9.2892918),(-18.7099177,-48.4000000,9.6621559),(-18.7576915,-48.4000000,9.2892918),(-18.7576915,-48.4000000,9.2818835),(-18.7099177,-48.4000000,9.6621559),(-18.7576915,-48.4000000,9.2818835),(-18.7576915,-48.4000000,7.5874918),(-18.7099177,-48.4000000,9.6621559),(-18.7576915,-48.4000000,7.5874918),(-18.7523833,-48.4000000,7.4561758),(-18.7099177,-48.4000000,9.6621559),(-18.7523833,-48.4000000,7.4561758),(-18.7364587,-48.4000000,7.3310444),(-18.7099177,-48.4000000,9.6621559),(-18.7364587,-48.4000000,7.3310444),(-18.7099177,-48.4000000,7.2120977),(-18.7099177,-48.4000000,9.6621559),(-18.7099177,-48.4000000,7.2120977),(-18.6727603,-48.4000000,7.0993356),(-18.7099177,-48.4000000,9.6621559),(-18.6727603,-48.4000000,7.0993356),(-18.6249864,-48.4000000,6.9927581),(-18.7099177,-48.4000000,9.6621559),(-18.6249864,-48.4000000,6.9927581),(-18.5665962,-48.4000000,6.8923652),(-18.7099177,-48.4000000,9.6621559),(-18.5665962,-48.4000000,6.8923652),(-18.4975896,-48.4000000,6.7981570),(-18.7099177,-48.4000000,9.6621559),(-18.4975896,-48.4000000,6.7981570),(-18.4179665,-48.4000000,6.7101335),(-18.4179665,-48.4000000,6.7101335),(-18.1142249,-48.4000000,7.0064668),(-18.2082181,-48.4000000,7.1228173),(-18.4179665,-48.4000000,6.7101335),(-18.2082181,-48.4000000,7.1228173),(-18.2753561,-48.4000000,7.2591439),(-18.4179665,-48.4000000,6.7101335),(-18.2753561,-48.4000000,7.2591439),(-18.3156389,-48.4000000,7.4154465),(-18.7099177,-48.4000000,9.6621559),(-18.4179665,-48.4000000,6.7101335),(-18.3156389,-48.4000000,7.4154465),(-18.7099177,-48.4000000,9.6621559),(-18.3156389,-48.4000000,7.4154465),(-18.3257096,-48.4000000,7.5010888),(-18.7099177,-48.4000000,9.6621559),(-18.3257096,-48.4000000,7.5010888),(-18.3290665,-48.4000000,7.5917251),(-18.7099177,-48.4000000,9.6621559),(-18.3290665,-48.4000000,7.5917251),(-18.3290665,-48.4000000,9.2892918),(-18.7099177,-48.4000000,9.6621559),(-18.3290665,-48.4000000,9.2892918),(-18.3257427,-48.4000000,9.3775965),(-18.7099177,-48.4000000,9.6621559),(-18.3257427,-48.4000000,9.3775965),(-18.3157712,-48.4000000,9.4610064),(-18.7099177,-48.4000000,9.6621559),(-18.3157712,-48.4000000,9.4610064),(-18.2991521,-48.4000000,9.5395215),(-18.7099177,-48.4000000,9.6621559),(-18.2991521,-48.4000000,9.5395215),(-18.2758853,-48.4000000,9.6131418),(-18.7099177,-48.4000000,9.6621559),(-18.2758853,-48.4000000,9.6131418),(-18.2094087,-48.4000000,9.7456981),(-18.7099177,-48.4000000,9.6621559),(-18.2094087,-48.4000000,9.7456981),(-18.1163415,-48.4000000,9.8586751),(-18.7099177,-48.4000000,9.6621559),(-18.1163415,-48.4000000,9.8586751),(-18.0210915,-48.4000000,9.9373887),(-18.7099177,-48.4000000,9.6621559),(-18.0210915,-48.4000000,9.9373887),(-17.9226665,-48.4000000,9.9936126),(-17.2559992,-48.4000000,10.3456242),(-18.7099177,-48.4000000,9.6621559),(-17.9226665,-48.4000000,9.9936126),(-17.2559992,-48.4000000,10.3456242),(-17.9226665,-48.4000000,9.9936126),(-17.8210665,-48.4000000,10.0273470),(-17.2559992,-48.4000000,10.3456242),(-17.8210665,-48.4000000,10.0273470),(-17.7162915,-48.4000000,10.0385918),(-17.2559992,-48.4000000,10.3456242),(-17.7162915,-48.4000000,10.0385918),(-17.6072170,-48.4000000,10.0273470),(-17.2559992,-48.4000000,10.3456242),(-17.6072170,-48.4000000,10.0273470),(-17.5043603,-48.4000000,9.9936126),(-17.2559992,-48.4000000,10.3456242),(-17.5043603,-48.4000000,9.9936126),(-17.4077212,-48.4000000,9.9373887),(-17.2559992,-48.4000000,10.3456242),(-17.4077212,-48.4000000,9.9373887),(-17.3172999,-48.4000000,9.8586751),(-17.2559992,-48.4000000,10.3456242),(-17.3172999,-48.4000000,9.8586751),(-17.2242327,-48.4000000,9.7400757),(-17.2559992,-48.4000000,10.3456242),(-17.2242327,-48.4000000,9.7400757),(-17.1577561,-48.4000000,9.6044106),(-17.2559992,-48.4000000,10.3456242),(-17.1577561,-48.4000000,9.6044106),(-17.1178702,-48.4000000,9.4516798),(-16.6823495,-48.4000000,7.4593343),(-17.2559992,-48.4000000,10.3456242),(-17.1178702,-48.4000000,9.4516798),(-16.6823495,-48.4000000,7.4593343),(-17.1178702,-48.4000000,9.4516798),(-17.1078987,-48.4000000,9.3689149),(-16.6823495,-48.4000000,7.4593343),(-17.1078987,-48.4000000,9.3689149),(-17.1045749,-48.4000000,9.2818835),(-16.6823495,-48.4000000,7.4593343),(-17.1045749,-48.4000000,9.2818835),(-17.1045749,-48.4000000,7.5917251),(-16.6823495,-48.4000000,7.4593343),(-17.1045749,-48.4000000,7.5917251),(-17.1078987,-48.4000000,7.5020810),(-16.6823495,-48.4000000,7.4593343),(-17.1078987,-48.4000000,7.5020810),(-17.1178702,-48.4000000,7.4172986),(-16.6823495,-48.4000000,7.4593343),(-17.1178702,-48.4000000,7.4172986),(-17.1344893,-48.4000000,7.3373779),(-16.6823495,-48.4000000,7.4593343),(-17.1344893,-48.4000000,7.3373779),(-17.1577561,-48.4000000,7.2623189),(-16.6823495,-48.4000000,7.4593343),(-17.1577561,-48.4000000,7.2623189),(-17.2242327,-48.4000000,7.1267861),(-16.6823495,-48.4000000,7.4593343),(-17.2242327,-48.4000000,7.1267861),(-17.3172999,-48.4000000,7.0107001),(-16.6823495,-48.4000000,7.4593343),(-17.3172999,-48.4000000,7.0107001),(-17.4085150,-48.4000000,6.9329126),(-18.0226790,-48.4000000,6.9305314),(-18.1142249,-48.4000000,7.0064668),(-18.4179665,-48.4000000,6.7101335),(-17.9258415,-48.4000000,6.8762918),(-18.0226790,-48.4000000,6.9305314),(-18.4179665,-48.4000000,6.7101335),(-17.8237124,-48.4000000,6.8437481),(-17.9258415,-48.4000000,6.8762918),(-18.4179665,-48.4000000,6.7101335),(-17.7162915,-48.4000000,6.8329001),(-17.8237124,-48.4000000,6.8437481),(-18.4179665,-48.4000000,6.7101335),(-17.6080108,-48.4000000,6.8440126),(-17.7162915,-48.4000000,6.8329001),(-18.4179665,-48.4000000,6.7101335),(-17.6080108,-48.4000000,6.8440126),(-18.4179665,-48.4000000,6.7101335),(-18.3410885,-48.4000000,6.6394401),(-17.6080108,-48.4000000,6.8440126),(-18.3410885,-48.4000000,6.6394401),(-18.2612670,-48.4000000,6.5781725),(-17.5054186,-48.4000000,6.8773501),(-17.6080108,-48.4000000,6.8440126),(-18.2612670,-48.4000000,6.5781725),(-17.5054186,-48.4000000,6.8773501),(-18.2612670,-48.4000000,6.5781725),(-18.1785021,-48.4000000,6.5263307),(-17.5054186,-48.4000000,6.8773501),(-18.1785021,-48.4000000,6.5263307),(-18.0927936,-48.4000000,6.4839147),(-17.4085150,-48.4000000,6.9329126),(-17.5054186,-48.4000000,6.8773501),(-18.0927936,-48.4000000,6.4839147),(-17.4085150,-48.4000000,6.9329126),(-18.0927936,-48.4000000,6.4839147),(-18.0041417,-48.4000000,6.4509245),(-16.6823495,-48.4000000,7.4593343),(-17.4085150,-48.4000000,6.9329126),(-18.0041417,-48.4000000,6.4509245),(-16.6823495,-48.4000000,7.4593343),(-18.0041417,-48.4000000,6.4509245),(-17.9125462,-48.4000000,6.4273600),(-16.6823495,-48.4000000,7.4593343),(-17.9125462,-48.4000000,6.4273600),(-17.8180073,-48.4000000,6.4132214),(-16.6823495,-48.4000000,7.4593343),(-17.8180073,-48.4000000,6.4132214),(-17.7205249,-48.4000000,6.4085085),(-16.6823495,-48.4000000,7.4593343),(-17.7205249,-48.4000000,6.4085085),(-17.6213557,-48.4000000,6.4131387),(-16.6823495,-48.4000000,7.4593343),(-17.6213557,-48.4000000,6.4131387),(-17.5254608,-48.4000000,6.4270293),(-16.6823495,-48.4000000,7.4593343),(-17.5254608,-48.4000000,6.4270293),(-17.4328401,-48.4000000,6.4501804),(-16.6823495,-48.4000000,7.4593343),(-17.4328401,-48.4000000,6.4501804),(-17.3434936,-48.4000000,6.4825918),(-16.6823495,-48.4000000,7.4593343),(-17.3434936,-48.4000000,6.4825918),(-17.2574213,-48.4000000,6.5242637),(-16.6823495,-48.4000000,7.4593343),(-17.2574213,-48.4000000,6.5242637),(-17.1746233,-48.4000000,6.5751960),(-16.6823495,-48.4000000,7.4593343),(-17.1746233,-48.4000000,6.5751960),(-17.0950995,-48.4000000,6.6353887),(-16.6823495,-48.4000000,7.4593343),(-17.0950995,-48.4000000,6.6353887),(-17.0188499,-48.4000000,6.7048418),(-16.6823495,-48.4000000,7.4593343),(-17.0188499,-48.4000000,6.7048418),(-16.9387307,-48.4000000,6.7941718),(-16.6823495,-48.4000000,7.4593343),(-16.9387307,-48.4000000,6.7941718),(-16.8692941,-48.4000000,6.8896533),(-16.6823495,-48.4000000,7.4593343),(-16.8692941,-48.4000000,6.8896533),(-16.8105401,-48.4000000,6.9912863),(-16.6823495,-48.4000000,7.4593343),(-16.8105401,-48.4000000,6.9912863),(-16.7624686,-48.4000000,7.0990710),(-16.6823495,-48.4000000,7.4593343),(-16.7624686,-48.4000000,7.0990710),(-16.7250797,-48.4000000,7.2130072),(-16.6823495,-48.4000000,7.4593343),(-16.7250797,-48.4000000,7.2130072),(-16.6983733,-48.4000000,7.3330949),(-22.9815495,-48.4000000,7.4593343),(-22.9762082,-48.4000000,7.5917251),(-22.9762082,-48.4000000,9.2818835),(-22.9815495,-48.4000000,7.4593343),(-22.9762082,-48.4000000,9.2818835),(-22.9815164,-48.4000000,9.4125050),(-22.9815495,-48.4000000,7.4593343),(-22.9815164,-48.4000000,9.4125050),(-22.9974410,-48.4000000,9.5371402),(-22.9815495,-48.4000000,7.4593343),(-22.9974410,-48.4000000,9.5371402),(-23.0239820,-48.4000000,9.6557893),(-22.9815495,-48.4000000,7.4593343),(-23.0239820,-48.4000000,9.6557893),(-23.0611394,-48.4000000,9.7684522),(-22.9815495,-48.4000000,7.4593343),(-23.0611394,-48.4000000,9.7684522),(-23.1089133,-48.4000000,9.8751289),(-22.9815495,-48.4000000,7.4593343),(-23.1089133,-48.4000000,9.8751289),(-23.1673035,-48.4000000,9.9758194),(-22.9815495,-48.4000000,7.4593343),(-23.1673035,-48.4000000,9.9758194),(-23.2363101,-48.4000000,10.0705237),(-22.9815495,-48.4000000,7.4593343),(-23.2363101,-48.4000000,10.0705237),(-23.3159332,-48.4000000,10.1592418),(-22.9815495,-48.4000000,7.4593343),(-23.3159332,-48.4000000,10.1592418),(-23.3926127,-48.4000000,10.2309274),(-22.9815495,-48.4000000,7.4593343),(-23.3926127,-48.4000000,10.2309274),(-23.4723681,-48.4000000,10.2930548),(-22.9815495,-48.4000000,7.4593343),(-23.4723681,-48.4000000,10.2930548),(-23.5551992,-48.4000000,10.3456242),(-23.5551992,-48.4000000,10.3456242),(-23.6411061,-48.4000000,10.3886356),(-23.7300888,-48.4000000,10.4220888),(-23.5551992,-48.4000000,10.3456242),(-23.7300888,-48.4000000,10.4220888),(-23.8221473,-48.4000000,10.4459840),(-23.5551992,-48.4000000,10.3456242),(-23.8221473,-48.4000000,10.4459840),(-23.9172815,-48.4000000,10.4603211),(-23.5551992,-48.4000000,10.3456242),(-23.9172815,-48.4000000,10.4603211),(-24.0154915,-48.4000000,10.4651001),(-23.5551992,-48.4000000,10.3456242),(-24.0154915,-48.4000000,10.4651001),(-24.1125771,-48.4000000,10.4603211),(-23.5551992,-48.4000000,10.3456242),(-24.1125771,-48.4000000,10.4603211),(-24.2069837,-48.4000000,10.4459840),(-23.5551992,-48.4000000,10.3456242),(-24.2069837,-48.4000000,10.4459840),(-24.2987114,-48.4000000,10.4220888),(-23.5551992,-48.4000000,10.3456242),(-24.2987114,-48.4000000,10.4220888),(-24.3877603,-48.4000000,10.3886356),(-23.5551992,-48.4000000,10.3456242),(-24.3877603,-48.4000000,10.3886356),(-24.4741302,-48.4000000,10.3456242),(-23.5551992,-48.4000000,10.3456242),(-24.4741302,-48.4000000,10.3456242),(-24.5578212,-48.4000000,10.2930548),(-23.5551992,-48.4000000,10.3456242),(-24.5578212,-48.4000000,10.2930548),(-24.6388333,-48.4000000,10.2309274),(-23.5551992,-48.4000000,10.3456242),(-24.6388333,-48.4000000,10.2309274),(-24.7171665,-48.4000000,10.1592418),(-23.5551992,-48.4000000,10.3456242),(-24.7171665,-48.4000000,10.1592418),(-24.7967896,-48.4000000,10.0722600),(-23.5551992,-48.4000000,10.3456242),(-24.7967896,-48.4000000,10.0722600),(-24.8657962,-48.4000000,9.9790606),(-23.5551992,-48.4000000,10.3456242),(-24.8657962,-48.4000000,9.9790606),(-24.9241864,-48.4000000,9.8796434),(-23.5551992,-48.4000000,10.3456242),(-24.9241864,-48.4000000,9.8796434),(-24.9719603,-48.4000000,9.7740085),(-23.5551992,-48.4000000,10.3456242),(-24.9719603,-48.4000000,9.7740085),(-25.0091177,-48.4000000,9.6621559),(-25.0091177,-48.4000000,9.6621559),(-25.0356587,-48.4000000,9.5440856),(-25.0515833,-48.4000000,9.4197975),(-25.0091177,-48.4000000,9.6621559),(-25.0515833,-48.4000000,9.4197975),(-25.0568915,-48.4000000,9.2892918),(-25.0091177,-48.4000000,9.6621559),(-25.0568915,-48.4000000,9.2892918),(-25.0568915,-48.4000000,9.2818835),(-25.0091177,-48.4000000,9.6621559),(-25.0568915,-48.4000000,9.2818835),(-25.0568915,-48.4000000,7.5874918),(-25.0091177,-48.4000000,9.6621559),(-25.0568915,-48.4000000,7.5874918),(-25.0515833,-48.4000000,7.4561758),(-25.0091177,-48.4000000,9.6621559),(-25.0515833,-48.4000000,7.4561758),(-25.0356587,-48.4000000,7.3310444),(-25.0091177,-48.4000000,9.6621559),(-25.0356587,-48.4000000,7.3310444),(-25.0091177,-48.4000000,7.2120977),(-25.0091177,-48.4000000,9.6621559),(-25.0091177,-48.4000000,7.2120977),(-24.9719603,-48.4000000,7.0993356),(-25.0091177,-48.4000000,9.6621559),(-24.9719603,-48.4000000,7.0993356),(-24.9241864,-48.4000000,6.9927581),(-25.0091177,-48.4000000,9.6621559),(-24.9241864,-48.4000000,6.9927581),(-24.8657962,-48.4000000,6.8923652),(-25.0091177,-48.4000000,9.6621559),(-24.8657962,-48.4000000,6.8923652),(-24.7967896,-48.4000000,6.7981570),(-25.0091177,-48.4000000,9.6621559),(-24.7967896,-48.4000000,6.7981570),(-24.7171665,-48.4000000,6.7101335),(-24.7171665,-48.4000000,6.7101335),(-24.4134249,-48.4000000,7.0064668),(-24.5074181,-48.4000000,7.1228173),(-24.7171665,-48.4000000,6.7101335),(-24.5074181,-48.4000000,7.1228173),(-24.5745561,-48.4000000,7.2591439),(-24.7171665,-48.4000000,6.7101335),(-24.5745561,-48.4000000,7.2591439),(-24.6148389,-48.4000000,7.4154465),(-25.0091177,-48.4000000,9.6621559),(-24.7171665,-48.4000000,6.7101335),(-24.6148389,-48.4000000,7.4154465),(-25.0091177,-48.4000000,9.6621559),(-24.6148389,-48.4000000,7.4154465),(-24.6249096,-48.4000000,7.5010888),(-25.0091177,-48.4000000,9.6621559),(-24.6249096,-48.4000000,7.5010888),(-24.6282665,-48.4000000,7.5917251),(-25.0091177,-48.4000000,9.6621559),(-24.6282665,-48.4000000,7.5917251),(-24.6282665,-48.4000000,9.2892918),(-25.0091177,-48.4000000,9.6621559),(-24.6282665,-48.4000000,9.2892918),(-24.6249427,-48.4000000,9.3775965),(-25.0091177,-48.4000000,9.6621559),(-24.6249427,-48.4000000,9.3775965),(-24.6149712,-48.4000000,9.4610064),(-25.0091177,-48.4000000,9.6621559),(-24.6149712,-48.4000000,9.4610064),(-24.5983521,-48.4000000,9.5395215),(-25.0091177,-48.4000000,9.6621559),(-24.5983521,-48.4000000,9.5395215),(-24.5750853,-48.4000000,9.6131418),(-25.0091177,-48.4000000,9.6621559),(-24.5750853,-48.4000000,9.6131418),(-24.5086087,-48.4000000,9.7456981),(-25.0091177,-48.4000000,9.6621559),(-24.5086087,-48.4000000,9.7456981),(-24.4155415,-48.4000000,9.8586751),(-25.0091177,-48.4000000,9.6621559),(-24.4155415,-48.4000000,9.8586751),(-24.3202915,-48.4000000,9.9373887),(-25.0091177,-48.4000000,9.6621559),(-24.3202915,-48.4000000,9.9373887),(-24.2218665,-48.4000000,9.9936126),(-23.5551992,-48.4000000,10.3456242),(-25.0091177,-48.4000000,9.6621559),(-24.2218665,-48.4000000,9.9936126),(-23.5551992,-48.4000000,10.3456242),(-24.2218665,-48.4000000,9.9936126),(-24.1202665,-48.4000000,10.0273470),(-23.5551992,-48.4000000,10.3456242),(-24.1202665,-48.4000000,10.0273470),(-24.0154915,-48.4000000,10.0385918),(-23.5551992,-48.4000000,10.3456242),(-24.0154915,-48.4000000,10.0385918),(-23.9064170,-48.4000000,10.0273470),(-23.5551992,-48.4000000,10.3456242),(-23.9064170,-48.4000000,10.0273470),(-23.8035603,-48.4000000,9.9936126),(-23.5551992,-48.4000000,10.3456242),(-23.8035603,-48.4000000,9.9936126),(-23.7069212,-48.4000000,9.9373887),(-23.5551992,-48.4000000,10.3456242),(-23.7069212,-48.4000000,9.9373887),(-23.6164999,-48.4000000,9.8586751),(-23.5551992,-48.4000000,10.3456242),(-23.6164999,-48.4000000,9.8586751),(-23.5234327,-48.4000000,9.7400757),(-23.5551992,-48.4000000,10.3456242),(-23.5234327,-48.4000000,9.7400757),(-23.4569561,-48.4000000,9.6044106),(-23.5551992,-48.4000000,10.3456242),(-23.4569561,-48.4000000,9.6044106),(-23.4170702,-48.4000000,9.4516798),(-22.9815495,-48.4000000,7.4593343),(-23.5551992,-48.4000000,10.3456242),(-23.4170702,-48.4000000,9.4516798),(-22.9815495,-48.4000000,7.4593343),(-23.4170702,-48.4000000,9.4516798),(-23.4070987,-48.4000000,9.3689149),(-22.9815495,-48.4000000,7.4593343),(-23.4070987,-48.4000000,9.3689149),(-23.4037749,-48.4000000,9.2818835),(-22.9815495,-48.4000000,7.4593343),(-23.4037749,-48.4000000,9.2818835),(-23.4037749,-48.4000000,7.5917251),(-22.9815495,-48.4000000,7.4593343),(-23.4037749,-48.4000000,7.5917251),(-23.4070987,-48.4000000,7.5020810),(-22.9815495,-48.4000000,7.4593343),(-23.4070987,-48.4000000,7.5020810),(-23.4170702,-48.4000000,7.4172986),(-22.9815495,-48.4000000,7.4593343),(-23.4170702,-48.4000000,7.4172986),(-23.4336893,-48.4000000,7.3373779),(-22.9815495,-48.4000000,7.4593343),(-23.4336893,-48.4000000,7.3373779),(-23.4569561,-48.4000000,7.2623189),(-22.9815495,-48.4000000,7.4593343),(-23.4569561,-48.4000000,7.2623189),(-23.5234327,-48.4000000,7.1267861),(-22.9815495,-48.4000000,7.4593343),(-23.5234327,-48.4000000,7.1267861),(-23.6164999,-48.4000000,7.0107001),(-22.9815495,-48.4000000,7.4593343),(-23.6164999,-48.4000000,7.0107001),(-23.7077150,-48.4000000,6.9329126),(-24.3218790,-48.4000000,6.9305314),(-24.4134249,-48.4000000,7.0064668),(-24.7171665,-48.4000000,6.7101335),(-24.2250415,-48.4000000,6.8762918),(-24.3218790,-48.4000000,6.9305314),(-24.7171665,-48.4000000,6.7101335),(-24.1229124,-48.4000000,6.8437481),(-24.2250415,-48.4000000,6.8762918),(-24.7171665,-48.4000000,6.7101335),(-24.0154915,-48.4000000,6.8329001),(-24.1229124,-48.4000000,6.8437481),(-24.7171665,-48.4000000,6.7101335),(-23.9072108,-48.4000000,6.8440126),(-24.0154915,-48.4000000,6.8329001),(-24.7171665,-48.4000000,6.7101335),(-23.9072108,-48.4000000,6.8440126),(-24.7171665,-48.4000000,6.7101335),(-24.6402885,-48.4000000,6.6394401),(-23.9072108,-48.4000000,6.8440126),(-24.6402885,-48.4000000,6.6394401),(-24.5604670,-48.4000000,6.5781725),(-23.8046186,-48.4000000,6.8773501),(-23.9072108,-48.4000000,6.8440126),(-24.5604670,-48.4000000,6.5781725),(-23.8046186,-48.4000000,6.8773501),(-24.5604670,-48.4000000,6.5781725),(-24.4777021,-48.4000000,6.5263307),(-23.8046186,-48.4000000,6.8773501),(-24.4777021,-48.4000000,6.5263307),(-24.3919936,-48.4000000,6.4839147),(-23.7077150,-48.4000000,6.9329126),(-23.8046186,-48.4000000,6.8773501),(-24.3919936,-48.4000000,6.4839147),(-23.7077150,-48.4000000,6.9329126),(-24.3919936,-48.4000000,6.4839147),(-24.3033417,-48.4000000,6.4509245),(-22.9815495,-48.4000000,7.4593343),(-23.7077150,-48.4000000,6.9329126),(-24.3033417,-48.4000000,6.4509245),(-22.9815495,-48.4000000,7.4593343),(-24.3033417,-48.4000000,6.4509245),(-24.2117462,-48.4000000,6.4273600),(-22.9815495,-48.4000000,7.4593343),(-24.2117462,-48.4000000,6.4273600),(-24.1172073,-48.4000000,6.4132214),(-22.9815495,-48.4000000,7.4593343),(-24.1172073,-48.4000000,6.4132214),(-24.0197249,-48.4000000,6.4085085),(-22.9815495,-48.4000000,7.4593343),(-24.0197249,-48.4000000,6.4085085),(-23.9205557,-48.4000000,6.4131387),(-22.9815495,-48.4000000,7.4593343),(-23.9205557,-48.4000000,6.4131387),(-23.8246608,-48.4000000,6.4270293),(-22.9815495,-48.4000000,7.4593343),(-23.8246608,-48.4000000,6.4270293),(-23.7320401,-48.4000000,6.4501804),(-22.9815495,-48.4000000,7.4593343),(-23.7320401,-48.4000000,6.4501804),(-23.6426936,-48.4000000,6.4825918),(-22.9815495,-48.4000000,7.4593343),(-23.6426936,-48.4000000,6.4825918),(-23.5566213,-48.4000000,6.5242637),(-22.9815495,-48.4000000,7.4593343),(-23.5566213,-48.4000000,6.5242637),(-23.4738233,-48.4000000,6.5751960),(-22.9815495,-48.4000000,7.4593343),(-23.4738233,-48.4000000,6.5751960),(-23.3942995,-48.4000000,6.6353887),(-22.9815495,-48.4000000,7.4593343),(-23.3942995,-48.4000000,6.6353887),(-23.3180499,-48.4000000,6.7048418),(-22.9815495,-48.4000000,7.4593343),(-23.3180499,-48.4000000,6.7048418),(-23.2379307,-48.4000000,6.7941718),(-22.9815495,-48.4000000,7.4593343),(-23.2379307,-48.4000000,6.7941718),(-23.1684941,-48.4000000,6.8896533),(-22.9815495,-48.4000000,7.4593343),(-23.1684941,-48.4000000,6.8896533),(-23.1097401,-48.4000000,6.9912863),(-22.9815495,-48.4000000,7.4593343),(-23.1097401,-48.4000000,6.9912863),(-23.0616686,-48.4000000,7.0990710),(-22.9815495,-48.4000000,7.4593343),(-23.0616686,-48.4000000,7.0990710),(-23.0242797,-48.4000000,7.2130072),(-22.9815495,-48.4000000,7.4593343),(-23.0242797,-48.4000000,7.2130072),(-22.9975733,-48.4000000,7.3330949),(-33.6886582,-48.4000000,10.3328085),(-33.7627415,-48.4000000,10.4259418),(-33.8929165,-48.4000000,10.4608668),(-33.6886582,-48.4000000,10.3328085),(-33.8929165,-48.4000000,10.4608668),(-33.9699103,-48.4000000,10.4457856),(-33.6886582,-48.4000000,10.3328085),(-33.9699103,-48.4000000,10.4457856),(-34.0357915,-48.4000000,10.4005418),(-33.6886582,-48.4000000,10.3328085),(-34.0357915,-48.4000000,10.4005418),(-34.0810353,-48.4000000,10.3320147),(-33.6886582,-48.4000000,10.3328085),(-34.0810353,-48.4000000,10.3320147),(-34.0961165,-48.4000000,10.2470835),(-33.6886582,-48.4000000,10.3328085),(-34.0961165,-48.4000000,10.2470835),(-34.0961165,-48.4000000,6.6201751),(-33.6886582,-48.4000000,10.3328085),(-34.0961165,-48.4000000,6.6201751),(-34.0797124,-48.4000000,6.5378897),(-33.6886582,-48.4000000,10.3328085),(-34.0797124,-48.4000000,6.5378897),(-34.0304999,-48.4000000,6.4688335),(-33.6886582,-48.4000000,10.3328085),(-34.0304999,-48.4000000,6.4688335),(-33.9630311,-48.4000000,6.4235897),(-33.6886582,-48.4000000,10.3328085),(-33.9630311,-48.4000000,6.4235897),(-33.8812749,-48.4000000,6.4085085),(-33.6886582,-48.4000000,10.3328085),(-33.8812749,-48.4000000,6.4085085),(-33.7995186,-48.4000000,6.4235897),(-33.6886582,-48.4000000,10.3328085),(-33.7995186,-48.4000000,6.4235897),(-33.7320499,-48.4000000,6.4688335),(-33.6886582,-48.4000000,10.3328085),(-33.7320499,-48.4000000,6.4688335),(-33.6852186,-48.4000000,6.5378897),(-33.6886582,-48.4000000,10.3328085),(-33.6852186,-48.4000000,6.5378897),(-33.6696082,-48.4000000,6.6201751),(-33.6886582,-48.4000000,10.3328085),(-33.6696082,-48.4000000,6.6201751),(-33.6696082,-48.4000000,9.0850335),(-33.6886582,-48.4000000,10.3328085),(-33.6696082,-48.4000000,9.0850335),(-32.7668499,-48.4000000,6.5386835),(-33.6886582,-48.4000000,10.3328085),(-32.7668499,-48.4000000,6.5386835),(-32.6946186,-48.4000000,6.4410522),(-33.6886582,-48.4000000,10.3328085),(-32.6946186,-48.4000000,6.4410522),(-32.5710582,-48.4000000,6.4085085),(-33.6886582,-48.4000000,10.3328085),(-32.5710582,-48.4000000,6.4085085),(-32.4474978,-48.4000000,6.4410522),(-33.6886582,-48.4000000,10.3328085),(-32.4474978,-48.4000000,6.4410522),(-32.3752665,-48.4000000,6.5386835),(-31.4725082,-48.4000000,9.0850335),(-31.4725082,-48.4000000,6.6201751),(-31.4568978,-48.4000000,6.5066689),(-31.4725082,-48.4000000,9.0850335),(-31.4568978,-48.4000000,6.5066689),(-31.4100665,-48.4000000,6.4688335),(-31.4725082,-48.4000000,9.0850335),(-31.4100665,-48.4000000,6.4688335),(-31.2618999,-48.4000000,6.4085085),(-31.4725082,-48.4000000,9.0850335),(-31.2618999,-48.4000000,6.4085085),(-31.2290915,-48.4000000,6.3968668),(-31.4725082,-48.4000000,9.0850335),(-31.2290915,-48.4000000,6.3968668),(-31.1094999,-48.4000000,6.4688335),(-31.4725082,-48.4000000,9.0850335),(-31.1094999,-48.4000000,6.4688335),(-31.0642561,-48.4000000,6.5368314),(-31.4725082,-48.4000000,9.0850335),(-31.0642561,-48.4000000,6.5368314),(-31.0491749,-48.4000000,6.6201751),(-31.4725082,-48.4000000,9.0850335),(-31.0491749,-48.4000000,6.6201751),(-31.0491749,-48.4000000,10.2470835),(-31.4725082,-48.4000000,9.0850335),(-31.0491749,-48.4000000,10.2470835),(-31.0642561,-48.4000000,10.3280460),(-32.3752665,-48.4000000,6.5386835),(-31.4725082,-48.4000000,9.0850335),(-31.0642561,-48.4000000,10.3280460),(-32.3752665,-48.4000000,6.5386835),(-31.0642561,-48.4000000,10.3280460),(-31.1094999,-48.4000000,10.3952501),(-32.3752665,-48.4000000,6.5386835),(-31.1094999,-48.4000000,10.3952501),(-31.1759103,-48.4000000,10.4444626),(-32.3752665,-48.4000000,6.5386835),(-31.1759103,-48.4000000,10.4444626),(-31.2502582,-48.4000000,10.4608668),(-32.3752665,-48.4000000,6.5386835),(-31.2502582,-48.4000000,10.4608668),(-31.3772582,-48.4000000,10.4259418),(-32.3752665,-48.4000000,6.5386835),(-31.3772582,-48.4000000,10.4259418),(-31.4566332,-48.4000000,10.3285751),(-32.3752665,-48.4000000,6.5386835),(-31.4566332,-48.4000000,10.3285751),(-32.5721165,-48.4000000,7.2774001),(-33.6886582,-48.4000000,10.3328085),(-32.3752665,-48.4000000,6.5386835),(-32.5721165,-48.4000000,7.2774001),(-21.4278665,-48.4000000,7.3282001),(-21.4257499,-48.4000000,7.2795168),(-21.4018216,-48.4000000,7.1874253),(-21.4278665,-48.4000000,7.3282001),(-21.4018216,-48.4000000,7.1874253),(-21.3739577,-48.4000000,7.1011215),(-21.4278665,-48.4000000,7.3282001),(-21.3739577,-48.4000000,7.1011215),(-21.3421581,-48.4000000,7.0206055),(-21.4278665,-48.4000000,7.3282001),(-21.3421581,-48.4000000,7.0206055),(-21.3064228,-48.4000000,6.9458772),(-21.4278665,-48.4000000,7.3282001),(-21.3064228,-48.4000000,6.9458772),(-21.2667518,-48.4000000,6.8769367),(-21.4278665,-48.4000000,7.3282001),(-21.2667518,-48.4000000,6.8769367),(-21.2231452,-48.4000000,6.8137840),(-21.4278665,-48.4000000,7.3282001),(-21.2231452,-48.4000000,6.8137840),(-21.1241249,-48.4000000,6.7048418),(-21.4278665,-48.4000000,7.3282001),(-21.1241249,-48.4000000,6.7048418),(-21.0431458,-48.4000000,6.6353887),(-21.4278665,-48.4000000,7.3282001),(-21.0431458,-48.4000000,6.6353887),(-20.9600170,-48.4000000,6.5751960),(-21.4278665,-48.4000000,7.3282001),(-20.9600170,-48.4000000,6.5751960),(-20.8747385,-48.4000000,6.5242637),(-21.4278665,-48.4000000,7.3282001),(-20.8747385,-48.4000000,6.5242637),(-20.7873103,-48.4000000,6.4825918),(-21.4278665,-48.4000000,7.3282001),(-20.7873103,-48.4000000,6.4825918),(-20.6977323,-48.4000000,6.4501804),(-21.4278665,-48.4000000,7.3282001),(-20.6977323,-48.4000000,6.4501804),(-20.6060045,-48.4000000,6.4270293),(-21.4278665,-48.4000000,7.3282001),(-20.6060045,-48.4000000,6.4270293),(-20.5121271,-48.4000000,6.4131387),(-21.4278665,-48.4000000,7.3282001),(-20.5121271,-48.4000000,6.4131387),(-20.4160999,-48.4000000,6.4085085),(-21.4278665,-48.4000000,7.3282001),(-20.4160999,-48.4000000,6.4085085),(-20.3208499,-48.4000000,6.4132214),(-21.4278665,-48.4000000,7.3282001),(-20.3208499,-48.4000000,6.4132214),(-20.2282457,-48.4000000,6.4273600),(-21.4278665,-48.4000000,7.3282001),(-20.2282457,-48.4000000,6.4273600),(-20.1382874,-48.4000000,6.4509245),(-21.4278665,-48.4000000,7.3282001),(-20.1382874,-48.4000000,6.4509245),(-20.0509749,-48.4000000,6.4839147),(-20.0509749,-48.4000000,6.4839147),(-19.9663082,-48.4000000,6.5263307),(-19.8842874,-48.4000000,6.5781725),(-20.0509749,-48.4000000,6.4839147),(-19.8842874,-48.4000000,6.5781725),(-19.8049124,-48.4000000,6.6394401),(-20.0509749,-48.4000000,6.4839147),(-19.8049124,-48.4000000,6.6394401),(-19.7281832,-48.4000000,6.7101335),(-20.0509749,-48.4000000,6.4839147),(-19.7281832,-48.4000000,6.7101335),(-19.6480640,-48.4000000,6.7983720),(-20.0509749,-48.4000000,6.4839147),(-19.6480640,-48.4000000,6.7983720),(-19.5786275,-48.4000000,6.8932251),(-20.0509749,-48.4000000,6.4839147),(-19.5786275,-48.4000000,6.8932251),(-19.5198734,-48.4000000,6.9946929),(-20.0509749,-48.4000000,6.4839147),(-19.5198734,-48.4000000,6.9946929),(-19.4718019,-48.4000000,7.1027751),(-20.0509749,-48.4000000,6.4839147),(-19.4718019,-48.4000000,7.1027751),(-19.4344130,-48.4000000,7.2174720),(-20.0509749,-48.4000000,6.4839147),(-19.4344130,-48.4000000,7.2174720),(-19.4077066,-48.4000000,7.3387835),(-20.0509749,-48.4000000,6.4839147),(-19.4077066,-48.4000000,7.3387835),(-19.3916828,-48.4000000,7.4667095),(-20.0509749,-48.4000000,6.4839147),(-19.3916828,-48.4000000,7.4667095),(-19.3863415,-48.4000000,7.6012501),(-20.0509749,-48.4000000,6.4839147),(-19.3863415,-48.4000000,7.6012501),(-19.3876314,-48.4000000,7.7045327),(-20.0509749,-48.4000000,6.4839147),(-19.3876314,-48.4000000,7.7045327),(-19.3915009,-48.4000000,7.8037721),(-20.0509749,-48.4000000,6.4839147),(-19.3915009,-48.4000000,7.8037721),(-19.3979501,-48.4000000,7.8989684),(-20.0509749,-48.4000000,6.4839147),(-19.3979501,-48.4000000,7.8989684),(-19.4069790,-48.4000000,7.9901215),(-20.0509749,-48.4000000,6.4839147),(-19.4069790,-48.4000000,7.9901215),(-19.4185876,-48.4000000,8.0772314),(-20.0509749,-48.4000000,6.4839147),(-19.4185876,-48.4000000,8.0772314),(-19.4327759,-48.4000000,8.1602982),(-20.0509749,-48.4000000,6.4839147),(-19.4327759,-48.4000000,8.1602982),(-19.4495439,-48.4000000,8.2393218),(-20.0509749,-48.4000000,6.4839147),(-19.4495439,-48.4000000,8.2393218),(-19.4688915,-48.4000000,8.3143022),(-20.0509749,-48.4000000,6.4839147),(-19.4688915,-48.4000000,8.3143022),(-19.5153259,-48.4000000,8.4521336),(-19.5153259,-48.4000000,8.4521336),(-19.5720790,-48.4000000,8.5737923),(-19.6391509,-48.4000000,8.6792784),(-19.5153259,-48.4000000,8.4521336),(-19.6391509,-48.4000000,8.6792784),(-19.7165415,-48.4000000,8.7685918),(-19.5153259,-48.4000000,8.4521336),(-19.7165415,-48.4000000,8.7685918),(-19.7960323,-48.4000000,8.8380449),(-19.5153259,-48.4000000,8.4521336),(-19.7960323,-48.4000000,8.8380449),(-19.8778712,-48.4000000,8.8982376),(-19.5153259,-48.4000000,8.4521336),(-19.8778712,-48.4000000,8.8982376),(-19.9620583,-48.4000000,8.9491699),(-19.5153259,-48.4000000,8.4521336),(-19.9620583,-48.4000000,8.9491699),(-20.0485936,-48.4000000,8.9908418),(-19.5153259,-48.4000000,8.4521336),(-20.0485936,-48.4000000,8.9908418),(-20.1374771,-48.4000000,9.0232533),(-19.5153259,-48.4000000,8.4521336),(-20.1374771,-48.4000000,9.0232533),(-20.2287087,-48.4000000,9.0464043),(-19.5153259,-48.4000000,8.4521336),(-20.2287087,-48.4000000,9.0464043),(-20.3222885,-48.4000000,9.0602949),(-19.5153259,-48.4000000,8.4521336),(-20.3222885,-48.4000000,9.0602949),(-20.4182165,-48.4000000,9.0649251),(-19.5153259,-48.4000000,8.4521336),(-20.4182165,-48.4000000,9.0649251),(-20.5035281,-48.4000000,9.0616675),(-19.5153259,-48.4000000,8.4521336),(-20.5035281,-48.4000000,9.0616675),(-20.5858962,-48.4000000,9.0518944),(-19.5153259,-48.4000000,8.4521336),(-20.5858962,-48.4000000,9.0518944),(-20.6653208,-48.4000000,9.0356060),(-19.5153259,-48.4000000,8.4521336),(-20.6653208,-48.4000000,9.0356060),(-20.7418019,-48.4000000,9.0128022),(-19.5153259,-48.4000000,8.4521336),(-20.7418019,-48.4000000,9.0128022),(-20.8859337,-48.4000000,8.9476486),(-19.5153259,-48.4000000,8.4521336),(-20.8859337,-48.4000000,8.9476486),(-21.0182915,-48.4000000,8.8564335),(-20.9759582,-48.4000000,10.0343585),(-19.7006665,-48.4000000,10.0343585),(-19.6191749,-48.4000000,10.0502335),(-20.9759582,-48.4000000,10.0343585),(-19.6191749,-48.4000000,10.0502335),(-19.5503832,-48.4000000,10.0978585),(-20.9759582,-48.4000000,10.0343585),(-19.5503832,-48.4000000,10.0978585),(-19.5035519,-48.4000000,10.1671793),(-20.9759582,-48.4000000,10.0343585),(-19.5035519,-48.4000000,10.1671793),(-19.4879415,-48.4000000,10.2481418),(-20.9759582,-48.4000000,10.0343585),(-19.4879415,-48.4000000,10.2481418),(-19.5035519,-48.4000000,10.3288397),(-20.9759582,-48.4000000,10.0343585),(-19.5035519,-48.4000000,10.3288397),(-19.5503832,-48.4000000,10.3973668),(-20.9759582,-48.4000000,10.0343585),(-19.5503832,-48.4000000,10.3973668),(-19.6191749,-48.4000000,10.4449918),(-20.9759582,-48.4000000,10.0343585),(-19.6191749,-48.4000000,10.4449918),(-19.7006665,-48.4000000,10.4608668),(-20.9759582,-48.4000000,10.0343585),(-19.7006665,-48.4000000,10.4608668),(-21.1728082,-48.4000000,10.4608668),(-21.0182915,-48.4000000,8.8564335),(-20.9759582,-48.4000000,10.0343585),(-21.1728082,-48.4000000,10.4608668),(-21.0182915,-48.4000000,8.8564335),(-21.1728082,-48.4000000,10.4608668),(-21.2532415,-48.4000000,10.4468439),(-21.0182915,-48.4000000,8.8564335),(-21.2532415,-48.4000000,10.4468439),(-21.3230915,-48.4000000,10.4047751),(-21.0182915,-48.4000000,8.8564335),(-21.3230915,-48.4000000,10.4047751),(-21.3707165,-48.4000000,10.3396876),(-21.0182915,-48.4000000,8.8564335),(-21.3707165,-48.4000000,10.3396876),(-21.3865915,-48.4000000,10.2608418),(-21.0182915,-48.4000000,8.8564335),(-21.3865915,-48.4000000,10.2608418),(-21.4670249,-48.4000000,8.1960335),(-21.0182915,-48.4000000,8.8564335),(-21.4670249,-48.4000000,8.1960335),(-21.4537957,-48.4000000,8.1166585),(-21.0182915,-48.4000000,8.8564335),(-21.4537957,-48.4000000,8.1166585),(-21.4141082,-48.4000000,8.0457501),(-21.0182915,-48.4000000,8.8564335),(-21.4141082,-48.4000000,8.0457501),(-21.3490207,-48.4000000,7.9917751),(-21.0182915,-48.4000000,8.8564335),(-21.3490207,-48.4000000,7.9917751),(-21.2659415,-48.4000000,7.9737835),(-21.0182915,-48.4000000,8.8564335),(-21.2659415,-48.4000000,7.9737835),(-21.1847144,-48.4000000,7.9872772),(-21.0182915,-48.4000000,8.8564335),(-21.1847144,-48.4000000,7.9872772),(-21.1124832,-48.4000000,8.0277585),(-21.0182915,-48.4000000,8.8564335),(-21.1124832,-48.4000000,8.0277585),(-21.0500415,-48.4000000,8.1293585),(-21.0182915,-48.4000000,8.8564335),(-21.0500415,-48.4000000,8.1293585),(-21.0160426,-48.4000000,8.2144882),(-21.0182915,-48.4000000,8.8564335),(-21.0160426,-48.4000000,8.2144882),(-20.9669624,-48.4000000,8.2984272),(-21.0182915,-48.4000000,8.8564335),(-20.9669624,-48.4000000,8.2984272),(-20.9028009,-48.4000000,8.3811757),(-21.0182915,-48.4000000,8.8564335),(-20.9028009,-48.4000000,8.3811757),(-20.8235582,-48.4000000,8.4627335),(-21.0182915,-48.4000000,8.8564335),(-20.8235582,-48.4000000,8.4627335),(-20.7279775,-48.4000000,8.5405210),(-21.0182915,-48.4000000,8.8564335),(-20.7279775,-48.4000000,8.5405210),(-20.6285603,-48.4000000,8.5960835),(-21.0182915,-48.4000000,8.8564335),(-20.6285603,-48.4000000,8.5960835),(-20.5253066,-48.4000000,8.6294210),(-21.0182915,-48.4000000,8.8564335),(-20.5253066,-48.4000000,8.6294210),(-20.4182165,-48.4000000,8.6405335),(-21.0182915,-48.4000000,8.8564335),(-20.4182165,-48.4000000,8.6405335),(-20.3117217,-48.4000000,8.6294210),(-19.5153259,-48.4000000,8.4521336),(-21.0182915,-48.4000000,8.8564335),(-20.3117217,-48.4000000,8.6294210),(-19.5153259,-48.4000000,8.4521336),(-20.3117217,-48.4000000,8.6294210),(-20.2091957,-48.4000000,8.5960835),(-19.5153259,-48.4000000,8.4521336),(-20.2091957,-48.4000000,8.5960835),(-20.1106384,-48.4000000,8.5405210),(-19.5153259,-48.4000000,8.4521336),(-20.1106384,-48.4000000,8.5405210),(-20.0160499,-48.4000000,8.4627335),(-19.5153259,-48.4000000,8.4521336),(-20.0160499,-48.4000000,8.4627335),(-19.9257608,-48.4000000,8.3341460),(-19.5153259,-48.4000000,8.4521336),(-19.9257608,-48.4000000,8.3341460),(-19.8902901,-48.4000000,8.2480241),(-19.5153259,-48.4000000,8.4521336),(-19.8902901,-48.4000000,8.2480241),(-19.8612686,-48.4000000,8.1473501),(-19.5153259,-48.4000000,8.4521336),(-19.8612686,-48.4000000,8.1473501),(-19.8386963,-48.4000000,8.0321241),(-19.5153259,-48.4000000,8.4521336),(-19.8386963,-48.4000000,8.0321241),(-19.8225733,-48.4000000,7.9023460),(-19.5153259,-48.4000000,8.4521336),(-19.8225733,-48.4000000,7.9023460),(-19.8128995,-48.4000000,7.7580158),(-19.5153259,-48.4000000,8.4521336),(-19.8128995,-48.4000000,7.7580158),(-19.8096749,-48.4000000,7.5991335),(-19.5153259,-48.4000000,8.4521336),(-19.8096749,-48.4000000,7.5991335),(-19.8131144,-48.4000000,7.5076869),(-19.5153259,-48.4000000,8.4521336),(-19.8131144,-48.4000000,7.5076869),(-19.8234332,-48.4000000,7.4212012),(-19.5153259,-48.4000000,8.4521336),(-19.8234332,-48.4000000,7.4212012),(-19.8406311,-48.4000000,7.3396764),(-20.0509749,-48.4000000,6.4839147),(-19.5153259,-48.4000000,8.4521336),(-19.8406311,-48.4000000,7.3396764),(-20.0509749,-48.4000000,6.4839147),(-19.8406311,-48.4000000,7.3396764),(-19.8647082,-48.4000000,7.2631126),(-20.0509749,-48.4000000,6.4839147),(-19.8647082,-48.4000000,7.2631126),(-19.9334999,-48.4000000,7.1248679),(-20.0509749,-48.4000000,6.4839147),(-19.9334999,-48.4000000,7.1248679),(-20.0298082,-48.4000000,7.0064668),(-20.0509749,-48.4000000,6.4839147),(-20.0298082,-48.4000000,7.0064668),(-20.1210894,-48.4000000,6.9305314),(-20.0509749,-48.4000000,6.4839147),(-20.1210894,-48.4000000,6.9305314),(-20.2171332,-48.4000000,6.8762918),(-20.0509749,-48.4000000,6.4839147),(-20.2171332,-48.4000000,6.8762918),(-20.3179394,-48.4000000,6.8437481),(-20.0509749,-48.4000000,6.4839147),(-20.3179394,-48.4000000,6.8437481),(-20.4235082,-48.4000000,6.8329001),(-20.0509749,-48.4000000,6.4839147),(-20.4235082,-48.4000000,6.8329001),(-20.5261004,-48.4000000,6.8441449),(-20.0509749,-48.4000000,6.4839147),(-20.5261004,-48.4000000,6.8441449),(-20.6285603,-48.4000000,6.8778793),(-20.0509749,-48.4000000,6.4839147),(-20.6285603,-48.4000000,6.8778793),(-20.7308879,-48.4000000,6.9341033),(-21.4278665,-48.4000000,7.3282001),(-20.0509749,-48.4000000,6.4839147),(-20.7308879,-48.4000000,6.9341033),(-21.4278665,-48.4000000,7.3282001),(-20.7308879,-48.4000000,6.9341033),(-20.8330832,-48.4000000,7.0128168),(-21.4278665,-48.4000000,7.3282001),(-20.8330832,-48.4000000,7.0128168),(-20.9352124,-48.4000000,7.1556918),(-21.4278665,-48.4000000,7.3282001),(-20.9352124,-48.4000000,7.1556918),(-20.9747676,-48.4000000,7.2557043),(-21.4278665,-48.4000000,7.3282001),(-20.9747676,-48.4000000,7.2557043),(-21.0066499,-48.4000000,7.3747668),(-21.4278665,-48.4000000,7.3282001),(-21.0066499,-48.4000000,7.3747668),(-21.0507030,-48.4000000,7.4474611),(-21.4278665,-48.4000000,7.3282001),(-21.0507030,-48.4000000,7.4474611),(-21.0992540,-48.4000000,7.4993856),(-21.4278665,-48.4000000,7.3282001),(-21.0992540,-48.4000000,7.4993856),(-21.2098499,-48.4000000,7.5409251),(-21.4278665,-48.4000000,7.3282001),(-21.2098499,-48.4000000,7.5409251),(-21.2172582,-48.4000000,7.5409251),(-21.4278665,-48.4000000,7.3282001),(-21.2172582,-48.4000000,7.5409251),(-21.2911431,-48.4000000,7.5252486),(-21.4278665,-48.4000000,7.3282001),(-21.2911431,-48.4000000,7.5252486),(-21.3508728,-48.4000000,7.4845689),(-28.8499582,-48.4000000,8.6966251),(-28.8023332,-48.4000000,8.7453085),(-28.7462746,-48.4000000,8.8228810),(-28.8499582,-48.4000000,8.6966251),(-28.7462746,-48.4000000,8.8228810),(-28.6976905,-48.4000000,8.9042569),(-28.8499582,-48.4000000,8.6966251),(-28.6976905,-48.4000000,8.9042569),(-28.6565808,-48.4000000,8.9894362),(-28.8499582,-48.4000000,8.6966251),(-28.6565808,-48.4000000,8.9894362),(-28.6229457,-48.4000000,9.0784189),(-28.8499582,-48.4000000,8.6966251),(-28.6229457,-48.4000000,9.0784189),(-28.5967850,-48.4000000,9.1712050),(-28.8499582,-48.4000000,8.6966251),(-28.5967850,-48.4000000,9.1712050),(-28.5780988,-48.4000000,9.2677944),(-28.8499582,-48.4000000,8.6966251),(-28.5780988,-48.4000000,9.2677944),(-28.5668871,-48.4000000,9.3681873),(-28.8499582,-48.4000000,8.6966251),(-28.5668871,-48.4000000,9.3681873),(-28.5631499,-48.4000000,9.4723835),(-28.8499582,-48.4000000,8.6966251),(-28.5631499,-48.4000000,9.4723835),(-28.5668706,-48.4000000,9.5764970),(-28.8499582,-48.4000000,8.6966251),(-28.5668706,-48.4000000,9.5764970),(-28.5780327,-48.4000000,9.6761126),(-28.8499582,-48.4000000,8.6966251),(-28.5780327,-48.4000000,9.6761126),(-28.5966362,-48.4000000,9.7712304),(-28.8499582,-48.4000000,8.6966251),(-28.5966362,-48.4000000,9.7712304),(-28.6226811,-48.4000000,9.8618501),(-28.8499582,-48.4000000,8.6966251),(-28.6226811,-48.4000000,9.8618501),(-28.6561674,-48.4000000,9.9479720),(-28.8499582,-48.4000000,8.6966251),(-28.6561674,-48.4000000,9.9479720),(-28.6970952,-48.4000000,10.0295960),(-28.8499582,-48.4000000,8.6966251),(-28.6970952,-48.4000000,10.0295960),(-28.7454643,-48.4000000,10.1067220),(-28.8499582,-48.4000000,8.6966251),(-28.7454643,-48.4000000,10.1067220),(-28.8012749,-48.4000000,10.1793501),(-28.8499582,-48.4000000,8.6966251),(-28.8012749,-48.4000000,10.1793501),(-28.8630220,-48.4000000,10.2453306),(-28.8499582,-48.4000000,8.6966251),(-28.8630220,-48.4000000,10.2453306),(-28.9297301,-48.4000000,10.3025137),(-28.8499582,-48.4000000,8.6966251),(-28.9297301,-48.4000000,10.3025137),(-29.0013991,-48.4000000,10.3508994),(-28.8499582,-48.4000000,8.6966251),(-29.0013991,-48.4000000,10.3508994),(-29.0780290,-48.4000000,10.3904876),(-29.0780290,-48.4000000,10.3904876),(-29.1596199,-48.4000000,10.4212785),(-29.2461717,-48.4000000,10.4432720),(-29.0780290,-48.4000000,10.3904876),(-29.2461717,-48.4000000,10.4432720),(-29.3376845,-48.4000000,10.4564681),(-29.0780290,-48.4000000,10.3904876),(-29.3376845,-48.4000000,10.4564681),(-29.4341582,-48.4000000,10.4608668),(-29.0780290,-48.4000000,10.3904876),(-29.4341582,-48.4000000,10.4608668),(-29.5296728,-48.4000000,10.4564846),(-29.0780290,-48.4000000,10.3904876),(-29.5296728,-48.4000000,10.4564846),(-29.6209540,-48.4000000,10.4433382),(-29.0780290,-48.4000000,10.3904876),(-29.6209540,-48.4000000,10.4433382),(-29.7080019,-48.4000000,10.4214274),(-29.0780290,-48.4000000,10.3904876),(-29.7080019,-48.4000000,10.4214274),(-29.7908165,-48.4000000,10.3907522),(-29.0780290,-48.4000000,10.3904876),(-29.7908165,-48.4000000,10.3907522),(-29.8693978,-48.4000000,10.3513128),(-29.0780290,-48.4000000,10.3904876),(-29.8693978,-48.4000000,10.3513128),(-29.9437457,-48.4000000,10.3031090),(-29.0780290,-48.4000000,10.3904876),(-29.9437457,-48.4000000,10.3031090),(-30.0138603,-48.4000000,10.2461409),(-29.0780290,-48.4000000,10.3904876),(-30.0138603,-48.4000000,10.2461409),(-30.0797415,-48.4000000,10.1804085),(-29.0780290,-48.4000000,10.3904876),(-30.0797415,-48.4000000,10.1804085),(-30.1395208,-48.4000000,10.1079953),(-29.0780290,-48.4000000,10.3904876),(-30.1395208,-48.4000000,10.1079953),(-30.1913295,-48.4000000,10.0309850),(-29.0780290,-48.4000000,10.3904876),(-30.1913295,-48.4000000,10.0309850),(-30.2351677,-48.4000000,9.9493776),(-29.0780290,-48.4000000,10.3904876),(-30.2351677,-48.4000000,9.9493776),(-30.2710353,-48.4000000,9.8631731),(-29.0780290,-48.4000000,10.3904876),(-30.2710353,-48.4000000,9.8631731),(-30.2989323,-48.4000000,9.7723714),(-29.0780290,-48.4000000,10.3904876),(-30.2989323,-48.4000000,9.7723714),(-30.3188587,-48.4000000,9.6769725),(-29.0780290,-48.4000000,10.3904876),(-30.3188587,-48.4000000,9.6769725),(-30.3308146,-48.4000000,9.5769766),(-30.3308146,-48.4000000,9.5769766),(-30.3347999,-48.4000000,9.4723835),(-30.3194540,-48.4000000,9.3900981),(-30.3308146,-48.4000000,9.5769766),(-30.3194540,-48.4000000,9.3900981),(-30.2734165,-48.4000000,9.3210418),(-30.3308146,-48.4000000,9.5769766),(-30.2734165,-48.4000000,9.3210418),(-30.2051540,-48.4000000,9.2742106),(-30.3308146,-48.4000000,9.5769766),(-30.2051540,-48.4000000,9.2742106),(-30.1231332,-48.4000000,9.2586001),(-30.3308146,-48.4000000,9.5769766),(-30.1231332,-48.4000000,9.2586001),(-30.0403186,-48.4000000,9.2742106),(-30.3308146,-48.4000000,9.5769766),(-30.0403186,-48.4000000,9.2742106),(-29.9717915,-48.4000000,9.3210418),(-30.3308146,-48.4000000,9.5769766),(-29.9717915,-48.4000000,9.3210418),(-29.9257540,-48.4000000,9.3900981),(-30.3308146,-48.4000000,9.5769766),(-29.9257540,-48.4000000,9.3900981),(-29.9104082,-48.4000000,9.4723835),(-30.3308146,-48.4000000,9.5769766),(-29.9104082,-48.4000000,9.4723835),(-29.9017431,-48.4000000,9.5986559),(-30.3308146,-48.4000000,9.5769766),(-29.9017431,-48.4000000,9.5986559),(-29.8757478,-48.4000000,9.7097147),(-30.3308146,-48.4000000,9.5769766),(-29.8757478,-48.4000000,9.7097147),(-29.8324223,-48.4000000,9.8055600),(-30.3308146,-48.4000000,9.5769766),(-29.8324223,-48.4000000,9.8055600),(-29.7717665,-48.4000000,9.8861918),(-30.3308146,-48.4000000,9.5769766),(-29.7717665,-48.4000000,9.8861918),(-29.7002629,-48.4000000,9.9510147),(-29.0780290,-48.4000000,10.3904876),(-30.3308146,-48.4000000,9.5769766),(-29.7002629,-48.4000000,9.9510147),(-29.0780290,-48.4000000,10.3904876),(-29.7002629,-48.4000000,9.9510147),(-29.6201603,-48.4000000,9.9973168),(-29.0780290,-48.4000000,10.3904876),(-29.6201603,-48.4000000,9.9973168),(-29.5314587,-48.4000000,10.0250981),(-29.0780290,-48.4000000,10.3904876),(-29.5314587,-48.4000000,10.0250981),(-29.4341582,-48.4000000,10.0343585),(-29.0780290,-48.4000000,10.3904876),(-29.4341582,-48.4000000,10.0343585),(-29.3402973,-48.4000000,10.0251642),(-29.0780290,-48.4000000,10.3904876),(-29.3402973,-48.4000000,10.0251642),(-29.2555644,-48.4000000,9.9975814),(-29.0780290,-48.4000000,10.3904876),(-29.2555644,-48.4000000,9.9975814),(-29.1799598,-48.4000000,9.9516100),(-29.0780290,-48.4000000,10.3904876),(-29.1799598,-48.4000000,9.9516100),(-29.1134832,-48.4000000,9.8872501),(-29.0780290,-48.4000000,10.3904876),(-29.1134832,-48.4000000,9.8872501),(-29.0593098,-48.4000000,9.8061554),(-29.0780290,-48.4000000,10.3904876),(-29.0593098,-48.4000000,9.8061554),(-29.0206144,-48.4000000,9.7099793),(-29.0780290,-48.4000000,10.3904876),(-29.0206144,-48.4000000,9.7099793),(-28.9973973,-48.4000000,9.5987220),(-28.8499582,-48.4000000,8.6966251),(-29.0780290,-48.4000000,10.3904876),(-28.9973973,-48.4000000,9.5987220),(-28.8499582,-48.4000000,8.6966251),(-28.9973973,-48.4000000,9.5987220),(-28.9896582,-48.4000000,9.4723835),(-28.8499582,-48.4000000,8.6966251),(-28.9896582,-48.4000000,9.4723835),(-28.9973311,-48.4000000,9.3443251),(-28.8499582,-48.4000000,8.6966251),(-28.9973311,-48.4000000,9.3443251),(-29.0203499,-48.4000000,9.2289668),(-28.8499582,-48.4000000,8.6966251),(-29.0203499,-48.4000000,9.2289668),(-29.0587144,-48.4000000,9.1263085),(-28.8499582,-48.4000000,8.6966251),(-29.0587144,-48.4000000,9.1263085),(-29.1124249,-48.4000000,9.0363501),(-28.8499582,-48.4000000,8.6966251),(-29.1124249,-48.4000000,9.0363501),(-29.1746681,-48.4000000,8.9715272),(-28.7655561,-48.4000000,8.6204251),(-28.8499582,-48.4000000,8.6966251),(-29.1746681,-48.4000000,8.9715272),(-28.7655561,-48.4000000,8.6204251),(-29.1746681,-48.4000000,8.9715272),(-29.2439228,-48.4000000,8.9252251),(-28.7655561,-48.4000000,8.6204251),(-29.2439228,-48.4000000,8.9252251),(-29.3201889,-48.4000000,8.8974439),(-28.7655561,-48.4000000,8.6204251),(-29.3201889,-48.4000000,8.8974439),(-29.4034665,-48.4000000,8.8881835),(-28.7655561,-48.4000000,8.6204251),(-29.4034665,-48.4000000,8.8881835),(-29.4457999,-48.4000000,8.8881835),(-28.7655561,-48.4000000,8.6204251),(-29.4457999,-48.4000000,8.8881835),(-29.5124749,-48.4000000,8.8881835),(-28.7655561,-48.4000000,8.6204251),(-29.5124749,-48.4000000,8.8881835),(-29.5939665,-48.4000000,8.8725731),(-28.7655561,-48.4000000,8.6204251),(-29.5939665,-48.4000000,8.8725731),(-29.6627582,-48.4000000,8.8257418),(-28.7655561,-48.4000000,8.6204251),(-29.6627582,-48.4000000,8.8257418),(-29.7095894,-48.4000000,8.7572147),(-28.7655561,-48.4000000,8.6204251),(-29.7095894,-48.4000000,8.7572147),(-29.7251999,-48.4000000,8.6765168),(-28.7655561,-48.4000000,8.6204251),(-29.7251999,-48.4000000,8.6765168),(-29.7095894,-48.4000000,8.5955543),(-28.7655561,-48.4000000,8.6204251),(-29.7095894,-48.4000000,8.5955543),(-29.6627582,-48.4000000,8.5262335),(-28.7655561,-48.4000000,8.6204251),(-29.6627582,-48.4000000,8.5262335),(-29.5939665,-48.4000000,8.4786085),(-28.7655561,-48.4000000,8.6204251),(-29.5939665,-48.4000000,8.4786085),(-29.5124749,-48.4000000,8.4627335),(-28.7655561,-48.4000000,8.6204251),(-29.5124749,-48.4000000,8.4627335),(-29.4457999,-48.4000000,8.4627335),(-28.7655561,-48.4000000,8.6204251),(-29.4457999,-48.4000000,8.4627335),(-29.3154264,-48.4000000,8.4487767),(-28.7655561,-48.4000000,8.6204251),(-29.3154264,-48.4000000,8.4487767),(-29.1973561,-48.4000000,8.4069064),(-28.7655561,-48.4000000,8.6204251),(-29.1973561,-48.4000000,8.4069064),(-29.0915889,-48.4000000,8.3371225),(-28.7655561,-48.4000000,8.6204251),(-29.0915889,-48.4000000,8.3371225),(-28.9981249,-48.4000000,8.2394251),(-28.7655561,-48.4000000,8.6204251),(-28.9981249,-48.4000000,8.2394251),(-28.9212634,-48.4000000,8.1182460),(-28.7655561,-48.4000000,8.6204251),(-28.9212634,-48.4000000,8.1182460),(-28.8663624,-48.4000000,7.9780168),(-28.7655561,-48.4000000,8.6204251),(-28.8663624,-48.4000000,7.9780168),(-28.8334217,-48.4000000,7.8187376),(-28.7655561,-48.4000000,8.6204251),(-28.8334217,-48.4000000,7.8187376),(-28.8251866,-48.4000000,7.7319543),(-28.7655561,-48.4000000,8.6204251),(-28.8251866,-48.4000000,7.7319543),(-28.8224415,-48.4000000,7.6404085),(-28.7655561,-48.4000000,8.6204251),(-28.8224415,-48.4000000,7.6404085),(-28.8252196,-48.4000000,7.5497225),(-30.0442212,-48.4000000,7.6049047),(-30.0469332,-48.4000000,7.7049668),(-30.0628082,-48.4000000,7.7869876),(-30.0360853,-48.4000000,7.5105642),(-30.0442212,-48.4000000,7.6049047),(-30.0628082,-48.4000000,7.7869876),(-30.0360853,-48.4000000,7.5105642),(-30.0628082,-48.4000000,7.7869876),(-30.1104332,-48.4000000,7.8552501),(-30.0225254,-48.4000000,7.4219453),(-30.0360853,-48.4000000,7.5105642),(-30.1104332,-48.4000000,7.8552501),(-30.0225254,-48.4000000,7.4219453),(-30.1104332,-48.4000000,7.8552501),(-30.1797540,-48.4000000,7.9012876),(-30.0035415,-48.4000000,7.3390481),(-30.0225254,-48.4000000,7.4219453),(-30.1797540,-48.4000000,7.9012876),(-30.0035415,-48.4000000,7.3390481),(-30.1797540,-48.4000000,7.9012876),(-30.2628332,-48.4000000,7.9166335),(-29.9493019,-48.4000000,7.1904184),(-30.0035415,-48.4000000,7.3390481),(-30.2628332,-48.4000000,7.9166335),(-29.9493019,-48.4000000,7.1904184),(-30.2628332,-48.4000000,7.9166335),(-30.3456478,-48.4000000,7.9012876),(-29.9493019,-48.4000000,7.1904184),(-30.3456478,-48.4000000,7.9012876),(-30.4141749,-48.4000000,7.8552501),(-29.8733665,-48.4000000,7.0646751),(-29.9493019,-48.4000000,7.1904184),(-30.4141749,-48.4000000,7.8552501),(-29.8733665,-48.4000000,7.0646751),(-30.4141749,-48.4000000,7.8552501),(-30.4602124,-48.4000000,7.7869876),(-29.8733665,-48.4000000,7.0646751),(-30.4602124,-48.4000000,7.7869876),(-30.4755582,-48.4000000,7.7049668),(-29.7828129,-48.4000000,6.9651257),(-29.8733665,-48.4000000,7.0646751),(-30.4755582,-48.4000000,7.7049668),(-29.7828129,-48.4000000,6.9651257),(-30.4755582,-48.4000000,7.7049668),(-30.4711430,-48.4000000,7.5679953),(-29.7828129,-48.4000000,6.9651257),(-30.4711430,-48.4000000,7.5679953),(-30.4578973,-48.4000000,7.4370100),(-29.7828129,-48.4000000,6.9651257),(-30.4578973,-48.4000000,7.4370100),(-30.4358211,-48.4000000,7.3120110),(-29.6794269,-48.4000000,6.8940189),(-29.7828129,-48.4000000,6.9651257),(-30.4358211,-48.4000000,7.3120110),(-29.6794269,-48.4000000,6.8940189),(-30.4358211,-48.4000000,7.3120110),(-30.4049144,-48.4000000,7.1929981),(-29.6794269,-48.4000000,6.8940189),(-30.4049144,-48.4000000,7.1929981),(-30.3651773,-48.4000000,7.0799714),(-29.5632087,-48.4000000,6.8513548),(-29.6794269,-48.4000000,6.8940189),(-30.3651773,-48.4000000,7.0799714),(-29.5632087,-48.4000000,6.8513548),(-30.3651773,-48.4000000,7.0799714),(-30.3166098,-48.4000000,6.9729309),(-29.5632087,-48.4000000,6.8513548),(-30.3166098,-48.4000000,6.9729309),(-30.2592117,-48.4000000,6.8718766),(-29.4341582,-48.4000000,6.8371335),(-29.5632087,-48.4000000,6.8513548),(-30.2592117,-48.4000000,6.8718766),(-29.4341582,-48.4000000,6.8371335),(-30.2592117,-48.4000000,6.8718766),(-30.1929832,-48.4000000,6.7768085),(-29.4341582,-48.4000000,6.8371335),(-30.1929832,-48.4000000,6.7768085),(-30.1209338,-48.4000000,6.6912323),(-29.3105978,-48.4000000,6.8505611),(-29.4341582,-48.4000000,6.8371335),(-30.1209338,-48.4000000,6.6912323),(-29.3105978,-48.4000000,6.8505611),(-30.1209338,-48.4000000,6.6912323),(-30.0423691,-48.4000000,6.6170663),(-29.3105978,-48.4000000,6.8505611),(-30.0423691,-48.4000000,6.6170663),(-29.9572890,-48.4000000,6.5543104),(-29.1970915,-48.4000000,6.8908439),(-29.3105978,-48.4000000,6.8505611),(-29.9572890,-48.4000000,6.5543104),(-29.1970915,-48.4000000,6.8908439),(-29.9572890,-48.4000000,6.5543104),(-29.8656936,-48.4000000,6.5029647),(-29.1970915,-48.4000000,6.8908439),(-29.8656936,-48.4000000,6.5029647),(-29.7675828,-48.4000000,6.4630292),(-29.0936394,-48.4000000,6.9579819),(-29.1970915,-48.4000000,6.8908439),(-29.7675828,-48.4000000,6.4630292),(-29.0936394,-48.4000000,6.9579819),(-29.7675828,-48.4000000,6.4630292),(-29.6629566,-48.4000000,6.4345038),(-29.0936394,-48.4000000,6.9579819),(-29.6629566,-48.4000000,6.4345038),(-29.5518151,-48.4000000,6.4173886),(-29.0002415,-48.4000000,7.0519751),(-29.0936394,-48.4000000,6.9579819),(-29.5518151,-48.4000000,6.4173886),(-29.0002415,-48.4000000,7.0519751),(-29.5518151,-48.4000000,6.4173886),(-29.4341582,-48.4000000,6.4116835),(-29.0002415,-48.4000000,7.0519751),(-29.4341582,-48.4000000,6.4116835),(-29.3210323,-48.4000000,6.4171736),(-28.9224540,-48.4000000,7.1697147),(-29.0002415,-48.4000000,7.0519751),(-29.3210323,-48.4000000,6.4171736),(-28.9224540,-48.4000000,7.1697147),(-29.3210323,-48.4000000,6.4171736),(-29.2134295,-48.4000000,6.4336439),(-28.8668915,-48.4000000,7.3070335),(-28.9224540,-48.4000000,7.1697147),(-29.2134295,-48.4000000,6.4336439),(-28.8668915,-48.4000000,7.3070335),(-29.2134295,-48.4000000,6.4336439),(-29.1113500,-48.4000000,6.4610944),(-28.8668915,-48.4000000,7.3070335),(-29.1113500,-48.4000000,6.4610944),(-29.0147936,-48.4000000,6.4995251),(-28.8474446,-48.4000000,7.3830350),(-28.8668915,-48.4000000,7.3070335),(-29.0147936,-48.4000000,6.4995251),(-28.8474446,-48.4000000,7.3830350),(-29.0147936,-48.4000000,6.4995251),(-28.9237604,-48.4000000,6.5489361),(-28.8335540,-48.4000000,7.4639314),(-28.8474446,-48.4000000,7.3830350),(-28.9237604,-48.4000000,6.5489361),(-28.8335540,-48.4000000,7.4639314),(-28.9237604,-48.4000000,6.5489361),(-28.8382504,-48.4000000,6.6093272),(-28.8252196,-48.4000000,7.5497225),(-28.8335540,-48.4000000,7.4639314),(-28.8382504,-48.4000000,6.6093272),(-28.7655561,-48.4000000,8.6204251),(-28.8252196,-48.4000000,7.5497225),(-28.8382504,-48.4000000,6.6093272),(-28.7655561,-48.4000000,8.6204251),(-28.8382504,-48.4000000,6.6093272),(-28.7582635,-48.4000000,6.6806986),(-28.7655561,-48.4000000,8.6204251),(-28.7582635,-48.4000000,6.6806986),(-28.6837999,-48.4000000,6.7630501),(-28.7655561,-48.4000000,8.6204251),(-28.6837999,-48.4000000,6.7630501),(-28.6160831,-48.4000000,6.8543149),(-28.7655561,-48.4000000,8.6204251),(-28.6160831,-48.4000000,6.8543149),(-28.5573952,-48.4000000,6.9508382),(-28.7655561,-48.4000000,8.6204251),(-28.5573952,-48.4000000,6.9508382),(-28.5077362,-48.4000000,7.0526201),(-28.7655561,-48.4000000,8.6204251),(-28.5077362,-48.4000000,7.0526201),(-28.4671061,-48.4000000,7.1596606),(-28.7655561,-48.4000000,8.6204251),(-28.4671061,-48.4000000,7.1596606),(-28.4355049,-48.4000000,7.2719596),(-28.7655561,-48.4000000,8.6204251),(-28.4355049,-48.4000000,7.2719596),(-28.4129327,-48.4000000,7.3895173),(-28.7655561,-48.4000000,8.6204251),(-28.4129327,-48.4000000,7.3895173),(-28.3993893,-48.4000000,7.5123336),(-28.7655561,-48.4000000,8.6204251),(-28.3993893,-48.4000000,7.5123336),(-28.3948749,-48.4000000,7.6404085),(-28.7655561,-48.4000000,8.6204251),(-28.3948749,-48.4000000,7.6404085),(-28.3993562,-48.4000000,7.7697897),(-28.7655561,-48.4000000,8.6204251),(-28.3993562,-48.4000000,7.7697897),(-28.4128004,-48.4000000,7.8938793),(-28.7655561,-48.4000000,8.6204251),(-28.4128004,-48.4000000,7.8938793),(-28.4352073,-48.4000000,8.0126772),(-28.7655561,-48.4000000,8.6204251),(-28.4352073,-48.4000000,8.0126772),(-28.4665769,-48.4000000,8.1261835),(-28.7655561,-48.4000000,8.6204251),(-28.4665769,-48.4000000,8.1261835),(-28.5069094,-48.4000000,8.2343981),(-28.7655561,-48.4000000,8.6204251),(-28.5069094,-48.4000000,8.2343981),(-28.5562045,-48.4000000,8.3373210),(-28.7655561,-48.4000000,8.6204251),(-28.5562045,-48.4000000,8.3373210),(-28.6144625,-48.4000000,8.4349522),(-28.7655561,-48.4000000,8.6204251),(-28.6144625,-48.4000000,8.4349522),(-28.6816832,-48.4000000,8.5272918),(-27.5061394,-48.4000000,6.3833731),(-27.4444915,-48.4000000,6.4392001),(-26.7248249,-48.4000000,7.4350918),(-26.7248249,-48.4000000,7.4350918),(-26.0072749,-48.4000000,6.4392001),(-25.9450978,-48.4000000,6.3833731),(-26.7248249,-48.4000000,7.4350918),(-25.9450978,-48.4000000,6.3833731),(-25.8665165,-48.4000000,6.3555918),(-26.7248249,-48.4000000,7.4350918),(-25.8665165,-48.4000000,6.3555918),(-25.7839665,-48.4000000,6.3579731),(-26.7248249,-48.4000000,7.4350918),(-25.7839665,-48.4000000,6.3579731),(-25.7098832,-48.4000000,6.3926335),(-26.7248249,-48.4000000,7.4350918),(-25.7098832,-48.4000000,6.3926335),(-25.6532624,-48.4000000,6.4524293),(-26.7248249,-48.4000000,7.4350918),(-25.6532624,-48.4000000,6.4524293),(-25.6252165,-48.4000000,6.5302168),(-26.7248249,-48.4000000,7.4350918),(-25.6252165,-48.4000000,6.5302168),(-25.6268040,-48.4000000,6.6132960),(-26.7248249,-48.4000000,7.4350918),(-25.6268040,-48.4000000,6.6132960),(-25.6590832,-48.4000000,6.6889668),(-26.7248249,-48.4000000,7.4350918),(-25.6590832,-48.4000000,6.6889668),(-26.4634165,-48.4000000,7.8002168),(-27.5061394,-48.4000000,6.3833731),(-26.7248249,-48.4000000,7.4350918),(-26.4634165,-48.4000000,7.8002168),(-27.5061394,-48.4000000,6.3833731),(-26.4634165,-48.4000000,7.8002168),(-25.6590832,-48.4000000,8.9093501),(-27.5061394,-48.4000000,6.3833731),(-25.6590832,-48.4000000,8.9093501),(-25.6268040,-48.4000000,8.9834335),(-27.5061394,-48.4000000,6.3833731),(-25.6268040,-48.4000000,8.9834335),(-25.6252165,-48.4000000,9.0659835),(-27.5061394,-48.4000000,6.3833731),(-25.6252165,-48.4000000,9.0659835),(-25.6532624,-48.4000000,9.1440356),(-27.5061394,-48.4000000,6.3833731),(-25.6532624,-48.4000000,9.1440356),(-25.7098832,-48.4000000,9.2046251),(-27.5061394,-48.4000000,6.3833731),(-25.7098832,-48.4000000,9.2046251),(-25.7839665,-48.4000000,9.2400793),(-27.5061394,-48.4000000,6.3833731),(-25.7839665,-48.4000000,9.2400793),(-25.8665165,-48.4000000,9.2427251),(-27.5061394,-48.4000000,6.3833731),(-25.8665165,-48.4000000,9.2427251),(-25.9450978,-48.4000000,9.2144147),(-27.5061394,-48.4000000,6.3833731),(-25.9450978,-48.4000000,9.2144147),(-26.0072749,-48.4000000,9.1570001),(-27.5061394,-48.4000000,6.3833731),(-26.0072749,-48.4000000,9.1570001),(-26.7248249,-48.4000000,8.1611085),(-26.7248249,-48.4000000,8.1611085),(-27.4444915,-48.4000000,9.1570001),(-27.5056103,-48.4000000,9.2154731),(-26.7248249,-48.4000000,8.1611085),(-27.5056103,-48.4000000,9.2154731),(-27.5831332,-48.4000000,9.2427251),(-26.7248249,-48.4000000,8.1611085),(-27.5831332,-48.4000000,9.2427251),(-27.6696519,-48.4000000,9.2403439),(-26.7248249,-48.4000000,8.1611085),(-27.6696519,-48.4000000,9.2403439),(-27.7429415,-48.4000000,9.2056835),(-26.7248249,-48.4000000,8.1611085),(-27.7429415,-48.4000000,9.2056835),(-27.7987686,-48.4000000,9.1450939),(-26.7248249,-48.4000000,8.1611085),(-27.7987686,-48.4000000,9.1450939),(-27.8265499,-48.4000000,9.0691585),(-26.7248249,-48.4000000,8.1611085),(-27.8265499,-48.4000000,9.0691585),(-27.8236394,-48.4000000,8.9842272),(-26.7248249,-48.4000000,8.1611085),(-27.8236394,-48.4000000,8.9842272),(-27.7873915,-48.4000000,8.9093501),(-26.7248249,-48.4000000,8.1611085),(-27.7873915,-48.4000000,8.9093501),(-26.9883499,-48.4000000,7.8002168),(-27.5061394,-48.4000000,6.3833731),(-26.7248249,-48.4000000,8.1611085),(-26.9883499,-48.4000000,7.8002168),(-27.5061394,-48.4000000,6.3833731),(-26.9883499,-48.4000000,7.8002168),(-27.7916249,-48.4000000,6.6889668),(-27.5061394,-48.4000000,6.3833731),(-27.7916249,-48.4000000,6.6889668),(-27.8246978,-48.4000000,6.6135606),(-27.5061394,-48.4000000,6.3833731),(-27.8246978,-48.4000000,6.6135606),(-27.8265499,-48.4000000,6.5312751),(-27.5061394,-48.4000000,6.3833731),(-27.8265499,-48.4000000,6.5312751),(-27.7985040,-48.4000000,6.4500481),(-27.5061394,-48.4000000,6.3833731),(-27.7985040,-48.4000000,6.4500481),(-27.7418832,-48.4000000,6.3905168),(-27.5061394,-48.4000000,6.3833731),(-27.7418832,-48.4000000,6.3905168),(-27.6672707,-48.4000000,6.3574439),(-27.5061394,-48.4000000,6.3833731),(-27.6672707,-48.4000000,6.3574439),(-27.5852499,-48.4000000,6.3555918),(-22.5179499,-48.4000000,6.4389356),(-22.4449249,-48.4000000,6.3323085),(-22.3382978,-48.4000000,6.2592835),(-22.5179499,-48.4000000,6.4389356),(-22.3382978,-48.4000000,6.2592835),(-22.2131499,-48.4000000,6.2349418),(-22.5179499,-48.4000000,6.4389356),(-22.2131499,-48.4000000,6.2349418),(-22.0882665,-48.4000000,6.2592835),(-22.5179499,-48.4000000,6.4389356),(-22.0882665,-48.4000000,6.2592835),(-21.9824332,-48.4000000,6.3323085),(-22.5179499,-48.4000000,6.4389356),(-21.9824332,-48.4000000,6.3323085),(-21.9094082,-48.4000000,6.4389356),(-22.5179499,-48.4000000,6.4389356),(-21.9094082,-48.4000000,6.4389356),(-21.8850665,-48.4000000,6.5640835),(-22.5179499,-48.4000000,6.4389356),(-21.8850665,-48.4000000,6.5640835),(-21.9094082,-48.4000000,6.6892314),(-22.5179499,-48.4000000,6.4389356),(-21.9094082,-48.4000000,6.6892314),(-21.9824332,-48.4000000,6.7958585),(-22.5179499,-48.4000000,6.4389356),(-21.9824332,-48.4000000,6.7958585),(-22.0882665,-48.4000000,6.8688835),(-22.5179499,-48.4000000,6.4389356),(-22.0882665,-48.4000000,6.8688835),(-22.2131499,-48.4000000,6.8932251),(-22.5179499,-48.4000000,6.4389356),(-22.2131499,-48.4000000,6.8932251),(-22.3382978,-48.4000000,6.8688835),(-22.5179499,-48.4000000,6.4389356),(-22.3382978,-48.4000000,6.8688835),(-22.4449249,-48.4000000,6.7958585),(-22.5179499,-48.4000000,6.4389356),(-22.4449249,-48.4000000,6.7958585),(-22.5179499,-48.4000000,6.6892314),(-22.5179499,-48.4000000,6.4389356),(-22.5179499,-48.4000000,6.6892314),(-22.5422915,-48.4000000,6.5640835),(-4.6951911,-48.4000000,7.4582759),(-4.6898499,-48.4000000,7.5906668),(-4.6898499,-48.4000000,9.2808251),(-4.6951911,-48.4000000,7.4582759),(-4.6898499,-48.4000000,9.2808251),(-4.6951581,-48.4000000,9.4114466),(-4.6951911,-48.4000000,7.4582759),(-4.6951581,-48.4000000,9.4114466),(-4.7110827,-48.4000000,9.5360819),(-4.6951911,-48.4000000,7.4582759),(-4.7110827,-48.4000000,9.5360819),(-4.7376237,-48.4000000,9.6547310),(-4.6951911,-48.4000000,7.4582759),(-4.7376237,-48.4000000,9.6547310),(-4.7747811,-48.4000000,9.7673939),(-4.6951911,-48.4000000,7.4582759),(-4.7747811,-48.4000000,9.7673939),(-4.8225549,-48.4000000,9.8740706),(-4.6951911,-48.4000000,7.4582759),(-4.8225549,-48.4000000,9.8740706),(-4.8809452,-48.4000000,9.9747611),(-4.6951911,-48.4000000,7.4582759),(-4.8809452,-48.4000000,9.9747611),(-4.9499518,-48.4000000,10.0694654),(-4.6951911,-48.4000000,7.4582759),(-4.9499518,-48.4000000,10.0694654),(-5.0295749,-48.4000000,10.1581835),(-4.6951911,-48.4000000,7.4582759),(-5.0295749,-48.4000000,10.1581835),(-5.1062544,-48.4000000,10.2298690),(-4.6951911,-48.4000000,7.4582759),(-5.1062544,-48.4000000,10.2298690),(-5.1860098,-48.4000000,10.2919965),(-4.6951911,-48.4000000,7.4582759),(-5.1860098,-48.4000000,10.2919965),(-5.2688409,-48.4000000,10.3445659),(-5.2688409,-48.4000000,10.3445659),(-5.3547478,-48.4000000,10.3875772),(-5.4437305,-48.4000000,10.4210305),(-5.2688409,-48.4000000,10.3445659),(-5.4437305,-48.4000000,10.4210305),(-5.5357889,-48.4000000,10.4449257),(-5.2688409,-48.4000000,10.3445659),(-5.5357889,-48.4000000,10.4449257),(-5.6309232,-48.4000000,10.4592628),(-5.2688409,-48.4000000,10.3445659),(-5.6309232,-48.4000000,10.4592628),(-5.7291332,-48.4000000,10.4640418),(-5.2688409,-48.4000000,10.3445659),(-5.7291332,-48.4000000,10.4640418),(-5.8262187,-48.4000000,10.4592628),(-5.2688409,-48.4000000,10.3445659),(-5.8262187,-48.4000000,10.4592628),(-5.9206254,-48.4000000,10.4449257),(-5.2688409,-48.4000000,10.3445659),(-5.9206254,-48.4000000,10.4449257),(-6.0123531,-48.4000000,10.4210305),(-5.2688409,-48.4000000,10.3445659),(-6.0123531,-48.4000000,10.4210305),(-6.1014019,-48.4000000,10.3875772),(-5.2688409,-48.4000000,10.3445659),(-6.1014019,-48.4000000,10.3875772),(-6.1877719,-48.4000000,10.3445659),(-5.2688409,-48.4000000,10.3445659),(-6.1877719,-48.4000000,10.3445659),(-6.2714629,-48.4000000,10.2919965),(-5.2688409,-48.4000000,10.3445659),(-6.2714629,-48.4000000,10.2919965),(-6.3524750,-48.4000000,10.2298690),(-5.2688409,-48.4000000,10.3445659),(-6.3524750,-48.4000000,10.2298690),(-6.4308082,-48.4000000,10.1581835),(-5.2688409,-48.4000000,10.3445659),(-6.4308082,-48.4000000,10.1581835),(-6.5104312,-48.4000000,10.0712017),(-5.2688409,-48.4000000,10.3445659),(-6.5104312,-48.4000000,10.0712017),(-6.5794379,-48.4000000,9.9780022),(-5.2688409,-48.4000000,10.3445659),(-6.5794379,-48.4000000,9.9780022),(-6.6378281,-48.4000000,9.8785850),(-5.2688409,-48.4000000,10.3445659),(-6.6378281,-48.4000000,9.8785850),(-6.6856019,-48.4000000,9.7729501),(-5.2688409,-48.4000000,10.3445659),(-6.6856019,-48.4000000,9.7729501),(-6.7227594,-48.4000000,9.6610975),(-6.7227594,-48.4000000,9.6610975),(-6.7493004,-48.4000000,9.5430272),(-6.7652250,-48.4000000,9.4187392),(-6.7227594,-48.4000000,9.6610975),(-6.7652250,-48.4000000,9.4187392),(-6.7705332,-48.4000000,9.2882335),(-6.7227594,-48.4000000,9.6610975),(-6.7705332,-48.4000000,9.2882335),(-6.7705332,-48.4000000,9.2808251),(-6.7227594,-48.4000000,9.6610975),(-6.7705332,-48.4000000,9.2808251),(-6.7705332,-48.4000000,7.5864335),(-6.7227594,-48.4000000,9.6610975),(-6.7705332,-48.4000000,7.5864335),(-6.7652250,-48.4000000,7.4551175),(-6.7227594,-48.4000000,9.6610975),(-6.7652250,-48.4000000,7.4551175),(-6.7493004,-48.4000000,7.3299861),(-6.7227594,-48.4000000,9.6610975),(-6.7493004,-48.4000000,7.3299861),(-6.7227594,-48.4000000,7.2110393),(-6.7227594,-48.4000000,9.6610975),(-6.7227594,-48.4000000,7.2110393),(-6.6856019,-48.4000000,7.0982772),(-6.7227594,-48.4000000,9.6610975),(-6.6856019,-48.4000000,7.0982772),(-6.6378281,-48.4000000,6.9916998),(-6.7227594,-48.4000000,9.6610975),(-6.6378281,-48.4000000,6.9916998),(-6.5794379,-48.4000000,6.8913069),(-6.7227594,-48.4000000,9.6610975),(-6.5794379,-48.4000000,6.8913069),(-6.5104312,-48.4000000,6.7970987),(-6.7227594,-48.4000000,9.6610975),(-6.5104312,-48.4000000,6.7970987),(-6.4308082,-48.4000000,6.7090751),(-6.4308082,-48.4000000,6.7090751),(-6.1270665,-48.4000000,7.0054085),(-6.2210598,-48.4000000,7.1217590),(-6.4308082,-48.4000000,6.7090751),(-6.2210598,-48.4000000,7.1217590),(-6.2881978,-48.4000000,7.2580856),(-6.4308082,-48.4000000,6.7090751),(-6.2881978,-48.4000000,7.2580856),(-6.3284806,-48.4000000,7.4143882),(-6.7227594,-48.4000000,9.6610975),(-6.4308082,-48.4000000,6.7090751),(-6.3284806,-48.4000000,7.4143882),(-6.7227594,-48.4000000,9.6610975),(-6.3284806,-48.4000000,7.4143882),(-6.3385513,-48.4000000,7.5000305),(-6.7227594,-48.4000000,9.6610975),(-6.3385513,-48.4000000,7.5000305),(-6.3419082,-48.4000000,7.5906668),(-6.7227594,-48.4000000,9.6610975),(-6.3419082,-48.4000000,7.5906668),(-6.3419082,-48.4000000,9.2882335),(-6.7227594,-48.4000000,9.6610975),(-6.3419082,-48.4000000,9.2882335),(-6.3385844,-48.4000000,9.3765382),(-6.7227594,-48.4000000,9.6610975),(-6.3385844,-48.4000000,9.3765382),(-6.3286129,-48.4000000,9.4599481),(-6.7227594,-48.4000000,9.6610975),(-6.3286129,-48.4000000,9.4599481),(-6.3119937,-48.4000000,9.5384632),(-6.7227594,-48.4000000,9.6610975),(-6.3119937,-48.4000000,9.5384632),(-6.2887269,-48.4000000,9.6120835),(-6.7227594,-48.4000000,9.6610975),(-6.2887269,-48.4000000,9.6120835),(-6.2222504,-48.4000000,9.7446397),(-6.7227594,-48.4000000,9.6610975),(-6.2222504,-48.4000000,9.7446397),(-6.1291832,-48.4000000,9.8576168),(-6.7227594,-48.4000000,9.6610975),(-6.1291832,-48.4000000,9.8576168),(-6.0339332,-48.4000000,9.9363304),(-6.7227594,-48.4000000,9.6610975),(-6.0339332,-48.4000000,9.9363304),(-5.9355082,-48.4000000,9.9925543),(-5.2688409,-48.4000000,10.3445659),(-6.7227594,-48.4000000,9.6610975),(-5.9355082,-48.4000000,9.9925543),(-5.2688409,-48.4000000,10.3445659),(-5.9355082,-48.4000000,9.9925543),(-5.8339082,-48.4000000,10.0262887),(-5.2688409,-48.4000000,10.3445659),(-5.8339082,-48.4000000,10.0262887),(-5.7291332,-48.4000000,10.0375335),(-5.2688409,-48.4000000,10.3445659),(-5.7291332,-48.4000000,10.0375335),(-5.6200587,-48.4000000,10.0262887),(-5.2688409,-48.4000000,10.3445659),(-5.6200587,-48.4000000,10.0262887),(-5.5172019,-48.4000000,9.9925543),(-5.2688409,-48.4000000,10.3445659),(-5.5172019,-48.4000000,9.9925543),(-5.4205629,-48.4000000,9.9363304),(-5.2688409,-48.4000000,10.3445659),(-5.4205629,-48.4000000,9.9363304),(-5.3301415,-48.4000000,9.8576168),(-5.2688409,-48.4000000,10.3445659),(-5.3301415,-48.4000000,9.8576168),(-5.2370743,-48.4000000,9.7390173),(-5.2688409,-48.4000000,10.3445659),(-5.2370743,-48.4000000,9.7390173),(-5.1705978,-48.4000000,9.6033522),(-5.2688409,-48.4000000,10.3445659),(-5.1705978,-48.4000000,9.6033522),(-5.1307118,-48.4000000,9.4506215),(-4.6951911,-48.4000000,7.4582759),(-5.2688409,-48.4000000,10.3445659),(-5.1307118,-48.4000000,9.4506215),(-4.6951911,-48.4000000,7.4582759),(-5.1307118,-48.4000000,9.4506215),(-5.1207404,-48.4000000,9.3678565),(-4.6951911,-48.4000000,7.4582759),(-5.1207404,-48.4000000,9.3678565),(-5.1174165,-48.4000000,9.2808251),(-4.6951911,-48.4000000,7.4582759),(-5.1174165,-48.4000000,9.2808251),(-5.1174165,-48.4000000,7.5906668),(-4.6951911,-48.4000000,7.4582759),(-5.1174165,-48.4000000,7.5906668),(-5.1207404,-48.4000000,7.5010227),(-4.6951911,-48.4000000,7.4582759),(-5.1207404,-48.4000000,7.5010227),(-5.1307118,-48.4000000,7.4162402),(-4.6951911,-48.4000000,7.4582759),(-5.1307118,-48.4000000,7.4162402),(-5.1473310,-48.4000000,7.3363195),(-4.6951911,-48.4000000,7.4582759),(-5.1473310,-48.4000000,7.3363195),(-5.1705978,-48.4000000,7.2612606),(-4.6951911,-48.4000000,7.4582759),(-5.1705978,-48.4000000,7.2612606),(-5.2370743,-48.4000000,7.1257277),(-4.6951911,-48.4000000,7.4582759),(-5.2370743,-48.4000000,7.1257277),(-5.3301415,-48.4000000,7.0096418),(-4.6951911,-48.4000000,7.4582759),(-5.3301415,-48.4000000,7.0096418),(-5.4213566,-48.4000000,6.9318543),(-6.0355207,-48.4000000,6.9294731),(-6.1270665,-48.4000000,7.0054085),(-6.4308082,-48.4000000,6.7090751),(-5.9386832,-48.4000000,6.8752335),(-6.0355207,-48.4000000,6.9294731),(-6.4308082,-48.4000000,6.7090751),(-5.8365540,-48.4000000,6.8426897),(-5.9386832,-48.4000000,6.8752335),(-6.4308082,-48.4000000,6.7090751),(-5.7291332,-48.4000000,6.8318418),(-5.8365540,-48.4000000,6.8426897),(-6.4308082,-48.4000000,6.7090751),(-5.6208525,-48.4000000,6.8429543),(-5.7291332,-48.4000000,6.8318418),(-6.4308082,-48.4000000,6.7090751),(-5.6208525,-48.4000000,6.8429543),(-6.4308082,-48.4000000,6.7090751),(-6.3539302,-48.4000000,6.6383818),(-5.6208525,-48.4000000,6.8429543),(-6.3539302,-48.4000000,6.6383818),(-6.2741087,-48.4000000,6.5771142),(-5.5182603,-48.4000000,6.8762918),(-5.6208525,-48.4000000,6.8429543),(-6.2741087,-48.4000000,6.5771142),(-5.5182603,-48.4000000,6.8762918),(-6.2741087,-48.4000000,6.5771142),(-6.1913437,-48.4000000,6.5252724),(-5.5182603,-48.4000000,6.8762918),(-6.1913437,-48.4000000,6.5252724),(-6.1056353,-48.4000000,6.4828564),(-5.4213566,-48.4000000,6.9318543),(-5.5182603,-48.4000000,6.8762918),(-6.1056353,-48.4000000,6.4828564),(-5.4213566,-48.4000000,6.9318543),(-6.1056353,-48.4000000,6.4828564),(-6.0169833,-48.4000000,6.4498662),(-4.6951911,-48.4000000,7.4582759),(-5.4213566,-48.4000000,6.9318543),(-6.0169833,-48.4000000,6.4498662),(-4.6951911,-48.4000000,7.4582759),(-6.0169833,-48.4000000,6.4498662),(-5.9253879,-48.4000000,6.4263017),(-4.6951911,-48.4000000,7.4582759),(-5.9253879,-48.4000000,6.4263017),(-5.8308489,-48.4000000,6.4121630),(-4.6951911,-48.4000000,7.4582759),(-5.8308489,-48.4000000,6.4121630),(-5.7333665,-48.4000000,6.4074501),(-4.6951911,-48.4000000,7.4582759),(-5.7333665,-48.4000000,6.4074501),(-5.6341974,-48.4000000,6.4120804),(-4.6951911,-48.4000000,7.4582759),(-5.6341974,-48.4000000,6.4120804),(-5.5383025,-48.4000000,6.4259710),(-4.6951911,-48.4000000,7.4582759),(-5.5383025,-48.4000000,6.4259710),(-5.4456818,-48.4000000,6.4491220),(-4.6951911,-48.4000000,7.4582759),(-5.4456818,-48.4000000,6.4491220),(-5.3563353,-48.4000000,6.4815335),(-4.6951911,-48.4000000,7.4582759),(-5.3563353,-48.4000000,6.4815335),(-5.2702630,-48.4000000,6.5232054),(-4.6951911,-48.4000000,7.4582759),(-5.2702630,-48.4000000,6.5232054),(-5.1874650,-48.4000000,6.5741376),(-4.6951911,-48.4000000,7.4582759),(-5.1874650,-48.4000000,6.5741376),(-5.1079411,-48.4000000,6.6343304),(-4.6951911,-48.4000000,7.4582759),(-5.1079411,-48.4000000,6.6343304),(-5.0316915,-48.4000000,6.7037835),(-4.6951911,-48.4000000,7.4582759),(-5.0316915,-48.4000000,6.7037835),(-4.9515724,-48.4000000,6.7931134),(-4.6951911,-48.4000000,7.4582759),(-4.9515724,-48.4000000,6.7931134),(-4.8821358,-48.4000000,6.8885949),(-4.6951911,-48.4000000,7.4582759),(-4.8821358,-48.4000000,6.8885949),(-4.8233818,-48.4000000,6.9902280),(-4.6951911,-48.4000000,7.4582759),(-4.8233818,-48.4000000,6.9902280),(-4.7753103,-48.4000000,7.0980126),(-4.6951911,-48.4000000,7.4582759),(-4.7753103,-48.4000000,7.0980126),(-4.7379213,-48.4000000,7.2119488),(-4.6951911,-48.4000000,7.4582759),(-4.7379213,-48.4000000,7.2119488),(-4.7112150,-48.4000000,7.3320366),(-8.2850578,-48.4000000,7.4582759),(-8.2797165,-48.4000000,7.5906668),(-8.2797165,-48.4000000,9.2808251),(-8.2850578,-48.4000000,7.4582759),(-8.2797165,-48.4000000,9.2808251),(-8.2850247,-48.4000000,9.4114466),(-8.2850578,-48.4000000,7.4582759),(-8.2850247,-48.4000000,9.4114466),(-8.3009493,-48.4000000,9.5360819),(-8.2850578,-48.4000000,7.4582759),(-8.3009493,-48.4000000,9.5360819),(-8.3274904,-48.4000000,9.6547310),(-8.2850578,-48.4000000,7.4582759),(-8.3274904,-48.4000000,9.6547310),(-8.3646478,-48.4000000,9.7673939),(-8.2850578,-48.4000000,7.4582759),(-8.3646478,-48.4000000,9.7673939),(-8.4124216,-48.4000000,9.8740706),(-8.2850578,-48.4000000,7.4582759),(-8.4124216,-48.4000000,9.8740706),(-8.4708118,-48.4000000,9.9747611),(-8.2850578,-48.4000000,7.4582759),(-8.4708118,-48.4000000,9.9747611),(-8.5398185,-48.4000000,10.0694654),(-8.2850578,-48.4000000,7.4582759),(-8.5398185,-48.4000000,10.0694654),(-8.6194415,-48.4000000,10.1581835),(-8.2850578,-48.4000000,7.4582759),(-8.6194415,-48.4000000,10.1581835),(-8.6961211,-48.4000000,10.2298690),(-8.2850578,-48.4000000,7.4582759),(-8.6961211,-48.4000000,10.2298690),(-8.7758764,-48.4000000,10.2919965),(-8.2850578,-48.4000000,7.4582759),(-8.7758764,-48.4000000,10.2919965),(-8.8587075,-48.4000000,10.3445659),(-8.8587075,-48.4000000,10.3445659),(-8.9446144,-48.4000000,10.3875772),(-9.0335971,-48.4000000,10.4210305),(-8.8587075,-48.4000000,10.3445659),(-9.0335971,-48.4000000,10.4210305),(-9.1256556,-48.4000000,10.4449257),(-8.8587075,-48.4000000,10.3445659),(-9.1256556,-48.4000000,10.4449257),(-9.2207898,-48.4000000,10.4592628),(-8.8587075,-48.4000000,10.3445659),(-9.2207898,-48.4000000,10.4592628),(-9.3189999,-48.4000000,10.4640418),(-8.8587075,-48.4000000,10.3445659),(-9.3189999,-48.4000000,10.4640418),(-9.4160854,-48.4000000,10.4592628),(-8.8587075,-48.4000000,10.3445659),(-9.4160854,-48.4000000,10.4592628),(-9.5104920,-48.4000000,10.4449257),(-8.8587075,-48.4000000,10.3445659),(-9.5104920,-48.4000000,10.4449257),(-9.6022198,-48.4000000,10.4210305),(-8.8587075,-48.4000000,10.3445659),(-9.6022198,-48.4000000,10.4210305),(-9.6912686,-48.4000000,10.3875772),(-8.8587075,-48.4000000,10.3445659),(-9.6912686,-48.4000000,10.3875772),(-9.7776385,-48.4000000,10.3445659),(-8.8587075,-48.4000000,10.3445659),(-9.7776385,-48.4000000,10.3445659),(-9.8613295,-48.4000000,10.2919965),(-8.8587075,-48.4000000,10.3445659),(-9.8613295,-48.4000000,10.2919965),(-9.9423417,-48.4000000,10.2298690),(-8.8587075,-48.4000000,10.3445659),(-9.9423417,-48.4000000,10.2298690),(-10.0206749,-48.4000000,10.1581835),(-8.8587075,-48.4000000,10.3445659),(-10.0206749,-48.4000000,10.1581835),(-10.1002979,-48.4000000,10.0712017),(-8.8587075,-48.4000000,10.3445659),(-10.1002979,-48.4000000,10.0712017),(-10.1693045,-48.4000000,9.9780022),(-8.8587075,-48.4000000,10.3445659),(-10.1693045,-48.4000000,9.9780022),(-10.2276948,-48.4000000,9.8785850),(-8.8587075,-48.4000000,10.3445659),(-10.2276948,-48.4000000,9.8785850),(-10.2754686,-48.4000000,9.7729501),(-8.8587075,-48.4000000,10.3445659),(-10.2754686,-48.4000000,9.7729501),(-10.3126260,-48.4000000,9.6610975),(-10.3126260,-48.4000000,9.6610975),(-10.3391670,-48.4000000,9.5430272),(-10.3550917,-48.4000000,9.4187392),(-10.3126260,-48.4000000,9.6610975),(-10.3550917,-48.4000000,9.4187392),(-10.3603999,-48.4000000,9.2882335),(-10.3126260,-48.4000000,9.6610975),(-10.3603999,-48.4000000,9.2882335),(-10.3603999,-48.4000000,9.2808251),(-10.3126260,-48.4000000,9.6610975),(-10.3603999,-48.4000000,9.2808251),(-10.3603999,-48.4000000,7.5864335),(-10.3126260,-48.4000000,9.6610975),(-10.3603999,-48.4000000,7.5864335),(-10.3550917,-48.4000000,7.4551175),(-10.3126260,-48.4000000,9.6610975),(-10.3550917,-48.4000000,7.4551175),(-10.3391670,-48.4000000,7.3299861),(-10.3126260,-48.4000000,9.6610975),(-10.3391670,-48.4000000,7.3299861),(-10.3126260,-48.4000000,7.2110393),(-10.3126260,-48.4000000,9.6610975),(-10.3126260,-48.4000000,7.2110393),(-10.2754686,-48.4000000,7.0982772),(-10.3126260,-48.4000000,9.6610975),(-10.2754686,-48.4000000,7.0982772),(-10.2276948,-48.4000000,6.9916998),(-10.3126260,-48.4000000,9.6610975),(-10.2276948,-48.4000000,6.9916998),(-10.1693045,-48.4000000,6.8913069),(-10.3126260,-48.4000000,9.6610975),(-10.1693045,-48.4000000,6.8913069),(-10.1002979,-48.4000000,6.7970987),(-10.3126260,-48.4000000,9.6610975),(-10.1002979,-48.4000000,6.7970987),(-10.0206749,-48.4000000,6.7090751),(-10.0206749,-48.4000000,6.7090751),(-9.7169332,-48.4000000,7.0054085),(-9.8109264,-48.4000000,7.1217590),(-10.0206749,-48.4000000,6.7090751),(-9.8109264,-48.4000000,7.1217590),(-9.8780644,-48.4000000,7.2580856),(-10.0206749,-48.4000000,6.7090751),(-9.8780644,-48.4000000,7.2580856),(-9.9183473,-48.4000000,7.4143882),(-10.3126260,-48.4000000,9.6610975),(-10.0206749,-48.4000000,6.7090751),(-9.9183473,-48.4000000,7.4143882),(-10.3126260,-48.4000000,9.6610975),(-9.9183473,-48.4000000,7.4143882),(-9.9284180,-48.4000000,7.5000305),(-10.3126260,-48.4000000,9.6610975),(-9.9284180,-48.4000000,7.5000305),(-9.9317749,-48.4000000,7.5906668),(-10.3126260,-48.4000000,9.6610975),(-9.9317749,-48.4000000,7.5906668),(-9.9317749,-48.4000000,9.2882335),(-10.3126260,-48.4000000,9.6610975),(-9.9317749,-48.4000000,9.2882335),(-9.9284510,-48.4000000,9.3765382),(-10.3126260,-48.4000000,9.6610975),(-9.9284510,-48.4000000,9.3765382),(-9.9184795,-48.4000000,9.4599481),(-10.3126260,-48.4000000,9.6610975),(-9.9184795,-48.4000000,9.4599481),(-9.9018604,-48.4000000,9.5384632),(-10.3126260,-48.4000000,9.6610975),(-9.9018604,-48.4000000,9.5384632),(-9.8785936,-48.4000000,9.6120835),(-10.3126260,-48.4000000,9.6610975),(-9.8785936,-48.4000000,9.6120835),(-9.8121170,-48.4000000,9.7446397),(-10.3126260,-48.4000000,9.6610975),(-9.8121170,-48.4000000,9.7446397),(-9.7190499,-48.4000000,9.8576168),(-10.3126260,-48.4000000,9.6610975),(-9.7190499,-48.4000000,9.8576168),(-9.6237999,-48.4000000,9.9363304),(-10.3126260,-48.4000000,9.6610975),(-9.6237999,-48.4000000,9.9363304),(-9.5253749,-48.4000000,9.9925543),(-8.8587075,-48.4000000,10.3445659),(-10.3126260,-48.4000000,9.6610975),(-9.5253749,-48.4000000,9.9925543),(-8.8587075,-48.4000000,10.3445659),(-9.5253749,-48.4000000,9.9925543),(-9.4237749,-48.4000000,10.0262887),(-8.8587075,-48.4000000,10.3445659),(-9.4237749,-48.4000000,10.0262887),(-9.3189999,-48.4000000,10.0375335),(-8.8587075,-48.4000000,10.3445659),(-9.3189999,-48.4000000,10.0375335),(-9.2099254,-48.4000000,10.0262887),(-8.8587075,-48.4000000,10.3445659),(-9.2099254,-48.4000000,10.0262887),(-9.1070686,-48.4000000,9.9925543),(-8.8587075,-48.4000000,10.3445659),(-9.1070686,-48.4000000,9.9925543),(-9.0104295,-48.4000000,9.9363304),(-8.8587075,-48.4000000,10.3445659),(-9.0104295,-48.4000000,9.9363304),(-8.9200082,-48.4000000,9.8576168),(-8.8587075,-48.4000000,10.3445659),(-8.9200082,-48.4000000,9.8576168),(-8.8269410,-48.4000000,9.7390173),(-8.8587075,-48.4000000,10.3445659),(-8.8269410,-48.4000000,9.7390173),(-8.7604644,-48.4000000,9.6033522),(-8.8587075,-48.4000000,10.3445659),(-8.7604644,-48.4000000,9.6033522),(-8.7205785,-48.4000000,9.4506215),(-8.2850578,-48.4000000,7.4582759),(-8.8587075,-48.4000000,10.3445659),(-8.7205785,-48.4000000,9.4506215),(-8.2850578,-48.4000000,7.4582759),(-8.7205785,-48.4000000,9.4506215),(-8.7106070,-48.4000000,9.3678565),(-8.2850578,-48.4000000,7.4582759),(-8.7106070,-48.4000000,9.3678565),(-8.7072832,-48.4000000,9.2808251),(-8.2850578,-48.4000000,7.4582759),(-8.7072832,-48.4000000,9.2808251),(-8.7072832,-48.4000000,7.5906668),(-8.2850578,-48.4000000,7.4582759),(-8.7072832,-48.4000000,7.5906668),(-8.7106070,-48.4000000,7.5010227),(-8.2850578,-48.4000000,7.4582759),(-8.7106070,-48.4000000,7.5010227),(-8.7205785,-48.4000000,7.4162402),(-8.2850578,-48.4000000,7.4582759),(-8.7205785,-48.4000000,7.4162402),(-8.7371976,-48.4000000,7.3363195),(-8.2850578,-48.4000000,7.4582759),(-8.7371976,-48.4000000,7.3363195),(-8.7604644,-48.4000000,7.2612606),(-8.2850578,-48.4000000,7.4582759),(-8.7604644,-48.4000000,7.2612606),(-8.8269410,-48.4000000,7.1257277),(-8.2850578,-48.4000000,7.4582759),(-8.8269410,-48.4000000,7.1257277),(-8.9200082,-48.4000000,7.0096418),(-8.2850578,-48.4000000,7.4582759),(-8.9200082,-48.4000000,7.0096418),(-9.0112233,-48.4000000,6.9318543),(-9.6253874,-48.4000000,6.9294731),(-9.7169332,-48.4000000,7.0054085),(-10.0206749,-48.4000000,6.7090751),(-9.5285499,-48.4000000,6.8752335),(-9.6253874,-48.4000000,6.9294731),(-10.0206749,-48.4000000,6.7090751),(-9.4264207,-48.4000000,6.8426897),(-9.5285499,-48.4000000,6.8752335),(-10.0206749,-48.4000000,6.7090751),(-9.3189999,-48.4000000,6.8318418),(-9.4264207,-48.4000000,6.8426897),(-10.0206749,-48.4000000,6.7090751),(-9.2107191,-48.4000000,6.8429543),(-9.3189999,-48.4000000,6.8318418),(-10.0206749,-48.4000000,6.7090751),(-9.2107191,-48.4000000,6.8429543),(-10.0206749,-48.4000000,6.7090751),(-9.9437969,-48.4000000,6.6383818),(-9.2107191,-48.4000000,6.8429543),(-9.9437969,-48.4000000,6.6383818),(-9.8639754,-48.4000000,6.5771142),(-9.1081269,-48.4000000,6.8762918),(-9.2107191,-48.4000000,6.8429543),(-9.8639754,-48.4000000,6.5771142),(-9.1081269,-48.4000000,6.8762918),(-9.8639754,-48.4000000,6.5771142),(-9.7812104,-48.4000000,6.5252724),(-9.1081269,-48.4000000,6.8762918),(-9.7812104,-48.4000000,6.5252724),(-9.6955019,-48.4000000,6.4828564),(-9.0112233,-48.4000000,6.9318543),(-9.1081269,-48.4000000,6.8762918),(-9.6955019,-48.4000000,6.4828564),(-9.0112233,-48.4000000,6.9318543),(-9.6955019,-48.4000000,6.4828564),(-9.6068500,-48.4000000,6.4498662),(-8.2850578,-48.4000000,7.4582759),(-9.0112233,-48.4000000,6.9318543),(-9.6068500,-48.4000000,6.4498662),(-8.2850578,-48.4000000,7.4582759),(-9.6068500,-48.4000000,6.4498662),(-9.5152545,-48.4000000,6.4263017),(-8.2850578,-48.4000000,7.4582759),(-9.5152545,-48.4000000,6.4263017),(-9.4207156,-48.4000000,6.4121630),(-8.2850578,-48.4000000,7.4582759),(-9.4207156,-48.4000000,6.4121630),(-9.3232332,-48.4000000,6.4074501),(-8.2850578,-48.4000000,7.4582759),(-9.3232332,-48.4000000,6.4074501),(-9.2240640,-48.4000000,6.4120804),(-8.2850578,-48.4000000,7.4582759),(-9.2240640,-48.4000000,6.4120804),(-9.1281691,-48.4000000,6.4259710),(-8.2850578,-48.4000000,7.4582759),(-9.1281691,-48.4000000,6.4259710),(-9.0355484,-48.4000000,6.4491220),(-8.2850578,-48.4000000,7.4582759),(-9.0355484,-48.4000000,6.4491220),(-8.9462019,-48.4000000,6.4815335),(-8.2850578,-48.4000000,7.4582759),(-8.9462019,-48.4000000,6.4815335),(-8.8601297,-48.4000000,6.5232054),(-8.2850578,-48.4000000,7.4582759),(-8.8601297,-48.4000000,6.5232054),(-8.7773316,-48.4000000,6.5741376),(-8.2850578,-48.4000000,7.4582759),(-8.7773316,-48.4000000,6.5741376),(-8.6978078,-48.4000000,6.6343304),(-8.2850578,-48.4000000,7.4582759),(-8.6978078,-48.4000000,6.6343304),(-8.6215582,-48.4000000,6.7037835),(-8.2850578,-48.4000000,7.4582759),(-8.6215582,-48.4000000,6.7037835),(-8.5414390,-48.4000000,6.7931134),(-8.2850578,-48.4000000,7.4582759),(-8.5414390,-48.4000000,6.7931134),(-8.4720025,-48.4000000,6.8885949),(-8.2850578,-48.4000000,7.4582759),(-8.4720025,-48.4000000,6.8885949),(-8.4132484,-48.4000000,6.9902280),(-8.2850578,-48.4000000,7.4582759),(-8.4132484,-48.4000000,6.9902280),(-8.3651769,-48.4000000,7.0980126),(-8.2850578,-48.4000000,7.4582759),(-8.3651769,-48.4000000,7.0980126),(-8.3277880,-48.4000000,7.2119488),(-8.2850578,-48.4000000,7.4582759),(-8.3277880,-48.4000000,7.2119488),(-8.3010816,-48.4000000,7.3320366),(-13.5840832,-48.4000000,6.4847085),(-13.4845999,-48.4000000,6.3757001),(-13.3713582,-48.4000000,6.3481835),(-13.5840832,-48.4000000,6.4847085),(-13.3713582,-48.4000000,6.3481835),(-13.2702874,-48.4000000,6.3735835),(-13.5840832,-48.4000000,6.4847085),(-13.2702874,-48.4000000,6.3735835),(-13.1935582,-48.4000000,6.4497835),(-13.5840832,-48.4000000,6.4847085),(-13.1935582,-48.4000000,6.4497835),(-13.1861499,-48.4000000,6.4561335),(-13.5840832,-48.4000000,6.4847085),(-13.1861499,-48.4000000,6.4561335),(-11.9404915,-48.4000000,8.6236001),(-13.5840832,-48.4000000,6.4847085),(-11.9404915,-48.4000000,8.6236001),(-11.9129749,-48.4000000,8.7304918),(-13.5840832,-48.4000000,6.4847085),(-11.9129749,-48.4000000,8.7304918),(-11.9407561,-48.4000000,8.8397647),(-13.5840832,-48.4000000,6.4847085),(-11.9407561,-48.4000000,8.8397647),(-12.0240999,-48.4000000,8.9178168),(-13.5840832,-48.4000000,6.4847085),(-12.0240999,-48.4000000,8.9178168),(-12.1309915,-48.4000000,8.9474501),(-13.5840832,-48.4000000,6.4847085),(-12.1309915,-48.4000000,8.9474501),(-12.2397353,-48.4000000,8.9196689),(-13.5840832,-48.4000000,6.4847085),(-12.2397353,-48.4000000,8.9196689),(-12.3161999,-48.4000000,8.8363251),(-13.5840832,-48.4000000,6.4847085),(-12.3161999,-48.4000000,8.8363251),(-13.1586332,-48.4000000,7.3705335),(-13.5840832,-48.4000000,6.4847085),(-13.1586332,-48.4000000,7.3705335),(-13.1586332,-48.4000000,9.9782668),(-13.1586332,-48.4000000,9.9782668),(-11.5721915,-48.4000000,9.9782668),(-11.4872603,-48.4000000,9.9941418),(-13.1586332,-48.4000000,9.9782668),(-11.4872603,-48.4000000,9.9941418),(-11.4166165,-48.4000000,10.0417668),(-13.1586332,-48.4000000,9.9782668),(-11.4166165,-48.4000000,10.0417668),(-11.3689915,-48.4000000,10.1113522),(-13.1586332,-48.4000000,9.9782668),(-11.3689915,-48.4000000,10.1113522),(-11.3531165,-48.4000000,10.1931085),(-13.1586332,-48.4000000,9.9782668),(-11.3531165,-48.4000000,10.1931085),(-11.3689915,-48.4000000,10.2751293),(-13.1586332,-48.4000000,9.9782668),(-11.3689915,-48.4000000,10.2751293),(-11.4166165,-48.4000000,10.3455085),(-13.1586332,-48.4000000,9.9782668),(-11.4166165,-48.4000000,10.3455085),(-11.4872603,-48.4000000,10.3947210),(-13.1586332,-48.4000000,9.9782668),(-11.4872603,-48.4000000,10.3947210),(-11.5721915,-48.4000000,10.4111251),(-13.1586332,-48.4000000,9.9782668),(-11.5721915,-48.4000000,10.4111251),(-13.3787665,-48.4000000,10.4111251),(-13.5840832,-48.4000000,6.4847085),(-13.1586332,-48.4000000,9.9782668),(-13.3787665,-48.4000000,10.4111251),(-13.3787665,-48.4000000,10.4111251),(-15.1842832,-48.4000000,10.4111251),(-15.2670978,-48.4000000,10.3947210),(-13.3787665,-48.4000000,10.4111251),(-15.2670978,-48.4000000,10.3947210),(-15.3356249,-48.4000000,10.3455085),(-13.3787665,-48.4000000,10.4111251),(-15.3356249,-48.4000000,10.3455085),(-15.3816624,-48.4000000,10.2751293),(-13.3787665,-48.4000000,10.4111251),(-15.3816624,-48.4000000,10.2751293),(-15.3970082,-48.4000000,10.1931085),(-13.3787665,-48.4000000,10.4111251),(-15.3970082,-48.4000000,10.1931085),(-15.3816624,-48.4000000,10.1113522),(-13.3787665,-48.4000000,10.4111251),(-15.3816624,-48.4000000,10.1113522),(-15.3356249,-48.4000000,10.0417668),(-13.3787665,-48.4000000,10.4111251),(-15.3356249,-48.4000000,10.0417668),(-15.2670978,-48.4000000,9.9941418),(-13.3787665,-48.4000000,10.4111251),(-15.2670978,-48.4000000,9.9941418),(-15.1842832,-48.4000000,9.9782668),(-13.3787665,-48.4000000,10.4111251),(-15.1842832,-48.4000000,9.9782668),(-13.5914915,-48.4000000,9.9782668),(-13.5840832,-48.4000000,6.4847085),(-13.3787665,-48.4000000,10.4111251),(-13.5914915,-48.4000000,9.9782668),(-13.5840832,-48.4000000,6.4847085),(-13.5914915,-48.4000000,9.9782668),(-13.5914915,-48.4000000,7.3663001),(-13.5840832,-48.4000000,6.4847085),(-13.5914915,-48.4000000,7.3663001),(-14.4476832,-48.4000000,8.8553751),(-13.5840832,-48.4000000,6.4847085),(-14.4476832,-48.4000000,8.8553751),(-14.5273228,-48.4000000,8.9347501),(-13.5840832,-48.4000000,6.4847085),(-14.5273228,-48.4000000,8.9347501),(-14.6350082,-48.4000000,8.9612085),(-13.5840832,-48.4000000,6.4847085),(-14.6350082,-48.4000000,8.9612085),(-14.7461332,-48.4000000,8.9336918),(-13.5840832,-48.4000000,6.4847085),(-14.7461332,-48.4000000,8.9336918),(-14.8278894,-48.4000000,8.8540522),(-13.5840832,-48.4000000,6.4847085),(-14.8278894,-48.4000000,8.8540522),(-14.8551415,-48.4000000,8.7442501),(-13.5840832,-48.4000000,6.4847085),(-14.8551415,-48.4000000,8.7442501),(-14.8233915,-48.4000000,8.6352418),(-2.7255832,-48.4000000,10.4661585),(-2.8430582,-48.4000000,10.4195918),(-3.4505415,-48.4000000,9.9179418),(-2.7255832,-48.4000000,10.4661585),(-3.4505415,-48.4000000,9.9179418),(-3.5082207,-48.4000000,9.8502085),(-2.7255832,-48.4000000,10.4661585),(-3.5082207,-48.4000000,9.8502085),(-3.5330915,-48.4000000,9.7782418),(-2.7255832,-48.4000000,10.4661585),(-3.5330915,-48.4000000,9.7782418),(-3.5330915,-48.4000000,9.7443751),(-2.7255832,-48.4000000,10.4661585),(-3.5330915,-48.4000000,9.7443751),(-3.4992249,-48.4000000,9.6163168),(-2.7255832,-48.4000000,10.4661585),(-3.4992249,-48.4000000,9.6163168),(-3.4399582,-48.4000000,9.5594314),(-2.7255832,-48.4000000,10.4661585),(-3.4399582,-48.4000000,9.5594314),(-3.3595249,-48.4000000,9.5305918),(-2.7255832,-48.4000000,10.4661585),(-3.3595249,-48.4000000,9.5305918),(-3.3182499,-48.4000000,9.5284751),(-2.7255832,-48.4000000,10.4661585),(-3.3182499,-48.4000000,9.5284751),(-3.2028915,-48.4000000,9.5655168),(-2.7255832,-48.4000000,10.4661585),(-3.2028915,-48.4000000,9.5655168),(-2.9319582,-48.4000000,9.8047001),(-2.7255832,-48.4000000,10.4661585),(-2.9319582,-48.4000000,9.8047001),(-2.9319582,-48.4000000,6.6191168),(-2.7255832,-48.4000000,10.4661585),(-2.9319582,-48.4000000,6.6191168),(-2.9166124,-48.4000000,6.5370960),(-2.7255832,-48.4000000,10.4661585),(-2.9166124,-48.4000000,6.5370960),(-2.8705749,-48.4000000,6.4688335),(-2.7255832,-48.4000000,10.4661585),(-2.8705749,-48.4000000,6.4688335),(-2.8023124,-48.4000000,6.4227960),(-2.7255832,-48.4000000,10.4661585),(-2.8023124,-48.4000000,6.4227960),(-2.7202915,-48.4000000,6.4074501),(-2.7255832,-48.4000000,10.4661585),(-2.7202915,-48.4000000,6.4074501),(-2.6374769,-48.4000000,6.4227960),(-2.7255832,-48.4000000,10.4661585),(-2.6374769,-48.4000000,6.4227960),(-2.5689499,-48.4000000,6.4688335),(-2.7255832,-48.4000000,10.4661585),(-2.5689499,-48.4000000,6.4688335),(-2.5229124,-48.4000000,6.5370960),(-2.7255832,-48.4000000,10.4661585),(-2.5229124,-48.4000000,6.5370960),(-2.5075665,-48.4000000,6.6191168),(-2.7255832,-48.4000000,10.4661585),(-2.5075665,-48.4000000,6.6191168),(-2.5075665,-48.4000000,10.2460251),(-2.7255832,-48.4000000,10.4661585),(-2.5075665,-48.4000000,10.2460251),(-2.5358769,-48.4000000,10.3592668),(-2.7255832,-48.4000000,10.4661585),(-2.5358769,-48.4000000,10.3592668),(-2.6208082,-48.4000000,10.4344085),(-7.8214582,-48.4000000,6.4378772),(-7.7484332,-48.4000000,6.3312501),(-7.6418061,-48.4000000,6.2582251),(-7.8214582,-48.4000000,6.4378772),(-7.6418061,-48.4000000,6.2582251),(-7.5166582,-48.4000000,6.2338835),(-7.8214582,-48.4000000,6.4378772),(-7.5166582,-48.4000000,6.2338835),(-7.3917749,-48.4000000,6.2582251),(-7.8214582,-48.4000000,6.4378772),(-7.3917749,-48.4000000,6.2582251),(-7.2859415,-48.4000000,6.3312501),(-7.8214582,-48.4000000,6.4378772),(-7.2859415,-48.4000000,6.3312501),(-7.2129165,-48.4000000,6.4378772),(-7.8214582,-48.4000000,6.4378772),(-7.2129165,-48.4000000,6.4378772),(-7.1885749,-48.4000000,6.5630251),(-7.8214582,-48.4000000,6.4378772),(-7.1885749,-48.4000000,6.5630251),(-7.2129165,-48.4000000,6.6881731),(-7.8214582,-48.4000000,6.4378772),(-7.2129165,-48.4000000,6.6881731),(-7.2859415,-48.4000000,6.7948001),(-7.8214582,-48.4000000,6.4378772),(-7.2859415,-48.4000000,6.7948001),(-7.3917749,-48.4000000,6.8678251),(-7.8214582,-48.4000000,6.4378772),(-7.3917749,-48.4000000,6.8678251),(-7.5166582,-48.4000000,6.8921668),(-7.8214582,-48.4000000,6.4378772),(-7.5166582,-48.4000000,6.8921668),(-7.6418061,-48.4000000,6.8678251),(-7.8214582,-48.4000000,6.4378772),(-7.6418061,-48.4000000,6.8678251),(-7.7484332,-48.4000000,6.7948001),(-7.8214582,-48.4000000,6.4378772),(-7.7484332,-48.4000000,6.7948001),(-7.8214582,-48.4000000,6.6881731),(-7.8214582,-48.4000000,6.4378772),(-7.8214582,-48.4000000,6.6881731),(-7.8457999,-48.4000000,6.5630251),(-26.7098624,-48.4000000,12.3498918),(-26.6128099,-48.4000000,12.3092121),(-26.5147983,-48.4000000,12.2739564),(-26.7098624,-48.4000000,12.3498918),(-26.5147983,-48.4000000,12.2739564),(-26.4158276,-48.4000000,12.2441246),(-26.7098624,-48.4000000,12.3498918),(-26.4158276,-48.4000000,12.2441246),(-26.3158978,-48.4000000,12.2197168),(-26.7098624,-48.4000000,12.3498918),(-26.3158978,-48.4000000,12.2197168),(-26.2150088,-48.4000000,12.2007330),(-26.7098624,-48.4000000,12.3498918),(-26.2150088,-48.4000000,12.2007330),(-26.1131608,-48.4000000,12.1871731),(-26.7098624,-48.4000000,12.3498918),(-26.1131608,-48.4000000,12.1871731),(-26.0103536,-48.4000000,12.1790371),(-26.7098624,-48.4000000,12.3498918),(-26.0103536,-48.4000000,12.1790371),(-25.9065874,-48.4000000,12.1763251),(-26.7098624,-48.4000000,12.3498918),(-25.9065874,-48.4000000,12.1763251),(-25.7708065,-48.4000000,12.1806412),(-26.7098624,-48.4000000,12.3498918),(-25.7708065,-48.4000000,12.1806412),(-25.6375723,-48.4000000,12.1935892),(-26.7098624,-48.4000000,12.3498918),(-25.6375723,-48.4000000,12.1935892),(-25.5068846,-48.4000000,12.2151693),(-26.7098624,-48.4000000,12.3498918),(-25.5068846,-48.4000000,12.2151693),(-25.3787436,-48.4000000,12.2453814),(-26.7098624,-48.4000000,12.3498918),(-25.3787436,-48.4000000,12.2453814),(-25.2531492,-48.4000000,12.2842255),(-26.7098624,-48.4000000,12.3498918),(-25.2531492,-48.4000000,12.2842255),(-25.1301014,-48.4000000,12.3317017),(-26.7098624,-48.4000000,12.3498918),(-25.1301014,-48.4000000,12.3317017),(-25.0096002,-48.4000000,12.3878099),(-26.7098624,-48.4000000,12.3498918),(-25.0096002,-48.4000000,12.3878099),(-24.8916457,-48.4000000,12.4525501),(-26.7098624,-48.4000000,12.3498918),(-24.8916457,-48.4000000,12.4525501),(-24.7780733,-48.4000000,12.5249468),(-26.7098624,-48.4000000,12.3498918),(-24.7780733,-48.4000000,12.5249468),(-24.6707186,-48.4000000,12.6034949),(-26.7098624,-48.4000000,12.3498918),(-24.6707186,-48.4000000,12.6034949),(-24.5695816,-48.4000000,12.6881947),(-26.7098624,-48.4000000,12.3498918),(-24.5695816,-48.4000000,12.6881947),(-24.4746624,-48.4000000,12.7790460),(-26.7098624,-48.4000000,12.3498918),(-24.4746624,-48.4000000,12.7790460),(-24.3859608,-48.4000000,12.8760488),(-24.3859608,-48.4000000,12.8760488),(-24.3034769,-48.4000000,12.9792033),(-24.2272108,-48.4000000,13.0885093),(-24.3859608,-48.4000000,12.8760488),(-24.2272108,-48.4000000,13.0885093),(-24.1571624,-48.4000000,13.2039668),(-24.3859608,-48.4000000,12.8760488),(-24.1571624,-48.4000000,13.2039668),(-24.0941585,-48.4000000,13.3237404),(-24.3859608,-48.4000000,12.8760488),(-24.0941585,-48.4000000,13.3237404),(-24.0395551,-48.4000000,13.4459944),(-24.3859608,-48.4000000,12.8760488),(-24.0395551,-48.4000000,13.4459944),(-23.9933522,-48.4000000,13.5707289),(-24.3859608,-48.4000000,12.8760488),(-23.9933522,-48.4000000,13.5707289),(-23.9555499,-48.4000000,13.6979439),(-24.3859608,-48.4000000,12.8760488),(-23.9555499,-48.4000000,13.6979439),(-23.9261480,-48.4000000,13.8276393),(-24.3859608,-48.4000000,12.8760488),(-23.9261480,-48.4000000,13.8276393),(-23.9051467,-48.4000000,13.9598152),(-24.3859608,-48.4000000,12.8760488),(-23.9051467,-48.4000000,13.9598152),(-23.8925460,-48.4000000,14.0944716),(-24.3859608,-48.4000000,12.8760488),(-23.8925460,-48.4000000,14.0944716),(-23.8883457,-48.4000000,14.2316085),(-24.3859608,-48.4000000,12.8760488),(-23.8883457,-48.4000000,14.2316085),(-23.8925460,-48.4000000,14.3632387),(-24.3859608,-48.4000000,12.8760488),(-23.8925460,-48.4000000,14.3632387),(-23.9051467,-48.4000000,14.4940751),(-24.3859608,-48.4000000,12.8760488),(-23.9051467,-48.4000000,14.4940751),(-23.9261480,-48.4000000,14.6241179),(-24.3859608,-48.4000000,12.8760488),(-23.9261480,-48.4000000,14.6241179),(-23.9555499,-48.4000000,14.7533668),(-24.3859608,-48.4000000,12.8760488),(-23.9555499,-48.4000000,14.7533668),(-23.9933522,-48.4000000,14.8818220),(-24.3859608,-48.4000000,12.8760488),(-23.9933522,-48.4000000,14.8818220),(-24.0395551,-48.4000000,15.0094835),(-24.0395551,-48.4000000,15.0094835),(-24.4313368,-48.4000000,14.8679975),(-24.3947747,-48.4000000,14.7701182),(-24.0395551,-48.4000000,15.0094835),(-24.3947747,-48.4000000,14.7701182),(-24.3648603,-48.4000000,14.6689647),(-24.0395551,-48.4000000,15.0094835),(-24.3648603,-48.4000000,14.6689647),(-24.3415935,-48.4000000,14.5645370),(-24.0395551,-48.4000000,15.0094835),(-24.3415935,-48.4000000,14.5645370),(-24.3249743,-48.4000000,14.4568350),(-24.0395551,-48.4000000,15.0094835),(-24.3249743,-48.4000000,14.4568350),(-24.3150029,-48.4000000,14.3458589),(-24.0395551,-48.4000000,15.0094835),(-24.3150029,-48.4000000,14.3458589),(-24.3116790,-48.4000000,14.2316085),(-24.0395551,-48.4000000,15.0094835),(-24.3116790,-48.4000000,14.2316085),(-24.3150359,-48.4000000,14.1215749),(-24.3859608,-48.4000000,12.8760488),(-24.0395551,-48.4000000,15.0094835),(-24.3150359,-48.4000000,14.1215749),(-24.3859608,-48.4000000,12.8760488),(-24.3150359,-48.4000000,14.1215749),(-24.3251066,-48.4000000,14.0137241),(-24.3859608,-48.4000000,12.8760488),(-24.3251066,-48.4000000,14.0137241),(-24.3418911,-48.4000000,13.9080561),(-24.3859608,-48.4000000,12.8760488),(-24.3418911,-48.4000000,13.9080561),(-24.3653894,-48.4000000,13.8045710),(-24.3859608,-48.4000000,12.8760488),(-24.3653894,-48.4000000,13.8045710),(-24.3956015,-48.4000000,13.7032686),(-24.3859608,-48.4000000,12.8760488),(-24.3956015,-48.4000000,13.7032686),(-24.4325275,-48.4000000,13.6041491),(-24.3859608,-48.4000000,12.8760488),(-24.4325275,-48.4000000,13.6041491),(-24.4761672,-48.4000000,13.5072124),(-24.3859608,-48.4000000,12.8760488),(-24.4761672,-48.4000000,13.5072124),(-24.5265207,-48.4000000,13.4124585),(-24.3859608,-48.4000000,12.8760488),(-24.5265207,-48.4000000,13.4124585),(-24.5823643,-48.4000000,13.3212434),(-24.3859608,-48.4000000,12.8760488),(-24.5823643,-48.4000000,13.3212434),(-24.6430035,-48.4000000,13.2349231),(-24.3859608,-48.4000000,12.8760488),(-24.6430035,-48.4000000,13.2349231),(-24.7084383,-48.4000000,13.1534975),(-24.3859608,-48.4000000,12.8760488),(-24.7084383,-48.4000000,13.1534975),(-24.7786686,-48.4000000,13.0769668),(-24.3859608,-48.4000000,12.8760488),(-24.7786686,-48.4000000,13.0769668),(-24.8536945,-48.4000000,13.0053309),(-24.3859608,-48.4000000,12.8760488),(-24.8536945,-48.4000000,13.0053309),(-24.9335160,-48.4000000,12.9385897),(-24.3859608,-48.4000000,12.8760488),(-24.9335160,-48.4000000,12.9385897),(-25.0181331,-48.4000000,12.8767434),(-24.3859608,-48.4000000,12.8760488),(-25.0181331,-48.4000000,12.8767434),(-25.1075457,-48.4000000,12.8197918),(-24.3859608,-48.4000000,12.8760488),(-25.1075457,-48.4000000,12.8197918),(-25.2001333,-48.4000000,12.7686942),(-24.3859608,-48.4000000,12.8760488),(-25.2001333,-48.4000000,12.7686942),(-25.2948045,-48.4000000,12.7244095),(-24.3859608,-48.4000000,12.8760488),(-25.2948045,-48.4000000,12.7244095),(-25.3915594,-48.4000000,12.6869379),(-24.3859608,-48.4000000,12.8760488),(-25.3915594,-48.4000000,12.6869379),(-25.4903978,-48.4000000,12.6562793),(-26.7098624,-48.4000000,12.3498918),(-24.3859608,-48.4000000,12.8760488),(-25.4903978,-48.4000000,12.6562793),(-26.7098624,-48.4000000,12.3498918),(-25.4903978,-48.4000000,12.6562793),(-25.5913198,-48.4000000,12.6324337),(-26.7098624,-48.4000000,12.3498918),(-25.5913198,-48.4000000,12.6324337),(-25.6943254,-48.4000000,12.6154012),(-26.7098624,-48.4000000,12.3498918),(-25.6943254,-48.4000000,12.6154012),(-25.7994146,-48.4000000,12.6051817),(-26.7098624,-48.4000000,12.3498918),(-25.7994146,-48.4000000,12.6051817),(-25.9065874,-48.4000000,12.6017751),(-26.7098624,-48.4000000,12.3498918),(-25.9065874,-48.4000000,12.6017751),(-26.0601780,-48.4000000,12.6088527),(-26.7098624,-48.4000000,12.3498918),(-26.0601780,-48.4000000,12.6088527),(-26.2097999,-48.4000000,12.6300856),(-26.7098624,-48.4000000,12.3498918),(-26.2097999,-48.4000000,12.6300856),(-26.3554530,-48.4000000,12.6654736),(-26.7098624,-48.4000000,12.3498918),(-26.3554530,-48.4000000,12.6654736),(-26.4971374,-48.4000000,12.7150168),(-26.7098624,-48.4000000,12.3498918),(-26.4971374,-48.4000000,12.7150168),(-24.9001124,-48.4000000,15.4984335),(-27.2707790,-48.4000000,11.3751668),(-26.7098624,-48.4000000,12.3498918),(-24.9001124,-48.4000000,15.4984335),(-24.4745466,-48.4000000,14.9626026),(-24.4313368,-48.4000000,14.8679975),(-24.0395551,-48.4000000,15.0094835),(-24.5244040,-48.4000000,15.0539335),(-24.4745466,-48.4000000,14.9626026),(-24.0395551,-48.4000000,15.0094835),(-24.5923358,-48.4000000,15.1579147),(-24.5244040,-48.4000000,15.0539335),(-24.0395551,-48.4000000,15.0094835),(-24.6775978,-48.4000000,15.2666585),(-24.5923358,-48.4000000,15.1579147),(-24.0395551,-48.4000000,15.0094835),(-24.7267276,-48.4000000,15.3228163),(-24.6775978,-48.4000000,15.2666585),(-24.0395551,-48.4000000,15.0094835),(-24.7801900,-48.4000000,15.3801647),(-24.7267276,-48.4000000,15.3228163),(-24.0395551,-48.4000000,15.0094835),(-24.8379849,-48.4000000,15.4387038),(-24.7801900,-48.4000000,15.3801647),(-24.0395551,-48.4000000,15.0094835),(-24.9001124,-48.4000000,15.4984335),(-24.8379849,-48.4000000,15.4387038),(-24.0395551,-48.4000000,15.0094835),(-24.9001124,-48.4000000,15.4984335),(-24.0395551,-48.4000000,15.0094835),(-24.0941585,-48.4000000,15.1363512),(-24.9001124,-48.4000000,15.4984335),(-24.0941585,-48.4000000,15.1363512),(-24.1571624,-48.4000000,15.2624251),(-24.9001124,-48.4000000,15.4984335),(-24.1571624,-48.4000000,15.2624251),(-24.2073505,-48.4000000,15.3491423),(-24.9001124,-48.4000000,15.4984335),(-24.2073505,-48.4000000,15.3491423),(-24.2621358,-48.4000000,15.4325522),(-24.9001124,-48.4000000,15.4984335),(-24.2621358,-48.4000000,15.4325522),(-24.3215182,-48.4000000,15.5126548),(-24.9001124,-48.4000000,15.4984335),(-24.3215182,-48.4000000,15.5126548),(-24.3854978,-48.4000000,15.5894501),(-24.9001124,-48.4000000,15.4984335),(-24.3854978,-48.4000000,15.5894501),(-24.4540745,-48.4000000,15.6629382),(-24.9001124,-48.4000000,15.4984335),(-24.4540745,-48.4000000,15.6629382),(-24.5272483,-48.4000000,15.7331189),(-24.9001124,-48.4000000,15.4984335),(-24.5272483,-48.4000000,15.7331189),(-24.6050193,-48.4000000,15.7999923),(-24.9001124,-48.4000000,15.4984335),(-24.6050193,-48.4000000,15.7999923),(-24.6873874,-48.4000000,15.8635585),(-24.9001124,-48.4000000,15.4984335),(-24.6873874,-48.4000000,15.8635585),(-24.1455207,-48.4000000,16.8160585),(-27.2707790,-48.4000000,11.3751668),(-24.9001124,-48.4000000,15.4984335),(-24.1455207,-48.4000000,16.8160585),(-27.2707790,-48.4000000,11.3751668),(-24.1455207,-48.4000000,16.8160585),(-24.1169457,-48.4000000,16.9197751),(-27.2707790,-48.4000000,11.3751668),(-24.1169457,-48.4000000,16.9197751),(-24.1243540,-48.4000000,16.9801001),(-27.2707790,-48.4000000,11.3751668),(-24.1243540,-48.4000000,16.9801001),(-24.1629832,-48.4000000,17.0552418),(-27.2707790,-48.4000000,11.3751668),(-24.1629832,-48.4000000,17.0552418),(-24.2280707,-48.4000000,17.1092168),(-27.2707790,-48.4000000,11.3751668),(-24.2280707,-48.4000000,17.1092168),(-24.3307290,-48.4000000,17.1399085),(-27.2707790,-48.4000000,11.3751668),(-24.3307290,-48.4000000,17.1399085),(-24.3910540,-48.4000000,17.1325001),(-27.2707790,-48.4000000,11.3751668),(-24.3910540,-48.4000000,17.1325001),(-24.4667249,-48.4000000,17.0938710),(-27.2707790,-48.4000000,11.3751668),(-24.4667249,-48.4000000,17.0938710),(-24.5222874,-48.4000000,17.0287835),(-27.2707790,-48.4000000,11.3751668),(-24.5222874,-48.4000000,17.0287835),(-25.0578040,-48.4000000,16.1006251),(-25.0578040,-48.4000000,16.1006251),(-25.1584118,-48.4000000,16.1450255),(-25.2623269,-48.4000000,16.1835059),(-25.0578040,-48.4000000,16.1006251),(-25.2623269,-48.4000000,16.1835059),(-25.3695493,-48.4000000,16.2160662),(-25.0578040,-48.4000000,16.1006251),(-25.3695493,-48.4000000,16.2160662),(-25.4800790,-48.4000000,16.2427064),(-25.0578040,-48.4000000,16.1006251),(-25.4800790,-48.4000000,16.2427064),(-25.5939160,-48.4000000,16.2634266),(-25.0578040,-48.4000000,16.1006251),(-25.5939160,-48.4000000,16.2634266),(-25.7110603,-48.4000000,16.2782267),(-25.0578040,-48.4000000,16.1006251),(-25.7110603,-48.4000000,16.2782267),(-25.8315118,-48.4000000,16.2871068),(-25.0578040,-48.4000000,16.1006251),(-25.8315118,-48.4000000,16.2871068),(-25.9552707,-48.4000000,16.2900668),(-25.0578040,-48.4000000,16.1006251),(-25.9552707,-48.4000000,16.2900668),(-26.0798729,-48.4000000,16.2857343),(-25.0578040,-48.4000000,16.1006251),(-26.0798729,-48.4000000,16.2857343),(-26.2033837,-48.4000000,16.2727366),(-25.0578040,-48.4000000,16.1006251),(-26.2033837,-48.4000000,16.2727366),(-26.3258031,-48.4000000,16.2510738),(-25.0578040,-48.4000000,16.1006251),(-26.3258031,-48.4000000,16.2510738),(-26.4471311,-48.4000000,16.2207460),(-25.0578040,-48.4000000,16.1006251),(-26.4471311,-48.4000000,16.2207460),(-26.5673677,-48.4000000,16.1817530),(-25.0578040,-48.4000000,16.1006251),(-26.5673677,-48.4000000,16.1817530),(-26.6865129,-48.4000000,16.1340949),(-25.0578040,-48.4000000,16.1006251),(-26.6865129,-48.4000000,16.1340949),(-26.8045667,-48.4000000,16.0777718),(-25.0578040,-48.4000000,16.1006251),(-26.8045667,-48.4000000,16.0777718),(-26.9215290,-48.4000000,16.0127835),(-25.0578040,-48.4000000,16.1006251),(-26.9215290,-48.4000000,16.0127835),(-27.0346384,-48.4000000,15.9406184),(-25.0578040,-48.4000000,16.1006251),(-27.0346384,-48.4000000,15.9406184),(-27.1416624,-48.4000000,15.8622356),(-25.0578040,-48.4000000,16.1006251),(-27.1416624,-48.4000000,15.8622356),(-27.2426009,-48.4000000,15.7776350),(-25.0578040,-48.4000000,16.1006251),(-27.2426009,-48.4000000,15.7776350),(-27.3374540,-48.4000000,15.6868168),(-25.0578040,-48.4000000,16.1006251),(-27.3374540,-48.4000000,15.6868168),(-27.4262217,-48.4000000,15.5897809),(-27.4262217,-48.4000000,15.5897809),(-27.5089040,-48.4000000,15.4865272),(-27.5855009,-48.4000000,15.3770559),(-27.4262217,-48.4000000,15.5897809),(-27.5855009,-48.4000000,15.3770559),(-27.6560124,-48.4000000,15.2613668),(-27.4262217,-48.4000000,15.5897809),(-27.6560124,-48.4000000,15.2613668),(-27.7192643,-48.4000000,15.1415602),(-27.4262217,-48.4000000,15.5897809),(-27.7192643,-48.4000000,15.1415602),(-27.7740827,-48.4000000,15.0192069),(-27.4262217,-48.4000000,15.5897809),(-27.7740827,-48.4000000,15.0192069),(-27.8204674,-48.4000000,14.8943070),(-27.4262217,-48.4000000,15.5897809),(-27.8204674,-48.4000000,14.8943070),(-27.8584186,-48.4000000,14.7668606),(-27.4262217,-48.4000000,15.5897809),(-27.8584186,-48.4000000,14.7668606),(-27.8879362,-48.4000000,14.6368675),(-27.4262217,-48.4000000,15.5897809),(-27.8879362,-48.4000000,14.6368675),(-27.9090202,-48.4000000,14.5043277),(-27.4262217,-48.4000000,15.5897809),(-27.9090202,-48.4000000,14.5043277),(-27.9216706,-48.4000000,14.3692414),(-27.4262217,-48.4000000,15.5897809),(-27.9216706,-48.4000000,14.3692414),(-27.9258874,-48.4000000,14.2316085),(-27.4262217,-48.4000000,15.5897809),(-27.9258874,-48.4000000,14.2316085),(-27.9216871,-48.4000000,14.0935456),(-27.4262217,-48.4000000,15.5897809),(-27.9216871,-48.4000000,14.0935456),(-27.9090863,-48.4000000,13.9582277),(-27.4262217,-48.4000000,15.5897809),(-27.9090863,-48.4000000,13.9582277),(-27.8880850,-48.4000000,13.8256550),(-27.4262217,-48.4000000,15.5897809),(-27.8880850,-48.4000000,13.8256550),(-27.8586832,-48.4000000,13.6958272),(-27.4262217,-48.4000000,15.5897809),(-27.8586832,-48.4000000,13.6958272),(-27.8208808,-48.4000000,13.5687445),(-27.4262217,-48.4000000,15.5897809),(-27.8208808,-48.4000000,13.5687445),(-27.7746780,-48.4000000,13.4444069),(-27.4262217,-48.4000000,15.5897809),(-27.7746780,-48.4000000,13.4444069),(-27.7200746,-48.4000000,13.3228143),(-27.4262217,-48.4000000,15.5897809),(-27.7200746,-48.4000000,13.3228143),(-27.6570707,-48.4000000,13.2039668),(-27.6570707,-48.4000000,13.2039668),(-27.2887707,-48.4000000,13.4124585),(-27.3381320,-48.4000000,13.5071958),(-27.6570707,-48.4000000,13.2039668),(-27.3381320,-48.4000000,13.5071958),(-27.3809118,-48.4000000,13.6040830),(-27.6570707,-48.4000000,13.2039668),(-27.3809118,-48.4000000,13.6040830),(-27.4171101,-48.4000000,13.7031198),(-27.6570707,-48.4000000,13.2039668),(-27.4171101,-48.4000000,13.7031198),(-27.4467269,-48.4000000,13.8043064),(-27.6570707,-48.4000000,13.2039668),(-27.4467269,-48.4000000,13.8043064),(-27.4697622,-48.4000000,13.9076427),(-27.6570707,-48.4000000,13.2039668),(-27.4697622,-48.4000000,13.9076427),(-27.4862160,-48.4000000,14.0131288),(-27.6570707,-48.4000000,13.2039668),(-27.4862160,-48.4000000,14.0131288),(-27.4960883,-48.4000000,14.1207646),(-27.6570707,-48.4000000,13.2039668),(-27.4960883,-48.4000000,14.1207646),(-27.4993790,-48.4000000,14.2305501),(-27.6570707,-48.4000000,13.2039668),(-27.4993790,-48.4000000,14.2305501),(-27.4960387,-48.4000000,14.3403688),(-27.4262217,-48.4000000,15.5897809),(-27.6570707,-48.4000000,13.2039668),(-27.4960387,-48.4000000,14.3403688),(-27.4262217,-48.4000000,15.5897809),(-27.4960387,-48.4000000,14.3403688),(-27.4860176,-48.4000000,14.4481038),(-27.4262217,-48.4000000,15.5897809),(-27.4860176,-48.4000000,14.4481038),(-27.4693157,-48.4000000,14.5537552),(-27.4262217,-48.4000000,15.5897809),(-27.4693157,-48.4000000,14.5537552),(-27.4459332,-48.4000000,14.6573231),(-27.4262217,-48.4000000,15.5897809),(-27.4459332,-48.4000000,14.6573231),(-27.4158699,-48.4000000,14.7588073),(-27.4262217,-48.4000000,15.5897809),(-27.4158699,-48.4000000,14.7588073),(-27.3791259,-48.4000000,14.8582080),(-27.4262217,-48.4000000,15.5897809),(-27.3791259,-48.4000000,14.8582080),(-27.3357012,-48.4000000,14.9555250),(-27.4262217,-48.4000000,15.5897809),(-27.3357012,-48.4000000,14.9555250),(-27.2855957,-48.4000000,15.0507585),(-27.4262217,-48.4000000,15.5897809),(-27.2855957,-48.4000000,15.0507585),(-27.2297521,-48.4000000,15.1427012),(-27.4262217,-48.4000000,15.5897809),(-27.2297521,-48.4000000,15.1427012),(-27.1691129,-48.4000000,15.2296168),(-27.4262217,-48.4000000,15.5897809),(-27.1691129,-48.4000000,15.2296168),(-27.1036781,-48.4000000,15.3115054),(-27.4262217,-48.4000000,15.5897809),(-27.1036781,-48.4000000,15.3115054),(-27.0334478,-48.4000000,15.3883668),(-27.4262217,-48.4000000,15.5897809),(-27.0334478,-48.4000000,15.3883668),(-26.9584219,-48.4000000,15.4602012),(-27.4262217,-48.4000000,15.5897809),(-26.9584219,-48.4000000,15.4602012),(-26.8786004,-48.4000000,15.5270085),(-27.4262217,-48.4000000,15.5897809),(-26.8786004,-48.4000000,15.5270085),(-26.7939833,-48.4000000,15.5887887),(-27.4262217,-48.4000000,15.5897809),(-26.7939833,-48.4000000,15.5887887),(-26.7045707,-48.4000000,15.6455418),(-27.4262217,-48.4000000,15.5897809),(-26.7045707,-48.4000000,15.6455418),(-26.6124957,-48.4000000,15.6966395),(-27.4262217,-48.4000000,15.5897809),(-26.6124957,-48.4000000,15.6966395),(-26.5198915,-48.4000000,15.7409241),(-27.4262217,-48.4000000,15.5897809),(-26.5198915,-48.4000000,15.7409241),(-26.4267582,-48.4000000,15.7783957),(-27.4262217,-48.4000000,15.5897809),(-26.4267582,-48.4000000,15.7783957),(-26.3330957,-48.4000000,15.8090543),(-27.4262217,-48.4000000,15.5897809),(-26.3330957,-48.4000000,15.8090543),(-26.2389040,-48.4000000,15.8328999),(-25.0578040,-48.4000000,16.1006251),(-27.4262217,-48.4000000,15.5897809),(-26.2389040,-48.4000000,15.8328999),(-25.0578040,-48.4000000,16.1006251),(-26.2389040,-48.4000000,15.8328999),(-26.1441832,-48.4000000,15.8499324),(-25.0578040,-48.4000000,16.1006251),(-26.1441832,-48.4000000,15.8499324),(-26.0489332,-48.4000000,15.8601520),(-25.0578040,-48.4000000,16.1006251),(-26.0489332,-48.4000000,15.8601520),(-25.9531540,-48.4000000,15.8635585),(-25.0578040,-48.4000000,16.1006251),(-25.9531540,-48.4000000,15.8635585),(-25.9468040,-48.4000000,15.8635585),(-25.0578040,-48.4000000,16.1006251),(-25.9468040,-48.4000000,15.8635585),(-25.8530919,-48.4000000,15.8614749),(-25.0578040,-48.4000000,16.1006251),(-25.8530919,-48.4000000,15.8614749),(-25.7619264,-48.4000000,15.8552241),(-25.0578040,-48.4000000,16.1006251),(-25.7619264,-48.4000000,15.8552241),(-25.6733075,-48.4000000,15.8448061),(-25.0578040,-48.4000000,16.1006251),(-25.6733075,-48.4000000,15.8448061),(-25.5872353,-48.4000000,15.8302210),(-25.0578040,-48.4000000,16.1006251),(-25.5872353,-48.4000000,15.8302210),(-25.5037096,-48.4000000,15.8114686),(-25.0578040,-48.4000000,16.1006251),(-25.5037096,-48.4000000,15.8114686),(-25.4227306,-48.4000000,15.7885491),(-25.0578040,-48.4000000,16.1006251),(-25.4227306,-48.4000000,15.7885491),(-25.3442982,-48.4000000,15.7614624),(-25.0578040,-48.4000000,16.1006251),(-25.3442982,-48.4000000,15.7614624),(-25.2684124,-48.4000000,15.7302085),(-27.2707790,-48.4000000,11.3751668),(-25.0578040,-48.4000000,16.1006251),(-25.2684124,-48.4000000,15.7302085),(-27.2707790,-48.4000000,11.3751668),(-25.2684124,-48.4000000,15.7302085),(-26.8728457,-48.4000000,12.9351501),(-27.2707790,-48.4000000,11.3751668),(-26.8728457,-48.4000000,12.9351501),(-26.9932973,-48.4000000,13.0380069),(-27.2463877,-48.4000000,13.3431873),(-27.2887707,-48.4000000,13.4124585),(-27.6570707,-48.4000000,13.2039668),(-27.2012598,-48.4000000,13.2766611),(-27.2463877,-48.4000000,13.3431873),(-27.6570707,-48.4000000,13.2039668),(-27.1027686,-48.4000000,13.1518439),(-27.2012598,-48.4000000,13.2766611),(-27.6570707,-48.4000000,13.2039668),(-26.9932973,-48.4000000,13.0380069),(-27.1027686,-48.4000000,13.1518439),(-27.6570707,-48.4000000,13.2039668),(-26.9932973,-48.4000000,13.0380069),(-27.6570707,-48.4000000,13.2039668),(-27.5991269,-48.4000000,13.1089152),(-26.9932973,-48.4000000,13.0380069),(-27.5991269,-48.4000000,13.1089152),(-27.5374790,-48.4000000,13.0179647),(-26.9932973,-48.4000000,13.0380069),(-27.5374790,-48.4000000,13.0179647),(-27.4721269,-48.4000000,12.9311152),(-26.9932973,-48.4000000,13.0380069),(-27.4721269,-48.4000000,12.9311152),(-27.4030707,-48.4000000,12.8483668),(-26.9932973,-48.4000000,13.0380069),(-27.4030707,-48.4000000,12.8483668),(-27.3303103,-48.4000000,12.7697194),(-26.9932973,-48.4000000,13.0380069),(-27.3303103,-48.4000000,12.7697194),(-27.2538457,-48.4000000,12.6951731),(-26.9932973,-48.4000000,13.0380069),(-27.2538457,-48.4000000,12.6951731),(-27.1736769,-48.4000000,12.6247277),(-26.9932973,-48.4000000,13.0380069),(-27.1736769,-48.4000000,12.6247277),(-27.0898040,-48.4000000,12.5583835),(-27.2707790,-48.4000000,11.3751668),(-26.9932973,-48.4000000,13.0380069),(-27.0898040,-48.4000000,12.5583835),(-27.2707790,-48.4000000,11.3751668),(-27.0898040,-48.4000000,12.5583835),(-27.6454290,-48.4000000,11.5878918),(-27.2707790,-48.4000000,11.3751668),(-27.6454290,-48.4000000,11.5878918),(-27.6729457,-48.4000000,11.4862918),(-27.2707790,-48.4000000,11.3751668),(-27.6729457,-48.4000000,11.4862918),(-27.6665957,-48.4000000,11.4259668),(-27.2707790,-48.4000000,11.3751668),(-27.6665957,-48.4000000,11.4259668),(-27.6274374,-48.4000000,11.3489731),(-27.2707790,-48.4000000,11.3751668),(-27.6274374,-48.4000000,11.3489731),(-27.5649957,-48.4000000,11.2936751),(-27.2707790,-48.4000000,11.3751668),(-27.5649957,-48.4000000,11.2936751),(-27.4602207,-48.4000000,11.2661585),(-27.2707790,-48.4000000,11.3751668),(-27.4602207,-48.4000000,11.2661585),(-27.3998957,-48.4000000,11.2735668),(-27.2707790,-48.4000000,11.3751668),(-27.3998957,-48.4000000,11.2735668),(-27.3273999,-48.4000000,11.3090210),(-19.7544957,-48.4000000,13.1531668),(-19.7523790,-48.4000000,13.1044835),(-19.7284508,-48.4000000,13.0123919),(-19.7544957,-48.4000000,13.1531668),(-19.7284508,-48.4000000,13.0123919),(-19.7005868,-48.4000000,12.9260882),(-19.7544957,-48.4000000,13.1531668),(-19.7005868,-48.4000000,12.9260882),(-19.6687872,-48.4000000,12.8455721),(-19.7544957,-48.4000000,13.1531668),(-19.6687872,-48.4000000,12.8455721),(-19.6330519,-48.4000000,12.7708439),(-19.7544957,-48.4000000,13.1531668),(-19.6330519,-48.4000000,12.7708439),(-19.5933810,-48.4000000,12.7019034),(-19.7544957,-48.4000000,13.1531668),(-19.5933810,-48.4000000,12.7019034),(-19.5497743,-48.4000000,12.6387507),(-19.7544957,-48.4000000,13.1531668),(-19.5497743,-48.4000000,12.6387507),(-19.4507540,-48.4000000,12.5298085),(-19.7544957,-48.4000000,13.1531668),(-19.4507540,-48.4000000,12.5298085),(-19.3697750,-48.4000000,12.4603554),(-19.7544957,-48.4000000,13.1531668),(-19.3697750,-48.4000000,12.4603554),(-19.2866462,-48.4000000,12.4001626),(-19.7544957,-48.4000000,13.1531668),(-19.2866462,-48.4000000,12.4001626),(-19.2013677,-48.4000000,12.3492304),(-19.7544957,-48.4000000,13.1531668),(-19.2013677,-48.4000000,12.3492304),(-19.1139394,-48.4000000,12.3075585),(-19.7544957,-48.4000000,13.1531668),(-19.1139394,-48.4000000,12.3075585),(-19.0243614,-48.4000000,12.2751470),(-19.7544957,-48.4000000,13.1531668),(-19.0243614,-48.4000000,12.2751470),(-18.9326337,-48.4000000,12.2519960),(-19.7544957,-48.4000000,13.1531668),(-18.9326337,-48.4000000,12.2519960),(-18.8387562,-48.4000000,12.2381054),(-19.7544957,-48.4000000,13.1531668),(-18.8387562,-48.4000000,12.2381054),(-18.7427290,-48.4000000,12.2334751),(-19.7544957,-48.4000000,13.1531668),(-18.7427290,-48.4000000,12.2334751),(-18.6474790,-48.4000000,12.2381880),(-19.7544957,-48.4000000,13.1531668),(-18.6474790,-48.4000000,12.2381880),(-18.5548749,-48.4000000,12.2523267),(-19.7544957,-48.4000000,13.1531668),(-18.5548749,-48.4000000,12.2523267),(-18.4649165,-48.4000000,12.2758912),(-19.7544957,-48.4000000,13.1531668),(-18.4649165,-48.4000000,12.2758912),(-18.3776040,-48.4000000,12.3088814),(-18.3776040,-48.4000000,12.3088814),(-18.2929374,-48.4000000,12.3512974),(-18.2109165,-48.4000000,12.4031392),(-18.3776040,-48.4000000,12.3088814),(-18.2109165,-48.4000000,12.4031392),(-18.1315415,-48.4000000,12.4644068),(-18.3776040,-48.4000000,12.3088814),(-18.1315415,-48.4000000,12.4644068),(-18.0548124,-48.4000000,12.5351001),(-18.3776040,-48.4000000,12.3088814),(-18.0548124,-48.4000000,12.5351001),(-17.9746932,-48.4000000,12.6233387),(-18.3776040,-48.4000000,12.3088814),(-17.9746932,-48.4000000,12.6233387),(-17.9052566,-48.4000000,12.7181918),(-18.3776040,-48.4000000,12.3088814),(-17.9052566,-48.4000000,12.7181918),(-17.8465026,-48.4000000,12.8196595),(-18.3776040,-48.4000000,12.3088814),(-17.8465026,-48.4000000,12.8196595),(-17.7984311,-48.4000000,12.9277418),(-18.3776040,-48.4000000,12.3088814),(-17.7984311,-48.4000000,12.9277418),(-17.7610422,-48.4000000,13.0424387),(-18.3776040,-48.4000000,12.3088814),(-17.7610422,-48.4000000,13.0424387),(-17.7343358,-48.4000000,13.1637501),(-18.3776040,-48.4000000,12.3088814),(-17.7343358,-48.4000000,13.1637501),(-17.7183120,-48.4000000,13.2916762),(-18.3776040,-48.4000000,12.3088814),(-17.7183120,-48.4000000,13.2916762),(-17.7129707,-48.4000000,13.4262168),(-18.3776040,-48.4000000,12.3088814),(-17.7129707,-48.4000000,13.4262168),(-17.7142605,-48.4000000,13.5294994),(-18.3776040,-48.4000000,12.3088814),(-17.7142605,-48.4000000,13.5294994),(-17.7181301,-48.4000000,13.6287388),(-18.3776040,-48.4000000,12.3088814),(-17.7181301,-48.4000000,13.6287388),(-17.7245793,-48.4000000,13.7239351),(-18.3776040,-48.4000000,12.3088814),(-17.7245793,-48.4000000,13.7239351),(-17.7336082,-48.4000000,13.8150882),(-18.3776040,-48.4000000,12.3088814),(-17.7336082,-48.4000000,13.8150882),(-17.7452168,-48.4000000,13.9021981),(-18.3776040,-48.4000000,12.3088814),(-17.7452168,-48.4000000,13.9021981),(-17.7594051,-48.4000000,13.9852649),(-18.3776040,-48.4000000,12.3088814),(-17.7594051,-48.4000000,13.9852649),(-17.7761730,-48.4000000,14.0642885),(-18.3776040,-48.4000000,12.3088814),(-17.7761730,-48.4000000,14.0642885),(-17.7955207,-48.4000000,14.1392689),(-18.3776040,-48.4000000,12.3088814),(-17.7955207,-48.4000000,14.1392689),(-17.8419551,-48.4000000,14.2771003),(-17.8419551,-48.4000000,14.2771003),(-17.8987082,-48.4000000,14.3987590),(-17.9657801,-48.4000000,14.5042451),(-17.8419551,-48.4000000,14.2771003),(-17.9657801,-48.4000000,14.5042451),(-18.0431707,-48.4000000,14.5935585),(-17.8419551,-48.4000000,14.2771003),(-18.0431707,-48.4000000,14.5935585),(-18.1226614,-48.4000000,14.6630116),(-17.8419551,-48.4000000,14.2771003),(-18.1226614,-48.4000000,14.6630116),(-18.2045004,-48.4000000,14.7232043),(-17.8419551,-48.4000000,14.2771003),(-18.2045004,-48.4000000,14.7232043),(-18.2886875,-48.4000000,14.7741366),(-17.8419551,-48.4000000,14.2771003),(-18.2886875,-48.4000000,14.7741366),(-18.3752228,-48.4000000,14.8158085),(-17.8419551,-48.4000000,14.2771003),(-18.3752228,-48.4000000,14.8158085),(-18.4641062,-48.4000000,14.8482199),(-17.8419551,-48.4000000,14.2771003),(-18.4641062,-48.4000000,14.8482199),(-18.5553379,-48.4000000,14.8713710),(-17.8419551,-48.4000000,14.2771003),(-18.5553379,-48.4000000,14.8713710),(-18.6489177,-48.4000000,14.8852616),(-17.8419551,-48.4000000,14.2771003),(-18.6489177,-48.4000000,14.8852616),(-18.7448457,-48.4000000,14.8898918),(-17.8419551,-48.4000000,14.2771003),(-18.7448457,-48.4000000,14.8898918),(-18.8301573,-48.4000000,14.8866341),(-17.8419551,-48.4000000,14.2771003),(-18.8301573,-48.4000000,14.8866341),(-18.9125254,-48.4000000,14.8768611),(-17.8419551,-48.4000000,14.2771003),(-18.9125254,-48.4000000,14.8768611),(-18.9919500,-48.4000000,14.8605727),(-17.8419551,-48.4000000,14.2771003),(-18.9919500,-48.4000000,14.8605727),(-19.0684311,-48.4000000,14.8377689),(-17.8419551,-48.4000000,14.2771003),(-19.0684311,-48.4000000,14.8377689),(-19.2125629,-48.4000000,14.7726152),(-17.8419551,-48.4000000,14.2771003),(-19.2125629,-48.4000000,14.7726152),(-19.3449207,-48.4000000,14.6814001),(-19.3025874,-48.4000000,15.8593251),(-18.0272957,-48.4000000,15.8593251),(-17.9458040,-48.4000000,15.8752001),(-19.3025874,-48.4000000,15.8593251),(-17.9458040,-48.4000000,15.8752001),(-17.8770124,-48.4000000,15.9228251),(-19.3025874,-48.4000000,15.8593251),(-17.8770124,-48.4000000,15.9228251),(-17.8301811,-48.4000000,15.9921460),(-19.3025874,-48.4000000,15.8593251),(-17.8301811,-48.4000000,15.9921460),(-17.8145707,-48.4000000,16.0731085),(-19.3025874,-48.4000000,15.8593251),(-17.8145707,-48.4000000,16.0731085),(-17.8301811,-48.4000000,16.1538064),(-19.3025874,-48.4000000,15.8593251),(-17.8301811,-48.4000000,16.1538064),(-17.8770124,-48.4000000,16.2223335),(-19.3025874,-48.4000000,15.8593251),(-17.8770124,-48.4000000,16.2223335),(-17.9458040,-48.4000000,16.2699585),(-19.3025874,-48.4000000,15.8593251),(-17.9458040,-48.4000000,16.2699585),(-18.0272957,-48.4000000,16.2858335),(-19.3025874,-48.4000000,15.8593251),(-18.0272957,-48.4000000,16.2858335),(-19.4994374,-48.4000000,16.2858335),(-19.3449207,-48.4000000,14.6814001),(-19.3025874,-48.4000000,15.8593251),(-19.4994374,-48.4000000,16.2858335),(-19.3449207,-48.4000000,14.6814001),(-19.4994374,-48.4000000,16.2858335),(-19.5798707,-48.4000000,16.2718106),(-19.3449207,-48.4000000,14.6814001),(-19.5798707,-48.4000000,16.2718106),(-19.6497207,-48.4000000,16.2297418),(-19.3449207,-48.4000000,14.6814001),(-19.6497207,-48.4000000,16.2297418),(-19.6973457,-48.4000000,16.1646543),(-19.3449207,-48.4000000,14.6814001),(-19.6973457,-48.4000000,16.1646543),(-19.7132207,-48.4000000,16.0858085),(-19.3449207,-48.4000000,14.6814001),(-19.7132207,-48.4000000,16.0858085),(-19.7936540,-48.4000000,14.0210001),(-19.3449207,-48.4000000,14.6814001),(-19.7936540,-48.4000000,14.0210001),(-19.7804249,-48.4000000,13.9416251),(-19.3449207,-48.4000000,14.6814001),(-19.7804249,-48.4000000,13.9416251),(-19.7407374,-48.4000000,13.8707168),(-19.3449207,-48.4000000,14.6814001),(-19.7407374,-48.4000000,13.8707168),(-19.6756499,-48.4000000,13.8167418),(-19.3449207,-48.4000000,14.6814001),(-19.6756499,-48.4000000,13.8167418),(-19.5925707,-48.4000000,13.7987501),(-19.3449207,-48.4000000,14.6814001),(-19.5925707,-48.4000000,13.7987501),(-19.5113436,-48.4000000,13.8122439),(-19.3449207,-48.4000000,14.6814001),(-19.5113436,-48.4000000,13.8122439),(-19.4391124,-48.4000000,13.8527251),(-19.3449207,-48.4000000,14.6814001),(-19.4391124,-48.4000000,13.8527251),(-19.3766707,-48.4000000,13.9543251),(-19.3449207,-48.4000000,14.6814001),(-19.3766707,-48.4000000,13.9543251),(-19.3426717,-48.4000000,14.0394548),(-19.3449207,-48.4000000,14.6814001),(-19.3426717,-48.4000000,14.0394548),(-19.2935915,-48.4000000,14.1233939),(-19.3449207,-48.4000000,14.6814001),(-19.2935915,-48.4000000,14.1233939),(-19.2294301,-48.4000000,14.2061423),(-19.3449207,-48.4000000,14.6814001),(-19.2294301,-48.4000000,14.2061423),(-19.1501874,-48.4000000,14.2877001),(-19.3449207,-48.4000000,14.6814001),(-19.1501874,-48.4000000,14.2877001),(-19.0546066,-48.4000000,14.3654876),(-19.3449207,-48.4000000,14.6814001),(-19.0546066,-48.4000000,14.3654876),(-18.9551894,-48.4000000,14.4210501),(-19.3449207,-48.4000000,14.6814001),(-18.9551894,-48.4000000,14.4210501),(-18.8519358,-48.4000000,14.4543876),(-19.3449207,-48.4000000,14.6814001),(-18.8519358,-48.4000000,14.4543876),(-18.7448457,-48.4000000,14.4655001),(-19.3449207,-48.4000000,14.6814001),(-18.7448457,-48.4000000,14.4655001),(-18.6383509,-48.4000000,14.4543876),(-17.8419551,-48.4000000,14.2771003),(-19.3449207,-48.4000000,14.6814001),(-18.6383509,-48.4000000,14.4543876),(-17.8419551,-48.4000000,14.2771003),(-18.6383509,-48.4000000,14.4543876),(-18.5358249,-48.4000000,14.4210501),(-17.8419551,-48.4000000,14.2771003),(-18.5358249,-48.4000000,14.4210501),(-18.4372676,-48.4000000,14.3654876),(-17.8419551,-48.4000000,14.2771003),(-18.4372676,-48.4000000,14.3654876),(-18.3426790,-48.4000000,14.2877001),(-17.8419551,-48.4000000,14.2771003),(-18.3426790,-48.4000000,14.2877001),(-18.2523900,-48.4000000,14.1591126),(-17.8419551,-48.4000000,14.2771003),(-18.2523900,-48.4000000,14.1591126),(-18.2169193,-48.4000000,14.0729908),(-17.8419551,-48.4000000,14.2771003),(-18.2169193,-48.4000000,14.0729908),(-18.1878978,-48.4000000,13.9723168),(-17.8419551,-48.4000000,14.2771003),(-18.1878978,-48.4000000,13.9723168),(-18.1653255,-48.4000000,13.8570908),(-17.8419551,-48.4000000,14.2771003),(-18.1653255,-48.4000000,13.8570908),(-18.1492025,-48.4000000,13.7273126),(-17.8419551,-48.4000000,14.2771003),(-18.1492025,-48.4000000,13.7273126),(-18.1395286,-48.4000000,13.5829824),(-17.8419551,-48.4000000,14.2771003),(-18.1395286,-48.4000000,13.5829824),(-18.1363040,-48.4000000,13.4241001),(-17.8419551,-48.4000000,14.2771003),(-18.1363040,-48.4000000,13.4241001),(-18.1397436,-48.4000000,13.3326535),(-17.8419551,-48.4000000,14.2771003),(-18.1397436,-48.4000000,13.3326535),(-18.1500624,-48.4000000,13.2461679),(-17.8419551,-48.4000000,14.2771003),(-18.1500624,-48.4000000,13.2461679),(-18.1672603,-48.4000000,13.1646431),(-18.3776040,-48.4000000,12.3088814),(-17.8419551,-48.4000000,14.2771003),(-18.1672603,-48.4000000,13.1646431),(-18.3776040,-48.4000000,12.3088814),(-18.1672603,-48.4000000,13.1646431),(-18.1913374,-48.4000000,13.0880793),(-18.3776040,-48.4000000,12.3088814),(-18.1913374,-48.4000000,13.0880793),(-18.2601290,-48.4000000,12.9498345),(-18.3776040,-48.4000000,12.3088814),(-18.2601290,-48.4000000,12.9498345),(-18.3564374,-48.4000000,12.8314335),(-18.3776040,-48.4000000,12.3088814),(-18.3564374,-48.4000000,12.8314335),(-18.4477186,-48.4000000,12.7554981),(-18.3776040,-48.4000000,12.3088814),(-18.4477186,-48.4000000,12.7554981),(-18.5437624,-48.4000000,12.7012585),(-18.3776040,-48.4000000,12.3088814),(-18.5437624,-48.4000000,12.7012585),(-18.6445686,-48.4000000,12.6687147),(-18.3776040,-48.4000000,12.3088814),(-18.6445686,-48.4000000,12.6687147),(-18.7501374,-48.4000000,12.6578668),(-18.3776040,-48.4000000,12.3088814),(-18.7501374,-48.4000000,12.6578668),(-18.8527295,-48.4000000,12.6691116),(-18.3776040,-48.4000000,12.3088814),(-18.8527295,-48.4000000,12.6691116),(-18.9551894,-48.4000000,12.7028460),(-18.3776040,-48.4000000,12.3088814),(-18.9551894,-48.4000000,12.7028460),(-19.0575170,-48.4000000,12.7590699),(-19.7544957,-48.4000000,13.1531668),(-18.3776040,-48.4000000,12.3088814),(-19.0575170,-48.4000000,12.7590699),(-19.7544957,-48.4000000,13.1531668),(-19.0575170,-48.4000000,12.7590699),(-19.1597124,-48.4000000,12.8377835),(-19.7544957,-48.4000000,13.1531668),(-19.1597124,-48.4000000,12.8377835),(-19.2618415,-48.4000000,12.9806585),(-19.7544957,-48.4000000,13.1531668),(-19.2618415,-48.4000000,12.9806585),(-19.3013967,-48.4000000,13.0806710),(-19.7544957,-48.4000000,13.1531668),(-19.3013967,-48.4000000,13.0806710),(-19.3332790,-48.4000000,13.1997335),(-19.7544957,-48.4000000,13.1531668),(-19.3332790,-48.4000000,13.1997335),(-19.3773321,-48.4000000,13.2724277),(-19.7544957,-48.4000000,13.1531668),(-19.3773321,-48.4000000,13.2724277),(-19.4258832,-48.4000000,13.3243522),(-19.7544957,-48.4000000,13.1531668),(-19.4258832,-48.4000000,13.3243522),(-19.5364790,-48.4000000,13.3658918),(-19.7544957,-48.4000000,13.1531668),(-19.5364790,-48.4000000,13.3658918),(-19.5438874,-48.4000000,13.3658918),(-19.7544957,-48.4000000,13.1531668),(-19.5438874,-48.4000000,13.3658918),(-19.6177723,-48.4000000,13.3502152),(-19.7544957,-48.4000000,13.1531668),(-19.6177723,-48.4000000,13.3502152),(-19.6775019,-48.4000000,13.3095356),(-22.7495790,-48.4000000,12.6578668),(-21.5780040,-48.4000000,14.2485418),(-21.5135118,-48.4000000,14.3422870),(-22.7495790,-48.4000000,12.6578668),(-21.5135118,-48.4000000,14.3422870),(-21.4576186,-48.4000000,14.4399017),(-22.7495790,-48.4000000,12.6578668),(-21.4576186,-48.4000000,14.4399017),(-21.4103243,-48.4000000,14.5413860),(-22.7495790,-48.4000000,12.6578668),(-21.4103243,-48.4000000,14.5413860),(-21.3716290,-48.4000000,14.6467397),(-22.7495790,-48.4000000,12.6578668),(-21.3716290,-48.4000000,14.6467397),(-21.3415327,-48.4000000,14.7559630),(-22.7495790,-48.4000000,12.6578668),(-21.3415327,-48.4000000,14.7559630),(-21.3200353,-48.4000000,14.8690559),(-22.7495790,-48.4000000,12.6578668),(-21.3200353,-48.4000000,14.8690559),(-21.3071368,-48.4000000,14.9860182),(-22.7495790,-48.4000000,12.6578668),(-21.3071368,-48.4000000,14.9860182),(-21.3028374,-48.4000000,15.1068501),(-22.7495790,-48.4000000,12.6578668),(-21.3028374,-48.4000000,15.1068501),(-21.3079637,-48.4000000,15.2318162),(-22.7495790,-48.4000000,12.6578668),(-21.3079637,-48.4000000,15.2318162),(-21.3233426,-48.4000000,15.3521850),(-22.7495790,-48.4000000,12.6578668),(-21.3233426,-48.4000000,15.3521850),(-21.3489741,-48.4000000,15.4679568),(-22.7495790,-48.4000000,12.6578668),(-21.3489741,-48.4000000,15.4679568),(-21.3848582,-48.4000000,15.5791314),(-21.3848582,-48.4000000,15.5791314),(-21.4309949,-48.4000000,15.6857089),(-21.4873842,-48.4000000,15.7876892),(-21.3848582,-48.4000000,15.5791314),(-21.4873842,-48.4000000,15.7876892),(-21.5540262,-48.4000000,15.8850724),(-21.3848582,-48.4000000,15.5791314),(-21.5540262,-48.4000000,15.8850724),(-21.6309207,-48.4000000,15.9778585),(-21.3848582,-48.4000000,15.5791314),(-21.6309207,-48.4000000,15.9778585),(-21.7038134,-48.4000000,16.0510323),(-21.3848582,-48.4000000,15.5791314),(-21.7038134,-48.4000000,16.0510323),(-21.7812040,-48.4000000,16.1144496),(-21.3848582,-48.4000000,15.5791314),(-21.7812040,-48.4000000,16.1144496),(-21.8630926,-48.4000000,16.1681104),(-21.3848582,-48.4000000,15.5791314),(-21.8630926,-48.4000000,16.1681104),(-21.9494790,-48.4000000,16.2120147),(-21.3848582,-48.4000000,15.5791314),(-21.9494790,-48.4000000,16.2120147),(-22.0403634,-48.4000000,16.2461625),(-21.3848582,-48.4000000,15.5791314),(-22.0403634,-48.4000000,16.2461625),(-22.1357457,-48.4000000,16.2705538),(-21.3848582,-48.4000000,15.5791314),(-22.1357457,-48.4000000,16.2705538),(-22.2356259,-48.4000000,16.2851886),(-21.3848582,-48.4000000,15.5791314),(-22.2356259,-48.4000000,16.2851886),(-22.3400040,-48.4000000,16.2900668),(-21.3848582,-48.4000000,15.5791314),(-22.3400040,-48.4000000,16.2900668),(-22.4385117,-48.4000000,16.2852878),(-21.3848582,-48.4000000,15.5791314),(-22.4385117,-48.4000000,16.2852878),(-22.5340098,-48.4000000,16.2709507),(-21.3848582,-48.4000000,15.5791314),(-22.5340098,-48.4000000,16.2709507),(-22.6264982,-48.4000000,16.2470555),(-21.3848582,-48.4000000,15.5791314),(-22.6264982,-48.4000000,16.2470555),(-22.7159769,-48.4000000,16.2136022),(-21.3848582,-48.4000000,15.5791314),(-22.7159769,-48.4000000,16.2136022),(-22.8024461,-48.4000000,16.1705909),(-21.3848582,-48.4000000,15.5791314),(-22.8024461,-48.4000000,16.1705909),(-22.8859056,-48.4000000,16.1180215),(-22.8859056,-48.4000000,16.1180215),(-22.9663555,-48.4000000,16.0558940),(-23.0437957,-48.4000000,15.9842085),(-22.8859056,-48.4000000,16.1180215),(-23.0437957,-48.4000000,15.9842085),(-23.1229226,-48.4000000,15.8976897),(-22.8859056,-48.4000000,16.1180215),(-23.1229226,-48.4000000,15.8976897),(-23.1914993,-48.4000000,15.8048210),(-22.8859056,-48.4000000,16.1180215),(-23.1914993,-48.4000000,15.8048210),(-23.2495258,-48.4000000,15.7056022),(-22.8859056,-48.4000000,16.1180215),(-23.2495258,-48.4000000,15.7056022),(-23.2970019,-48.4000000,15.6000335),(-22.8859056,-48.4000000,16.1180215),(-23.2970019,-48.4000000,15.6000335),(-23.3339279,-48.4000000,15.4881147),(-22.8859056,-48.4000000,16.1180215),(-23.3339279,-48.4000000,15.4881147),(-23.3603035,-48.4000000,15.3698460),(-22.8859056,-48.4000000,16.1180215),(-23.3603035,-48.4000000,15.3698460),(-23.3761289,-48.4000000,15.2452272),(-22.8859056,-48.4000000,16.1180215),(-23.3761289,-48.4000000,15.2452272),(-23.3814040,-48.4000000,15.1142585),(-22.8859056,-48.4000000,16.1180215),(-23.3814040,-48.4000000,15.1142585),(-23.3814040,-48.4000000,15.1089668),(-22.8859056,-48.4000000,16.1180215),(-23.3814040,-48.4000000,15.1089668),(-23.3657936,-48.4000000,15.0274751),(-22.8859056,-48.4000000,16.1180215),(-23.3657936,-48.4000000,15.0274751),(-23.3189624,-48.4000000,14.9586835),(-22.8859056,-48.4000000,16.1180215),(-23.3189624,-48.4000000,14.9586835),(-23.2501707,-48.4000000,14.9118522),(-22.8859056,-48.4000000,16.1180215),(-23.2501707,-48.4000000,14.9118522),(-23.1686790,-48.4000000,14.8962418),(-22.8859056,-48.4000000,16.1180215),(-23.1686790,-48.4000000,14.8962418),(-23.0871874,-48.4000000,14.9118522),(-22.8859056,-48.4000000,16.1180215),(-23.0871874,-48.4000000,14.9118522),(-23.0183957,-48.4000000,14.9586835),(-22.8859056,-48.4000000,16.1180215),(-23.0183957,-48.4000000,14.9586835),(-22.9707707,-48.4000000,15.0274751),(-22.9707707,-48.4000000,15.0274751),(-22.9548957,-48.4000000,15.1089668),(-22.9548957,-48.4000000,15.1142585),(-22.9707707,-48.4000000,15.0274751),(-22.9548957,-48.4000000,15.1142585),(-22.9515719,-48.4000000,15.2011741),(-22.8859056,-48.4000000,16.1180215),(-22.9707707,-48.4000000,15.0274751),(-22.9515719,-48.4000000,15.2011741),(-22.8859056,-48.4000000,16.1180215),(-22.9515719,-48.4000000,15.2011741),(-22.9416004,-48.4000000,15.2835918),(-22.8859056,-48.4000000,16.1180215),(-22.9416004,-48.4000000,15.2835918),(-22.9249812,-48.4000000,15.3615116),(-22.8859056,-48.4000000,16.1180215),(-22.9249812,-48.4000000,15.3615116),(-22.9017144,-48.4000000,15.4349335),(-22.8859056,-48.4000000,16.1180215),(-22.9017144,-48.4000000,15.4349335),(-22.8352379,-48.4000000,15.5682835),(-22.8859056,-48.4000000,16.1180215),(-22.8352379,-48.4000000,15.5682835),(-22.7421707,-48.4000000,15.6836418),(-22.8859056,-48.4000000,16.1180215),(-22.7421707,-48.4000000,15.6836418),(-22.6512863,-48.4000000,15.7623554),(-22.8859056,-48.4000000,16.1180215),(-22.6512863,-48.4000000,15.7623554),(-22.5543165,-48.4000000,15.8185793),(-22.8859056,-48.4000000,16.1180215),(-22.5543165,-48.4000000,15.8185793),(-22.4512613,-48.4000000,15.8523137),(-22.8859056,-48.4000000,16.1180215),(-22.4512613,-48.4000000,15.8523137),(-22.3421207,-48.4000000,15.8635585),(-22.8859056,-48.4000000,16.1180215),(-22.3421207,-48.4000000,15.8635585),(-22.2288790,-48.4000000,15.8527106),(-22.8859056,-48.4000000,16.1180215),(-22.2288790,-48.4000000,15.8527106),(-22.1251624,-48.4000000,15.8201668),(-21.3848582,-48.4000000,15.5791314),(-22.8859056,-48.4000000,16.1180215),(-22.1251624,-48.4000000,15.8201668),(-21.3848582,-48.4000000,15.5791314),(-22.1251624,-48.4000000,15.8201668),(-22.0309707,-48.4000000,15.7659272),(-21.3848582,-48.4000000,15.5791314),(-22.0309707,-48.4000000,15.7659272),(-21.9463040,-48.4000000,15.6899918),(-21.3848582,-48.4000000,15.5791314),(-21.9463040,-48.4000000,15.6899918),(-21.8947103,-48.4000000,15.6288235),(-21.3848582,-48.4000000,15.5791314),(-21.8947103,-48.4000000,15.6288235),(-21.8499957,-48.4000000,15.5643809),(-21.3848582,-48.4000000,15.5791314),(-21.8499957,-48.4000000,15.5643809),(-21.7812040,-48.4000000,15.4256731),(-21.3848582,-48.4000000,15.5791314),(-21.7812040,-48.4000000,15.4256731),(-21.7399290,-48.4000000,15.2738684),(-21.3848582,-48.4000000,15.5791314),(-21.7399290,-48.4000000,15.2738684),(-21.7296103,-48.4000000,15.1930547),(-21.3848582,-48.4000000,15.5791314),(-21.7296103,-48.4000000,15.1930547),(-21.7261707,-48.4000000,15.1089668),(-21.3848582,-48.4000000,15.5791314),(-21.7261707,-48.4000000,15.1089668),(-21.7290976,-48.4000000,15.0222496),(-21.3848582,-48.4000000,15.5791314),(-21.7290976,-48.4000000,15.0222496),(-21.7378785,-48.4000000,14.9388397),(-21.3848582,-48.4000000,15.5791314),(-21.7378785,-48.4000000,14.9388397),(-21.7525133,-48.4000000,14.8587371),(-21.3848582,-48.4000000,15.5791314),(-21.7525133,-48.4000000,14.8587371),(-21.7730019,-48.4000000,14.7819418),(-21.3848582,-48.4000000,15.5791314),(-21.7730019,-48.4000000,14.7819418),(-21.8315410,-48.4000000,14.6382731),(-22.7495790,-48.4000000,12.6578668),(-21.3848582,-48.4000000,15.5791314),(-21.8315410,-48.4000000,14.6382731),(-22.7495790,-48.4000000,12.6578668),(-21.8315410,-48.4000000,14.6382731),(-21.9134957,-48.4000000,14.5078335),(-22.7495790,-48.4000000,12.6578668),(-21.9134957,-48.4000000,14.5078335),(-23.3369540,-48.4000000,12.5742585),(-21.5134457,-48.4000000,12.6578668),(-22.7495790,-48.4000000,12.6578668),(-23.3369540,-48.4000000,12.5742585),(-21.5134457,-48.4000000,12.6578668),(-23.3369540,-48.4000000,12.5742585),(-23.3835207,-48.4000000,12.4493751),(-21.5134457,-48.4000000,12.6578668),(-23.3835207,-48.4000000,12.4493751),(-23.3814040,-48.4000000,12.4144501),(-21.5134457,-48.4000000,12.6578668),(-23.3814040,-48.4000000,12.4144501),(-23.3549457,-48.4000000,12.3358689),(-21.5134457,-48.4000000,12.6578668),(-23.3549457,-48.4000000,12.3358689),(-23.3030874,-48.4000000,12.2800418),(-21.5134457,-48.4000000,12.6578668),(-23.3030874,-48.4000000,12.2800418),(-23.2345603,-48.4000000,12.2451168),(-21.5134457,-48.4000000,12.6578668),(-23.2345603,-48.4000000,12.2451168),(-23.1686790,-48.4000000,12.2334751),(-21.5134457,-48.4000000,12.6578668),(-23.1686790,-48.4000000,12.2334751),(-21.5134457,-48.4000000,12.2334751),(-21.5134457,-48.4000000,12.6578668),(-21.5134457,-48.4000000,12.2334751),(-21.4301019,-48.4000000,12.2485564),(-21.5134457,-48.4000000,12.6578668),(-21.4301019,-48.4000000,12.2485564),(-21.3621040,-48.4000000,12.2938001),(-21.5134457,-48.4000000,12.6578668),(-21.3621040,-48.4000000,12.2938001),(-21.3176540,-48.4000000,12.3617981),(-21.5134457,-48.4000000,12.6578668),(-21.3176540,-48.4000000,12.3617981),(-21.3028374,-48.4000000,12.4451418),(-21.5134457,-48.4000000,12.6578668),(-21.3028374,-48.4000000,12.4451418),(-21.3176540,-48.4000000,12.5292793),(-21.5134457,-48.4000000,12.6578668),(-21.3176540,-48.4000000,12.5292793),(-21.3621040,-48.4000000,12.5975418),(-21.5134457,-48.4000000,12.6578668),(-21.3621040,-48.4000000,12.5975418),(-21.4279853,-48.4000000,12.6427856),(-20.8445790,-48.4000000,12.2639022),(-20.7715540,-48.4000000,12.1572751),(-20.6649269,-48.4000000,12.0842501),(-20.8445790,-48.4000000,12.2639022),(-20.6649269,-48.4000000,12.0842501),(-20.5397790,-48.4000000,12.0599085),(-20.8445790,-48.4000000,12.2639022),(-20.5397790,-48.4000000,12.0599085),(-20.4148957,-48.4000000,12.0842501),(-20.8445790,-48.4000000,12.2639022),(-20.4148957,-48.4000000,12.0842501),(-20.3090624,-48.4000000,12.1572751),(-20.8445790,-48.4000000,12.2639022),(-20.3090624,-48.4000000,12.1572751),(-20.2360374,-48.4000000,12.2639022),(-20.8445790,-48.4000000,12.2639022),(-20.2360374,-48.4000000,12.2639022),(-20.2116957,-48.4000000,12.3890501),(-20.8445790,-48.4000000,12.2639022),(-20.2116957,-48.4000000,12.3890501),(-20.2360374,-48.4000000,12.5141981),(-20.8445790,-48.4000000,12.2639022),(-20.2360374,-48.4000000,12.5141981),(-20.3090624,-48.4000000,12.6208251),(-20.8445790,-48.4000000,12.2639022),(-20.3090624,-48.4000000,12.6208251),(-20.4148957,-48.4000000,12.6938501),(-20.8445790,-48.4000000,12.2639022),(-20.4148957,-48.4000000,12.6938501),(-20.5397790,-48.4000000,12.7181918),(-20.8445790,-48.4000000,12.2639022),(-20.5397790,-48.4000000,12.7181918),(-20.6649269,-48.4000000,12.6938501),(-20.8445790,-48.4000000,12.2639022),(-20.6649269,-48.4000000,12.6938501),(-20.7715540,-48.4000000,12.6208251),(-20.8445790,-48.4000000,12.2639022),(-20.7715540,-48.4000000,12.6208251),(-20.8445790,-48.4000000,12.5141981),(-20.8445790,-48.4000000,12.2639022),(-20.8445790,-48.4000000,12.5141981),(-20.8689207,-48.4000000,12.3890501),(-13.9800457,-48.4000000,12.2837460),(-13.8805624,-48.4000000,12.1747376),(-13.7673207,-48.4000000,12.1472210),(-13.9800457,-48.4000000,12.2837460),(-13.7673207,-48.4000000,12.1472210),(-13.6662499,-48.4000000,12.1726210),(-13.9800457,-48.4000000,12.2837460),(-13.6662499,-48.4000000,12.1726210),(-13.5895207,-48.4000000,12.2488210),(-13.9800457,-48.4000000,12.2837460),(-13.5895207,-48.4000000,12.2488210),(-13.5821124,-48.4000000,12.2551710),(-13.9800457,-48.4000000,12.2837460),(-13.5821124,-48.4000000,12.2551710),(-12.3364540,-48.4000000,14.4226376),(-13.9800457,-48.4000000,12.2837460),(-12.3364540,-48.4000000,14.4226376),(-12.3089374,-48.4000000,14.5295293),(-13.9800457,-48.4000000,12.2837460),(-12.3089374,-48.4000000,14.5295293),(-12.3367186,-48.4000000,14.6388022),(-13.9800457,-48.4000000,12.2837460),(-12.3367186,-48.4000000,14.6388022),(-12.4200624,-48.4000000,14.7168543),(-13.9800457,-48.4000000,12.2837460),(-12.4200624,-48.4000000,14.7168543),(-12.5269540,-48.4000000,14.7464876),(-13.9800457,-48.4000000,12.2837460),(-12.5269540,-48.4000000,14.7464876),(-12.6356978,-48.4000000,14.7187064),(-13.9800457,-48.4000000,12.2837460),(-12.6356978,-48.4000000,14.7187064),(-12.7121624,-48.4000000,14.6353626),(-13.9800457,-48.4000000,12.2837460),(-12.7121624,-48.4000000,14.6353626),(-13.5545957,-48.4000000,13.1695710),(-13.9800457,-48.4000000,12.2837460),(-13.5545957,-48.4000000,13.1695710),(-13.5545957,-48.4000000,15.7773043),(-13.5545957,-48.4000000,15.7773043),(-11.9681540,-48.4000000,15.7773043),(-11.8832228,-48.4000000,15.7931793),(-13.5545957,-48.4000000,15.7773043),(-11.8832228,-48.4000000,15.7931793),(-11.8125790,-48.4000000,15.8408043),(-13.5545957,-48.4000000,15.7773043),(-11.8125790,-48.4000000,15.8408043),(-11.7649540,-48.4000000,15.9103897),(-13.5545957,-48.4000000,15.7773043),(-11.7649540,-48.4000000,15.9103897),(-11.7490790,-48.4000000,15.9921460),(-13.5545957,-48.4000000,15.7773043),(-11.7490790,-48.4000000,15.9921460),(-11.7649540,-48.4000000,16.0741668),(-13.5545957,-48.4000000,15.7773043),(-11.7649540,-48.4000000,16.0741668),(-11.8125790,-48.4000000,16.1445460),(-13.5545957,-48.4000000,15.7773043),(-11.8125790,-48.4000000,16.1445460),(-11.8832228,-48.4000000,16.1937585),(-13.5545957,-48.4000000,15.7773043),(-11.8832228,-48.4000000,16.1937585),(-11.9681540,-48.4000000,16.2101626),(-13.5545957,-48.4000000,15.7773043),(-11.9681540,-48.4000000,16.2101626),(-13.7747290,-48.4000000,16.2101626),(-13.9800457,-48.4000000,12.2837460),(-13.5545957,-48.4000000,15.7773043),(-13.7747290,-48.4000000,16.2101626),(-13.7747290,-48.4000000,16.2101626),(-15.5802457,-48.4000000,16.2101626),(-15.6630603,-48.4000000,16.1937585),(-13.7747290,-48.4000000,16.2101626),(-15.6630603,-48.4000000,16.1937585),(-15.7315874,-48.4000000,16.1445460),(-13.7747290,-48.4000000,16.2101626),(-15.7315874,-48.4000000,16.1445460),(-15.7776249,-48.4000000,16.0741668),(-13.7747290,-48.4000000,16.2101626),(-15.7776249,-48.4000000,16.0741668),(-15.7929707,-48.4000000,15.9921460),(-13.7747290,-48.4000000,16.2101626),(-15.7929707,-48.4000000,15.9921460),(-15.7776249,-48.4000000,15.9103897),(-13.7747290,-48.4000000,16.2101626),(-15.7776249,-48.4000000,15.9103897),(-15.7315874,-48.4000000,15.8408043),(-13.7747290,-48.4000000,16.2101626),(-15.7315874,-48.4000000,15.8408043),(-15.6630603,-48.4000000,15.7931793),(-13.7747290,-48.4000000,16.2101626),(-15.6630603,-48.4000000,15.7931793),(-15.5802457,-48.4000000,15.7773043),(-13.7747290,-48.4000000,16.2101626),(-15.5802457,-48.4000000,15.7773043),(-13.9874540,-48.4000000,15.7773043),(-13.9800457,-48.4000000,12.2837460),(-13.7747290,-48.4000000,16.2101626),(-13.9874540,-48.4000000,15.7773043),(-13.9800457,-48.4000000,12.2837460),(-13.9874540,-48.4000000,15.7773043),(-13.9874540,-48.4000000,13.1653376),(-13.9800457,-48.4000000,12.2837460),(-13.9874540,-48.4000000,13.1653376),(-14.8436457,-48.4000000,14.6544126),(-13.9800457,-48.4000000,12.2837460),(-14.8436457,-48.4000000,14.6544126),(-14.9232853,-48.4000000,14.7337876),(-13.9800457,-48.4000000,12.2837460),(-14.9232853,-48.4000000,14.7337876),(-15.0309707,-48.4000000,14.7602460),(-13.9800457,-48.4000000,12.2837460),(-15.0309707,-48.4000000,14.7602460),(-15.1420957,-48.4000000,14.7327293),(-13.9800457,-48.4000000,12.2837460),(-15.1420957,-48.4000000,14.7327293),(-15.2238519,-48.4000000,14.6530897),(-13.9800457,-48.4000000,12.2837460),(-15.2238519,-48.4000000,14.6530897),(-15.2511040,-48.4000000,14.5432876),(-13.9800457,-48.4000000,12.2837460),(-15.2511040,-48.4000000,14.5432876),(-15.2193540,-48.4000000,14.4342793),(-9.1572207,-48.4000000,15.8323376),(-9.9255707,-48.4000000,12.4636626),(-9.9276874,-48.4000000,12.4149793),(-9.1572207,-48.4000000,15.8323376),(-9.9276874,-48.4000000,12.4149793),(-9.8980540,-48.4000000,12.3059710),(-9.1572207,-48.4000000,15.8323376),(-9.8980540,-48.4000000,12.3059710),(-9.8416978,-48.4000000,12.2437939),(-9.1572207,-48.4000000,15.8323376),(-9.8416978,-48.4000000,12.2437939),(-9.7657624,-48.4000000,12.2096626),(-9.1572207,-48.4000000,15.8323376),(-9.7657624,-48.4000000,12.2096626),(-9.7149624,-48.4000000,12.2064876),(-9.1572207,-48.4000000,15.8323376),(-9.7149624,-48.4000000,12.2064876),(-9.6038374,-48.4000000,12.2371793),(-9.1572207,-48.4000000,15.8323376),(-9.6038374,-48.4000000,12.2371793),(-9.5424540,-48.4000000,12.2945939),(-9.1572207,-48.4000000,15.8323376),(-9.5424540,-48.4000000,12.2945939),(-9.5107040,-48.4000000,12.3737043),(-9.1572207,-48.4000000,15.8323376),(-9.5107040,-48.4000000,12.3737043),(-8.6820290,-48.4000000,15.9995543),(-10.5415207,-48.4000000,15.8323376),(-9.1572207,-48.4000000,15.8323376),(-8.6820290,-48.4000000,15.9995543),(-10.5415207,-48.4000000,15.8323376),(-8.6820290,-48.4000000,15.9995543),(-8.6777957,-48.4000000,16.0503543),(-10.5415207,-48.4000000,15.8323376),(-8.6777957,-48.4000000,16.0503543),(-8.7233040,-48.4000000,16.1794710),(-10.5415207,-48.4000000,15.8323376),(-8.7233040,-48.4000000,16.1794710),(-8.7979165,-48.4000000,16.2390022),(-10.5415207,-48.4000000,15.8323376),(-8.7979165,-48.4000000,16.2390022),(-8.8905207,-48.4000000,16.2588460),(-10.5415207,-48.4000000,15.8323376),(-8.8905207,-48.4000000,16.2588460),(-10.5415207,-48.4000000,16.2588460),(-10.5415207,-48.4000000,15.8323376),(-10.5415207,-48.4000000,16.2588460),(-10.6230124,-48.4000000,16.2429710),(-10.5415207,-48.4000000,15.8323376),(-10.6230124,-48.4000000,16.2429710),(-10.6918040,-48.4000000,16.1953460),(-10.5415207,-48.4000000,15.8323376),(-10.6918040,-48.4000000,16.1953460),(-10.7386353,-48.4000000,16.1268189),(-10.5415207,-48.4000000,15.8323376),(-10.7386353,-48.4000000,16.1268189),(-10.7542457,-48.4000000,16.0461210),(-10.5415207,-48.4000000,15.8323376),(-10.7542457,-48.4000000,16.0461210),(-10.7386353,-48.4000000,15.9651585),(-10.5415207,-48.4000000,15.8323376),(-10.7386353,-48.4000000,15.9651585),(-10.6918040,-48.4000000,15.8958376),(-10.5415207,-48.4000000,15.8323376),(-10.6918040,-48.4000000,15.8958376),(-10.6230124,-48.4000000,15.8482126)));
#2480=COMPLEX_TRIANGULATED_SURFACE_SET('surface set',#2479,4131,(),(),(),((1,2,3),(4,5,6),(7,8,9),(10,11,12),(13,14,15),(16,17,18),(19,20,21),(22,23,24),(25,26,27),(28,29,30),(31,32,33),(34,35,36),(37,38,39),(40,41,42),(43,44,45),(46,47,48),(49,50,51),(52,53,54),(55,56,57),(58,59,60),(61,62,63),(64,65,66),(67,68,69),(70,71,72),(73,74,75),(76,77,78),(79,80,81),(82,83,84),(85,86,87),(88,89,90),(91,92,93),(94,95,96),(97,98,99),(100,101,102),(103,104,105),(106,107,108),(109,110,111),(112,113,114),(115,116,117),(118,119,120),(121,122,123),(124,125,126),(127,128,129),(130,131,132),(133,134,135),(136,137,138),(139,140,141),(142,143,144),(145,146,147),(148,149,150),(151,152,153),(154,155,156),(157,158,159),(160,161,162),(163,164,165),(166,167,168),(169,170,171),(172,173,174),(175,176,177),(178,179,180),(181,182,183),(184,185,186),(187,188,189),(190,191,192),(193,194,195),(196,197,198),(199,200,201),(202,203,204),(205,206,207),(208,209,210),(211,212,213),(214,215,216),(217,218,219),(220,221,222),(223,224,225),(226,227,228),(229,230,231),(232,233,234),(235,236,237),(238,239,240),(241,242,243),(244,245,246),(247,248,249),(250,251,252),(253,254,255),(256,257,258),(259,260,261),(262,263,264),(265,266,267),(268,269,270),(271,272,273),(274,275,276),(277,278,279),(280,281,282),(283,284,285),(286,287,288),(289,290,291),(292,293,294),(295,296,297),(298,299,300),(301,302,303),(304,305,306),(307,308,309),(310,311,312),(313,314,315),(316,317,318),(319,320,321),(322,323,324),(325,326,327),(328,329,330),(331,332,333),(334,335,336),(337,338,339),(340,341,342),(343,344,345),(346,347,348),(349,350,351),(352,353,354),(355,356,357),(358,359,360),(361,362,363),(364,365,366),(367,368,369),(370,371,372),(373,374,375),(376,377,378),(379,380,381),(382,383,384),(385,386,387),(388,389,390),(391,392,393),(394,395,396),(397,398,399),(400,401,402),(403,404,405),(406,407,408),(409,410,411),(412,413,414),(415,416,417),(418,419,420),(421,422,423),(424,425,426),(427,428,429),(430,431,432),(433,434,435),(436,437,438),(439,440,441),(442,443,444),(445,446,447),(448,449,450),(451,452,453),(454,455,456),(457,458,459),(460,461,462),(463,464,465),(466,467,468),(469,470,471),(472,473,474),(475,476,477),(478,479,480),(481,482,483),(484,485,486),(487,488,489),(490,491,492),(493,494,495),(496,497,498),(499,500,501),(502,503,504),(505,506,507),(508,509,510),(511,512,513),(514,515,516),(517,518,519),(520,521,522),(523,524,525),(526,527,528),(529,530,531),(532,533,534),(535,536,537),(538,539,540),(541,542,543),(544,545,546),(547,548,549),(550,551,552),(553,554,555),(556,557,558),(559,560,561),(562,563,564),(565,566,567),(568,569,570),(571,572,573),(574,575,576),(577,578,579),(580,581,582),(583,584,585),(586,587,588),(589,590,591),(592,593,594),(595,596,597),(598,599,600),(601,602,603),(604,605,606),(607,608,609),(610,611,612),(613,614,615),(616,617,618),(619,620,621),(622,623,624),(625,626,627),(628,629,630),(631,632,633),(634,635,636),(637,638,639),(640,641,642),(643,644,645),(646,647,648),(649,650,651),(652,653,654),(655,656,657),(658,659,660),(661,662,663),(664,665,666),(667,668,669),(670,671,672),(673,674,675),(676,677,678),(679,680,681),(682,683,684),(685,686,687),(688,689,690),(691,692,693),(694,695,696),(697,698,699),(700,701,702),(703,704,705),(706,707,708),(709,710,711),(712,713,714),(715,716,717),(718,719,720),(721,722,723),(724,725,726),(727,728,729),(730,731,732),(733,734,735),(736,737,738),(739,740,741),(742,743,744),(745,746,747),(748,749,750),(751,752,753),(754,755,756),(757,758,759),(760,761,762),(763,764,765),(766,767,768),(769,770,771),(772,773,774),(775,776,777),(778,779,780),(781,782,783),(784,785,786),(787,788,789),(790,791,792),(793,794,795),(796,797,798),(799,800,801),(802,803,804),(805,806,807),(808,809,810),(811,812,813),(814,815,816),(817,818,819),(820,821,822),(823,824,825),(826,827,828),(829,830,831),(832,833,834),(835,836,837),(838,839,840),(841,842,843),(844,845,846),(847,848,849),(850,851,852),(853,854,855),(856,857,858),(859,860,861),(862,863,864),(865,866,867),(868,869,870),(871,872,873),(874,875,876),(877,878,879),(880,881,882),(883,884,885),(886,887,888),(889,890,891),(892,893,894),(895,896,897),(898,899,900),(901,902,903),(904,905,906),(907,908,909),(910,911,912),(913,914,915),(916,917,918),(919,920,921),(922,923,924),(925,926,927),(928,929,930),(931,932,933),(934,935,936),(937,938,939),(940,941,942),(943,944,945),(946,947,948),(949,950,951),(952,953,954),(955,956,957),(958,959,960),(961,962,963),(964,965,966),(967,968,969),(970,971,972),(973,974,975),(976,977,978),(979,980,981),(982,983,984),(985,986,987),(988,989,990),(991,992,993),(994,995,996),(997,998,999),(1000,1001,1002),(1003,1004,1005),(1006,1007,1008),(1009,1010,1011),(1012,1013,1014),(1015,1016,1017),(1018,1019,1020),(1021,1022,1023),(1024,1025,1026),(1027,1028,1029),(1030,1031,1032),(1033,1034,1035),(1036,1037,1038),(1039,1040,1041),(1042,1043,1044),(1045,1046,1047),(1048,1049,1050),(1051,1052,1053),(1054,1055,1056),(1057,1058,1059),(1060,1061,1062),(1063,1064,1065),(1066,1067,1068),(1069,1070,1071),(1072,1073,1074),(1075,1076,1077),(1078,1079,1080),(1081,1082,1083),(1084,1085,1086),(1087,1088,1089),(1090,1091,1092),(1093,1094,1095),(1096,1097,1098),(1099,1100,1101),(1102,1103,1104),(1105,1106,1107),(1108,1109,1110),(1111,1112,1113),(1114,1115,1116),(1117,1118,1119),(1120,1121,1122),(1123,1124,1125),(1126,1127,1128),(1129,1130,1131),(1132,1133,1134),(1135,1136,1137),(1138,1139,1140),(1141,1142,1143),(1144,1145,1146),(1147,1148,1149),(1150,1151,1152),(1153,1154,1155),(1156,1157,1158),(1159,1160,1161),(1162,1163,1164),(1165,1166,1167),(1168,1169,1170),(1171,1172,1173),(1174,1175,1176),(1177,1178,1179),(1180,1181,1182),(1183,1184,1185),(1186,1187,1188),(1189,1190,1191),(1192,1193,1194),(1195,1196,1197),(1198,1199,1200),(1201,1202,1203),(1204,1205,1206),(1207,1208,1209),(1210,1211,1212),(1213,1214,1215),(1216,1217,1218),(1219,1220,1221),(1222,1223,1224),(1225,1226,1227),(1228,1229,1230),(1231,1232,1233),(1234,1235,1236),(1237,1238,1239),(1240,1241,1242),(1243,1244,1245),(1246,1247,1248),(1249,1250,1251),(1252,1253,1254),(1255,1256,1257),(1258,1259,1260),(1261,1262,1263),(1264,1265,1266),(1267,1268,1269),(1270,1271,1272),(1273,1274,1275),(1276,1277,1278),(1279,1280,1281),(1282,1283,1284),(1285,1286,1287),(1288,1289,1290),(1291,1292,1293),(1294,1295,1296),(1297,1298,1299),(1300,1301,1302),(1303,1304,1305),(1306,1307,1308),(1309,1310,1311),(1312,1313,1314),(1315,1316,1317),(1318,1319,1320),(1321,1322,1323),(1324,1325,1326),(1327,1328,1329),(1330,1331,1332),(1333,1334,1335),(1336,1337,1338),(1339,1340,1341),(1342,1343,1344),(1345,1346,1347),(1348,1349,1350),(1351,1352,1353),(1354,1355,1356),(1357,1358,1359),(1360,1361,1362),(1363,1364,1365),(1366,1367,1368),(1369,1370,1371),(1372,1373,1374),(1375,1376,1377),(1378,1379,1380),(1381,1382,1383),(1384,1385,1386),(1387,1388,1389),(1390,1391,1392),(1393,1394,1395),(1396,1397,1398),(1399,1400,1401),(1402,1403,1404),(1405,1406,1407),(1408,1409,1410),(1411,1412,1413),(1414,1415,1416),(1417,1418,1419),(1420,1421,1422),(1423,1424,1425),(1426,1427,1428),(1429,1430,1431),(1432,1433,1434),(1435,1436,1437),(1438,1439,1440),(1441,1442,1443),(1444,1445,1446),(1447,1448,1449),(1450,1451,1452),(1453,1454,1455),(1456,1457,1458),(1459,1460,1461),(1462,1463,1464),(1465,1466,1467),(1468,1469,1470),(1471,1472,1473),(1474,1475,1476),(1477,1478,1479),(1480,1481,1482),(1483,1484,1485),(1486,1487,1488),(1489,1490,1491),(1492,1493,1494),(1495,1496,1497),(1498,1499,1500),(1501,1502,1503),(1504,1505,1506),(1507,1508,1509),(1510,1511,1512),(1513,1514,1515),(1516,1517,1518),(1519,1520,1521),(1522,1523,1524),(1525,1526,1527),(1528,1529,1530),(1531,1532,1533),(1534,1535,1536),(1537,1538,1539),(1540,1541,1542),(1543,1544,1545),(1546,1547,1548),(1549,1550,1551),(1552,1553,1554),(1555,1556,1557),(1558,1559,1560),(1561,1562,1563),(1564,1565,1566),(1567,1568,1569),(1570,1571,1572),(1573,1574,1575),(1576,1577,1578),(1579,1580,1581),(1582,1583,1584),(1585,1586,1587),(1588,1589,1590),(1591,1592,1593),(1594,1595,1596),(1597,1598,1599),(1600,1601,1602),(1603,1604,1605),(1606,1607,1608),(1609,1610,1611),(1612,1613,1614),(1615,1616,1617),(1618,1619,1620),(1621,1622,1623),(1624,1625,1626),(1627,1628,1629),(1630,1631,1632),(1633,1634,1635),(1636,1637,1638),(1639,1640,1641),(1642,1643,1644),(1645,1646,1647),(1648,1649,1650),(1651,1652,1653),(1654,1655,1656),(1657,1658,1659),(1660,1661,1662),(1663,1664,1665),(1666,1667,1668),(1669,1670,1671),(1672,1673,1674),(1675,1676,1677),(1678,1679,1680),(1681,1682,1683),(1684,1685,1686),(1687,1688,1689),(1690,1691,1692),(1693,1694,1695),(1696,1697,1698),(1699,1700,1701),(1702,1703,1704),(1705,1706,1707),(1708,1709,1710),(1711,1712,1713),(1714,1715,1716),(1717,1718,1719),(1720,1721,1722),(1723,1724,1725),(1726,1727,1728),(1729,1730,1731),(1732,1733,1734),(1735,1736,1737),(1738,1739,1740),(1741,1742,1743),(1744,1745,1746),(1747,1748,1749),(1750,1751,1752),(1753,1754,1755),(1756,1757,1758),(1759,1760,1761),(1762,1763,1764),(1765,1766,1767),(1768,1769,1770),(1771,1772,1773),(1774,1775,1776),(1777,1778,1779),(1780,1781,1782),(1783,1784,1785),(1786,1787,1788),(1789,1790,1791),(1792,1793,1794),(1795,1796,1797),(1798,1799,1800),(1801,1802,1803),(1804,1805,1806),(1807,1808,1809),(1810,1811,1812),(1813,1814,1815),(1816,1817,1818),(1819,1820,1821),(1822,1823,1824),(1825,1826,1827),(1828,1829,1830),(1831,1832,1833),(1834,1835,1836),(1837,1838,1839),(1840,1841,1842),(1843,1844,1845),(1846,1847,1848),(1849,1850,1851),(1852,1853,1854),(1855,1856,1857),(1858,1859,1860),(1861,1862,1863),(1864,1865,1866),(1867,1868,1869),(1870,1871,1872),(1873,1874,1875),(1876,1877,1878),(1879,1880,1881),(1882,1883,1884),(1885,1886,1887),(1888,1889,1890),(1891,1892,1893),(1894,1895,1896),(1897,1898,1899),(1900,1901,1902),(1903,1904,1905),(1906,1907,1908),(1909,1910,1911),(1912,1913,1914),(1915,1916,1917),(1918,1919,1920),(1921,1922,1923),(1924,1925,1926),(1927,1928,1929),(1930,1931,1932),(1933,1934,1935),(1936,1937,1938),(1939,1940,1941),(1942,1943,1944),(1945,1946,1947),(1948,1949,1950),(1951,1952,1953),(1954,1955,1956),(1957,1958,1959),(1960,1961,1962),(1963,1964,1965),(1966,1967,1968),(1969,1970,1971),(1972,1973,1974),(1975,1976,1977),(1978,1979,1980),(1981,1982,1983),(1984,1985,1986),(1987,1988,1989),(1990,1991,1992),(1993,1994,1995),(1996,1997,1998),(1999,2000,2001),(2002,2003,2004),(2005,2006,2007),(2008,2009,2010),(2011,2012,2013),(2014,2015,2016),(2017,2018,2019),(2020,2021,2022),(2023,2024,2025),(2026,2027,2028),(2029,2030,2031),(2032,2033,2034),(2035,2036,2037),(2038,2039,2040),(2041,2042,2043),(2044,2045,2046),(2047,2048,2049),(2050,2051,2052),(2053,2054,2055),(2056,2057,2058),(2059,2060,2061),(2062,2063,2064),(2065,2066,2067),(2068,2069,2070),(2071,2072,2073),(2074,2075,2076),(2077,2078,2079),(2080,2081,2082),(2083,2084,2085),(2086,2087,2088),(2089,2090,2091),(2092,2093,2094),(2095,2096,2097),(2098,2099,2100),(2101,2102,2103),(2104,2105,2106),(2107,2108,2109),(2110,2111,2112),(2113,2114,2115),(2116,2117,2118),(2119,2120,2121),(2122,2123,2124),(2125,2126,2127),(2128,2129,2130),(2131,2132,2133),(2134,2135,2136),(2137,2138,2139),(2140,2141,2142),(2143,2144,2145),(2146,2147,2148),(2149,2150,2151),(2152,2153,2154),(2155,2156,2157),(2158,2159,2160),(2161,2162,2163),(2164,2165,2166),(2167,2168,2169),(2170,2171,2172),(2173,2174,2175),(2176,2177,2178),(2179,2180,2181),(2182,2183,2184),(2185,2186,2187),(2188,2189,2190),(2191,2192,2193),(2194,2195,2196),(2197,2198,2199),(2200,2201,2202),(2203,2204,2205),(2206,2207,2208),(2209,2210,2211),(2212,2213,2214),(2215,2216,2217),(2218,2219,2220),(2221,2222,2223),(2224,2225,2226),(2227,2228,2229),(2230,2231,2232),(2233,2234,2235),(2236,2237,2238),(2239,2240,2241),(2242,2243,2244),(2245,2246,2247),(2248,2249,2250),(2251,2252,2253),(2254,2255,2256),(2257,2258,2259),(2260,2261,2262),(2263,2264,2265),(2266,2267,2268),(2269,2270,2271),(2272,2273,2274),(2275,2276,2277),(2278,2279,2280),(2281,2282,2283),(2284,2285,2286),(2287,2288,2289),(2290,2291,2292),(2293,2294,2295),(2296,2297,2298),(2299,2300,2301),(2302,2303,2304),(2305,2306,2307),(2308,2309,2310),(2311,2312,2313),(2314,2315,2316),(2317,2318,2319),(2320,2321,2322),(2323,2324,2325),(2326,2327,2328),(2329,2330,2331),(2332,2333,2334),(2335,2336,2337),(2338,2339,2340),(2341,2342,2343),(2344,2345,2346),(2347,2348,2349),(2350,2351,2352),(2353,2354,2355),(2356,2357,2358),(2359,2360,2361),(2362,2363,2364),(2365,2366,2367),(2368,2369,2370),(2371,2372,2373),(2374,2375,2376),(2377,2378,2379),(2380,2381,2382),(2383,2384,2385),(2386,2387,2388),(2389,2390,2391),(2392,2393,2394),(2395,2396,2397),(2398,2399,2400),(2401,2402,2403),(2404,2405,2406),(2407,2408,2409),(2410,2411,2412),(2413,2414,2415),(2416,2417,2418),(2419,2420,2421),(2422,2423,2424),(2425,2426,2427),(2428,2429,2430),(2431,2432,2433),(2434,2435,2436),(2437,2438,2439),(2440,2441,2442),(2443,2444,2445),(2446,2447,2448),(2449,2450,2451),(2452,2453,2454),(2455,2456,2457),(2458,2459,2460),(2461,2462,2463),(2464,2465,2466),(2467,2468,2469),(2470,2471,2472),(2473,2474,2475),(2476,2477,2478),(2479,2480,2481),(2482,2483,2484),(2485,2486,2487),(2488,2489,2490),(2491,2492,2493),(2494,2495,2496),(2497,2498,2499),(2500,2501,2502),(2503,2504,2505),(2506,2507,2508),(2509,2510,2511),(2512,2513,2514),(2515,2516,2517),(2518,2519,2520),(2521,2522,2523),(2524,2525,2526),(2527,2528,2529),(2530,2531,2532),(2533,2534,2535),(2536,2537,2538),(2539,2540,2541),(2542,2543,2544),(2545,2546,2547),(2548,2549,2550),(2551,2552,2553),(2554,2555,2556),(2557,2558,2559),(2560,2561,2562),(2563,2564,2565),(2566,2567,2568),(2569,2570,2571),(2572,2573,2574),(2575,2576,2577),(2578,2579,2580),(2581,2582,2583),(2584,2585,2586),(2587,2588,2589),(2590,2591,2592),(2593,2594,2595),(2596,2597,2598),(2599,2600,2601),(2602,2603,2604),(2605,2606,2607),(2608,2609,2610),(2611,2612,2613),(2614,2615,2616),(2617,2618,2619),(2620,2621,2622),(2623,2624,2625),(2626,2627,2628),(2629,2630,2631),(2632,2633,2634),(2635,2636,2637),(2638,2639,2640),(2641,2642,2643),(2644,2645,2646),(2647,2648,2649),(2650,2651,2652),(2653,2654,2655),(2656,2657,2658),(2659,2660,2661),(2662,2663,2664),(2665,2666,2667),(2668,2669,2670),(2671,2672,2673),(2674,2675,2676),(2677,2678,2679),(2680,2681,2682),(2683,2684,2685),(2686,2687,2688),(2689,2690,2691),(2692,2693,2694),(2695,2696,2697),(2698,2699,2700),(2701,2702,2703),(2704,2705,2706),(2707,2708,2709),(2710,2711,2712),(2713,2714,2715),(2716,2717,2718),(2719,2720,2721),(2722,2723,2724),(2725,2726,2727),(2728,2729,2730),(2731,2732,2733),(2734,2735,2736),(2737,2738,2739),(2740,2741,2742),(2743,2744,2745),(2746,2747,2748),(2749,2750,2751),(2752,2753,2754),(2755,2756,2757),(2758,2759,2760),(2761,2762,2763),(2764,2765,2766),(2767,2768,2769),(2770,2771,2772),(2773,2774,2775),(2776,2777,2778),(2779,2780,2781),(2782,2783,2784),(2785,2786,2787),(2788,2789,2790),(2791,2792,2793),(2794,2795,2796),(2797,2798,2799),(2800,2801,2802),(2803,2804,2805),(2806,2807,2808),(2809,2810,2811),(2812,2813,2814),(2815,2816,2817),(2818,2819,2820),(2821,2822,2823),(2824,2825,2826),(2827,2828,2829),(2830,2831,2832),(2833,2834,2835),(2836,2837,2838),(2839,2840,2841),(2842,2843,2844),(2845,2846,2847),(2848,2849,2850),(2851,2852,2853),(2854,2855,2856),(2857,2858,2859),(2860,2861,2862),(2863,2864,2865),(2866,2867,2868),(2869,2870,2871),(2872,2873,2874),(2875,2876,2877),(2878,2879,2880),(2881,2882,2883),(2884,2885,2886),(2887,2888,2889),(2890,2891,2892),(2893,2894,2895),(2896,2897,2898),(2899,2900,2901),(2902,2903,2904),(2905,2906,2907),(2908,2909,2910),(2911,2912,2913),(2914,2915,2916),(2917,2918,2919),(2920,2921,2922),(2923,2924,2925),(2926,2927,2928),(2929,2930,2931),(2932,2933,2934),(2935,2936,2937),(2938,2939,2940),(2941,2942,2943),(2944,2945,2946),(2947,2948,2949),(2950,2951,2952),(2953,2954,2955),(2956,2957,2958),(2959,2960,2961),(2962,2963,2964),(2965,2966,2967),(2968,2969,2970),(2971,2972,2973),(2974,2975,2976),(2977,2978,2979),(2980,2981,2982),(2983,2984,2985),(2986,2987,2988),(2989,2990,2991),(2992,2993,2994),(2995,2996,2997),(2998,2999,3000),(3001,3002,3003),(3004,3005,3006),(3007,3008,3009),(3010,3011,3012),(3013,3014,3015),(3016,3017,3018),(3019,3020,3021),(3022,3023,3024),(3025,3026,3027),(3028,3029,3030),(3031,3032,3033),(3034,3035,3036),(3037,3038,3039),(3040,3041,3042),(3043,3044,3045),(3046,3047,3048),(3049,3050,3051),(3052,3053,3054),(3055,3056,3057),(3058,3059,3060),(3061,3062,3063),(3064,3065,3066),(3067,3068,3069),(3070,3071,3072),(3073,3074,3075),(3076,3077,3078),(3079,3080,3081),(3082,3083,3084),(3085,3086,3087),(3088,3089,3090),(3091,3092,3093),(3094,3095,3096),(3097,3098,3099),(3100,3101,3102),(3103,3104,3105),(3106,3107,3108),(3109,3110,3111),(3112,3113,3114),(3115,3116,3117),(3118,3119,3120),(3121,3122,3123),(3124,3125,3126),(3127,3128,3129),(3130,3131,3132),(3133,3134,3135),(3136,3137,3138),(3139,3140,3141),(3142,3143,3144),(3145,3146,3147),(3148,3149,3150),(3151,3152,3153),(3154,3155,3156),(3157,3158,3159),(3160,3161,3162),(3163,3164,3165),(3166,3167,3168),(3169,3170,3171),(3172,3173,3174),(3175,3176,3177),(3178,3179,3180),(3181,3182,3183),(3184,3185,3186),(3187,3188,3189),(3190,3191,3192),(3193,3194,3195),(3196,3197,3198),(3199,3200,3201),(3202,3203,3204),(3205,3206,3207),(3208,3209,3210),(3211,3212,3213),(3214,3215,3216),(3217,3218,3219),(3220,3221,3222),(3223,3224,3225),(3226,3227,3228),(3229,3230,3231),(3232,3233,3234),(3235,3236,3237),(3238,3239,3240),(3241,3242,3243),(3244,3245,3246),(3247,3248,3249),(3250,3251,3252),(3253,3254,3255),(3256,3257,3258),(3259,3260,3261),(3262,3263,3264),(3265,3266,3267),(3268,3269,3270),(3271,3272,3273),(3274,3275,3276),(3277,3278,3279),(3280,3281,3282),(3283,3284,3285),(3286,3287,3288),(3289,3290,3291),(3292,3293,3294),(3295,3296,3297),(3298,3299,3300),(3301,3302,3303),(3304,3305,3306),(3307,3308,3309),(3310,3311,3312),(3313,3314,3315),(3316,3317,3318),(3319,3320,3321),(3322,3323,3324),(3325,3326,3327),(3328,3329,3330),(3331,3332,3333),(3334,3335,3336),(3337,3338,3339),(3340,3341,3342),(3343,3344,3345),(3346,3347,3348),(3349,3350,3351),(3352,3353,3354),(3355,3356,3357),(3358,3359,3360),(3361,3362,3363),(3364,3365,3366),(3367,3368,3369),(3370,3371,3372),(3373,3374,3375),(3376,3377,3378),(3379,3380,3381),(3382,3383,3384),(3385,3386,3387),(3388,3389,3390),(3391,3392,3393),(3394,3395,3396),(3397,3398,3399),(3400,3401,3402),(3403,3404,3405),(3406,3407,3408),(3409,3410,3411),(3412,3413,3414),(3415,3416,3417),(3418,3419,3420),(3421,3422,3423),(3424,3425,3426),(3427,3428,3429),(3430,3431,3432),(3433,3434,3435),(3436,3437,3438),(3439,3440,3441),(3442,3443,3444),(3445,3446,3447),(3448,3449,3450),(3451,3452,3453),(3454,3455,3456),(3457,3458,3459),(3460,3461,3462),(3463,3464,3465),(3466,3467,3468),(3469,3470,3471),(3472,3473,3474),(3475,3476,3477),(3478,3479,3480),(3481,3482,3483),(3484,3485,3486),(3487,3488,3489),(3490,3491,3492),(3493,3494,3495),(3496,3497,3498),(3499,3500,3501),(3502,3503,3504),(3505,3506,3507),(3508,3509,3510),(3511,3512,3513),(3514,3515,3516),(3517,3518,3519),(3520,3521,3522),(3523,3524,3525),(3526,3527,3528),(3529,3530,3531),(3532,3533,3534),(3535,3536,3537),(3538,3539,3540),(3541,3542,3543),(3544,3545,3546),(3547,3548,3549),(3550,3551,3552),(3553,3554,3555),(3556,3557,3558),(3559,3560,3561),(3562,3563,3564),(3565,3566,3567),(3568,3569,3570),(3571,3572,3573),(3574,3575,3576),(3577,3578,3579),(3580,3581,3582),(3583,3584,3585),(3586,3587,3588),(3589,3590,3591),(3592,3593,3594),(3595,3596,3597),(3598,3599,3600),(3601,3602,3603),(3604,3605,3606),(3607,3608,3609),(3610,3611,3612),(3613,3614,3615),(3616,3617,3618),(3619,3620,3621),(3622,3623,3624),(3625,3626,3627),(3628,3629,3630),(3631,3632,3633),(3634,3635,3636),(3637,3638,3639),(3640,3641,3642),(3643,3644,3645),(3646,3647,3648),(3649,3650,3651),(3652,3653,3654),(3655,3656,3657),(3658,3659,3660),(3661,3662,3663),(3664,3665,3666),(3667,3668,3669),(3670,3671,3672),(3673,3674,3675),(3676,3677,3678),(3679,3680,3681),(3682,3683,3684),(3685,3686,3687),(3688,3689,3690),(3691,3692,3693),(3694,3695,3696),(3697,3698,3699),(3700,3701,3702),(3703,3704,3705),(3706,3707,3708),(3709,3710,3711),(3712,3713,3714),(3715,3716,3717),(3718,3719,3720),(3721,3722,3723),(3724,3725,3726),(3727,3728,3729),(3730,3731,3732),(3733,3734,3735),(3736,3737,3738),(3739,3740,3741),(3742,3743,3744),(3745,3746,3747),(3748,3749,3750),(3751,3752,3753),(3754,3755,3756),(3757,3758,3759),(3760,3761,3762),(3763,3764,3765),(3766,3767,3768),(3769,3770,3771),(3772,3773,3774),(3775,3776,3777),(3778,3779,3780),(3781,3782,3783),(3784,3785,3786),(3787,3788,3789),(3790,3791,3792),(3793,3794,3795),(3796,3797,3798),(3799,3800,3801),(3802,3803,3804),(3805,3806,3807),(3808,3809,3810),(3811,3812,3813),(3814,3815,3816),(3817,3818,3819),(3820,3821,3822),(3823,3824,3825),(3826,3827,3828),(3829,3830,3831),(3832,3833,3834),(3835,3836,3837),(3838,3839,3840),(3841,3842,3843),(3844,3845,3846),(3847,3848,3849),(3850,3851,3852),(3853,3854,3855),(3856,3857,3858),(3859,3860,3861),(3862,3863,3864),(3865,3866,3867),(3868,3869,3870),(3871,3872,3873),(3874,3875,3876),(3877,3878,3879),(3880,3881,3882),(3883,3884,3885),(3886,3887,3888),(3889,3890,3891),(3892,3893,3894),(3895,3896,3897),(3898,3899,3900),(3901,3902,3903),(3904,3905,3906),(3907,3908,3909),(3910,3911,3912),(3913,3914,3915),(3916,3917,3918),(3919,3920,3921),(3922,3923,3924),(3925,3926,3927),(3928,3929,3930),(3931,3932,3933),(3934,3935,3936),(3937,3938,3939),(3940,3941,3942),(3943,3944,3945),(3946,3947,3948),(3949,3950,3951),(3952,3953,3954),(3955,3956,3957),(3958,3959,3960),(3961,3962,3963),(3964,3965,3966),(3967,3968,3969),(3970,3971,3972),(3973,3974,3975),(3976,3977,3978),(3979,3980,3981),(3982,3983,3984),(3985,3986,3987),(3988,3989,3990),(3991,3992,3993),(3994,3995,3996),(3997,3998,3999),(4000,4001,4002),(4003,4004,4005),(4006,4007,4008),(4009,4010,4011),(4012,4013,4014),(4015,4016,4017),(4018,4019,4020),(4021,4022,4023),(4024,4025,4026),(4027,4028,4029),(4030,4031,4032),(4033,4034,4035),(4036,4037,4038),(4039,4040,4041),(4042,4043,4044),(4045,4046,4047),(4048,4049,4050),(4051,4052,4053),(4054,4055,4056),(4057,4058,4059),(4060,4061,4062),(4063,4064,4065),(4066,4067,4068),(4069,4070,4071),(4072,4073,4074),(4075,4076,4077),(4078,4079,4080),(4081,4082,4083),(4084,4085,4086),(4087,4088,4089),(4090,4091,4092),(4093,4094,4095),(4096,4097,4098),(4099,4100,4101),(4102,4103,4104),(4105,4106,4107),(4108,4109,4110),(4111,4112,4113),(4114,4115,4116),(4117,4118,4119),(4120,4121,4122),(4123,4124,4125),(4126,4127,4128),(4129,4130,4131)));
#2481=TESSELLATED_GEOMETRIC_SET('hole callout',(#2480));
#2482=COORDINATES_LIST('coordinates',5,((-34.0961165,-48.4000000,4.6338835),(-1.8675665,-48.4000000,4.6338835),(-42.8461165,-48.4000000,0.8838835),(-39.0961165,-48.4000000,4.6338835),(-34.0961165,-48.4000000,4.6338835)));
#2483=TESSELLATED_CURVE_SET('curve set',#2482,((1,2),(3,4,5)));
#2484=TESSELLATED_GEOMETRIC_SET('hole callout',(#2483));
#2485=TESSELLATED_ANNOTATION_OCCURRENCE('hole callout',(#2478),#2481);
#2486=TESSELLATED_ANNOTATION_OCCURRENCE('hole callout',(#2478),#2484);
#2487=DRAUGHTING_CALLOUT('hole callout',(#2485,#2486));
#2488=DRAUGHTING_MODEL_ITEM_ASSOCIATION('','',#2431,#2376,#2487);
#2489=DRAUGHTING_MODEL_ITEM_ASSOCIATION('','',#2439,#2376,#2487);
#2490=DRAUGHTING_MODEL_ITEM_ASSOCIATION('','',#2447,#2376,#2487);
#2491=DRAUGHTING_MODEL_ITEM_ASSOCIATION('','',#2394,#2376,#2487);
#2492=COMPOSITE_SHAPE_ASPECT('hole_callout.FrASXaWg4tcrobj_7.RLBD.3',$,#2284,$);
#2493=SHAPE_ASPECT('hole_callout.FrASXaWg4tcrobj_7.RLBD.3',$,#2284,.T.);
#2494=GEOMETRIC_ITEM_SPECIFIC_USAGE('','',#2493,#11,#1223);
#2495=SHAPE_ASPECT_RELATIONSHIP('','',#2492,#2493);
#2496=SHAPE_ASPECT('hole_callout.FrASXaWg4tcrobj_7.RLBD.3',$,#2284,.T.);
#2497=GEOMETRIC_ITEM_SPECIFIC_USAGE('','',#2496,#11,#1222);
#2498=SHAPE_ASPECT_RELATIONSHIP('','',#2492,#2496);
#2499=DIMENSIONAL_SIZE(#2492,'diameter');
#2500=(
LENGTH_UNIT()
NAMED_UNIT(*)
SI_UNIT(.MILLI.,.METRE.)
);
#2502=PRECISION_QUALIFIER(3);
#2501=(
LENGTH_MEASURE_WITH_UNIT()
MEASURE_REPRESENTATION_ITEM()
MEASURE_WITH_UNIT(POSITIVE_LENGTH_MEASURE(2.5),#2500)
QUALIFIED_REPRESENTATION_ITEM((#2502))
REPRESENTATION_ITEM('nominal value')
);
#2503=COMPOUND_REPRESENTATION_ITEM('modifiers',SET_REPRESENTATION_ITEM((#2504)));
#2504=DESCRIPTIVE_REPRESENTATION_ITEM('dimensional note','diameter');
#2505=SHAPE_DIMENSION_REPRESENTATION('',(#2501,#2503),#2279);
#2506=DIMENSIONAL_CHARACTERISTIC_REPRESENTATION(#2499,#2505);
#2507=DIMENSIONAL_SIZE(#2492,'depth');
#2508=(
LENGTH_UNIT()
NAMED_UNIT(*)
SI_UNIT(.MILLI.,.METRE.)
);
#2510=PRECISION_QUALIFIER(3);
#2509=(
LENGTH_MEASURE_WITH_UNIT()
MEASURE_REPRESENTATION_ITEM()
MEASURE_WITH_UNIT(POSITIVE_LENGTH_MEASURE(0.01),#2508)
QUALIFIED_REPRESENTATION_ITEM((#2510))
REPRESENTATION_ITEM('nominal value')
);
#2511=COMPOUND_REPRESENTATION_ITEM('modifiers',SET_REPRESENTATION_ITEM((#2512)));
#2512=DESCRIPTIVE_REPRESENTATION_ITEM('dimensional note','depth');
#2513=SHAPE_DIMENSION_REPRESENTATION('',(#2509,#2511),#2279);
#2514=DIMENSIONAL_CHARACTERISTIC_REPRESENTATION(#2507,#2513);
#2515=PRESENTATION_STYLE_ASSIGNMENT((NULL_STYLE(.NULL.)));
#2516=CARTESIAN_POINT('',(-0.00757362804475953,-0.0394,0.00847323529411764));
#2517=DIRECTION('',(0.,-1.,0.));
#2518=DIRECTION('',(1.,0.,0.));
#2519=AXIS2_PLACEMENT_3D('',#2516,#2517,#2518);
#2520=PLANE('',#2519);
#2521=ANNOTATION_PLANE('',(#2515),#2520,(#2547));
#2522=CARTESIAN_POINT('',(0.,0.,0.));
#2523=DIRECTION('',(0.,0.,1.));
#2524=DIRECTION('',(1.,0.,0.));
#2525=AXIS2_PLACEMENT_3D('',#2522,#2523,#2524);
#2526=CARTESIAN_POINT('',(0.,0.,0.));
#2527=DIRECTION('',(0.,0.,1.));
#2528=DIRECTION('',(1.,0.,0.));
#2529=AXIS2_PLACEMENT_3D('',#2526,#2527,#2528);
#2530=SHAPE_REPRESENTATION('',(#2529,#1291),#2279);
#2531=REPRESENTATION_MAP(#2525,#2530);
#2532=MAPPED_ITEM('',#2531,#2525);
#2533=PRESENTATION_STYLE_ASSIGNMENT((NULL_STYLE(.NULL.)));
#2534=STYLED_ITEM('',(#2533),#2532);
#2535=DRAUGHTING_PRE_DEFINED_CURVE_FONT('continuous');
#2536=COLOUR_RGB('',0.,0.,0.);
#2537=CURVE_STYLE('',#2535,POSITIVE_LENGTH_MEASURE(0.02),#2536);
#2538=PRESENTATION_STYLE_ASSIGNMENT((#2537));
#2539=COORDINATES_LIST('coordinates',4599,((-6.6897446,-39.4000000,9.3571188),(-5.2755310,-39.4000000,12.1855459),(-3.8613174,-39.4000000,10.7713323),(19.4740225,-39.4000000,15.9325696),(19.4793638,-39.4000000,16.0649604),(19.4793638,-39.4000000,17.7551188),(19.4740225,-39.4000000,15.9325696),(19.4793638,-39.4000000,17.7551188),(19.4740556,-39.4000000,17.8857403),(19.4740225,-39.4000000,15.9325696),(19.4740556,-39.4000000,17.8857403),(19.4581310,-39.4000000,18.0103755),(19.4740225,-39.4000000,15.9325696),(19.4581310,-39.4000000,18.0103755),(19.4315899,-39.4000000,18.1290246),(19.4740225,-39.4000000,15.9325696),(19.4315899,-39.4000000,18.1290246),(19.3944325,-39.4000000,18.2416875),(19.4740225,-39.4000000,15.9325696),(19.3944325,-39.4000000,18.2416875),(19.3466587,-39.4000000,18.3483642),(19.4740225,-39.4000000,15.9325696),(19.3466587,-39.4000000,18.3483642),(19.2882685,-39.4000000,18.4490547),(19.4740225,-39.4000000,15.9325696),(19.2882685,-39.4000000,18.4490547),(19.2192618,-39.4000000,18.5437590),(19.4740225,-39.4000000,15.9325696),(19.2192618,-39.4000000,18.5437590),(19.1396388,-39.4000000,18.6324771),(19.4740225,-39.4000000,15.9325696),(19.1396388,-39.4000000,18.6324771),(19.0629592,-39.4000000,18.7041627),(19.4740225,-39.4000000,15.9325696),(19.0629592,-39.4000000,18.7041627),(18.9832039,-39.4000000,18.7662901),(19.4740225,-39.4000000,15.9325696),(18.9832039,-39.4000000,18.7662901),(18.9003727,-39.4000000,18.8188595),(18.9003727,-39.4000000,18.8188595),(18.8144658,-39.4000000,18.8618709),(18.7254832,-39.4000000,18.8953241),(18.9003727,-39.4000000,18.8188595),(18.7254832,-39.4000000,18.8953241),(18.6334247,-39.4000000,18.9192193),(18.9003727,-39.4000000,18.8188595),(18.6334247,-39.4000000,18.9192193),(18.5382905,-39.4000000,18.9335564),(18.9003727,-39.4000000,18.8188595),(18.5382905,-39.4000000,18.9335564),(18.4400804,-39.4000000,18.9383354),(18.9003727,-39.4000000,18.8188595),(18.4400804,-39.4000000,18.9383354),(18.3429949,-39.4000000,18.9335564),(18.9003727,-39.4000000,18.8188595),(18.3429949,-39.4000000,18.9335564),(18.2485882,-39.4000000,18.9192193),(18.9003727,-39.4000000,18.8188595),(18.2485882,-39.4000000,18.9192193),(18.1568605,-39.4000000,18.8953241),(18.9003727,-39.4000000,18.8188595),(18.1568605,-39.4000000,18.8953241),(18.0678117,-39.4000000,18.8618709),(18.9003727,-39.4000000,18.8188595),(18.0678117,-39.4000000,18.8618709),(17.9814418,-39.4000000,18.8188595),(18.9003727,-39.4000000,18.8188595),(17.9814418,-39.4000000,18.8188595),(17.8977507,-39.4000000,18.7662901),(18.9003727,-39.4000000,18.8188595),(17.8977507,-39.4000000,18.7662901),(17.8167386,-39.4000000,18.7041627),(18.9003727,-39.4000000,18.8188595),(17.8167386,-39.4000000,18.7041627),(17.7384054,-39.4000000,18.6324771),(18.9003727,-39.4000000,18.8188595),(17.7384054,-39.4000000,18.6324771),(17.6587824,-39.4000000,18.5454953),(18.9003727,-39.4000000,18.8188595),(17.6587824,-39.4000000,18.5454953),(17.5897757,-39.4000000,18.4522959),(18.9003727,-39.4000000,18.8188595),(17.5897757,-39.4000000,18.4522959),(17.5313855,-39.4000000,18.3528787),(18.9003727,-39.4000000,18.8188595),(17.5313855,-39.4000000,18.3528787),(17.4836117,-39.4000000,18.2472438),(18.9003727,-39.4000000,18.8188595),(17.4836117,-39.4000000,18.2472438),(17.4464543,-39.4000000,18.1353912),(17.4464543,-39.4000000,18.1353912),(17.4199132,-39.4000000,18.0173209),(17.4039886,-39.4000000,17.8930328),(17.4464543,-39.4000000,18.1353912),(17.4039886,-39.4000000,17.8930328),(17.3986804,-39.4000000,17.7625271),(17.4464543,-39.4000000,18.1353912),(17.3986804,-39.4000000,17.7625271),(17.3986804,-39.4000000,17.7551188),(17.4464543,-39.4000000,18.1353912),(17.3986804,-39.4000000,17.7551188),(17.3986804,-39.4000000,16.0607271),(17.4464543,-39.4000000,18.1353912),(17.3986804,-39.4000000,16.0607271),(17.4039886,-39.4000000,15.9294111),(17.4464543,-39.4000000,18.1353912),(17.4039886,-39.4000000,15.9294111),(17.4199132,-39.4000000,15.8042797),(17.4464543,-39.4000000,18.1353912),(17.4199132,-39.4000000,15.8042797),(17.4464543,-39.4000000,15.6853330),(17.4464543,-39.4000000,18.1353912),(17.4464543,-39.4000000,15.6853330),(17.4836117,-39.4000000,15.5725709),(17.4464543,-39.4000000,18.1353912),(17.4836117,-39.4000000,15.5725709),(17.5313855,-39.4000000,15.4659934),(17.4464543,-39.4000000,18.1353912),(17.5313855,-39.4000000,15.4659934),(17.5897757,-39.4000000,15.3656005),(17.4464543,-39.4000000,18.1353912),(17.5897757,-39.4000000,15.3656005),(17.6587824,-39.4000000,15.2713923),(17.4464543,-39.4000000,18.1353912),(17.6587824,-39.4000000,15.2713923),(17.7384054,-39.4000000,15.1833688),(17.7384054,-39.4000000,15.1833688),(18.0421471,-39.4000000,15.4797021),(17.9481539,-39.4000000,15.5960526),(17.7384054,-39.4000000,15.1833688),(17.9481539,-39.4000000,15.5960526),(17.8810158,-39.4000000,15.7323792),(17.7384054,-39.4000000,15.1833688),(17.8810158,-39.4000000,15.7323792),(17.8407330,-39.4000000,15.8886818),(17.4464543,-39.4000000,18.1353912),(17.7384054,-39.4000000,15.1833688),(17.8407330,-39.4000000,15.8886818),(17.4464543,-39.4000000,18.1353912),(17.8407330,-39.4000000,15.8886818),(17.8306623,-39.4000000,15.9743241),(17.4464543,-39.4000000,18.1353912),(17.8306623,-39.4000000,15.9743241),(17.8273054,-39.4000000,16.0649604),(17.4464543,-39.4000000,18.1353912),(17.8273054,-39.4000000,16.0649604),(17.8273054,-39.4000000,17.7625271),(17.4464543,-39.4000000,18.1353912),(17.8273054,-39.4000000,17.7625271),(17.8306293,-39.4000000,17.8508318),(17.4464543,-39.4000000,18.1353912),(17.8306293,-39.4000000,17.8508318),(17.8406007,-39.4000000,17.9342417),(17.4464543,-39.4000000,18.1353912),(17.8406007,-39.4000000,17.9342417),(17.8572199,-39.4000000,18.0127568),(17.4464543,-39.4000000,18.1353912),(17.8572199,-39.4000000,18.0127568),(17.8804867,-39.4000000,18.0863771),(17.4464543,-39.4000000,18.1353912),(17.8804867,-39.4000000,18.0863771),(17.9469632,-39.4000000,18.2189334),(17.4464543,-39.4000000,18.1353912),(17.9469632,-39.4000000,18.2189334),(18.0400304,-39.4000000,18.3319104),(17.4464543,-39.4000000,18.1353912),(18.0400304,-39.4000000,18.3319104),(18.1352804,-39.4000000,18.4106240),(17.4464543,-39.4000000,18.1353912),(18.1352804,-39.4000000,18.4106240),(18.2337054,-39.4000000,18.4668479),(18.9003727,-39.4000000,18.8188595),(17.4464543,-39.4000000,18.1353912),(18.2337054,-39.4000000,18.4668479),(18.9003727,-39.4000000,18.8188595),(18.2337054,-39.4000000,18.4668479),(18.3353054,-39.4000000,18.5005823),(18.9003727,-39.4000000,18.8188595),(18.3353054,-39.4000000,18.5005823),(18.4400804,-39.4000000,18.5118271),(18.9003727,-39.4000000,18.8188595),(18.4400804,-39.4000000,18.5118271),(18.5491549,-39.4000000,18.5005823),(18.9003727,-39.4000000,18.8188595),(18.5491549,-39.4000000,18.5005823),(18.6520117,-39.4000000,18.4668479),(18.9003727,-39.4000000,18.8188595),(18.6520117,-39.4000000,18.4668479),(18.7486507,-39.4000000,18.4106240),(18.9003727,-39.4000000,18.8188595),(18.7486507,-39.4000000,18.4106240),(18.8390721,-39.4000000,18.3319104),(18.9003727,-39.4000000,18.8188595),(18.8390721,-39.4000000,18.3319104),(18.9321393,-39.4000000,18.2133110),(18.9003727,-39.4000000,18.8188595),(18.9321393,-39.4000000,18.2133110),(18.9986158,-39.4000000,18.0776459),(18.9003727,-39.4000000,18.8188595),(18.9986158,-39.4000000,18.0776459),(19.0385018,-39.4000000,17.9249151),(19.4740225,-39.4000000,15.9325696),(18.9003727,-39.4000000,18.8188595),(19.0385018,-39.4000000,17.9249151),(19.4740225,-39.4000000,15.9325696),(19.0385018,-39.4000000,17.9249151),(19.0484733,-39.4000000,17.8421502),(19.4740225,-39.4000000,15.9325696),(19.0484733,-39.4000000,17.8421502),(19.0517971,-39.4000000,17.7551188),(19.4740225,-39.4000000,15.9325696),(19.0517971,-39.4000000,17.7551188),(19.0517971,-39.4000000,16.0649604),(19.4740225,-39.4000000,15.9325696),(19.0517971,-39.4000000,16.0649604),(19.0484733,-39.4000000,15.9753163),(19.4740225,-39.4000000,15.9325696),(19.0484733,-39.4000000,15.9753163),(19.0385018,-39.4000000,15.8905339),(19.4740225,-39.4000000,15.9325696),(19.0385018,-39.4000000,15.8905339),(19.0218826,-39.4000000,15.8106132),(19.4740225,-39.4000000,15.9325696),(19.0218826,-39.4000000,15.8106132),(18.9986158,-39.4000000,15.7355542),(19.4740225,-39.4000000,15.9325696),(18.9986158,-39.4000000,15.7355542),(18.9321393,-39.4000000,15.6000214),(19.4740225,-39.4000000,15.9325696),(18.9321393,-39.4000000,15.6000214),(18.8390721,-39.4000000,15.4839354),(19.4740225,-39.4000000,15.9325696),(18.8390721,-39.4000000,15.4839354),(18.7478570,-39.4000000,15.4061479),(18.1336929,-39.4000000,15.4037667),(18.0421471,-39.4000000,15.4797021),(17.7384054,-39.4000000,15.1833688),(18.2305304,-39.4000000,15.3495271),(18.1336929,-39.4000000,15.4037667),(17.7384054,-39.4000000,15.1833688),(18.3326596,-39.4000000,15.3169834),(18.2305304,-39.4000000,15.3495271),(17.7384054,-39.4000000,15.1833688),(18.4400804,-39.4000000,15.3061354),(18.3326596,-39.4000000,15.3169834),(17.7384054,-39.4000000,15.1833688),(18.5483612,-39.4000000,15.3172479),(18.4400804,-39.4000000,15.3061354),(17.7384054,-39.4000000,15.1833688),(18.5483612,-39.4000000,15.3172479),(17.7384054,-39.4000000,15.1833688),(17.8152834,-39.4000000,15.1126754),(18.5483612,-39.4000000,15.3172479),(17.8152834,-39.4000000,15.1126754),(17.8951049,-39.4000000,15.0514078),(18.6509533,-39.4000000,15.3505854),(18.5483612,-39.4000000,15.3172479),(17.8951049,-39.4000000,15.0514078),(18.6509533,-39.4000000,15.3505854),(17.8951049,-39.4000000,15.0514078),(17.9778699,-39.4000000,14.9995660),(18.6509533,-39.4000000,15.3505854),(17.9778699,-39.4000000,14.9995660),(18.0635783,-39.4000000,14.9571500),(18.7478570,-39.4000000,15.4061479),(18.6509533,-39.4000000,15.3505854),(18.0635783,-39.4000000,14.9571500),(18.7478570,-39.4000000,15.4061479),(18.0635783,-39.4000000,14.9571500),(18.1522303,-39.4000000,14.9241598),(19.4740225,-39.4000000,15.9325696),(18.7478570,-39.4000000,15.4061479),(18.1522303,-39.4000000,14.9241598),(19.4740225,-39.4000000,15.9325696),(18.1522303,-39.4000000,14.9241598),(18.2438257,-39.4000000,14.9005953),(19.4740225,-39.4000000,15.9325696),(18.2438257,-39.4000000,14.9005953),(18.3383647,-39.4000000,14.8864567),(19.4740225,-39.4000000,15.9325696),(18.3383647,-39.4000000,14.8864567),(18.4358471,-39.4000000,14.8817438),(19.4740225,-39.4000000,15.9325696),(18.4358471,-39.4000000,14.8817438),(18.5350162,-39.4000000,14.8863740),(19.4740225,-39.4000000,15.9325696),(18.5350162,-39.4000000,14.8863740),(18.6309112,-39.4000000,14.9002646),(19.4740225,-39.4000000,15.9325696),(18.6309112,-39.4000000,14.9002646),(18.7235319,-39.4000000,14.9234156),(19.4740225,-39.4000000,15.9325696),(18.7235319,-39.4000000,14.9234156),(18.8128783,-39.4000000,14.9558271),(19.4740225,-39.4000000,15.9325696),(18.8128783,-39.4000000,14.9558271),(18.8989506,-39.4000000,14.9974990),(19.4740225,-39.4000000,15.9325696),(18.8989506,-39.4000000,14.9974990),(18.9817487,-39.4000000,15.0484313),(19.4740225,-39.4000000,15.9325696),(18.9817487,-39.4000000,15.0484313),(19.0612725,-39.4000000,15.1086240),(19.4740225,-39.4000000,15.9325696),(19.0612725,-39.4000000,15.1086240),(19.1375221,-39.4000000,15.1780771),(19.4740225,-39.4000000,15.9325696),(19.1375221,-39.4000000,15.1780771),(19.2176412,-39.4000000,15.2674071),(19.4740225,-39.4000000,15.9325696),(19.2176412,-39.4000000,15.2674071),(19.2870778,-39.4000000,15.3628886),(19.4740225,-39.4000000,15.9325696),(19.2870778,-39.4000000,15.3628886),(19.3458319,-39.4000000,15.4645216),(19.4740225,-39.4000000,15.9325696),(19.3458319,-39.4000000,15.4645216),(19.3939033,-39.4000000,15.5723063),(19.4740225,-39.4000000,15.9325696),(19.3939033,-39.4000000,15.5723063),(19.4312923,-39.4000000,15.6862425),(19.4740225,-39.4000000,15.9325696),(19.4312923,-39.4000000,15.6862425),(19.4579987,-39.4000000,15.8063302),(13.1748225,-39.4000000,15.9325696),(13.1801638,-39.4000000,16.0649604),(13.1801638,-39.4000000,17.7551188),(13.1748225,-39.4000000,15.9325696),(13.1801638,-39.4000000,17.7551188),(13.1748556,-39.4000000,17.8857403),(13.1748225,-39.4000000,15.9325696),(13.1748556,-39.4000000,17.8857403),(13.1589310,-39.4000000,18.0103755),(13.1748225,-39.4000000,15.9325696),(13.1589310,-39.4000000,18.0103755),(13.1323899,-39.4000000,18.1290246),(13.1748225,-39.4000000,15.9325696),(13.1323899,-39.4000000,18.1290246),(13.0952325,-39.4000000,18.2416875),(13.1748225,-39.4000000,15.9325696),(13.0952325,-39.4000000,18.2416875),(13.0474587,-39.4000000,18.3483642),(13.1748225,-39.4000000,15.9325696),(13.0474587,-39.4000000,18.3483642),(12.9890685,-39.4000000,18.4490547),(13.1748225,-39.4000000,15.9325696),(12.9890685,-39.4000000,18.4490547),(12.9200618,-39.4000000,18.5437590),(13.1748225,-39.4000000,15.9325696),(12.9200618,-39.4000000,18.5437590),(12.8404388,-39.4000000,18.6324771),(13.1748225,-39.4000000,15.9325696),(12.8404388,-39.4000000,18.6324771),(12.7637592,-39.4000000,18.7041627),(13.1748225,-39.4000000,15.9325696),(12.7637592,-39.4000000,18.7041627),(12.6840039,-39.4000000,18.7662901),(13.1748225,-39.4000000,15.9325696),(12.6840039,-39.4000000,18.7662901),(12.6011727,-39.4000000,18.8188595),(12.6011727,-39.4000000,18.8188595),(12.5152658,-39.4000000,18.8618709),(12.4262832,-39.4000000,18.8953241),(12.6011727,-39.4000000,18.8188595),(12.4262832,-39.4000000,18.8953241),(12.3342247,-39.4000000,18.9192193),(12.6011727,-39.4000000,18.8188595),(12.3342247,-39.4000000,18.9192193),(12.2390905,-39.4000000,18.9335564),(12.6011727,-39.4000000,18.8188595),(12.2390905,-39.4000000,18.9335564),(12.1408804,-39.4000000,18.9383354),(12.6011727,-39.4000000,18.8188595),(12.1408804,-39.4000000,18.9383354),(12.0437949,-39.4000000,18.9335564),(12.6011727,-39.4000000,18.8188595),(12.0437949,-39.4000000,18.9335564),(11.9493882,-39.4000000,18.9192193),(12.6011727,-39.4000000,18.8188595),(11.9493882,-39.4000000,18.9192193),(11.8576605,-39.4000000,18.8953241),(12.6011727,-39.4000000,18.8188595),(11.8576605,-39.4000000,18.8953241),(11.7686117,-39.4000000,18.8618709),(12.6011727,-39.4000000,18.8188595),(11.7686117,-39.4000000,18.8618709),(11.6822418,-39.4000000,18.8188595),(12.6011727,-39.4000000,18.8188595),(11.6822418,-39.4000000,18.8188595),(11.5985507,-39.4000000,18.7662901),(12.6011727,-39.4000000,18.8188595),(11.5985507,-39.4000000,18.7662901),(11.5175386,-39.4000000,18.7041627),(12.6011727,-39.4000000,18.8188595),(11.5175386,-39.4000000,18.7041627),(11.4392054,-39.4000000,18.6324771),(12.6011727,-39.4000000,18.8188595),(11.4392054,-39.4000000,18.6324771),(11.3595824,-39.4000000,18.5454953),(12.6011727,-39.4000000,18.8188595),(11.3595824,-39.4000000,18.5454953),(11.2905757,-39.4000000,18.4522959),(12.6011727,-39.4000000,18.8188595),(11.2905757,-39.4000000,18.4522959),(11.2321855,-39.4000000,18.3528787),(12.6011727,-39.4000000,18.8188595),(11.2321855,-39.4000000,18.3528787),(11.1844117,-39.4000000,18.2472438),(12.6011727,-39.4000000,18.8188595),(11.1844117,-39.4000000,18.2472438),(11.1472543,-39.4000000,18.1353912),(11.1472543,-39.4000000,18.1353912),(11.1207132,-39.4000000,18.0173209),(11.1047886,-39.4000000,17.8930328),(11.1472543,-39.4000000,18.1353912),(11.1047886,-39.4000000,17.8930328),(11.0994804,-39.4000000,17.7625271),(11.1472543,-39.4000000,18.1353912),(11.0994804,-39.4000000,17.7625271),(11.0994804,-39.4000000,17.7551188),(11.1472543,-39.4000000,18.1353912),(11.0994804,-39.4000000,17.7551188),(11.0994804,-39.4000000,16.0607271),(11.1472543,-39.4000000,18.1353912),(11.0994804,-39.4000000,16.0607271),(11.1047886,-39.4000000,15.9294111),(11.1472543,-39.4000000,18.1353912),(11.1047886,-39.4000000,15.9294111),(11.1207132,-39.4000000,15.8042797),(11.1472543,-39.4000000,18.1353912),(11.1207132,-39.4000000,15.8042797),(11.1472543,-39.4000000,15.6853330),(11.1472543,-39.4000000,18.1353912),(11.1472543,-39.4000000,15.6853330),(11.1844117,-39.4000000,15.5725709),(11.1472543,-39.4000000,18.1353912),(11.1844117,-39.4000000,15.5725709),(11.2321855,-39.4000000,15.4659934),(11.1472543,-39.4000000,18.1353912),(11.2321855,-39.4000000,15.4659934),(11.2905757,-39.4000000,15.3656005),(11.1472543,-39.4000000,18.1353912),(11.2905757,-39.4000000,15.3656005),(11.3595824,-39.4000000,15.2713923),(11.1472543,-39.4000000,18.1353912),(11.3595824,-39.4000000,15.2713923),(11.4392054,-39.4000000,15.1833688),(11.4392054,-39.4000000,15.1833688),(11.7429471,-39.4000000,15.4797021),(11.6489539,-39.4000000,15.5960526),(11.4392054,-39.4000000,15.1833688),(11.6489539,-39.4000000,15.5960526),(11.5818158,-39.4000000,15.7323792),(11.4392054,-39.4000000,15.1833688),(11.5818158,-39.4000000,15.7323792),(11.5415330,-39.4000000,15.8886818),(11.1472543,-39.4000000,18.1353912),(11.4392054,-39.4000000,15.1833688),(11.5415330,-39.4000000,15.8886818),(11.1472543,-39.4000000,18.1353912),(11.5415330,-39.4000000,15.8886818),(11.5314623,-39.4000000,15.9743241),(11.1472543,-39.4000000,18.1353912),(11.5314623,-39.4000000,15.9743241),(11.5281054,-39.4000000,16.0649604),(11.1472543,-39.4000000,18.1353912),(11.5281054,-39.4000000,16.0649604),(11.5281054,-39.4000000,17.7625271),(11.1472543,-39.4000000,18.1353912),(11.5281054,-39.4000000,17.7625271),(11.5314293,-39.4000000,17.8508318),(11.1472543,-39.4000000,18.1353912),(11.5314293,-39.4000000,17.8508318),(11.5414007,-39.4000000,17.9342417),(11.1472543,-39.4000000,18.1353912),(11.5414007,-39.4000000,17.9342417),(11.5580199,-39.4000000,18.0127568),(11.1472543,-39.4000000,18.1353912),(11.5580199,-39.4000000,18.0127568),(11.5812867,-39.4000000,18.0863771),(11.1472543,-39.4000000,18.1353912),(11.5812867,-39.4000000,18.0863771),(11.6477632,-39.4000000,18.2189334),(11.1472543,-39.4000000,18.1353912),(11.6477632,-39.4000000,18.2189334),(11.7408304,-39.4000000,18.3319104),(11.1472543,-39.4000000,18.1353912),(11.7408304,-39.4000000,18.3319104),(11.8360804,-39.4000000,18.4106240),(11.1472543,-39.4000000,18.1353912),(11.8360804,-39.4000000,18.4106240),(11.9345054,-39.4000000,18.4668479),(12.6011727,-39.4000000,18.8188595),(11.1472543,-39.4000000,18.1353912),(11.9345054,-39.4000000,18.4668479),(12.6011727,-39.4000000,18.8188595),(11.9345054,-39.4000000,18.4668479),(12.0361054,-39.4000000,18.5005823),(12.6011727,-39.4000000,18.8188595),(12.0361054,-39.4000000,18.5005823),(12.1408804,-39.4000000,18.5118271),(12.6011727,-39.4000000,18.8188595),(12.1408804,-39.4000000,18.5118271),(12.2499549,-39.4000000,18.5005823),(12.6011727,-39.4000000,18.8188595),(12.2499549,-39.4000000,18.5005823),(12.3528117,-39.4000000,18.4668479),(12.6011727,-39.4000000,18.8188595),(12.3528117,-39.4000000,18.4668479),(12.4494507,-39.4000000,18.4106240),(12.6011727,-39.4000000,18.8188595),(12.4494507,-39.4000000,18.4106240),(12.5398721,-39.4000000,18.3319104),(12.6011727,-39.4000000,18.8188595),(12.5398721,-39.4000000,18.3319104),(12.6329393,-39.4000000,18.2133110),(12.6011727,-39.4000000,18.8188595),(12.6329393,-39.4000000,18.2133110),(12.6994158,-39.4000000,18.0776459),(12.6011727,-39.4000000,18.8188595),(12.6994158,-39.4000000,18.0776459),(12.7393018,-39.4000000,17.9249151),(13.1748225,-39.4000000,15.9325696),(12.6011727,-39.4000000,18.8188595),(12.7393018,-39.4000000,17.9249151),(13.1748225,-39.4000000,15.9325696),(12.7393018,-39.4000000,17.9249151),(12.7492733,-39.4000000,17.8421502),(13.1748225,-39.4000000,15.9325696),(12.7492733,-39.4000000,17.8421502),(12.7525971,-39.4000000,17.7551188),(13.1748225,-39.4000000,15.9325696),(12.7525971,-39.4000000,17.7551188),(12.7525971,-39.4000000,16.0649604),(13.1748225,-39.4000000,15.9325696),(12.7525971,-39.4000000,16.0649604),(12.7492733,-39.4000000,15.9753163),(13.1748225,-39.4000000,15.9325696),(12.7492733,-39.4000000,15.9753163),(12.7393018,-39.4000000,15.8905339),(13.1748225,-39.4000000,15.9325696),(12.7393018,-39.4000000,15.8905339),(12.7226826,-39.4000000,15.8106132),(13.1748225,-39.4000000,15.9325696),(12.7226826,-39.4000000,15.8106132),(12.6994158,-39.4000000,15.7355542),(13.1748225,-39.4000000,15.9325696),(12.6994158,-39.4000000,15.7355542),(12.6329393,-39.4000000,15.6000214),(13.1748225,-39.4000000,15.9325696),(12.6329393,-39.4000000,15.6000214),(12.5398721,-39.4000000,15.4839354),(13.1748225,-39.4000000,15.9325696),(12.5398721,-39.4000000,15.4839354),(12.4486570,-39.4000000,15.4061479),(11.8344929,-39.4000000,15.4037667),(11.7429471,-39.4000000,15.4797021),(11.4392054,-39.4000000,15.1833688),(11.9313304,-39.4000000,15.3495271),(11.8344929,-39.4000000,15.4037667),(11.4392054,-39.4000000,15.1833688),(12.0334596,-39.4000000,15.3169834),(11.9313304,-39.4000000,15.3495271),(11.4392054,-39.4000000,15.1833688),(12.1408804,-39.4000000,15.3061354),(12.0334596,-39.4000000,15.3169834),(11.4392054,-39.4000000,15.1833688),(12.2491612,-39.4000000,15.3172479),(12.1408804,-39.4000000,15.3061354),(11.4392054,-39.4000000,15.1833688),(12.2491612,-39.4000000,15.3172479),(11.4392054,-39.4000000,15.1833688),(11.5160834,-39.4000000,15.1126754),(12.2491612,-39.4000000,15.3172479),(11.5160834,-39.4000000,15.1126754),(11.5959049,-39.4000000,15.0514078),(12.3517533,-39.4000000,15.3505854),(12.2491612,-39.4000000,15.3172479),(11.5959049,-39.4000000,15.0514078),(12.3517533,-39.4000000,15.3505854),(11.5959049,-39.4000000,15.0514078),(11.6786699,-39.4000000,14.9995660),(12.3517533,-39.4000000,15.3505854),(11.6786699,-39.4000000,14.9995660),(11.7643783,-39.4000000,14.9571500),(12.4486570,-39.4000000,15.4061479),(12.3517533,-39.4000000,15.3505854),(11.7643783,-39.4000000,14.9571500),(12.4486570,-39.4000000,15.4061479),(11.7643783,-39.4000000,14.9571500),(11.8530303,-39.4000000,14.9241598),(13.1748225,-39.4000000,15.9325696),(12.4486570,-39.4000000,15.4061479),(11.8530303,-39.4000000,14.9241598),(13.1748225,-39.4000000,15.9325696),(11.8530303,-39.4000000,14.9241598),(11.9446257,-39.4000000,14.9005953),(13.1748225,-39.4000000,15.9325696),(11.9446257,-39.4000000,14.9005953),(12.0391647,-39.4000000,14.8864567),(13.1748225,-39.4000000,15.9325696),(12.0391647,-39.4000000,14.8864567),(12.1366471,-39.4000000,14.8817438),(13.1748225,-39.4000000,15.9325696),(12.1366471,-39.4000000,14.8817438),(12.2358162,-39.4000000,14.8863740),(13.1748225,-39.4000000,15.9325696),(12.2358162,-39.4000000,14.8863740),(12.3317112,-39.4000000,14.9002646),(13.1748225,-39.4000000,15.9325696),(12.3317112,-39.4000000,14.9002646),(12.4243319,-39.4000000,14.9234156),(13.1748225,-39.4000000,15.9325696),(12.4243319,-39.4000000,14.9234156),(12.5136783,-39.4000000,14.9558271),(13.1748225,-39.4000000,15.9325696),(12.5136783,-39.4000000,14.9558271),(12.5997506,-39.4000000,14.9974990),(13.1748225,-39.4000000,15.9325696),(12.5997506,-39.4000000,14.9974990),(12.6825487,-39.4000000,15.0484313),(13.1748225,-39.4000000,15.9325696),(12.6825487,-39.4000000,15.0484313),(12.7620725,-39.4000000,15.1086240),(13.1748225,-39.4000000,15.9325696),(12.7620725,-39.4000000,15.1086240),(12.8383221,-39.4000000,15.1780771),(13.1748225,-39.4000000,15.9325696),(12.8383221,-39.4000000,15.1780771),(12.9184412,-39.4000000,15.2674071),(13.1748225,-39.4000000,15.9325696),(12.9184412,-39.4000000,15.2674071),(12.9878778,-39.4000000,15.3628886),(13.1748225,-39.4000000,15.9325696),(12.9878778,-39.4000000,15.3628886),(13.0466319,-39.4000000,15.4645216),(13.1748225,-39.4000000,15.9325696),(13.0466319,-39.4000000,15.4645216),(13.0947033,-39.4000000,15.5723063),(13.1748225,-39.4000000,15.9325696),(13.0947033,-39.4000000,15.5723063),(13.1320923,-39.4000000,15.6862425),(13.1748225,-39.4000000,15.9325696),(13.1320923,-39.4000000,15.6862425),(13.1587987,-39.4000000,15.8063302),(2.4677138,-39.4000000,18.8060438),(2.3936304,-39.4000000,18.8991771),(2.2634554,-39.4000000,18.9341021),(2.4677138,-39.4000000,18.8060438),(2.2634554,-39.4000000,18.9341021),(2.1864617,-39.4000000,18.9190209),(2.4677138,-39.4000000,18.8060438),(2.1864617,-39.4000000,18.9190209),(2.1205804,-39.4000000,18.8737771),(2.4677138,-39.4000000,18.8060438),(2.1205804,-39.4000000,18.8737771),(2.0753367,-39.4000000,18.8052500),(2.4677138,-39.4000000,18.8060438),(2.0753367,-39.4000000,18.8052500),(2.0602554,-39.4000000,18.7203188),(2.4677138,-39.4000000,18.8060438),(2.0602554,-39.4000000,18.7203188),(2.0602554,-39.4000000,15.0934104),(2.4677138,-39.4000000,18.8060438),(2.0602554,-39.4000000,15.0934104),(2.0766596,-39.4000000,15.0111250),(2.4677138,-39.4000000,18.8060438),(2.0766596,-39.4000000,15.0111250),(2.1258721,-39.4000000,14.9420688),(2.4677138,-39.4000000,18.8060438),(2.1258721,-39.4000000,14.9420688),(2.1933408,-39.4000000,14.8968250),(2.4677138,-39.4000000,18.8060438),(2.1933408,-39.4000000,14.8968250),(2.2750971,-39.4000000,14.8817438),(2.4677138,-39.4000000,18.8060438),(2.2750971,-39.4000000,14.8817438),(2.3568533,-39.4000000,14.8968250),(2.4677138,-39.4000000,18.8060438),(2.3568533,-39.4000000,14.8968250),(2.4243221,-39.4000000,14.9420688),(2.4677138,-39.4000000,18.8060438),(2.4243221,-39.4000000,14.9420688),(2.4711533,-39.4000000,15.0111250),(2.4677138,-39.4000000,18.8060438),(2.4711533,-39.4000000,15.0111250),(2.4867638,-39.4000000,15.0934104),(2.4677138,-39.4000000,18.8060438),(2.4867638,-39.4000000,15.0934104),(2.4867638,-39.4000000,17.5582688),(2.4677138,-39.4000000,18.8060438),(2.4867638,-39.4000000,17.5582688),(3.3895221,-39.4000000,15.0119188),(2.4677138,-39.4000000,18.8060438),(3.3895221,-39.4000000,15.0119188),(3.4617533,-39.4000000,14.9142875),(2.4677138,-39.4000000,18.8060438),(3.4617533,-39.4000000,14.9142875),(3.5853138,-39.4000000,14.8817438),(2.4677138,-39.4000000,18.8060438),(3.5853138,-39.4000000,14.8817438),(3.7088742,-39.4000000,14.9142875),(2.4677138,-39.4000000,18.8060438),(3.7088742,-39.4000000,14.9142875),(3.7811054,-39.4000000,15.0119188),(4.6838638,-39.4000000,17.5582688),(4.6838638,-39.4000000,15.0934104),(4.6994742,-39.4000000,14.9799042),(4.6838638,-39.4000000,17.5582688),(4.6994742,-39.4000000,14.9799042),(4.7463054,-39.4000000,14.9420688),(4.6838638,-39.4000000,17.5582688),(4.7463054,-39.4000000,14.9420688),(4.8944721,-39.4000000,14.8817438),(4.6838638,-39.4000000,17.5582688),(4.8944721,-39.4000000,14.8817438),(4.9272804,-39.4000000,14.8701021),(4.6838638,-39.4000000,17.5582688),(4.9272804,-39.4000000,14.8701021),(5.0468721,-39.4000000,14.9420688),(4.6838638,-39.4000000,17.5582688),(5.0468721,-39.4000000,14.9420688),(5.0921158,-39.4000000,15.0100667),(4.6838638,-39.4000000,17.5582688),(5.0921158,-39.4000000,15.0100667),(5.1071971,-39.4000000,15.0934104),(4.6838638,-39.4000000,17.5582688),(5.1071971,-39.4000000,15.0934104),(5.1071971,-39.4000000,18.7203188),(4.6838638,-39.4000000,17.5582688),(5.1071971,-39.4000000,18.7203188),(5.0921158,-39.4000000,18.8012813),(3.7811054,-39.4000000,15.0119188),(4.6838638,-39.4000000,17.5582688),(5.0921158,-39.4000000,18.8012813),(3.7811054,-39.4000000,15.0119188),(5.0921158,-39.4000000,18.8012813),(5.0468721,-39.4000000,18.8684854),(3.7811054,-39.4000000,15.0119188),(5.0468721,-39.4000000,18.8684854),(4.9804617,-39.4000000,18.9176979),(3.7811054,-39.4000000,15.0119188),(4.9804617,-39.4000000,18.9176979),(4.9061138,-39.4000000,18.9341021),(3.7811054,-39.4000000,15.0119188),(4.9061138,-39.4000000,18.9341021),(4.7791138,-39.4000000,18.8991771),(3.7811054,-39.4000000,15.0119188),(4.7791138,-39.4000000,18.8991771),(4.6997388,-39.4000000,18.8018104),(3.7811054,-39.4000000,15.0119188),(4.6997388,-39.4000000,18.8018104),(3.5842554,-39.4000000,15.7506354),(2.4677138,-39.4000000,18.8060438),(3.7811054,-39.4000000,15.0119188),(3.5842554,-39.4000000,15.7506354),(14.7285054,-39.4000000,15.8014354),(14.7306221,-39.4000000,15.7527521),(14.7545504,-39.4000000,15.6606606),(14.7285054,-39.4000000,15.8014354),(14.7545504,-39.4000000,15.6606606),(14.7824143,-39.4000000,15.5743568),(14.7285054,-39.4000000,15.8014354),(14.7824143,-39.4000000,15.5743568),(14.8142139,-39.4000000,15.4938408),(14.7285054,-39.4000000,15.8014354),(14.8142139,-39.4000000,15.4938408),(14.8499492,-39.4000000,15.4191125),(14.7285054,-39.4000000,15.8014354),(14.8499492,-39.4000000,15.4191125),(14.8896201,-39.4000000,15.3501720),(14.7285054,-39.4000000,15.8014354),(14.8896201,-39.4000000,15.3501720),(14.9332268,-39.4000000,15.2870193),(14.7285054,-39.4000000,15.8014354),(14.9332268,-39.4000000,15.2870193),(15.0322471,-39.4000000,15.1780771),(14.7285054,-39.4000000,15.8014354),(15.0322471,-39.4000000,15.1780771),(15.1132261,-39.4000000,15.1086240),(14.7285054,-39.4000000,15.8014354),(15.1132261,-39.4000000,15.1086240),(15.1963549,-39.4000000,15.0484313),(14.7285054,-39.4000000,15.8014354),(15.1963549,-39.4000000,15.0484313),(15.2816334,-39.4000000,14.9974990),(14.7285054,-39.4000000,15.8014354),(15.2816334,-39.4000000,14.9974990),(15.3690617,-39.4000000,14.9558271),(14.7285054,-39.4000000,15.8014354),(15.3690617,-39.4000000,14.9558271),(15.4586397,-39.4000000,14.9234156),(14.7285054,-39.4000000,15.8014354),(15.4586397,-39.4000000,14.9234156),(15.5503674,-39.4000000,14.9002646),(14.7285054,-39.4000000,15.8014354),(15.5503674,-39.4000000,14.9002646),(15.6442449,-39.4000000,14.8863740),(14.7285054,-39.4000000,15.8014354),(15.6442449,-39.4000000,14.8863740),(15.7402721,-39.4000000,14.8817438),(14.7285054,-39.4000000,15.8014354),(15.7402721,-39.4000000,14.8817438),(15.8355221,-39.4000000,14.8864567),(14.7285054,-39.4000000,15.8014354),(15.8355221,-39.4000000,14.8864567),(15.9281263,-39.4000000,14.9005953),(14.7285054,-39.4000000,15.8014354),(15.9281263,-39.4000000,14.9005953),(16.0180846,-39.4000000,14.9241598),(14.7285054,-39.4000000,15.8014354),(16.0180846,-39.4000000,14.9241598),(16.1053971,-39.4000000,14.9571500),(16.1053971,-39.4000000,14.9571500),(16.1900638,-39.4000000,14.9995660),(16.2720846,-39.4000000,15.0514078),(16.1053971,-39.4000000,14.9571500),(16.2720846,-39.4000000,15.0514078),(16.3514596,-39.4000000,15.1126754),(16.1053971,-39.4000000,14.9571500),(16.3514596,-39.4000000,15.1126754),(16.4281888,-39.4000000,15.1833688),(16.1053971,-39.4000000,14.9571500),(16.4281888,-39.4000000,15.1833688),(16.5083079,-39.4000000,15.2716073),(16.1053971,-39.4000000,14.9571500),(16.5083079,-39.4000000,15.2716073),(16.5777445,-39.4000000,15.3664604),(16.1053971,-39.4000000,14.9571500),(16.5777445,-39.4000000,15.3664604),(16.6364985,-39.4000000,15.4679281),(16.1053971,-39.4000000,14.9571500),(16.6364985,-39.4000000,15.4679281),(16.6845700,-39.4000000,15.5760104),(16.1053971,-39.4000000,14.9571500),(16.6845700,-39.4000000,15.5760104),(16.7219589,-39.4000000,15.6907073),(16.1053971,-39.4000000,14.9571500),(16.7219589,-39.4000000,15.6907073),(16.7486653,-39.4000000,15.8120188),(16.1053971,-39.4000000,14.9571500),(16.7486653,-39.4000000,15.8120188),(16.7646892,-39.4000000,15.9399448),(16.1053971,-39.4000000,14.9571500),(16.7646892,-39.4000000,15.9399448),(16.7700304,-39.4000000,16.0744854),(16.1053971,-39.4000000,14.9571500),(16.7700304,-39.4000000,16.0744854),(16.7687406,-39.4000000,16.1777680),(16.1053971,-39.4000000,14.9571500),(16.7687406,-39.4000000,16.1777680),(16.7648711,-39.4000000,16.2770074),(16.1053971,-39.4000000,14.9571500),(16.7648711,-39.4000000,16.2770074),(16.7584218,-39.4000000,16.3722037),(16.1053971,-39.4000000,14.9571500),(16.7584218,-39.4000000,16.3722037),(16.7493929,-39.4000000,16.4633568),(16.1053971,-39.4000000,14.9571500),(16.7493929,-39.4000000,16.4633568),(16.7377843,-39.4000000,16.5504667),(16.1053971,-39.4000000,14.9571500),(16.7377843,-39.4000000,16.5504667),(16.7235961,-39.4000000,16.6335335),(16.1053971,-39.4000000,14.9571500),(16.7235961,-39.4000000,16.6335335),(16.7068281,-39.4000000,16.7125571),(16.1053971,-39.4000000,14.9571500),(16.7068281,-39.4000000,16.7125571),(16.6874804,-39.4000000,16.7875375),(16.1053971,-39.4000000,14.9571500),(16.6874804,-39.4000000,16.7875375),(16.6410461,-39.4000000,16.9253689),(16.6410461,-39.4000000,16.9253689),(16.5842929,-39.4000000,17.0470276),(16.5172211,-39.4000000,17.1525137),(16.6410461,-39.4000000,16.9253689),(16.5172211,-39.4000000,17.1525137),(16.4398304,-39.4000000,17.2418271),(16.6410461,-39.4000000,16.9253689),(16.4398304,-39.4000000,17.2418271),(16.3603397,-39.4000000,17.3112802),(16.6410461,-39.4000000,16.9253689),(16.3603397,-39.4000000,17.3112802),(16.2785007,-39.4000000,17.3714729),(16.6410461,-39.4000000,16.9253689),(16.2785007,-39.4000000,17.3714729),(16.1943136,-39.4000000,17.4224052),(16.6410461,-39.4000000,16.9253689),(16.1943136,-39.4000000,17.4224052),(16.1077783,-39.4000000,17.4640771),(16.6410461,-39.4000000,16.9253689),(16.1077783,-39.4000000,17.4640771),(16.0188949,-39.4000000,17.4964886),(16.6410461,-39.4000000,16.9253689),(16.0188949,-39.4000000,17.4964886),(15.9276632,-39.4000000,17.5196396),(16.6410461,-39.4000000,16.9253689),(15.9276632,-39.4000000,17.5196396),(15.8340834,-39.4000000,17.5335302),(16.6410461,-39.4000000,16.9253689),(15.8340834,-39.4000000,17.5335302),(15.7381554,-39.4000000,17.5381604),(16.6410461,-39.4000000,16.9253689),(15.7381554,-39.4000000,17.5381604),(15.6528438,-39.4000000,17.5349028),(16.6410461,-39.4000000,16.9253689),(15.6528438,-39.4000000,17.5349028),(15.5704757,-39.4000000,17.5251297),(16.6410461,-39.4000000,16.9253689),(15.5704757,-39.4000000,17.5251297),(15.4910511,-39.4000000,17.5088413),(16.6410461,-39.4000000,16.9253689),(15.4910511,-39.4000000,17.5088413),(15.4145700,-39.4000000,17.4860375),(16.6410461,-39.4000000,16.9253689),(15.4145700,-39.4000000,17.4860375),(15.2704382,-39.4000000,17.4208839),(16.6410461,-39.4000000,16.9253689),(15.2704382,-39.4000000,17.4208839),(15.1380804,-39.4000000,17.3296688),(15.1804138,-39.4000000,18.5075938),(16.4557054,-39.4000000,18.5075938),(16.5371971,-39.4000000,18.5234688),(15.1804138,-39.4000000,18.5075938),(16.5371971,-39.4000000,18.5234688),(16.6059888,-39.4000000,18.5710938),(15.1804138,-39.4000000,18.5075938),(16.6059888,-39.4000000,18.5710938),(16.6528200,-39.4000000,18.6404146),(15.1804138,-39.4000000,18.5075938),(16.6528200,-39.4000000,18.6404146),(16.6684304,-39.4000000,18.7213771),(15.1804138,-39.4000000,18.5075938),(16.6684304,-39.4000000,18.7213771),(16.6528200,-39.4000000,18.8020750),(15.1804138,-39.4000000,18.5075938),(16.6528200,-39.4000000,18.8020750),(16.6059888,-39.4000000,18.8706021),(15.1804138,-39.4000000,18.5075938),(16.6059888,-39.4000000,18.8706021),(16.5371971,-39.4000000,18.9182271),(15.1804138,-39.4000000,18.5075938),(16.5371971,-39.4000000,18.9182271),(16.4557054,-39.4000000,18.9341021),(15.1804138,-39.4000000,18.5075938),(16.4557054,-39.4000000,18.9341021),(14.9835638,-39.4000000,18.9341021),(15.1380804,-39.4000000,17.3296688),(15.1804138,-39.4000000,18.5075938),(14.9835638,-39.4000000,18.9341021),(15.1380804,-39.4000000,17.3296688),(14.9835638,-39.4000000,18.9341021),(14.9031304,-39.4000000,18.9200792),(15.1380804,-39.4000000,17.3296688),(14.9031304,-39.4000000,18.9200792),(14.8332804,-39.4000000,18.8780104),(15.1380804,-39.4000000,17.3296688),(14.8332804,-39.4000000,18.8780104),(14.7856554,-39.4000000,18.8129229),(15.1380804,-39.4000000,17.3296688),(14.7856554,-39.4000000,18.8129229),(14.7697804,-39.4000000,18.7340771),(15.1380804,-39.4000000,17.3296688),(14.7697804,-39.4000000,18.7340771),(14.6893471,-39.4000000,16.6692688),(15.1380804,-39.4000000,17.3296688),(14.6893471,-39.4000000,16.6692688),(14.7025763,-39.4000000,16.5898938),(15.1380804,-39.4000000,17.3296688),(14.7025763,-39.4000000,16.5898938),(14.7422638,-39.4000000,16.5189854),(15.1380804,-39.4000000,17.3296688),(14.7422638,-39.4000000,16.5189854),(14.8073513,-39.4000000,16.4650104),(15.1380804,-39.4000000,17.3296688),(14.8073513,-39.4000000,16.4650104),(14.8904304,-39.4000000,16.4470188),(15.1380804,-39.4000000,17.3296688),(14.8904304,-39.4000000,16.4470188),(14.9716575,-39.4000000,16.4605125),(15.1380804,-39.4000000,17.3296688),(14.9716575,-39.4000000,16.4605125),(15.0438888,-39.4000000,16.5009938),(15.1380804,-39.4000000,17.3296688),(15.0438888,-39.4000000,16.5009938),(15.1063304,-39.4000000,16.6025938),(15.1380804,-39.4000000,17.3296688),(15.1063304,-39.4000000,16.6025938),(15.1403294,-39.4000000,16.6877235),(15.1380804,-39.4000000,17.3296688),(15.1403294,-39.4000000,16.6877235),(15.1894096,-39.4000000,16.7716625),(15.1380804,-39.4000000,17.3296688),(15.1894096,-39.4000000,16.7716625),(15.2535711,-39.4000000,16.8544110),(15.1380804,-39.4000000,17.3296688),(15.2535711,-39.4000000,16.8544110),(15.3328138,-39.4000000,16.9359688),(15.1380804,-39.4000000,17.3296688),(15.3328138,-39.4000000,16.9359688),(15.4283945,-39.4000000,17.0137563),(15.1380804,-39.4000000,17.3296688),(15.4283945,-39.4000000,17.0137563),(15.5278117,-39.4000000,17.0693188),(15.1380804,-39.4000000,17.3296688),(15.5278117,-39.4000000,17.0693188),(15.6310653,-39.4000000,17.1026563),(15.1380804,-39.4000000,17.3296688),(15.6310653,-39.4000000,17.1026563),(15.7381554,-39.4000000,17.1137688),(15.1380804,-39.4000000,17.3296688),(15.7381554,-39.4000000,17.1137688),(15.8446502,-39.4000000,17.1026563),(16.6410461,-39.4000000,16.9253689),(15.1380804,-39.4000000,17.3296688),(15.8446502,-39.4000000,17.1026563),(16.6410461,-39.4000000,16.9253689),(15.8446502,-39.4000000,17.1026563),(15.9471763,-39.4000000,17.0693188),(16.6410461,-39.4000000,16.9253689),(15.9471763,-39.4000000,17.0693188),(16.0457336,-39.4000000,17.0137563),(16.6410461,-39.4000000,16.9253689),(16.0457336,-39.4000000,17.0137563),(16.1403221,-39.4000000,16.9359688),(16.6410461,-39.4000000,16.9253689),(16.1403221,-39.4000000,16.9359688),(16.2306112,-39.4000000,16.8073813),(16.6410461,-39.4000000,16.9253689),(16.2306112,-39.4000000,16.8073813),(16.2660819,-39.4000000,16.7212594),(16.6410461,-39.4000000,16.9253689),(16.2660819,-39.4000000,16.7212594),(16.2951033,-39.4000000,16.6205854),(16.6410461,-39.4000000,16.9253689),(16.2951033,-39.4000000,16.6205854),(16.3176756,-39.4000000,16.5053594),(16.6410461,-39.4000000,16.9253689),(16.3176756,-39.4000000,16.5053594),(16.3337987,-39.4000000,16.3755813),(16.6410461,-39.4000000,16.9253689),(16.3337987,-39.4000000,16.3755813),(16.3434725,-39.4000000,16.2312511),(16.6410461,-39.4000000,16.9253689),(16.3434725,-39.4000000,16.2312511),(16.3466971,-39.4000000,16.0723688),(16.6410461,-39.4000000,16.9253689),(16.3466971,-39.4000000,16.0723688),(16.3432575,-39.4000000,15.9809222),(16.6410461,-39.4000000,16.9253689),(16.3432575,-39.4000000,15.9809222),(16.3329388,-39.4000000,15.8944365),(16.6410461,-39.4000000,16.9253689),(16.3329388,-39.4000000,15.8944365),(16.3157408,-39.4000000,15.8129117),(16.1053971,-39.4000000,14.9571500),(16.6410461,-39.4000000,16.9253689),(16.3157408,-39.4000000,15.8129117),(16.1053971,-39.4000000,14.9571500),(16.3157408,-39.4000000,15.8129117),(16.2916638,-39.4000000,15.7363479),(16.1053971,-39.4000000,14.9571500),(16.2916638,-39.4000000,15.7363479),(16.2228721,-39.4000000,15.5981031),(16.1053971,-39.4000000,14.9571500),(16.2228721,-39.4000000,15.5981031),(16.1265638,-39.4000000,15.4797021),(16.1053971,-39.4000000,14.9571500),(16.1265638,-39.4000000,15.4797021),(16.0352825,-39.4000000,15.4037667),(16.1053971,-39.4000000,14.9571500),(16.0352825,-39.4000000,15.4037667),(15.9392388,-39.4000000,15.3495271),(16.1053971,-39.4000000,14.9571500),(15.9392388,-39.4000000,15.3495271),(15.8384325,-39.4000000,15.3169834),(16.1053971,-39.4000000,14.9571500),(15.8384325,-39.4000000,15.3169834),(15.7328638,-39.4000000,15.3061354),(16.1053971,-39.4000000,14.9571500),(15.7328638,-39.4000000,15.3061354),(15.6302716,-39.4000000,15.3173802),(16.1053971,-39.4000000,14.9571500),(15.6302716,-39.4000000,15.3173802),(15.5278117,-39.4000000,15.3511146),(16.1053971,-39.4000000,14.9571500),(15.5278117,-39.4000000,15.3511146),(15.4254841,-39.4000000,15.4073386),(14.7285054,-39.4000000,15.8014354),(16.1053971,-39.4000000,14.9571500),(15.4254841,-39.4000000,15.4073386),(14.7285054,-39.4000000,15.8014354),(15.4254841,-39.4000000,15.4073386),(15.3232888,-39.4000000,15.4860521),(14.7285054,-39.4000000,15.8014354),(15.3232888,-39.4000000,15.4860521),(15.2211596,-39.4000000,15.6289271),(14.7285054,-39.4000000,15.8014354),(15.2211596,-39.4000000,15.6289271),(15.1816044,-39.4000000,15.7289396),(14.7285054,-39.4000000,15.8014354),(15.1816044,-39.4000000,15.7289396),(15.1497221,-39.4000000,15.8480021),(14.7285054,-39.4000000,15.8014354),(15.1497221,-39.4000000,15.8480021),(15.1056690,-39.4000000,15.9206964),(14.7285054,-39.4000000,15.8014354),(15.1056690,-39.4000000,15.9206964),(15.0571179,-39.4000000,15.9726209),(14.7285054,-39.4000000,15.8014354),(15.0571179,-39.4000000,15.9726209),(14.9465221,-39.4000000,16.0141604),(14.7285054,-39.4000000,15.8014354),(14.9465221,-39.4000000,16.0141604),(14.9391138,-39.4000000,16.0141604),(14.7285054,-39.4000000,15.8014354),(14.9391138,-39.4000000,16.0141604),(14.8652289,-39.4000000,15.9984839),(14.7285054,-39.4000000,15.8014354),(14.8652289,-39.4000000,15.9984839),(14.8054992,-39.4000000,15.9578042),(7.3064138,-39.4000000,17.1698604),(7.3540388,-39.4000000,17.2185438),(7.4100974,-39.4000000,17.2961163),(7.3064138,-39.4000000,17.1698604),(7.4100974,-39.4000000,17.2961163),(7.4586815,-39.4000000,17.3774922),(7.3064138,-39.4000000,17.1698604),(7.4586815,-39.4000000,17.3774922),(7.4997911,-39.4000000,17.4626715),(7.3064138,-39.4000000,17.1698604),(7.4997911,-39.4000000,17.4626715),(7.5334263,-39.4000000,17.5516542),(7.3064138,-39.4000000,17.1698604),(7.5334263,-39.4000000,17.5516542),(7.5595869,-39.4000000,17.6444403),(7.3064138,-39.4000000,17.1698604),(7.5595869,-39.4000000,17.6444403),(7.5782731,-39.4000000,17.7410297),(7.3064138,-39.4000000,17.1698604),(7.5782731,-39.4000000,17.7410297),(7.5894849,-39.4000000,17.8414225),(7.3064138,-39.4000000,17.1698604),(7.5894849,-39.4000000,17.8414225),(7.5932221,-39.4000000,17.9456188),(7.3064138,-39.4000000,17.1698604),(7.5932221,-39.4000000,17.9456188),(7.5895014,-39.4000000,18.0497323),(7.3064138,-39.4000000,17.1698604),(7.5895014,-39.4000000,18.0497323),(7.5783393,-39.4000000,18.1493479),(7.3064138,-39.4000000,17.1698604),(7.5783393,-39.4000000,18.1493479),(7.5597358,-39.4000000,18.2444656),(7.3064138,-39.4000000,17.1698604),(7.5597358,-39.4000000,18.2444656),(7.5336908,-39.4000000,18.3350854),(7.3064138,-39.4000000,17.1698604),(7.5336908,-39.4000000,18.3350854),(7.5002045,-39.4000000,18.4212073),(7.3064138,-39.4000000,17.1698604),(7.5002045,-39.4000000,18.4212073),(7.4592768,-39.4000000,18.5028313),(7.3064138,-39.4000000,17.1698604),(7.4592768,-39.4000000,18.5028313),(7.4109076,-39.4000000,18.5799573),(7.3064138,-39.4000000,17.1698604),(7.4109076,-39.4000000,18.5799573),(7.3550971,-39.4000000,18.6525854),(7.3064138,-39.4000000,17.1698604),(7.3550971,-39.4000000,18.6525854),(7.2933500,-39.4000000,18.7185659),(7.3064138,-39.4000000,17.1698604),(7.2933500,-39.4000000,18.7185659),(7.2266419,-39.4000000,18.7757490),(7.3064138,-39.4000000,17.1698604),(7.2266419,-39.4000000,18.7757490),(7.1549729,-39.4000000,18.8241347),(7.3064138,-39.4000000,17.1698604),(7.1549729,-39.4000000,18.8241347),(7.0783429,-39.4000000,18.8637229),(7.0783429,-39.4000000,18.8637229),(6.9967520,-39.4000000,18.8945138),(6.9102002,-39.4000000,18.9165073),(7.0783429,-39.4000000,18.8637229),(6.9102002,-39.4000000,18.9165073),(6.8186875,-39.4000000,18.9297034),(7.0783429,-39.4000000,18.8637229),(6.8186875,-39.4000000,18.9297034),(6.7222138,-39.4000000,18.9341021),(7.0783429,-39.4000000,18.8637229),(6.7222138,-39.4000000,18.9341021),(6.6266992,-39.4000000,18.9297199),(7.0783429,-39.4000000,18.8637229),(6.6266992,-39.4000000,18.9297199),(6.5354179,-39.4000000,18.9165735),(7.0783429,-39.4000000,18.8637229),(6.5354179,-39.4000000,18.9165735),(6.4483700,-39.4000000,18.8946627),(7.0783429,-39.4000000,18.8637229),(6.4483700,-39.4000000,18.8946627),(6.3655554,-39.4000000,18.8639875),(7.0783429,-39.4000000,18.8637229),(6.3655554,-39.4000000,18.8639875),(6.2869742,-39.4000000,18.8245481),(7.0783429,-39.4000000,18.8637229),(6.2869742,-39.4000000,18.8245481),(6.2126263,-39.4000000,18.7763443),(7.0783429,-39.4000000,18.8637229),(6.2126263,-39.4000000,18.7763443),(6.1425117,-39.4000000,18.7193762),(7.0783429,-39.4000000,18.8637229),(6.1425117,-39.4000000,18.7193762),(6.0766304,-39.4000000,18.6536438),(7.0783429,-39.4000000,18.8637229),(6.0766304,-39.4000000,18.6536438),(6.0168511,-39.4000000,18.5812306),(7.0783429,-39.4000000,18.8637229),(6.0168511,-39.4000000,18.5812306),(5.9650424,-39.4000000,18.5042203),(7.0783429,-39.4000000,18.8637229),(5.9650424,-39.4000000,18.5042203),(5.9212043,-39.4000000,18.4226129),(7.0783429,-39.4000000,18.8637229),(5.9212043,-39.4000000,18.4226129),(5.8853367,-39.4000000,18.3364084),(7.0783429,-39.4000000,18.8637229),(5.8853367,-39.4000000,18.3364084),(5.8574397,-39.4000000,18.2456067),(7.0783429,-39.4000000,18.8637229),(5.8574397,-39.4000000,18.2456067),(5.8375132,-39.4000000,18.1502078),(7.0783429,-39.4000000,18.8637229),(5.8375132,-39.4000000,18.1502078),(5.8255574,-39.4000000,18.0502119),(5.8255574,-39.4000000,18.0502119),(5.8215721,-39.4000000,17.9456188),(5.8369179,-39.4000000,17.8633334),(5.8255574,-39.4000000,18.0502119),(5.8369179,-39.4000000,17.8633334),(5.8829554,-39.4000000,17.7942771),(5.8255574,-39.4000000,18.0502119),(5.8829554,-39.4000000,17.7942771),(5.9512179,-39.4000000,17.7474459),(5.8255574,-39.4000000,18.0502119),(5.9512179,-39.4000000,17.7474459),(6.0332388,-39.4000000,17.7318354),(5.8255574,-39.4000000,18.0502119),(6.0332388,-39.4000000,17.7318354),(6.1160533,-39.4000000,17.7474459),(5.8255574,-39.4000000,18.0502119),(6.1160533,-39.4000000,17.7474459),(6.1845804,-39.4000000,17.7942771),(5.8255574,-39.4000000,18.0502119),(6.1845804,-39.4000000,17.7942771),(6.2306179,-39.4000000,17.8633334),(5.8255574,-39.4000000,18.0502119),(6.2306179,-39.4000000,17.8633334),(6.2459638,-39.4000000,17.9456188),(5.8255574,-39.4000000,18.0502119),(6.2459638,-39.4000000,17.9456188),(6.2546289,-39.4000000,18.0718912),(5.8255574,-39.4000000,18.0502119),(6.2546289,-39.4000000,18.0718912),(6.2806242,-39.4000000,18.1829500),(5.8255574,-39.4000000,18.0502119),(6.2806242,-39.4000000,18.1829500),(6.3239497,-39.4000000,18.2787953),(5.8255574,-39.4000000,18.0502119),(6.3239497,-39.4000000,18.2787953),(6.3846054,-39.4000000,18.3594271),(5.8255574,-39.4000000,18.0502119),(6.3846054,-39.4000000,18.3594271),(6.4561091,-39.4000000,18.4242500),(7.0783429,-39.4000000,18.8637229),(5.8255574,-39.4000000,18.0502119),(6.4561091,-39.4000000,18.4242500),(7.0783429,-39.4000000,18.8637229),(6.4561091,-39.4000000,18.4242500),(6.5362117,-39.4000000,18.4705521),(7.0783429,-39.4000000,18.8637229),(6.5362117,-39.4000000,18.4705521),(6.6249132,-39.4000000,18.4983334),(7.0783429,-39.4000000,18.8637229),(6.6249132,-39.4000000,18.4983334),(6.7222138,-39.4000000,18.5075938),(7.0783429,-39.4000000,18.8637229),(6.7222138,-39.4000000,18.5075938),(6.8160747,-39.4000000,18.4983995),(7.0783429,-39.4000000,18.8637229),(6.8160747,-39.4000000,18.4983995),(6.9008075,-39.4000000,18.4708167),(7.0783429,-39.4000000,18.8637229),(6.9008075,-39.4000000,18.4708167),(6.9764122,-39.4000000,18.4248453),(7.0783429,-39.4000000,18.8637229),(6.9764122,-39.4000000,18.4248453),(7.0428888,-39.4000000,18.3604854),(7.0783429,-39.4000000,18.8637229),(7.0428888,-39.4000000,18.3604854),(7.0970622,-39.4000000,18.2793906),(7.0783429,-39.4000000,18.8637229),(7.0970622,-39.4000000,18.2793906),(7.1357575,-39.4000000,18.1832146),(7.0783429,-39.4000000,18.8637229),(7.1357575,-39.4000000,18.1832146),(7.1589747,-39.4000000,18.0719573),(7.3064138,-39.4000000,17.1698604),(7.0783429,-39.4000000,18.8637229),(7.1589747,-39.4000000,18.0719573),(7.3064138,-39.4000000,17.1698604),(7.1589747,-39.4000000,18.0719573),(7.1667138,-39.4000000,17.9456188),(7.3064138,-39.4000000,17.1698604),(7.1667138,-39.4000000,17.9456188),(7.1590408,-39.4000000,17.8175604),(7.3064138,-39.4000000,17.1698604),(7.1590408,-39.4000000,17.8175604),(7.1360221,-39.4000000,17.7022021),(7.3064138,-39.4000000,17.1698604),(7.1360221,-39.4000000,17.7022021),(7.0976575,-39.4000000,17.5995438),(7.3064138,-39.4000000,17.1698604),(7.0976575,-39.4000000,17.5995438),(7.0439471,-39.4000000,17.5095854),(7.3064138,-39.4000000,17.1698604),(7.0439471,-39.4000000,17.5095854),(6.9817039,-39.4000000,17.4447625),(7.3908158,-39.4000000,17.0936604),(7.3064138,-39.4000000,17.1698604),(6.9817039,-39.4000000,17.4447625),(7.3908158,-39.4000000,17.0936604),(6.9817039,-39.4000000,17.4447625),(6.9124492,-39.4000000,17.3984604),(7.3908158,-39.4000000,17.0936604),(6.9124492,-39.4000000,17.3984604),(6.8361830,-39.4000000,17.3706792),(7.3908158,-39.4000000,17.0936604),(6.8361830,-39.4000000,17.3706792),(6.7529054,-39.4000000,17.3614188),(7.3908158,-39.4000000,17.0936604),(6.7529054,-39.4000000,17.3614188),(6.7105721,-39.4000000,17.3614188),(7.3908158,-39.4000000,17.0936604),(6.7105721,-39.4000000,17.3614188),(6.6438971,-39.4000000,17.3614188),(7.3908158,-39.4000000,17.0936604),(6.6438971,-39.4000000,17.3614188),(6.5624054,-39.4000000,17.3458084),(7.3908158,-39.4000000,17.0936604),(6.5624054,-39.4000000,17.3458084),(6.4936138,-39.4000000,17.2989771),(7.3908158,-39.4000000,17.0936604),(6.4936138,-39.4000000,17.2989771),(6.4467825,-39.4000000,17.2304500),(7.3908158,-39.4000000,17.0936604),(6.4467825,-39.4000000,17.2304500),(6.4311721,-39.4000000,17.1497521),(7.3908158,-39.4000000,17.0936604),(6.4311721,-39.4000000,17.1497521),(6.4467825,-39.4000000,17.0687896),(7.3908158,-39.4000000,17.0936604),(6.4467825,-39.4000000,17.0687896),(6.4936138,-39.4000000,16.9994688),(7.3908158,-39.4000000,17.0936604),(6.4936138,-39.4000000,16.9994688),(6.5624054,-39.4000000,16.9518438),(7.3908158,-39.4000000,17.0936604),(6.5624054,-39.4000000,16.9518438),(6.6438971,-39.4000000,16.9359688),(7.3908158,-39.4000000,17.0936604),(6.6438971,-39.4000000,16.9359688),(6.7105721,-39.4000000,16.9359688),(7.3908158,-39.4000000,17.0936604),(6.7105721,-39.4000000,16.9359688),(6.8409455,-39.4000000,16.9220120),(7.3908158,-39.4000000,17.0936604),(6.8409455,-39.4000000,16.9220120),(6.9590158,-39.4000000,16.8801417),(7.3908158,-39.4000000,17.0936604),(6.9590158,-39.4000000,16.8801417),(7.0647830,-39.4000000,16.8103578),(7.3908158,-39.4000000,17.0936604),(7.0647830,-39.4000000,16.8103578),(7.1582471,-39.4000000,16.7126604),(7.3908158,-39.4000000,17.0936604),(7.1582471,-39.4000000,16.7126604),(7.2351086,-39.4000000,16.5914813),(7.3908158,-39.4000000,17.0936604),(7.2351086,-39.4000000,16.5914813),(7.2900096,-39.4000000,16.4512521),(7.3908158,-39.4000000,17.0936604),(7.2900096,-39.4000000,16.4512521),(7.3229502,-39.4000000,16.2919729),(7.3908158,-39.4000000,17.0936604),(7.3229502,-39.4000000,16.2919729),(7.3311854,-39.4000000,16.2051896),(7.3908158,-39.4000000,17.0936604),(7.3311854,-39.4000000,16.2051896),(7.3339304,-39.4000000,16.1136438),(7.3908158,-39.4000000,17.0936604),(7.3339304,-39.4000000,16.1136438),(7.3311523,-39.4000000,16.0229578),(6.1121507,-39.4000000,16.0781400),(6.1094388,-39.4000000,16.1782021),(6.0935638,-39.4000000,16.2602229),(6.1202867,-39.4000000,15.9837995),(6.1121507,-39.4000000,16.0781400),(6.0935638,-39.4000000,16.2602229),(6.1202867,-39.4000000,15.9837995),(6.0935638,-39.4000000,16.2602229),(6.0459388,-39.4000000,16.3284854),(6.1338466,-39.4000000,15.8951806),(6.1202867,-39.4000000,15.9837995),(6.0459388,-39.4000000,16.3284854),(6.1338466,-39.4000000,15.8951806),(6.0459388,-39.4000000,16.3284854),(5.9766179,-39.4000000,16.3745229),(6.1528304,-39.4000000,15.8122834),(6.1338466,-39.4000000,15.8951806),(5.9766179,-39.4000000,16.3745229),(6.1528304,-39.4000000,15.8122834),(5.9766179,-39.4000000,16.3745229),(5.8935388,-39.4000000,16.3898688),(6.2070700,-39.4000000,15.6636537),(6.1528304,-39.4000000,15.8122834),(5.8935388,-39.4000000,16.3898688),(6.2070700,-39.4000000,15.6636537),(5.8935388,-39.4000000,16.3898688),(5.8107242,-39.4000000,16.3745229),(6.2070700,-39.4000000,15.6636537),(5.8107242,-39.4000000,16.3745229),(5.7421971,-39.4000000,16.3284854),(6.2830054,-39.4000000,15.5379104),(6.2070700,-39.4000000,15.6636537),(5.7421971,-39.4000000,16.3284854),(6.2830054,-39.4000000,15.5379104),(5.7421971,-39.4000000,16.3284854),(5.6961596,-39.4000000,16.2602229),(6.2830054,-39.4000000,15.5379104),(5.6961596,-39.4000000,16.2602229),(5.6808138,-39.4000000,16.1782021),(6.3735591,-39.4000000,15.4383610),(6.2830054,-39.4000000,15.5379104),(5.6808138,-39.4000000,16.1782021),(6.3735591,-39.4000000,15.4383610),(5.6808138,-39.4000000,16.1782021),(5.6852290,-39.4000000,16.0412306),(6.3735591,-39.4000000,15.4383610),(5.6852290,-39.4000000,16.0412306),(5.6984747,-39.4000000,15.9102453),(6.3735591,-39.4000000,15.4383610),(5.6984747,-39.4000000,15.9102453),(5.7205509,-39.4000000,15.7852462),(6.4769450,-39.4000000,15.3672542),(6.3735591,-39.4000000,15.4383610),(5.7205509,-39.4000000,15.7852462),(6.4769450,-39.4000000,15.3672542),(5.7205509,-39.4000000,15.7852462),(5.7514575,-39.4000000,15.6662334),(6.4769450,-39.4000000,15.3672542),(5.7514575,-39.4000000,15.6662334),(5.7911946,-39.4000000,15.5532067),(6.5931632,-39.4000000,15.3245901),(6.4769450,-39.4000000,15.3672542),(5.7911946,-39.4000000,15.5532067),(6.5931632,-39.4000000,15.3245901),(5.7911946,-39.4000000,15.5532067),(5.8397622,-39.4000000,15.4461662),(6.5931632,-39.4000000,15.3245901),(5.8397622,-39.4000000,15.4461662),(5.8971602,-39.4000000,15.3451119),(6.7222138,-39.4000000,15.3103688),(6.5931632,-39.4000000,15.3245901),(5.8971602,-39.4000000,15.3451119),(6.7222138,-39.4000000,15.3103688),(5.8971602,-39.4000000,15.3451119),(5.9633888,-39.4000000,15.2500438),(6.7222138,-39.4000000,15.3103688),(5.9633888,-39.4000000,15.2500438),(6.0354381,-39.4000000,15.1644676),(6.8457742,-39.4000000,15.3237964),(6.7222138,-39.4000000,15.3103688),(6.0354381,-39.4000000,15.1644676),(6.8457742,-39.4000000,15.3237964),(6.0354381,-39.4000000,15.1644676),(6.1140028,-39.4000000,15.0903016),(6.8457742,-39.4000000,15.3237964),(6.1140028,-39.4000000,15.0903016),(6.1990829,-39.4000000,15.0275457),(6.9592804,-39.4000000,15.3640792),(6.8457742,-39.4000000,15.3237964),(6.1990829,-39.4000000,15.0275457),(6.9592804,-39.4000000,15.3640792),(6.1990829,-39.4000000,15.0275457),(6.2906783,-39.4000000,14.9762000),(6.9592804,-39.4000000,15.3640792),(6.2906783,-39.4000000,14.9762000),(6.3887892,-39.4000000,14.9362645),(7.0627325,-39.4000000,15.4312172),(6.9592804,-39.4000000,15.3640792),(6.3887892,-39.4000000,14.9362645),(7.0627325,-39.4000000,15.4312172),(6.3887892,-39.4000000,14.9362645),(6.4934153,-39.4000000,14.9077391),(7.0627325,-39.4000000,15.4312172),(6.4934153,-39.4000000,14.9077391),(6.6045569,-39.4000000,14.8906238),(7.1561304,-39.4000000,15.5252104),(7.0627325,-39.4000000,15.4312172),(6.6045569,-39.4000000,14.8906238),(7.1561304,-39.4000000,15.5252104),(6.6045569,-39.4000000,14.8906238),(6.7222138,-39.4000000,14.8849188),(7.1561304,-39.4000000,15.5252104),(6.7222138,-39.4000000,14.8849188),(6.8353397,-39.4000000,14.8904089),(7.2339179,-39.4000000,15.6429500),(7.1561304,-39.4000000,15.5252104),(6.8353397,-39.4000000,14.8904089),(7.2339179,-39.4000000,15.6429500),(6.8353397,-39.4000000,14.8904089),(6.9429424,-39.4000000,14.9068792),(7.2894804,-39.4000000,15.7802688),(7.2339179,-39.4000000,15.6429500),(6.9429424,-39.4000000,14.9068792),(7.2894804,-39.4000000,15.7802688),(6.9429424,-39.4000000,14.9068792),(7.0450220,-39.4000000,14.9343297),(7.2894804,-39.4000000,15.7802688),(7.0450220,-39.4000000,14.9343297),(7.1415783,-39.4000000,14.9727604),(7.3089273,-39.4000000,15.8562703),(7.2894804,-39.4000000,15.7802688),(7.1415783,-39.4000000,14.9727604),(7.3089273,-39.4000000,15.8562703),(7.1415783,-39.4000000,14.9727604),(7.2326116,-39.4000000,15.0221714),(7.3228179,-39.4000000,15.9371667),(7.3089273,-39.4000000,15.8562703),(7.2326116,-39.4000000,15.0221714),(7.3228179,-39.4000000,15.9371667),(7.2326116,-39.4000000,15.0221714),(7.3181216,-39.4000000,15.0825625),(7.3311523,-39.4000000,16.0229578),(7.3228179,-39.4000000,15.9371667),(7.3181216,-39.4000000,15.0825625),(7.3908158,-39.4000000,17.0936604),(7.3311523,-39.4000000,16.0229578),(7.3181216,-39.4000000,15.0825625),(7.3908158,-39.4000000,17.0936604),(7.3181216,-39.4000000,15.0825625),(7.3981084,-39.4000000,15.1539339),(7.3908158,-39.4000000,17.0936604),(7.3981084,-39.4000000,15.1539339),(7.4725721,-39.4000000,15.2362854),(7.3908158,-39.4000000,17.0936604),(7.4725721,-39.4000000,15.2362854),(7.5402889,-39.4000000,15.3275502),(7.3908158,-39.4000000,17.0936604),(7.5402889,-39.4000000,15.3275502),(7.5989768,-39.4000000,15.4240735),(7.3908158,-39.4000000,17.0936604),(7.5989768,-39.4000000,15.4240735),(7.6486358,-39.4000000,15.5258554),(7.3908158,-39.4000000,17.0936604),(7.6486358,-39.4000000,15.5258554),(7.6892658,-39.4000000,15.6328959),(7.3908158,-39.4000000,17.0936604),(7.6892658,-39.4000000,15.6328959),(7.7208670,-39.4000000,15.7451949),(7.3908158,-39.4000000,17.0936604),(7.7208670,-39.4000000,15.7451949),(7.7434393,-39.4000000,15.8627526),(7.3908158,-39.4000000,17.0936604),(7.7434393,-39.4000000,15.8627526),(7.7569826,-39.4000000,15.9855689),(7.3908158,-39.4000000,17.0936604),(7.7569826,-39.4000000,15.9855689),(7.7614971,-39.4000000,16.1136438),(7.3908158,-39.4000000,17.0936604),(7.7614971,-39.4000000,16.1136438),(7.7570157,-39.4000000,16.2430250),(7.3908158,-39.4000000,17.0936604),(7.7570157,-39.4000000,16.2430250),(7.7435716,-39.4000000,16.3671146),(7.3908158,-39.4000000,17.0936604),(7.7435716,-39.4000000,16.3671146),(7.7211647,-39.4000000,16.4859125),(7.3908158,-39.4000000,17.0936604),(7.7211647,-39.4000000,16.4859125),(7.6897950,-39.4000000,16.5994188),(7.3908158,-39.4000000,17.0936604),(7.6897950,-39.4000000,16.5994188),(7.6494626,-39.4000000,16.7076334),(7.3908158,-39.4000000,17.0936604),(7.6494626,-39.4000000,16.7076334),(7.6001674,-39.4000000,16.8105563),(7.3908158,-39.4000000,17.0936604),(7.6001674,-39.4000000,16.8105563),(7.5419095,-39.4000000,16.9081875),(7.3908158,-39.4000000,17.0936604),(7.5419095,-39.4000000,16.9081875),(7.4746888,-39.4000000,17.0005271),(8.6502325,-39.4000000,14.8566084),(8.7118804,-39.4000000,14.9124354),(9.4315471,-39.4000000,15.9083271),(9.4315471,-39.4000000,15.9083271),(10.1490971,-39.4000000,14.9124354),(10.2112742,-39.4000000,14.8566084),(9.4315471,-39.4000000,15.9083271),(10.2112742,-39.4000000,14.8566084),(10.2898554,-39.4000000,14.8288271),(9.4315471,-39.4000000,15.9083271),(10.2898554,-39.4000000,14.8288271),(10.3724054,-39.4000000,14.8312084),(9.4315471,-39.4000000,15.9083271),(10.3724054,-39.4000000,14.8312084),(10.4464888,-39.4000000,14.8658688),(9.4315471,-39.4000000,15.9083271),(10.4464888,-39.4000000,14.8658688),(10.5031096,-39.4000000,14.9256646),(9.4315471,-39.4000000,15.9083271),(10.5031096,-39.4000000,14.9256646),(10.5311554,-39.4000000,15.0034521),(9.4315471,-39.4000000,15.9083271),(10.5311554,-39.4000000,15.0034521),(10.5295679,-39.4000000,15.0865313),(9.4315471,-39.4000000,15.9083271),(10.5295679,-39.4000000,15.0865313),(10.4972888,-39.4000000,15.1622021),(9.4315471,-39.4000000,15.9083271),(10.4972888,-39.4000000,15.1622021),(9.6929554,-39.4000000,16.2734521),(8.6502325,-39.4000000,14.8566084),(9.4315471,-39.4000000,15.9083271),(9.6929554,-39.4000000,16.2734521),(8.6502325,-39.4000000,14.8566084),(9.6929554,-39.4000000,16.2734521),(10.4972888,-39.4000000,17.3825854),(8.6502325,-39.4000000,14.8566084),(10.4972888,-39.4000000,17.3825854),(10.5295679,-39.4000000,17.4566688),(8.6502325,-39.4000000,14.8566084),(10.5295679,-39.4000000,17.4566688),(10.5311554,-39.4000000,17.5392188),(8.6502325,-39.4000000,14.8566084),(10.5311554,-39.4000000,17.5392188),(10.5031096,-39.4000000,17.6172709),(8.6502325,-39.4000000,14.8566084),(10.5031096,-39.4000000,17.6172709),(10.4464888,-39.4000000,17.6778604),(8.6502325,-39.4000000,14.8566084),(10.4464888,-39.4000000,17.6778604),(10.3724054,-39.4000000,17.7133146),(8.6502325,-39.4000000,14.8566084),(10.3724054,-39.4000000,17.7133146),(10.2898554,-39.4000000,17.7159604),(8.6502325,-39.4000000,14.8566084),(10.2898554,-39.4000000,17.7159604),(10.2112742,-39.4000000,17.6876500),(8.6502325,-39.4000000,14.8566084),(10.2112742,-39.4000000,17.6876500),(10.1490971,-39.4000000,17.6302354),(8.6502325,-39.4000000,14.8566084),(10.1490971,-39.4000000,17.6302354),(9.4315471,-39.4000000,16.6343438),(9.4315471,-39.4000000,16.6343438),(8.7118804,-39.4000000,17.6302354),(8.6507617,-39.4000000,17.6887084),(9.4315471,-39.4000000,16.6343438),(8.6507617,-39.4000000,17.6887084),(8.5732388,-39.4000000,17.7159604),(9.4315471,-39.4000000,16.6343438),(8.5732388,-39.4000000,17.7159604),(8.4867200,-39.4000000,17.7135792),(9.4315471,-39.4000000,16.6343438),(8.4867200,-39.4000000,17.7135792),(8.4134304,-39.4000000,17.6789188),(9.4315471,-39.4000000,16.6343438),(8.4134304,-39.4000000,17.6789188),(8.3576033,-39.4000000,17.6183292),(9.4315471,-39.4000000,16.6343438),(8.3576033,-39.4000000,17.6183292),(8.3298221,-39.4000000,17.5423938),(9.4315471,-39.4000000,16.6343438),(8.3298221,-39.4000000,17.5423938),(8.3327325,-39.4000000,17.4574625),(9.4315471,-39.4000000,16.6343438),(8.3327325,-39.4000000,17.4574625),(8.3689804,-39.4000000,17.3825854),(9.4315471,-39.4000000,16.6343438),(8.3689804,-39.4000000,17.3825854),(9.1680221,-39.4000000,16.2734521),(8.6502325,-39.4000000,14.8566084),(9.4315471,-39.4000000,16.6343438),(9.1680221,-39.4000000,16.2734521),(8.6502325,-39.4000000,14.8566084),(9.1680221,-39.4000000,16.2734521),(8.3647471,-39.4000000,15.1622021),(8.6502325,-39.4000000,14.8566084),(8.3647471,-39.4000000,15.1622021),(8.3316742,-39.4000000,15.0867959),(8.6502325,-39.4000000,14.8566084),(8.3316742,-39.4000000,15.0867959),(8.3298221,-39.4000000,15.0045104),(8.6502325,-39.4000000,14.8566084),(8.3298221,-39.4000000,15.0045104),(8.3578679,-39.4000000,14.9232834),(8.6502325,-39.4000000,14.8566084),(8.3578679,-39.4000000,14.9232834),(8.4144888,-39.4000000,14.8637521),(8.6502325,-39.4000000,14.8566084),(8.4144888,-39.4000000,14.8637521),(8.4891013,-39.4000000,14.8306792),(8.6502325,-39.4000000,14.8566084),(8.4891013,-39.4000000,14.8306792),(8.5711221,-39.4000000,14.8288271),(13.6384221,-39.4000000,14.9121709),(13.7114471,-39.4000000,14.8055438),(13.8180742,-39.4000000,14.7325188),(13.6384221,-39.4000000,14.9121709),(13.8180742,-39.4000000,14.7325188),(13.9432221,-39.4000000,14.7081771),(13.6384221,-39.4000000,14.9121709),(13.9432221,-39.4000000,14.7081771),(14.0681054,-39.4000000,14.7325188),(13.6384221,-39.4000000,14.9121709),(14.0681054,-39.4000000,14.7325188),(14.1739388,-39.4000000,14.8055438),(13.6384221,-39.4000000,14.9121709),(14.1739388,-39.4000000,14.8055438),(14.2469638,-39.4000000,14.9121709),(13.6384221,-39.4000000,14.9121709),(14.2469638,-39.4000000,14.9121709),(14.2713054,-39.4000000,15.0373188),(13.6384221,-39.4000000,14.9121709),(14.2713054,-39.4000000,15.0373188),(14.2469638,-39.4000000,15.1624667),(13.6384221,-39.4000000,14.9121709),(14.2469638,-39.4000000,15.1624667),(14.1739388,-39.4000000,15.2690938),(13.6384221,-39.4000000,14.9121709),(14.1739388,-39.4000000,15.2690938),(14.0681054,-39.4000000,15.3421188),(13.6384221,-39.4000000,14.9121709),(14.0681054,-39.4000000,15.3421188),(13.9432221,-39.4000000,15.3664604),(13.6384221,-39.4000000,14.9121709),(13.9432221,-39.4000000,15.3664604),(13.8180742,-39.4000000,15.3421188),(13.6384221,-39.4000000,14.9121709),(13.8180742,-39.4000000,15.3421188),(13.7114471,-39.4000000,15.2690938),(13.6384221,-39.4000000,14.9121709),(13.7114471,-39.4000000,15.2690938),(13.6384221,-39.4000000,15.1624667),(13.6384221,-39.4000000,14.9121709),(13.6384221,-39.4000000,15.1624667),(13.6140804,-39.4000000,15.0373188),(31.4611808,-39.4000000,15.9315112),(31.4665221,-39.4000000,16.0639021),(31.4665221,-39.4000000,17.7540604),(31.4611808,-39.4000000,15.9315112),(31.4665221,-39.4000000,17.7540604),(31.4612139,-39.4000000,17.8846819),(31.4611808,-39.4000000,15.9315112),(31.4612139,-39.4000000,17.8846819),(31.4452893,-39.4000000,18.0093172),(31.4611808,-39.4000000,15.9315112),(31.4452893,-39.4000000,18.0093172),(31.4187483,-39.4000000,18.1279663),(31.4611808,-39.4000000,15.9315112),(31.4187483,-39.4000000,18.1279663),(31.3815908,-39.4000000,18.2406292),(31.4611808,-39.4000000,15.9315112),(31.3815908,-39.4000000,18.2406292),(31.3338170,-39.4000000,18.3473059),(31.4611808,-39.4000000,15.9315112),(31.3338170,-39.4000000,18.3473059),(31.2754268,-39.4000000,18.4479964),(31.4611808,-39.4000000,15.9315112),(31.2754268,-39.4000000,18.4479964),(31.2064201,-39.4000000,18.5427007),(31.4611808,-39.4000000,15.9315112),(31.2064201,-39.4000000,18.5427007),(31.1267971,-39.4000000,18.6314188),(31.4611808,-39.4000000,15.9315112),(31.1267971,-39.4000000,18.6314188),(31.0501175,-39.4000000,18.7031043),(31.4611808,-39.4000000,15.9315112),(31.0501175,-39.4000000,18.7031043),(30.9703622,-39.4000000,18.7652318),(31.4611808,-39.4000000,15.9315112),(30.9703622,-39.4000000,18.7652318),(30.8875311,-39.4000000,18.8178012),(30.8875311,-39.4000000,18.8178012),(30.8016242,-39.4000000,18.8608125),(30.7126415,-39.4000000,18.8942658),(30.8875311,-39.4000000,18.8178012),(30.7126415,-39.4000000,18.8942658),(30.6205830,-39.4000000,18.9181610),(30.8875311,-39.4000000,18.8178012),(30.6205830,-39.4000000,18.9181610),(30.5254488,-39.4000000,18.9324981),(30.8875311,-39.4000000,18.8178012),(30.5254488,-39.4000000,18.9324981),(30.4272388,-39.4000000,18.9372771),(30.8875311,-39.4000000,18.8178012),(30.4272388,-39.4000000,18.9372771),(30.3301532,-39.4000000,18.9324981),(30.8875311,-39.4000000,18.8178012),(30.3301532,-39.4000000,18.9324981),(30.2357466,-39.4000000,18.9181610),(30.8875311,-39.4000000,18.8178012),(30.2357466,-39.4000000,18.9181610),(30.1440188,-39.4000000,18.8942658),(30.8875311,-39.4000000,18.8178012),(30.1440188,-39.4000000,18.8942658),(30.0549700,-39.4000000,18.8608125),(30.8875311,-39.4000000,18.8178012),(30.0549700,-39.4000000,18.8608125),(29.9686001,-39.4000000,18.8178012),(30.8875311,-39.4000000,18.8178012),(29.9686001,-39.4000000,18.8178012),(29.8849091,-39.4000000,18.7652318),(30.8875311,-39.4000000,18.8178012),(29.8849091,-39.4000000,18.7652318),(29.8038970,-39.4000000,18.7031043),(30.8875311,-39.4000000,18.8178012),(29.8038970,-39.4000000,18.7031043),(29.7255638,-39.4000000,18.6314188),(30.8875311,-39.4000000,18.8178012),(29.7255638,-39.4000000,18.6314188),(29.6459407,-39.4000000,18.5444370),(30.8875311,-39.4000000,18.8178012),(29.6459407,-39.4000000,18.5444370),(29.5769341,-39.4000000,18.4512375),(30.8875311,-39.4000000,18.8178012),(29.5769341,-39.4000000,18.4512375),(29.5185438,-39.4000000,18.3518203),(30.8875311,-39.4000000,18.8178012),(29.5185438,-39.4000000,18.3518203),(29.4707700,-39.4000000,18.2461854),(30.8875311,-39.4000000,18.8178012),(29.4707700,-39.4000000,18.2461854),(29.4336126,-39.4000000,18.1343328),(29.4336126,-39.4000000,18.1343328),(29.4070716,-39.4000000,18.0162625),(29.3911470,-39.4000000,17.8919745),(29.4336126,-39.4000000,18.1343328),(29.3911470,-39.4000000,17.8919745),(29.3858388,-39.4000000,17.7614688),(29.4336126,-39.4000000,18.1343328),(29.3858388,-39.4000000,17.7614688),(29.3858388,-39.4000000,17.7540604),(29.4336126,-39.4000000,18.1343328),(29.3858388,-39.4000000,17.7540604),(29.3858388,-39.4000000,16.0596688),(29.4336126,-39.4000000,18.1343328),(29.3858388,-39.4000000,16.0596688),(29.3911470,-39.4000000,15.9283528),(29.4336126,-39.4000000,18.1343328),(29.3911470,-39.4000000,15.9283528),(29.4070716,-39.4000000,15.8032214),(29.4336126,-39.4000000,18.1343328),(29.4070716,-39.4000000,15.8032214),(29.4336126,-39.4000000,15.6842746),(29.4336126,-39.4000000,18.1343328),(29.4336126,-39.4000000,15.6842746),(29.4707700,-39.4000000,15.5715125),(29.4336126,-39.4000000,18.1343328),(29.4707700,-39.4000000,15.5715125),(29.5185438,-39.4000000,15.4649350),(29.4336126,-39.4000000,18.1343328),(29.5185438,-39.4000000,15.4649350),(29.5769341,-39.4000000,15.3645422),(29.4336126,-39.4000000,18.1343328),(29.5769341,-39.4000000,15.3645422),(29.6459407,-39.4000000,15.2703340),(29.4336126,-39.4000000,18.1343328),(29.6459407,-39.4000000,15.2703340),(29.7255638,-39.4000000,15.1823104),(29.7255638,-39.4000000,15.1823104),(30.0293054,-39.4000000,15.4786438),(29.9353122,-39.4000000,15.5949943),(29.7255638,-39.4000000,15.1823104),(29.9353122,-39.4000000,15.5949943),(29.8681742,-39.4000000,15.7313209),(29.7255638,-39.4000000,15.1823104),(29.8681742,-39.4000000,15.7313209),(29.8278914,-39.4000000,15.8876235),(29.4336126,-39.4000000,18.1343328),(29.7255638,-39.4000000,15.1823104),(29.8278914,-39.4000000,15.8876235),(29.4336126,-39.4000000,18.1343328),(29.8278914,-39.4000000,15.8876235),(29.8178207,-39.4000000,15.9732658),(29.4336126,-39.4000000,18.1343328),(29.8178207,-39.4000000,15.9732658),(29.8144638,-39.4000000,16.0639021),(29.4336126,-39.4000000,18.1343328),(29.8144638,-39.4000000,16.0639021),(29.8144638,-39.4000000,17.7614688),(29.4336126,-39.4000000,18.1343328),(29.8144638,-39.4000000,17.7614688),(29.8177876,-39.4000000,17.8497735),(29.4336126,-39.4000000,18.1343328),(29.8177876,-39.4000000,17.8497735),(29.8277591,-39.4000000,17.9331834),(29.4336126,-39.4000000,18.1343328),(29.8277591,-39.4000000,17.9331834),(29.8443782,-39.4000000,18.0116985),(29.4336126,-39.4000000,18.1343328),(29.8443782,-39.4000000,18.0116985),(29.8676450,-39.4000000,18.0853188),(29.4336126,-39.4000000,18.1343328),(29.8676450,-39.4000000,18.0853188),(29.9341216,-39.4000000,18.2178750),(29.4336126,-39.4000000,18.1343328),(29.9341216,-39.4000000,18.2178750),(30.0271888,-39.4000000,18.3308521),(29.4336126,-39.4000000,18.1343328),(30.0271888,-39.4000000,18.3308521),(30.1224388,-39.4000000,18.4095656),(29.4336126,-39.4000000,18.1343328),(30.1224388,-39.4000000,18.4095656),(30.2208638,-39.4000000,18.4657896),(30.8875311,-39.4000000,18.8178012),(29.4336126,-39.4000000,18.1343328),(30.2208638,-39.4000000,18.4657896),(30.8875311,-39.4000000,18.8178012),(30.2208638,-39.4000000,18.4657896),(30.3224638,-39.4000000,18.4995240),(30.8875311,-39.4000000,18.8178012),(30.3224638,-39.4000000,18.4995240),(30.4272388,-39.4000000,18.5107688),(30.8875311,-39.4000000,18.8178012),(30.4272388,-39.4000000,18.5107688),(30.5363132,-39.4000000,18.4995240),(30.8875311,-39.4000000,18.8178012),(30.5363132,-39.4000000,18.4995240),(30.6391700,-39.4000000,18.4657896),(30.8875311,-39.4000000,18.8178012),(30.6391700,-39.4000000,18.4657896),(30.7358091,-39.4000000,18.4095656),(30.8875311,-39.4000000,18.8178012),(30.7358091,-39.4000000,18.4095656),(30.8262304,-39.4000000,18.3308521),(30.8875311,-39.4000000,18.8178012),(30.8262304,-39.4000000,18.3308521),(30.9192976,-39.4000000,18.2122526),(30.8875311,-39.4000000,18.8178012),(30.9192976,-39.4000000,18.2122526),(30.9857742,-39.4000000,18.0765875),(30.8875311,-39.4000000,18.8178012),(30.9857742,-39.4000000,18.0765875),(31.0256601,-39.4000000,17.9238568),(31.4611808,-39.4000000,15.9315112),(30.8875311,-39.4000000,18.8178012),(31.0256601,-39.4000000,17.9238568),(31.4611808,-39.4000000,15.9315112),(31.0256601,-39.4000000,17.9238568),(31.0356316,-39.4000000,17.8410918),(31.4611808,-39.4000000,15.9315112),(31.0356316,-39.4000000,17.8410918),(31.0389554,-39.4000000,17.7540604),(31.4611808,-39.4000000,15.9315112),(31.0389554,-39.4000000,17.7540604),(31.0389554,-39.4000000,16.0639021),(31.4611808,-39.4000000,15.9315112),(31.0389554,-39.4000000,16.0639021),(31.0356316,-39.4000000,15.9742580),(31.4611808,-39.4000000,15.9315112),(31.0356316,-39.4000000,15.9742580),(31.0256601,-39.4000000,15.8894755),(31.4611808,-39.4000000,15.9315112),(31.0256601,-39.4000000,15.8894755),(31.0090410,-39.4000000,15.8095548),(31.4611808,-39.4000000,15.9315112),(31.0090410,-39.4000000,15.8095548),(30.9857742,-39.4000000,15.7344959),(31.4611808,-39.4000000,15.9315112),(30.9857742,-39.4000000,15.7344959),(30.9192976,-39.4000000,15.5989630),(31.4611808,-39.4000000,15.9315112),(30.9192976,-39.4000000,15.5989630),(30.8262304,-39.4000000,15.4828771),(31.4611808,-39.4000000,15.9315112),(30.8262304,-39.4000000,15.4828771),(30.7350153,-39.4000000,15.4050896),(30.1208513,-39.4000000,15.4027084),(30.0293054,-39.4000000,15.4786438),(29.7255638,-39.4000000,15.1823104),(30.2176888,-39.4000000,15.3484688),(30.1208513,-39.4000000,15.4027084),(29.7255638,-39.4000000,15.1823104),(30.3198179,-39.4000000,15.3159250),(30.2176888,-39.4000000,15.3484688),(29.7255638,-39.4000000,15.1823104),(30.4272388,-39.4000000,15.3050771),(30.3198179,-39.4000000,15.3159250),(29.7255638,-39.4000000,15.1823104),(30.5355195,-39.4000000,15.3161896),(30.4272388,-39.4000000,15.3050771),(29.7255638,-39.4000000,15.1823104),(30.5355195,-39.4000000,15.3161896),(29.7255638,-39.4000000,15.1823104),(29.8024418,-39.4000000,15.1116171),(30.5355195,-39.4000000,15.3161896),(29.8024418,-39.4000000,15.1116171),(29.8822632,-39.4000000,15.0503495),(30.6381117,-39.4000000,15.3495271),(30.5355195,-39.4000000,15.3161896),(29.8822632,-39.4000000,15.0503495),(30.6381117,-39.4000000,15.3495271),(29.8822632,-39.4000000,15.0503495),(29.9650282,-39.4000000,14.9985077),(30.6381117,-39.4000000,15.3495271),(29.9650282,-39.4000000,14.9985077),(30.0507367,-39.4000000,14.9560917),(30.7350153,-39.4000000,15.4050896),(30.6381117,-39.4000000,15.3495271),(30.0507367,-39.4000000,14.9560917),(30.7350153,-39.4000000,15.4050896),(30.0507367,-39.4000000,14.9560917),(30.1393886,-39.4000000,14.9231015),(31.4611808,-39.4000000,15.9315112),(30.7350153,-39.4000000,15.4050896),(30.1393886,-39.4000000,14.9231015),(31.4611808,-39.4000000,15.9315112),(30.1393886,-39.4000000,14.9231015),(30.2309841,-39.4000000,14.8995370),(31.4611808,-39.4000000,15.9315112),(30.2309841,-39.4000000,14.8995370),(30.3255230,-39.4000000,14.8853983),(31.4611808,-39.4000000,15.9315112),(30.3255230,-39.4000000,14.8853983),(30.4230054,-39.4000000,14.8806854),(31.4611808,-39.4000000,15.9315112),(30.4230054,-39.4000000,14.8806854),(30.5221746,-39.4000000,14.8853156),(31.4611808,-39.4000000,15.9315112),(30.5221746,-39.4000000,14.8853156),(30.6180695,-39.4000000,14.8992063),(31.4611808,-39.4000000,15.9315112),(30.6180695,-39.4000000,14.8992063),(30.7106902,-39.4000000,14.9223573),(31.4611808,-39.4000000,15.9315112),(30.7106902,-39.4000000,14.9223573),(30.8000367,-39.4000000,14.9547688),(31.4611808,-39.4000000,15.9315112),(30.8000367,-39.4000000,14.9547688),(30.8861089,-39.4000000,14.9964406),(31.4611808,-39.4000000,15.9315112),(30.8861089,-39.4000000,14.9964406),(30.9689070,-39.4000000,15.0473729),(31.4611808,-39.4000000,15.9315112),(30.9689070,-39.4000000,15.0473729),(31.0484308,-39.4000000,15.1075656),(31.4611808,-39.4000000,15.9315112),(31.0484308,-39.4000000,15.1075656),(31.1246804,-39.4000000,15.1770188),(31.4611808,-39.4000000,15.9315112),(31.1246804,-39.4000000,15.1770188),(31.2047996,-39.4000000,15.2663487),(31.4611808,-39.4000000,15.9315112),(31.2047996,-39.4000000,15.2663487),(31.2742362,-39.4000000,15.3618302),(31.4611808,-39.4000000,15.9315112),(31.2742362,-39.4000000,15.3618302),(31.3329902,-39.4000000,15.4634633),(31.4611808,-39.4000000,15.9315112),(31.3329902,-39.4000000,15.4634633),(31.3810617,-39.4000000,15.5712479),(31.4611808,-39.4000000,15.9315112),(31.3810617,-39.4000000,15.5712479),(31.4184506,-39.4000000,15.6851841),(31.4611808,-39.4000000,15.9315112),(31.4184506,-39.4000000,15.6851841),(31.4451570,-39.4000000,15.8052719),(27.8713142,-39.4000000,15.9315112),(27.8766554,-39.4000000,16.0639021),(27.8766554,-39.4000000,17.7540604),(27.8713142,-39.4000000,15.9315112),(27.8766554,-39.4000000,17.7540604),(27.8713472,-39.4000000,17.8846819),(27.8713142,-39.4000000,15.9315112),(27.8713472,-39.4000000,17.8846819),(27.8554226,-39.4000000,18.0093172),(27.8713142,-39.4000000,15.9315112),(27.8554226,-39.4000000,18.0093172),(27.8288816,-39.4000000,18.1279663),(27.8713142,-39.4000000,15.9315112),(27.8288816,-39.4000000,18.1279663),(27.7917242,-39.4000000,18.2406292),(27.8713142,-39.4000000,15.9315112),(27.7917242,-39.4000000,18.2406292),(27.7439504,-39.4000000,18.3473059),(27.8713142,-39.4000000,15.9315112),(27.7439504,-39.4000000,18.3473059),(27.6855601,-39.4000000,18.4479964),(27.8713142,-39.4000000,15.9315112),(27.6855601,-39.4000000,18.4479964),(27.6165535,-39.4000000,18.5427007),(27.8713142,-39.4000000,15.9315112),(27.6165535,-39.4000000,18.5427007),(27.5369304,-39.4000000,18.6314188),(27.8713142,-39.4000000,15.9315112),(27.5369304,-39.4000000,18.6314188),(27.4602509,-39.4000000,18.7031043),(27.8713142,-39.4000000,15.9315112),(27.4602509,-39.4000000,18.7031043),(27.3804955,-39.4000000,18.7652318),(27.8713142,-39.4000000,15.9315112),(27.3804955,-39.4000000,18.7652318),(27.2976644,-39.4000000,18.8178012),(27.2976644,-39.4000000,18.8178012),(27.2117575,-39.4000000,18.8608125),(27.1227748,-39.4000000,18.8942658),(27.2976644,-39.4000000,18.8178012),(27.1227748,-39.4000000,18.8942658),(27.0307164,-39.4000000,18.9181610),(27.2976644,-39.4000000,18.8178012),(27.0307164,-39.4000000,18.9181610),(26.9355821,-39.4000000,18.9324981),(27.2976644,-39.4000000,18.8178012),(26.9355821,-39.4000000,18.9324981),(26.8373721,-39.4000000,18.9372771),(27.2976644,-39.4000000,18.8178012),(26.8373721,-39.4000000,18.9372771),(26.7402866,-39.4000000,18.9324981),(27.2976644,-39.4000000,18.8178012),(26.7402866,-39.4000000,18.9324981),(26.6458799,-39.4000000,18.9181610),(27.2976644,-39.4000000,18.8178012),(26.6458799,-39.4000000,18.9181610),(26.5541522,-39.4000000,18.8942658),(27.2976644,-39.4000000,18.8178012),(26.5541522,-39.4000000,18.8942658),(26.4651033,-39.4000000,18.8608125),(27.2976644,-39.4000000,18.8178012),(26.4651033,-39.4000000,18.8608125),(26.3787334,-39.4000000,18.8178012),(27.2976644,-39.4000000,18.8178012),(26.3787334,-39.4000000,18.8178012),(26.2950424,-39.4000000,18.7652318),(27.2976644,-39.4000000,18.8178012),(26.2950424,-39.4000000,18.7652318),(26.2140303,-39.4000000,18.7031043),(27.2976644,-39.4000000,18.8178012),(26.2140303,-39.4000000,18.7031043),(26.1356971,-39.4000000,18.6314188),(27.2976644,-39.4000000,18.8178012),(26.1356971,-39.4000000,18.6314188),(26.0560741,-39.4000000,18.5444370),(27.2976644,-39.4000000,18.8178012),(26.0560741,-39.4000000,18.5444370),(25.9870674,-39.4000000,18.4512375),(27.2976644,-39.4000000,18.8178012),(25.9870674,-39.4000000,18.4512375),(25.9286772,-39.4000000,18.3518203),(27.2976644,-39.4000000,18.8178012),(25.9286772,-39.4000000,18.3518203),(25.8809033,-39.4000000,18.2461854),(27.2976644,-39.4000000,18.8178012),(25.8809033,-39.4000000,18.2461854),(25.8437459,-39.4000000,18.1343328),(25.8437459,-39.4000000,18.1343328),(25.8172049,-39.4000000,18.0162625),(25.8012803,-39.4000000,17.8919745),(25.8437459,-39.4000000,18.1343328),(25.8012803,-39.4000000,17.8919745),(25.7959721,-39.4000000,17.7614688),(25.8437459,-39.4000000,18.1343328),(25.7959721,-39.4000000,17.7614688),(25.7959721,-39.4000000,17.7540604),(25.8437459,-39.4000000,18.1343328),(25.7959721,-39.4000000,17.7540604),(25.7959721,-39.4000000,16.0596688),(25.8437459,-39.4000000,18.1343328),(25.7959721,-39.4000000,16.0596688),(25.8012803,-39.4000000,15.9283528),(25.8437459,-39.4000000,18.1343328),(25.8012803,-39.4000000,15.9283528),(25.8172049,-39.4000000,15.8032214),(25.8437459,-39.4000000,18.1343328),(25.8172049,-39.4000000,15.8032214),(25.8437459,-39.4000000,15.6842746),(25.8437459,-39.4000000,18.1343328),(25.8437459,-39.4000000,15.6842746),(25.8809033,-39.4000000,15.5715125),(25.8437459,-39.4000000,18.1343328),(25.8809033,-39.4000000,15.5715125),(25.9286772,-39.4000000,15.4649350),(25.8437459,-39.4000000,18.1343328),(25.9286772,-39.4000000,15.4649350),(25.9870674,-39.4000000,15.3645422),(25.8437459,-39.4000000,18.1343328),(25.9870674,-39.4000000,15.3645422),(26.0560741,-39.4000000,15.2703340),(25.8437459,-39.4000000,18.1343328),(26.0560741,-39.4000000,15.2703340),(26.1356971,-39.4000000,15.1823104),(26.1356971,-39.4000000,15.1823104),(26.4394388,-39.4000000,15.4786438),(26.3454455,-39.4000000,15.5949943),(26.1356971,-39.4000000,15.1823104),(26.3454455,-39.4000000,15.5949943),(26.2783075,-39.4000000,15.7313209),(26.1356971,-39.4000000,15.1823104),(26.2783075,-39.4000000,15.7313209),(26.2380247,-39.4000000,15.8876235),(25.8437459,-39.4000000,18.1343328),(26.1356971,-39.4000000,15.1823104),(26.2380247,-39.4000000,15.8876235),(25.8437459,-39.4000000,18.1343328),(26.2380247,-39.4000000,15.8876235),(26.2279540,-39.4000000,15.9732658),(25.8437459,-39.4000000,18.1343328),(26.2279540,-39.4000000,15.9732658),(26.2245971,-39.4000000,16.0639021),(25.8437459,-39.4000000,18.1343328),(26.2245971,-39.4000000,16.0639021),(26.2245971,-39.4000000,17.7614688),(25.8437459,-39.4000000,18.1343328),(26.2245971,-39.4000000,17.7614688),(26.2279209,-39.4000000,17.8497735),(25.8437459,-39.4000000,18.1343328),(26.2279209,-39.4000000,17.8497735),(26.2378924,-39.4000000,17.9331834),(25.8437459,-39.4000000,18.1343328),(26.2378924,-39.4000000,17.9331834),(26.2545116,-39.4000000,18.0116985),(25.8437459,-39.4000000,18.1343328),(26.2545116,-39.4000000,18.0116985),(26.2777783,-39.4000000,18.0853188),(25.8437459,-39.4000000,18.1343328),(26.2777783,-39.4000000,18.0853188),(26.3442549,-39.4000000,18.2178750),(25.8437459,-39.4000000,18.1343328),(26.3442549,-39.4000000,18.2178750),(26.4373221,-39.4000000,18.3308521),(25.8437459,-39.4000000,18.1343328),(26.4373221,-39.4000000,18.3308521),(26.5325721,-39.4000000,18.4095656),(25.8437459,-39.4000000,18.1343328),(26.5325721,-39.4000000,18.4095656),(26.6309971,-39.4000000,18.4657896),(27.2976644,-39.4000000,18.8178012),(25.8437459,-39.4000000,18.1343328),(26.6309971,-39.4000000,18.4657896),(27.2976644,-39.4000000,18.8178012),(26.6309971,-39.4000000,18.4657896),(26.7325971,-39.4000000,18.4995240),(27.2976644,-39.4000000,18.8178012),(26.7325971,-39.4000000,18.4995240),(26.8373721,-39.4000000,18.5107688),(27.2976644,-39.4000000,18.8178012),(26.8373721,-39.4000000,18.5107688),(26.9464466,-39.4000000,18.4995240),(27.2976644,-39.4000000,18.8178012),(26.9464466,-39.4000000,18.4995240),(27.0493033,-39.4000000,18.4657896),(27.2976644,-39.4000000,18.8178012),(27.0493033,-39.4000000,18.4657896),(27.1459424,-39.4000000,18.4095656),(27.2976644,-39.4000000,18.8178012),(27.1459424,-39.4000000,18.4095656),(27.2363638,-39.4000000,18.3308521),(27.2976644,-39.4000000,18.8178012),(27.2363638,-39.4000000,18.3308521),(27.3294310,-39.4000000,18.2122526),(27.2976644,-39.4000000,18.8178012),(27.3294310,-39.4000000,18.2122526),(27.3959075,-39.4000000,18.0765875),(27.2976644,-39.4000000,18.8178012),(27.3959075,-39.4000000,18.0765875),(27.4357935,-39.4000000,17.9238568),(27.8713142,-39.4000000,15.9315112),(27.2976644,-39.4000000,18.8178012),(27.4357935,-39.4000000,17.9238568),(27.8713142,-39.4000000,15.9315112),(27.4357935,-39.4000000,17.9238568),(27.4457649,-39.4000000,17.8410918),(27.8713142,-39.4000000,15.9315112),(27.4457649,-39.4000000,17.8410918),(27.4490888,-39.4000000,17.7540604),(27.8713142,-39.4000000,15.9315112),(27.4490888,-39.4000000,17.7540604),(27.4490888,-39.4000000,16.0639021),(27.8713142,-39.4000000,15.9315112),(27.4490888,-39.4000000,16.0639021),(27.4457649,-39.4000000,15.9742580),(27.8713142,-39.4000000,15.9315112),(27.4457649,-39.4000000,15.9742580),(27.4357935,-39.4000000,15.8894755),(27.8713142,-39.4000000,15.9315112),(27.4357935,-39.4000000,15.8894755),(27.4191743,-39.4000000,15.8095548),(27.8713142,-39.4000000,15.9315112),(27.4191743,-39.4000000,15.8095548),(27.3959075,-39.4000000,15.7344959),(27.8713142,-39.4000000,15.9315112),(27.3959075,-39.4000000,15.7344959),(27.3294310,-39.4000000,15.5989630),(27.8713142,-39.4000000,15.9315112),(27.3294310,-39.4000000,15.5989630),(27.2363638,-39.4000000,15.4828771),(27.8713142,-39.4000000,15.9315112),(27.2363638,-39.4000000,15.4828771),(27.1451487,-39.4000000,15.4050896),(26.5309846,-39.4000000,15.4027084),(26.4394388,-39.4000000,15.4786438),(26.1356971,-39.4000000,15.1823104),(26.6278221,-39.4000000,15.3484688),(26.5309846,-39.4000000,15.4027084),(26.1356971,-39.4000000,15.1823104),(26.7299513,-39.4000000,15.3159250),(26.6278221,-39.4000000,15.3484688),(26.1356971,-39.4000000,15.1823104),(26.8373721,-39.4000000,15.3050771),(26.7299513,-39.4000000,15.3159250),(26.1356971,-39.4000000,15.1823104),(26.9456528,-39.4000000,15.3161896),(26.8373721,-39.4000000,15.3050771),(26.1356971,-39.4000000,15.1823104),(26.9456528,-39.4000000,15.3161896),(26.1356971,-39.4000000,15.1823104),(26.2125751,-39.4000000,15.1116171),(26.9456528,-39.4000000,15.3161896),(26.2125751,-39.4000000,15.1116171),(26.2923966,-39.4000000,15.0503495),(27.0482450,-39.4000000,15.3495271),(26.9456528,-39.4000000,15.3161896),(26.2923966,-39.4000000,15.0503495),(27.0482450,-39.4000000,15.3495271),(26.2923966,-39.4000000,15.0503495),(26.3751616,-39.4000000,14.9985077),(27.0482450,-39.4000000,15.3495271),(26.3751616,-39.4000000,14.9985077),(26.4608700,-39.4000000,14.9560917),(27.1451487,-39.4000000,15.4050896),(27.0482450,-39.4000000,15.3495271),(26.4608700,-39.4000000,14.9560917),(27.1451487,-39.4000000,15.4050896),(26.4608700,-39.4000000,14.9560917),(26.5495220,-39.4000000,14.9231015),(27.8713142,-39.4000000,15.9315112),(27.1451487,-39.4000000,15.4050896),(26.5495220,-39.4000000,14.9231015),(27.8713142,-39.4000000,15.9315112),(26.5495220,-39.4000000,14.9231015),(26.6411174,-39.4000000,14.8995370),(27.8713142,-39.4000000,15.9315112),(26.6411174,-39.4000000,14.8995370),(26.7356563,-39.4000000,14.8853983),(27.8713142,-39.4000000,15.9315112),(26.7356563,-39.4000000,14.8853983),(26.8331388,-39.4000000,14.8806854),(27.8713142,-39.4000000,15.9315112),(26.8331388,-39.4000000,14.8806854),(26.9323079,-39.4000000,14.8853156),(27.8713142,-39.4000000,15.9315112),(26.9323079,-39.4000000,14.8853156),(27.0282028,-39.4000000,14.8992063),(27.8713142,-39.4000000,15.9315112),(27.0282028,-39.4000000,14.8992063),(27.1208235,-39.4000000,14.9223573),(27.8713142,-39.4000000,15.9315112),(27.1208235,-39.4000000,14.9223573),(27.2101700,-39.4000000,14.9547688),(27.8713142,-39.4000000,15.9315112),(27.2101700,-39.4000000,14.9547688),(27.2962423,-39.4000000,14.9964406),(27.8713142,-39.4000000,15.9315112),(27.2962423,-39.4000000,14.9964406),(27.3790403,-39.4000000,15.0473729),(27.8713142,-39.4000000,15.9315112),(27.3790403,-39.4000000,15.0473729),(27.4585642,-39.4000000,15.1075656),(27.8713142,-39.4000000,15.9315112),(27.4585642,-39.4000000,15.1075656),(27.5348138,-39.4000000,15.1770188),(27.8713142,-39.4000000,15.9315112),(27.5348138,-39.4000000,15.1770188),(27.6149329,-39.4000000,15.2663487),(27.8713142,-39.4000000,15.9315112),(27.6149329,-39.4000000,15.2663487),(27.6843695,-39.4000000,15.3618302),(27.8713142,-39.4000000,15.9315112),(27.6843695,-39.4000000,15.3618302),(27.7431235,-39.4000000,15.4634633),(27.8713142,-39.4000000,15.9315112),(27.7431235,-39.4000000,15.4634633),(27.7911950,-39.4000000,15.5712479),(27.8713142,-39.4000000,15.9315112),(27.7911950,-39.4000000,15.5712479),(27.8285839,-39.4000000,15.6851841),(27.8713142,-39.4000000,15.9315112),(27.8285839,-39.4000000,15.6851841),(27.8552903,-39.4000000,15.8052719),(22.5722888,-39.4000000,14.9579438),(22.6717721,-39.4000000,14.8489354),(22.7850138,-39.4000000,14.8214188),(22.5722888,-39.4000000,14.9579438),(22.7850138,-39.4000000,14.8214188),(22.8860846,-39.4000000,14.8468188),(22.5722888,-39.4000000,14.9579438),(22.8860846,-39.4000000,14.8468188),(22.9628138,-39.4000000,14.9230188),(22.5722888,-39.4000000,14.9579438),(22.9628138,-39.4000000,14.9230188),(22.9702221,-39.4000000,14.9293688),(22.5722888,-39.4000000,14.9579438),(22.9702221,-39.4000000,14.9293688),(24.2158804,-39.4000000,17.0968354),(22.5722888,-39.4000000,14.9579438),(24.2158804,-39.4000000,17.0968354),(24.2433971,-39.4000000,17.2037271),(22.5722888,-39.4000000,14.9579438),(24.2433971,-39.4000000,17.2037271),(24.2156158,-39.4000000,17.3130000),(22.5722888,-39.4000000,14.9579438),(24.2156158,-39.4000000,17.3130000),(24.1322721,-39.4000000,17.3910521),(22.5722888,-39.4000000,14.9579438),(24.1322721,-39.4000000,17.3910521),(24.0253804,-39.4000000,17.4206854),(22.5722888,-39.4000000,14.9579438),(24.0253804,-39.4000000,17.4206854),(23.9166367,-39.4000000,17.3929042),(22.5722888,-39.4000000,14.9579438),(23.9166367,-39.4000000,17.3929042),(23.8401721,-39.4000000,17.3095604),(22.5722888,-39.4000000,14.9579438),(23.8401721,-39.4000000,17.3095604),(22.9977388,-39.4000000,15.8437688),(22.5722888,-39.4000000,14.9579438),(22.9977388,-39.4000000,15.8437688),(22.9977388,-39.4000000,18.4515021),(22.9977388,-39.4000000,18.4515021),(24.5841804,-39.4000000,18.4515021),(24.6691117,-39.4000000,18.4673771),(22.9977388,-39.4000000,18.4515021),(24.6691117,-39.4000000,18.4673771),(24.7397554,-39.4000000,18.5150021),(22.9977388,-39.4000000,18.4515021),(24.7397554,-39.4000000,18.5150021),(24.7873804,-39.4000000,18.5845875),(22.9977388,-39.4000000,18.4515021),(24.7873804,-39.4000000,18.5845875),(24.8032554,-39.4000000,18.6663438),(22.9977388,-39.4000000,18.4515021),(24.8032554,-39.4000000,18.6663438),(24.7873804,-39.4000000,18.7483646),(22.9977388,-39.4000000,18.4515021),(24.7873804,-39.4000000,18.7483646),(24.7397554,-39.4000000,18.8187438),(22.9977388,-39.4000000,18.4515021),(24.7397554,-39.4000000,18.8187438),(24.6691117,-39.4000000,18.8679563),(22.9977388,-39.4000000,18.4515021),(24.6691117,-39.4000000,18.8679563),(24.5841804,-39.4000000,18.8843604),(22.9977388,-39.4000000,18.4515021),(24.5841804,-39.4000000,18.8843604),(22.7776054,-39.4000000,18.8843604),(22.5722888,-39.4000000,14.9579438),(22.9977388,-39.4000000,18.4515021),(22.7776054,-39.4000000,18.8843604),(22.7776054,-39.4000000,18.8843604),(20.9720888,-39.4000000,18.8843604),(20.8892742,-39.4000000,18.8679563),(22.7776054,-39.4000000,18.8843604),(20.8892742,-39.4000000,18.8679563),(20.8207471,-39.4000000,18.8187438),(22.7776054,-39.4000000,18.8843604),(20.8207471,-39.4000000,18.8187438),(20.7747096,-39.4000000,18.7483646),(22.7776054,-39.4000000,18.8843604),(20.7747096,-39.4000000,18.7483646),(20.7593638,-39.4000000,18.6663438),(22.7776054,-39.4000000,18.8843604),(20.7593638,-39.4000000,18.6663438),(20.7747096,-39.4000000,18.5845875),(22.7776054,-39.4000000,18.8843604),(20.7747096,-39.4000000,18.5845875),(20.8207471,-39.4000000,18.5150021),(22.7776054,-39.4000000,18.8843604),(20.8207471,-39.4000000,18.5150021),(20.8892742,-39.4000000,18.4673771),(22.7776054,-39.4000000,18.8843604),(20.8892742,-39.4000000,18.4673771),(20.9720888,-39.4000000,18.4515021),(22.7776054,-39.4000000,18.8843604),(20.9720888,-39.4000000,18.4515021),(22.5648804,-39.4000000,18.4515021),(22.5722888,-39.4000000,14.9579438),(22.7776054,-39.4000000,18.8843604),(22.5648804,-39.4000000,18.4515021),(22.5722888,-39.4000000,14.9579438),(22.5648804,-39.4000000,18.4515021),(22.5648804,-39.4000000,15.8395354),(22.5722888,-39.4000000,14.9579438),(22.5648804,-39.4000000,15.8395354),(21.7086888,-39.4000000,17.3286104),(22.5722888,-39.4000000,14.9579438),(21.7086888,-39.4000000,17.3286104),(21.6290492,-39.4000000,17.4079854),(22.5722888,-39.4000000,14.9579438),(21.6290492,-39.4000000,17.4079854),(21.5213638,-39.4000000,17.4344438),(22.5722888,-39.4000000,14.9579438),(21.5213638,-39.4000000,17.4344438),(21.4102388,-39.4000000,17.4069271),(22.5722888,-39.4000000,14.9579438),(21.4102388,-39.4000000,17.4069271),(21.3284825,-39.4000000,17.3272875),(22.5722888,-39.4000000,14.9579438),(21.3284825,-39.4000000,17.3272875),(21.3012304,-39.4000000,17.2174854),(22.5722888,-39.4000000,14.9579438),(21.3012304,-39.4000000,17.2174854),(21.3329804,-39.4000000,17.1084771),(33.4307888,-39.4000000,18.9393938),(33.3133138,-39.4000000,18.8928271),(32.7058304,-39.4000000,18.3911771),(33.4307888,-39.4000000,18.9393938),(32.7058304,-39.4000000,18.3911771),(32.6481513,-39.4000000,18.3234438),(33.4307888,-39.4000000,18.9393938),(32.6481513,-39.4000000,18.3234438),(32.6232804,-39.4000000,18.2514771),(33.4307888,-39.4000000,18.9393938),(32.6232804,-39.4000000,18.2514771),(32.6232804,-39.4000000,18.2176104),(33.4307888,-39.4000000,18.9393938),(32.6232804,-39.4000000,18.2176104),(32.6571471,-39.4000000,18.0895521),(33.4307888,-39.4000000,18.9393938),(32.6571471,-39.4000000,18.0895521),(32.7164138,-39.4000000,18.0326667),(33.4307888,-39.4000000,18.9393938),(32.7164138,-39.4000000,18.0326667),(32.7968471,-39.4000000,18.0038271),(33.4307888,-39.4000000,18.9393938),(32.7968471,-39.4000000,18.0038271),(32.8381221,-39.4000000,18.0017104),(33.4307888,-39.4000000,18.9393938),(32.8381221,-39.4000000,18.0017104),(32.9534804,-39.4000000,18.0387521),(33.4307888,-39.4000000,18.9393938),(32.9534804,-39.4000000,18.0387521),(33.2244138,-39.4000000,18.2779354),(33.4307888,-39.4000000,18.9393938),(33.2244138,-39.4000000,18.2779354),(33.2244138,-39.4000000,15.0923521),(33.4307888,-39.4000000,18.9393938),(33.2244138,-39.4000000,15.0923521),(33.2397596,-39.4000000,15.0103313),(33.4307888,-39.4000000,18.9393938),(33.2397596,-39.4000000,15.0103313),(33.2857971,-39.4000000,14.9420688),(33.4307888,-39.4000000,18.9393938),(33.2857971,-39.4000000,14.9420688),(33.3540596,-39.4000000,14.8960313),(33.4307888,-39.4000000,18.9393938),(33.3540596,-39.4000000,14.8960313),(33.4360804,-39.4000000,14.8806854),(33.4307888,-39.4000000,18.9393938),(33.4360804,-39.4000000,14.8806854),(33.5188950,-39.4000000,14.8960313),(33.4307888,-39.4000000,18.9393938),(33.5188950,-39.4000000,14.8960313),(33.5874221,-39.4000000,14.9420688),(33.4307888,-39.4000000,18.9393938),(33.5874221,-39.4000000,14.9420688),(33.6334596,-39.4000000,15.0103313),(33.4307888,-39.4000000,18.9393938),(33.6334596,-39.4000000,15.0103313),(33.6488054,-39.4000000,15.0923521),(33.4307888,-39.4000000,18.9393938),(33.6488054,-39.4000000,15.0923521),(33.6488054,-39.4000000,18.7192604),(33.4307888,-39.4000000,18.9393938),(33.6488054,-39.4000000,18.7192604),(33.6204950,-39.4000000,18.8325021),(33.4307888,-39.4000000,18.9393938),(33.6204950,-39.4000000,18.8325021),(33.5355638,-39.4000000,18.9076438),(28.3349138,-39.4000000,14.9111125),(28.4079388,-39.4000000,14.8044854),(28.5145658,-39.4000000,14.7314604),(28.3349138,-39.4000000,14.9111125),(28.5145658,-39.4000000,14.7314604),(28.6397138,-39.4000000,14.7071188),(28.3349138,-39.4000000,14.9111125),(28.6397138,-39.4000000,14.7071188),(28.7645971,-39.4000000,14.7314604),(28.3349138,-39.4000000,14.9111125),(28.7645971,-39.4000000,14.7314604),(28.8704304,-39.4000000,14.8044854),(28.3349138,-39.4000000,14.9111125),(28.8704304,-39.4000000,14.8044854),(28.9434554,-39.4000000,14.9111125),(28.3349138,-39.4000000,14.9111125),(28.9434554,-39.4000000,14.9111125),(28.9677971,-39.4000000,15.0362604),(28.3349138,-39.4000000,14.9111125),(28.9677971,-39.4000000,15.0362604),(28.9434554,-39.4000000,15.1614084),(28.3349138,-39.4000000,14.9111125),(28.9434554,-39.4000000,15.1614084),(28.8704304,-39.4000000,15.2680354),(28.3349138,-39.4000000,14.9111125),(28.8704304,-39.4000000,15.2680354),(28.7645971,-39.4000000,15.3410604),(28.3349138,-39.4000000,14.9111125),(28.7645971,-39.4000000,15.3410604),(28.6397138,-39.4000000,15.3654021),(28.3349138,-39.4000000,14.9111125),(28.6397138,-39.4000000,15.3654021),(28.5145658,-39.4000000,15.3410604),(28.3349138,-39.4000000,14.9111125),(28.5145658,-39.4000000,15.3410604),(28.4079388,-39.4000000,15.2680354),(28.3349138,-39.4000000,14.9111125),(28.4079388,-39.4000000,15.2680354),(28.3349138,-39.4000000,15.1614084),(28.3349138,-39.4000000,14.9111125),(28.3349138,-39.4000000,15.1614084),(28.3105721,-39.4000000,15.0362604),(6.4158263,-39.4000000,20.8231271),(6.5128787,-39.4000000,20.7824474),(6.6108903,-39.4000000,20.7471917),(6.4158263,-39.4000000,20.8231271),(6.6108903,-39.4000000,20.7471917),(6.7098610,-39.4000000,20.7173599),(6.4158263,-39.4000000,20.8231271),(6.7098610,-39.4000000,20.7173599),(6.8097908,-39.4000000,20.6929521),(6.4158263,-39.4000000,20.8231271),(6.8097908,-39.4000000,20.6929521),(6.9106798,-39.4000000,20.6739682),(6.4158263,-39.4000000,20.8231271),(6.9106798,-39.4000000,20.6739682),(7.0125278,-39.4000000,20.6604084),(6.4158263,-39.4000000,20.8231271),(7.0125278,-39.4000000,20.6604084),(7.1153350,-39.4000000,20.6522724),(6.4158263,-39.4000000,20.8231271),(7.1153350,-39.4000000,20.6522724),(7.2191013,-39.4000000,20.6495604),(6.4158263,-39.4000000,20.8231271),(7.2191013,-39.4000000,20.6495604),(7.3548821,-39.4000000,20.6538765),(6.4158263,-39.4000000,20.8231271),(7.3548821,-39.4000000,20.6538765),(7.4881164,-39.4000000,20.6668245),(6.4158263,-39.4000000,20.8231271),(7.4881164,-39.4000000,20.6668245),(7.6188040,-39.4000000,20.6884046),(6.4158263,-39.4000000,20.8231271),(7.6188040,-39.4000000,20.6884046),(7.7469450,-39.4000000,20.7186167),(6.4158263,-39.4000000,20.8231271),(7.7469450,-39.4000000,20.7186167),(7.8725394,-39.4000000,20.7574608),(6.4158263,-39.4000000,20.8231271),(7.8725394,-39.4000000,20.7574608),(7.9955872,-39.4000000,20.8049370),(6.4158263,-39.4000000,20.8231271),(7.9955872,-39.4000000,20.8049370),(8.1160884,-39.4000000,20.8610452),(6.4158263,-39.4000000,20.8231271),(8.1160884,-39.4000000,20.8610452),(8.2340429,-39.4000000,20.9257854),(6.4158263,-39.4000000,20.8231271),(8.2340429,-39.4000000,20.9257854),(8.3476153,-39.4000000,20.9981821),(6.4158263,-39.4000000,20.8231271),(8.3476153,-39.4000000,20.9981821),(8.4549700,-39.4000000,21.0767302),(6.4158263,-39.4000000,20.8231271),(8.4549700,-39.4000000,21.0767302),(8.5561070,-39.4000000,21.1614300),(6.4158263,-39.4000000,20.8231271),(8.5561070,-39.4000000,21.1614300),(8.6510263,-39.4000000,21.2522813),(6.4158263,-39.4000000,20.8231271),(8.6510263,-39.4000000,21.2522813),(8.7397278,-39.4000000,21.3492841),(8.7397278,-39.4000000,21.3492841),(8.8222117,-39.4000000,21.4524386),(8.8984778,-39.4000000,21.5617446),(8.7397278,-39.4000000,21.3492841),(8.8984778,-39.4000000,21.5617446),(8.9685263,-39.4000000,21.6772021),(8.7397278,-39.4000000,21.3492841),(8.9685263,-39.4000000,21.6772021),(9.0315302,-39.4000000,21.7969757),(8.7397278,-39.4000000,21.3492841),(9.0315302,-39.4000000,21.7969757),(9.0861336,-39.4000000,21.9192297),(8.7397278,-39.4000000,21.3492841),(9.0861336,-39.4000000,21.9192297),(9.1323364,-39.4000000,22.0439642),(8.7397278,-39.4000000,21.3492841),(9.1323364,-39.4000000,22.0439642),(9.1701388,-39.4000000,22.1711792),(8.7397278,-39.4000000,21.3492841),(9.1701388,-39.4000000,22.1711792),(9.1995406,-39.4000000,22.3008746),(8.7397278,-39.4000000,21.3492841),(9.1995406,-39.4000000,22.3008746),(9.2205419,-39.4000000,22.4330505),(8.7397278,-39.4000000,21.3492841),(9.2205419,-39.4000000,22.4330505),(9.2331427,-39.4000000,22.5677069),(8.7397278,-39.4000000,21.3492841),(9.2331427,-39.4000000,22.5677069),(9.2373429,-39.4000000,22.7048438),(8.7397278,-39.4000000,21.3492841),(9.2373429,-39.4000000,22.7048438),(9.2331427,-39.4000000,22.8364740),(8.7397278,-39.4000000,21.3492841),(9.2331427,-39.4000000,22.8364740),(9.2205419,-39.4000000,22.9673104),(8.7397278,-39.4000000,21.3492841),(9.2205419,-39.4000000,22.9673104),(9.1995406,-39.4000000,23.0973531),(8.7397278,-39.4000000,21.3492841),(9.1995406,-39.4000000,23.0973531),(9.1701388,-39.4000000,23.2266021),(8.7397278,-39.4000000,21.3492841),(9.1701388,-39.4000000,23.2266021),(9.1323364,-39.4000000,23.3550573),(8.7397278,-39.4000000,21.3492841),(9.1323364,-39.4000000,23.3550573),(9.0861336,-39.4000000,23.4827188),(9.0861336,-39.4000000,23.4827188),(8.6943518,-39.4000000,23.3412328),(8.7309139,-39.4000000,23.2433535),(9.0861336,-39.4000000,23.4827188),(8.7309139,-39.4000000,23.2433535),(8.7608283,-39.4000000,23.1422000),(9.0861336,-39.4000000,23.4827188),(8.7608283,-39.4000000,23.1422000),(8.7840951,-39.4000000,23.0377723),(9.0861336,-39.4000000,23.4827188),(8.7840951,-39.4000000,23.0377723),(8.8007143,-39.4000000,22.9300703),(9.0861336,-39.4000000,23.4827188),(8.8007143,-39.4000000,22.9300703),(8.8106858,-39.4000000,22.8190942),(9.0861336,-39.4000000,23.4827188),(8.8106858,-39.4000000,22.8190942),(8.8140096,-39.4000000,22.7048438),(9.0861336,-39.4000000,23.4827188),(8.8140096,-39.4000000,22.7048438),(8.8106527,-39.4000000,22.5948102),(8.7397278,-39.4000000,21.3492841),(9.0861336,-39.4000000,23.4827188),(8.8106527,-39.4000000,22.5948102),(8.7397278,-39.4000000,21.3492841),(8.8106527,-39.4000000,22.5948102),(8.8005820,-39.4000000,22.4869594),(8.7397278,-39.4000000,21.3492841),(8.8005820,-39.4000000,22.4869594),(8.7837975,-39.4000000,22.3812914),(8.7397278,-39.4000000,21.3492841),(8.7837975,-39.4000000,22.3812914),(8.7602992,-39.4000000,22.2778063),(8.7397278,-39.4000000,21.3492841),(8.7602992,-39.4000000,22.2778063),(8.7300871,-39.4000000,22.1765039),(8.7397278,-39.4000000,21.3492841),(8.7300871,-39.4000000,22.1765039),(8.6931612,-39.4000000,22.0773844),(8.7397278,-39.4000000,21.3492841),(8.6931612,-39.4000000,22.0773844),(8.6495214,-39.4000000,21.9804477),(8.7397278,-39.4000000,21.3492841),(8.6495214,-39.4000000,21.9804477),(8.5991679,-39.4000000,21.8856938),(8.7397278,-39.4000000,21.3492841),(8.5991679,-39.4000000,21.8856938),(8.5433243,-39.4000000,21.7944787),(8.7397278,-39.4000000,21.3492841),(8.5433243,-39.4000000,21.7944787),(8.4826851,-39.4000000,21.7081584),(8.7397278,-39.4000000,21.3492841),(8.4826851,-39.4000000,21.7081584),(8.4172504,-39.4000000,21.6267328),(8.7397278,-39.4000000,21.3492841),(8.4172504,-39.4000000,21.6267328),(8.3470200,-39.4000000,21.5502021),(8.7397278,-39.4000000,21.3492841),(8.3470200,-39.4000000,21.5502021),(8.2719941,-39.4000000,21.4785662),(8.7397278,-39.4000000,21.3492841),(8.2719941,-39.4000000,21.4785662),(8.1921726,-39.4000000,21.4118250),(8.7397278,-39.4000000,21.3492841),(8.1921726,-39.4000000,21.4118250),(8.1075556,-39.4000000,21.3499787),(8.7397278,-39.4000000,21.3492841),(8.1075556,-39.4000000,21.3499787),(8.0181429,-39.4000000,21.2930271),(8.7397278,-39.4000000,21.3492841),(8.0181429,-39.4000000,21.2930271),(7.9255553,-39.4000000,21.2419294),(8.7397278,-39.4000000,21.3492841),(7.9255553,-39.4000000,21.2419294),(7.8308841,-39.4000000,21.1976448),(8.7397278,-39.4000000,21.3492841),(7.8308841,-39.4000000,21.1976448),(7.7341293,-39.4000000,21.1601732),(8.7397278,-39.4000000,21.3492841),(7.7341293,-39.4000000,21.1601732),(7.6352908,-39.4000000,21.1295146),(6.4158263,-39.4000000,20.8231271),(8.7397278,-39.4000000,21.3492841),(7.6352908,-39.4000000,21.1295146),(6.4158263,-39.4000000,20.8231271),(7.6352908,-39.4000000,21.1295146),(7.5343688,-39.4000000,21.1056690),(6.4158263,-39.4000000,20.8231271),(7.5343688,-39.4000000,21.1056690),(7.4313632,-39.4000000,21.0886365),(6.4158263,-39.4000000,20.8231271),(7.4313632,-39.4000000,21.0886365),(7.3262741,-39.4000000,21.0784169),(6.4158263,-39.4000000,20.8231271),(7.3262741,-39.4000000,21.0784169),(7.2191013,-39.4000000,21.0750104),(6.4158263,-39.4000000,20.8231271),(7.2191013,-39.4000000,21.0750104),(7.0655106,-39.4000000,21.0820880),(6.4158263,-39.4000000,20.8231271),(7.0655106,-39.4000000,21.0820880),(6.9158888,-39.4000000,21.1033209),(6.4158263,-39.4000000,20.8231271),(6.9158888,-39.4000000,21.1033209),(6.7702356,-39.4000000,21.1387089),(6.4158263,-39.4000000,20.8231271),(6.7702356,-39.4000000,21.1387089),(6.6285513,-39.4000000,21.1882521),(6.4158263,-39.4000000,20.8231271),(6.6285513,-39.4000000,21.1882521),(8.2255763,-39.4000000,23.9716688),(5.8549096,-39.4000000,19.8484021),(6.4158263,-39.4000000,20.8231271),(8.2255763,-39.4000000,23.9716688),(8.6511420,-39.4000000,23.4358379),(8.6943518,-39.4000000,23.3412328),(9.0861336,-39.4000000,23.4827188),(8.6012846,-39.4000000,23.5271688),(8.6511420,-39.4000000,23.4358379),(9.0861336,-39.4000000,23.4827188),(8.5333528,-39.4000000,23.6311500),(8.6012846,-39.4000000,23.5271688),(9.0861336,-39.4000000,23.4827188),(8.4480908,-39.4000000,23.7398938),(8.5333528,-39.4000000,23.6311500),(9.0861336,-39.4000000,23.4827188),(8.3989610,-39.4000000,23.7960516),(8.4480908,-39.4000000,23.7398938),(9.0861336,-39.4000000,23.4827188),(8.3454987,-39.4000000,23.8534000),(8.3989610,-39.4000000,23.7960516),(9.0861336,-39.4000000,23.4827188),(8.2877037,-39.4000000,23.9119391),(8.3454987,-39.4000000,23.8534000),(9.0861336,-39.4000000,23.4827188),(8.2255763,-39.4000000,23.9716688),(8.2877037,-39.4000000,23.9119391),(9.0861336,-39.4000000,23.4827188),(8.2255763,-39.4000000,23.9716688),(9.0861336,-39.4000000,23.4827188),(9.0315302,-39.4000000,23.6095865),(8.2255763,-39.4000000,23.9716688),(9.0315302,-39.4000000,23.6095865),(8.9685263,-39.4000000,23.7356604),(8.2255763,-39.4000000,23.9716688),(8.9685263,-39.4000000,23.7356604),(8.9183381,-39.4000000,23.8223776),(8.2255763,-39.4000000,23.9716688),(8.9183381,-39.4000000,23.8223776),(8.8635528,-39.4000000,23.9057875),(8.2255763,-39.4000000,23.9716688),(8.8635528,-39.4000000,23.9057875),(8.8041704,-39.4000000,23.9858901),(8.2255763,-39.4000000,23.9716688),(8.8041704,-39.4000000,23.9858901),(8.7401908,-39.4000000,24.0626854),(8.2255763,-39.4000000,23.9716688),(8.7401908,-39.4000000,24.0626854),(8.6716142,-39.4000000,24.1361735),(8.2255763,-39.4000000,23.9716688),(8.6716142,-39.4000000,24.1361735),(8.5984403,-39.4000000,24.2063542),(8.2255763,-39.4000000,23.9716688),(8.5984403,-39.4000000,24.2063542),(8.5206694,-39.4000000,24.2732276),(8.2255763,-39.4000000,23.9716688),(8.5206694,-39.4000000,24.2732276),(8.4383013,-39.4000000,24.3367938),(8.2255763,-39.4000000,23.9716688),(8.4383013,-39.4000000,24.3367938),(8.9801679,-39.4000000,25.2892938),(5.8549096,-39.4000000,19.8484021),(8.2255763,-39.4000000,23.9716688),(8.9801679,-39.4000000,25.2892938),(5.8549096,-39.4000000,19.8484021),(8.9801679,-39.4000000,25.2892938),(9.0087429,-39.4000000,25.3930104),(5.8549096,-39.4000000,19.8484021),(9.0087429,-39.4000000,25.3930104),(9.0013346,-39.4000000,25.4533354),(5.8549096,-39.4000000,19.8484021),(9.0013346,-39.4000000,25.4533354),(8.9627054,-39.4000000,25.5284771),(5.8549096,-39.4000000,19.8484021),(8.9627054,-39.4000000,25.5284771),(8.8976179,-39.4000000,25.5824521),(5.8549096,-39.4000000,19.8484021),(8.8976179,-39.4000000,25.5824521),(8.7949596,-39.4000000,25.6131438),(5.8549096,-39.4000000,19.8484021),(8.7949596,-39.4000000,25.6131438),(8.7346346,-39.4000000,25.6057354),(5.8549096,-39.4000000,19.8484021),(8.7346346,-39.4000000,25.6057354),(8.6589638,-39.4000000,25.5671063),(5.8549096,-39.4000000,19.8484021),(8.6589638,-39.4000000,25.5671063),(8.6034013,-39.4000000,25.5020188),(5.8549096,-39.4000000,19.8484021),(8.6034013,-39.4000000,25.5020188),(8.0678846,-39.4000000,24.5738604),(8.0678846,-39.4000000,24.5738604),(7.9672768,-39.4000000,24.6182608),(7.8633617,-39.4000000,24.6567412),(8.0678846,-39.4000000,24.5738604),(7.8633617,-39.4000000,24.6567412),(7.7561393,-39.4000000,24.6893015),(8.0678846,-39.4000000,24.5738604),(7.7561393,-39.4000000,24.6893015),(7.6456096,-39.4000000,24.7159417),(8.0678846,-39.4000000,24.5738604),(7.6456096,-39.4000000,24.7159417),(7.5317726,-39.4000000,24.7366619),(8.0678846,-39.4000000,24.5738604),(7.5317726,-39.4000000,24.7366619),(7.4146283,-39.4000000,24.7514620),(8.0678846,-39.4000000,24.5738604),(7.4146283,-39.4000000,24.7514620),(7.2941768,-39.4000000,24.7603421),(8.0678846,-39.4000000,24.5738604),(7.2941768,-39.4000000,24.7603421),(7.1704179,-39.4000000,24.7633021),(8.0678846,-39.4000000,24.5738604),(7.1704179,-39.4000000,24.7633021),(7.0458157,-39.4000000,24.7589696),(8.0678846,-39.4000000,24.5738604),(7.0458157,-39.4000000,24.7589696),(6.9223049,-39.4000000,24.7459719),(8.0678846,-39.4000000,24.5738604),(6.9223049,-39.4000000,24.7459719),(6.7998855,-39.4000000,24.7243091),(8.0678846,-39.4000000,24.5738604),(6.7998855,-39.4000000,24.7243091),(6.6785575,-39.4000000,24.6939813),(8.0678846,-39.4000000,24.5738604),(6.6785575,-39.4000000,24.6939813),(6.5583209,-39.4000000,24.6549883),(8.0678846,-39.4000000,24.5738604),(6.5583209,-39.4000000,24.6549883),(6.4391757,-39.4000000,24.6073302),(8.0678846,-39.4000000,24.5738604),(6.4391757,-39.4000000,24.6073302),(6.3211220,-39.4000000,24.5510071),(8.0678846,-39.4000000,24.5738604),(6.3211220,-39.4000000,24.5510071),(6.2041596,-39.4000000,24.4860188),(8.0678846,-39.4000000,24.5738604),(6.2041596,-39.4000000,24.4860188),(6.0910502,-39.4000000,24.4138537),(8.0678846,-39.4000000,24.5738604),(6.0910502,-39.4000000,24.4138537),(5.9840263,-39.4000000,24.3354709),(8.0678846,-39.4000000,24.5738604),(5.9840263,-39.4000000,24.3354709),(5.8830877,-39.4000000,24.2508703),(8.0678846,-39.4000000,24.5738604),(5.8830877,-39.4000000,24.2508703),(5.7882346,-39.4000000,24.1600521),(8.0678846,-39.4000000,24.5738604),(5.7882346,-39.4000000,24.1600521),(5.6994669,-39.4000000,24.0630162),(5.6994669,-39.4000000,24.0630162),(5.6167846,-39.4000000,23.9597625),(5.5401877,-39.4000000,23.8502912),(5.6994669,-39.4000000,24.0630162),(5.5401877,-39.4000000,23.8502912),(5.4696763,-39.4000000,23.7346021),(5.6994669,-39.4000000,24.0630162),(5.4696763,-39.4000000,23.7346021),(5.4064243,-39.4000000,23.6147955),(5.6994669,-39.4000000,24.0630162),(5.4064243,-39.4000000,23.6147955),(5.3516060,-39.4000000,23.4924422),(5.6994669,-39.4000000,24.0630162),(5.3516060,-39.4000000,23.4924422),(5.3052212,-39.4000000,23.3675423),(5.6994669,-39.4000000,24.0630162),(5.3052212,-39.4000000,23.3675423),(5.2672700,-39.4000000,23.2400959),(5.6994669,-39.4000000,24.0630162),(5.2672700,-39.4000000,23.2400959),(5.2377524,-39.4000000,23.1101028),(5.6994669,-39.4000000,24.0630162),(5.2377524,-39.4000000,23.1101028),(5.2166685,-39.4000000,22.9775630),(5.6994669,-39.4000000,24.0630162),(5.2166685,-39.4000000,22.9775630),(5.2040181,-39.4000000,22.8424767),(5.6994669,-39.4000000,24.0630162),(5.2040181,-39.4000000,22.8424767),(5.1998013,-39.4000000,22.7048438),(5.6994669,-39.4000000,24.0630162),(5.1998013,-39.4000000,22.7048438),(5.2040015,-39.4000000,22.5667809),(5.6994669,-39.4000000,24.0630162),(5.2040015,-39.4000000,22.5667809),(5.2166023,-39.4000000,22.4314630),(5.6994669,-39.4000000,24.0630162),(5.2166023,-39.4000000,22.4314630),(5.2376036,-39.4000000,22.2988903),(5.6994669,-39.4000000,24.0630162),(5.2376036,-39.4000000,22.2988903),(5.2670054,-39.4000000,22.1690625),(5.6994669,-39.4000000,24.0630162),(5.2670054,-39.4000000,22.1690625),(5.3048078,-39.4000000,22.0419798),(5.6994669,-39.4000000,24.0630162),(5.3048078,-39.4000000,22.0419798),(5.3510106,-39.4000000,21.9176422),(5.6994669,-39.4000000,24.0630162),(5.3510106,-39.4000000,21.9176422),(5.4056140,-39.4000000,21.7960496),(5.6994669,-39.4000000,24.0630162),(5.4056140,-39.4000000,21.7960496),(5.4686179,-39.4000000,21.6772021),(5.4686179,-39.4000000,21.6772021),(5.8369179,-39.4000000,21.8856938),(5.7875566,-39.4000000,21.9804311),(5.4686179,-39.4000000,21.6772021),(5.7875566,-39.4000000,21.9804311),(5.7447768,-39.4000000,22.0773182),(5.4686179,-39.4000000,21.6772021),(5.7447768,-39.4000000,22.0773182),(5.7085785,-39.4000000,22.1763551),(5.4686179,-39.4000000,21.6772021),(5.7085785,-39.4000000,22.1763551),(5.6789617,-39.4000000,22.2775417),(5.4686179,-39.4000000,21.6772021),(5.6789617,-39.4000000,22.2775417),(5.6559264,-39.4000000,22.3808780),(5.4686179,-39.4000000,21.6772021),(5.6559264,-39.4000000,22.3808780),(5.6394726,-39.4000000,22.4863641),(5.4686179,-39.4000000,21.6772021),(5.6394726,-39.4000000,22.4863641),(5.6296004,-39.4000000,22.5939999),(5.4686179,-39.4000000,21.6772021),(5.6296004,-39.4000000,22.5939999),(5.6263096,-39.4000000,22.7037854),(5.4686179,-39.4000000,21.6772021),(5.6263096,-39.4000000,22.7037854),(5.6296500,-39.4000000,22.8136041),(5.6994669,-39.4000000,24.0630162),(5.4686179,-39.4000000,21.6772021),(5.6296500,-39.4000000,22.8136041),(5.6994669,-39.4000000,24.0630162),(5.6296500,-39.4000000,22.8136041),(5.6396711,-39.4000000,22.9213391),(5.6994669,-39.4000000,24.0630162),(5.6396711,-39.4000000,22.9213391),(5.6563729,-39.4000000,23.0269905),(5.6994669,-39.4000000,24.0630162),(5.6563729,-39.4000000,23.0269905),(5.6797554,-39.4000000,23.1305584),(5.6994669,-39.4000000,24.0630162),(5.6797554,-39.4000000,23.1305584),(5.7098187,-39.4000000,23.2320426),(5.6994669,-39.4000000,24.0630162),(5.7098187,-39.4000000,23.2320426),(5.7465627,-39.4000000,23.3314432),(5.6994669,-39.4000000,24.0630162),(5.7465627,-39.4000000,23.3314432),(5.7899875,-39.4000000,23.4287603),(5.6994669,-39.4000000,24.0630162),(5.7899875,-39.4000000,23.4287603),(5.8400929,-39.4000000,23.5239938),(5.6994669,-39.4000000,24.0630162),(5.8400929,-39.4000000,23.5239938),(5.8959366,-39.4000000,23.6159365),(5.6994669,-39.4000000,24.0630162),(5.8959366,-39.4000000,23.6159365),(5.9565757,-39.4000000,23.7028521),(5.6994669,-39.4000000,24.0630162),(5.9565757,-39.4000000,23.7028521),(6.0220105,-39.4000000,23.7847406),(5.6994669,-39.4000000,24.0630162),(6.0220105,-39.4000000,23.7847406),(6.0922408,-39.4000000,23.8616021),(5.6994669,-39.4000000,24.0630162),(6.0922408,-39.4000000,23.8616021),(6.1672668,-39.4000000,23.9334365),(5.6994669,-39.4000000,24.0630162),(6.1672668,-39.4000000,23.9334365),(6.2470882,-39.4000000,24.0002438),(5.6994669,-39.4000000,24.0630162),(6.2470882,-39.4000000,24.0002438),(6.3317053,-39.4000000,24.0620240),(5.6994669,-39.4000000,24.0630162),(6.3317053,-39.4000000,24.0620240),(6.4211179,-39.4000000,24.1187771),(5.6994669,-39.4000000,24.0630162),(6.4211179,-39.4000000,24.1187771),(6.5131929,-39.4000000,24.1698748),(5.6994669,-39.4000000,24.0630162),(6.5131929,-39.4000000,24.1698748),(6.6057971,-39.4000000,24.2141594),(5.6994669,-39.4000000,24.0630162),(6.6057971,-39.4000000,24.2141594),(6.6989304,-39.4000000,24.2516310),(5.6994669,-39.4000000,24.0630162),(6.6989304,-39.4000000,24.2516310),(6.7925929,-39.4000000,24.2822896),(5.6994669,-39.4000000,24.0630162),(6.7925929,-39.4000000,24.2822896),(6.8867846,-39.4000000,24.3061352),(8.0678846,-39.4000000,24.5738604),(5.6994669,-39.4000000,24.0630162),(6.8867846,-39.4000000,24.3061352),(8.0678846,-39.4000000,24.5738604),(6.8867846,-39.4000000,24.3061352),(6.9815054,-39.4000000,24.3231677),(8.0678846,-39.4000000,24.5738604),(6.9815054,-39.4000000,24.3231677),(7.0767554,-39.4000000,24.3333873),(8.0678846,-39.4000000,24.5738604),(7.0767554,-39.4000000,24.3333873),(7.1725346,-39.4000000,24.3367938),(8.0678846,-39.4000000,24.5738604),(7.1725346,-39.4000000,24.3367938),(7.1788846,-39.4000000,24.3367938),(8.0678846,-39.4000000,24.5738604),(7.1788846,-39.4000000,24.3367938),(7.2725967,-39.4000000,24.3347102),(8.0678846,-39.4000000,24.5738604),(7.2725967,-39.4000000,24.3347102),(7.3637622,-39.4000000,24.3284594),(8.0678846,-39.4000000,24.5738604),(7.3637622,-39.4000000,24.3284594),(7.4523811,-39.4000000,24.3180414),(8.0678846,-39.4000000,24.5738604),(7.4523811,-39.4000000,24.3180414),(7.5384533,-39.4000000,24.3034563),(8.0678846,-39.4000000,24.5738604),(7.5384533,-39.4000000,24.3034563),(7.6219790,-39.4000000,24.2847039),(8.0678846,-39.4000000,24.5738604),(7.6219790,-39.4000000,24.2847039),(7.7029580,-39.4000000,24.2617844),(8.0678846,-39.4000000,24.5738604),(7.7029580,-39.4000000,24.2617844),(7.7813905,-39.4000000,24.2346977),(8.0678846,-39.4000000,24.5738604),(7.7813905,-39.4000000,24.2346977),(7.8572763,-39.4000000,24.2034438),(5.8549096,-39.4000000,19.8484021),(8.0678846,-39.4000000,24.5738604),(7.8572763,-39.4000000,24.2034438),(5.8549096,-39.4000000,19.8484021),(7.8572763,-39.4000000,24.2034438),(6.2528429,-39.4000000,21.4083854),(5.8549096,-39.4000000,19.8484021),(6.2528429,-39.4000000,21.4083854),(6.1323914,-39.4000000,21.5112422),(5.8793009,-39.4000000,21.8164225),(5.8369179,-39.4000000,21.8856938),(5.4686179,-39.4000000,21.6772021),(5.9244289,-39.4000000,21.7498964),(5.8793009,-39.4000000,21.8164225),(5.4686179,-39.4000000,21.6772021),(6.0229200,-39.4000000,21.6250792),(5.9244289,-39.4000000,21.7498964),(5.4686179,-39.4000000,21.6772021),(6.1323914,-39.4000000,21.5112422),(6.0229200,-39.4000000,21.6250792),(5.4686179,-39.4000000,21.6772021),(6.1323914,-39.4000000,21.5112422),(5.4686179,-39.4000000,21.6772021),(5.5265617,-39.4000000,21.5821505),(6.1323914,-39.4000000,21.5112422),(5.5265617,-39.4000000,21.5821505),(5.5882096,-39.4000000,21.4912000),(6.1323914,-39.4000000,21.5112422),(5.5882096,-39.4000000,21.4912000),(5.6535617,-39.4000000,21.4043505),(6.1323914,-39.4000000,21.5112422),(5.6535617,-39.4000000,21.4043505),(5.7226179,-39.4000000,21.3216021),(6.1323914,-39.4000000,21.5112422),(5.7226179,-39.4000000,21.3216021),(5.7953783,-39.4000000,21.2429547),(6.1323914,-39.4000000,21.5112422),(5.7953783,-39.4000000,21.2429547),(5.8718429,-39.4000000,21.1684084),(6.1323914,-39.4000000,21.5112422),(5.8718429,-39.4000000,21.1684084),(5.9520117,-39.4000000,21.0979630),(6.1323914,-39.4000000,21.5112422),(5.9520117,-39.4000000,21.0979630),(6.0358846,-39.4000000,21.0316188),(5.8549096,-39.4000000,19.8484021),(6.1323914,-39.4000000,21.5112422),(6.0358846,-39.4000000,21.0316188),(5.8549096,-39.4000000,19.8484021),(6.0358846,-39.4000000,21.0316188),(5.4802596,-39.4000000,20.0611271),(5.8549096,-39.4000000,19.8484021),(5.4802596,-39.4000000,20.0611271),(5.4527429,-39.4000000,19.9595271),(5.8549096,-39.4000000,19.8484021),(5.4527429,-39.4000000,19.9595271),(5.4590929,-39.4000000,19.8992021),(5.8549096,-39.4000000,19.8484021),(5.4590929,-39.4000000,19.8992021),(5.4982513,-39.4000000,19.8222084),(5.8549096,-39.4000000,19.8484021),(5.4982513,-39.4000000,19.8222084),(5.5606929,-39.4000000,19.7669104),(5.8549096,-39.4000000,19.8484021),(5.5606929,-39.4000000,19.7669104),(5.6654679,-39.4000000,19.7393938),(5.8549096,-39.4000000,19.8484021),(5.6654679,-39.4000000,19.7393938),(5.7257929,-39.4000000,19.7468021),(5.8549096,-39.4000000,19.8484021),(5.7257929,-39.4000000,19.7468021),(5.7982888,-39.4000000,19.7822563),(13.3711929,-39.4000000,21.6264021),(13.3733096,-39.4000000,21.5777188),(13.3972379,-39.4000000,21.4856272),(13.3711929,-39.4000000,21.6264021),(13.3972379,-39.4000000,21.4856272),(13.4251018,-39.4000000,21.3993235),(13.3711929,-39.4000000,21.6264021),(13.4251018,-39.4000000,21.3993235),(13.4569014,-39.4000000,21.3188074),(13.3711929,-39.4000000,21.6264021),(13.4569014,-39.4000000,21.3188074),(13.4926367,-39.4000000,21.2440792),(13.3711929,-39.4000000,21.6264021),(13.4926367,-39.4000000,21.2440792),(13.5323076,-39.4000000,21.1751387),(13.3711929,-39.4000000,21.6264021),(13.5323076,-39.4000000,21.1751387),(13.5759143,-39.4000000,21.1119860),(13.3711929,-39.4000000,21.6264021),(13.5759143,-39.4000000,21.1119860),(13.6749346,-39.4000000,21.0030438),(13.3711929,-39.4000000,21.6264021),(13.6749346,-39.4000000,21.0030438),(13.7559136,-39.4000000,20.9335906),(13.3711929,-39.4000000,21.6264021),(13.7559136,-39.4000000,20.9335906),(13.8390424,-39.4000000,20.8733979),(13.3711929,-39.4000000,21.6264021),(13.8390424,-39.4000000,20.8733979),(13.9243209,-39.4000000,20.8224656),(13.3711929,-39.4000000,21.6264021),(13.9243209,-39.4000000,20.8224656),(14.0117492,-39.4000000,20.7807938),(13.3711929,-39.4000000,21.6264021),(14.0117492,-39.4000000,20.7807938),(14.1013272,-39.4000000,20.7483823),(13.3711929,-39.4000000,21.6264021),(14.1013272,-39.4000000,20.7483823),(14.1930549,-39.4000000,20.7252313),(13.3711929,-39.4000000,21.6264021),(14.1930549,-39.4000000,20.7252313),(14.2869324,-39.4000000,20.7113406),(13.3711929,-39.4000000,21.6264021),(14.2869324,-39.4000000,20.7113406),(14.3829596,-39.4000000,20.7067104),(13.3711929,-39.4000000,21.6264021),(14.3829596,-39.4000000,20.7067104),(14.4782096,-39.4000000,20.7114233),(13.3711929,-39.4000000,21.6264021),(14.4782096,-39.4000000,20.7114233),(14.5708138,-39.4000000,20.7255620),(13.3711929,-39.4000000,21.6264021),(14.5708138,-39.4000000,20.7255620),(14.6607721,-39.4000000,20.7491265),(13.3711929,-39.4000000,21.6264021),(14.6607721,-39.4000000,20.7491265),(14.7480846,-39.4000000,20.7821167),(14.7480846,-39.4000000,20.7821167),(14.8327513,-39.4000000,20.8245327),(14.9147721,-39.4000000,20.8763745),(14.7480846,-39.4000000,20.7821167),(14.9147721,-39.4000000,20.8763745),(14.9941471,-39.4000000,20.9376421),(14.7480846,-39.4000000,20.7821167),(14.9941471,-39.4000000,20.9376421),(15.0708763,-39.4000000,21.0083354),(14.7480846,-39.4000000,20.7821167),(15.0708763,-39.4000000,21.0083354),(15.1509954,-39.4000000,21.0965740),(14.7480846,-39.4000000,20.7821167),(15.1509954,-39.4000000,21.0965740),(15.2204320,-39.4000000,21.1914271),(14.7480846,-39.4000000,20.7821167),(15.2204320,-39.4000000,21.1914271),(15.2791860,-39.4000000,21.2928948),(14.7480846,-39.4000000,20.7821167),(15.2791860,-39.4000000,21.2928948),(15.3272575,-39.4000000,21.4009771),(14.7480846,-39.4000000,20.7821167),(15.3272575,-39.4000000,21.4009771),(15.3646464,-39.4000000,21.5156740),(14.7480846,-39.4000000,20.7821167),(15.3646464,-39.4000000,21.5156740),(15.3913528,-39.4000000,21.6369854),(14.7480846,-39.4000000,20.7821167),(15.3913528,-39.4000000,21.6369854),(15.4073767,-39.4000000,21.7649115),(14.7480846,-39.4000000,20.7821167),(15.4073767,-39.4000000,21.7649115),(15.4127179,-39.4000000,21.8994521),(14.7480846,-39.4000000,20.7821167),(15.4127179,-39.4000000,21.8994521),(15.4114281,-39.4000000,22.0027347),(14.7480846,-39.4000000,20.7821167),(15.4114281,-39.4000000,22.0027347),(15.4075586,-39.4000000,22.1019741),(14.7480846,-39.4000000,20.7821167),(15.4075586,-39.4000000,22.1019741),(15.4011093,-39.4000000,22.1971704),(14.7480846,-39.4000000,20.7821167),(15.4011093,-39.4000000,22.1971704),(15.3920804,-39.4000000,22.2883235),(14.7480846,-39.4000000,20.7821167),(15.3920804,-39.4000000,22.2883235),(15.3804718,-39.4000000,22.3754334),(14.7480846,-39.4000000,20.7821167),(15.3804718,-39.4000000,22.3754334),(15.3662836,-39.4000000,22.4585002),(14.7480846,-39.4000000,20.7821167),(15.3662836,-39.4000000,22.4585002),(15.3495156,-39.4000000,22.5375238),(14.7480846,-39.4000000,20.7821167),(15.3495156,-39.4000000,22.5375238),(15.3301679,-39.4000000,22.6125042),(14.7480846,-39.4000000,20.7821167),(15.3301679,-39.4000000,22.6125042),(15.2837336,-39.4000000,22.7503356),(15.2837336,-39.4000000,22.7503356),(15.2269804,-39.4000000,22.8719943),(15.1599086,-39.4000000,22.9774804),(15.2837336,-39.4000000,22.7503356),(15.1599086,-39.4000000,22.9774804),(15.0825179,-39.4000000,23.0667938),(15.2837336,-39.4000000,22.7503356),(15.0825179,-39.4000000,23.0667938),(15.0030272,-39.4000000,23.1362469),(15.2837336,-39.4000000,22.7503356),(15.0030272,-39.4000000,23.1362469),(14.9211882,-39.4000000,23.1964396),(15.2837336,-39.4000000,22.7503356),(14.9211882,-39.4000000,23.1964396),(14.8370011,-39.4000000,23.2473719),(15.2837336,-39.4000000,22.7503356),(14.8370011,-39.4000000,23.2473719),(14.7504658,-39.4000000,23.2890438),(15.2837336,-39.4000000,22.7503356),(14.7504658,-39.4000000,23.2890438),(14.6615824,-39.4000000,23.3214552),(15.2837336,-39.4000000,22.7503356),(14.6615824,-39.4000000,23.3214552),(14.5703507,-39.4000000,23.3446063),(15.2837336,-39.4000000,22.7503356),(14.5703507,-39.4000000,23.3446063),(14.4767709,-39.4000000,23.3584969),(15.2837336,-39.4000000,22.7503356),(14.4767709,-39.4000000,23.3584969),(14.3808429,-39.4000000,23.3631271),(15.2837336,-39.4000000,22.7503356),(14.3808429,-39.4000000,23.3631271),(14.2955313,-39.4000000,23.3598694),(15.2837336,-39.4000000,22.7503356),(14.2955313,-39.4000000,23.3598694),(14.2131632,-39.4000000,23.3500964),(15.2837336,-39.4000000,22.7503356),(14.2131632,-39.4000000,23.3500964),(14.1337386,-39.4000000,23.3338080),(15.2837336,-39.4000000,22.7503356),(14.1337386,-39.4000000,23.3338080),(14.0572575,-39.4000000,23.3110042),(15.2837336,-39.4000000,22.7503356),(14.0572575,-39.4000000,23.3110042),(13.9131257,-39.4000000,23.2458505),(15.2837336,-39.4000000,22.7503356),(13.9131257,-39.4000000,23.2458505),(13.7807679,-39.4000000,23.1546354),(13.8231013,-39.4000000,24.3325604),(15.0983929,-39.4000000,24.3325604),(15.1798846,-39.4000000,24.3484354),(13.8231013,-39.4000000,24.3325604),(15.1798846,-39.4000000,24.3484354),(15.2486763,-39.4000000,24.3960604),(13.8231013,-39.4000000,24.3325604),(15.2486763,-39.4000000,24.3960604),(15.2955075,-39.4000000,24.4653813),(13.8231013,-39.4000000,24.3325604),(15.2955075,-39.4000000,24.4653813),(15.3111179,-39.4000000,24.5463438),(13.8231013,-39.4000000,24.3325604),(15.3111179,-39.4000000,24.5463438),(15.2955075,-39.4000000,24.6270417),(13.8231013,-39.4000000,24.3325604),(15.2955075,-39.4000000,24.6270417),(15.2486763,-39.4000000,24.6955688),(13.8231013,-39.4000000,24.3325604),(15.2486763,-39.4000000,24.6955688),(15.1798846,-39.4000000,24.7431938),(13.8231013,-39.4000000,24.3325604),(15.1798846,-39.4000000,24.7431938),(15.0983929,-39.4000000,24.7590688),(13.8231013,-39.4000000,24.3325604),(15.0983929,-39.4000000,24.7590688),(13.6262513,-39.4000000,24.7590688),(13.7807679,-39.4000000,23.1546354),(13.8231013,-39.4000000,24.3325604),(13.6262513,-39.4000000,24.7590688),(13.7807679,-39.4000000,23.1546354),(13.6262513,-39.4000000,24.7590688),(13.5458179,-39.4000000,24.7450459),(13.7807679,-39.4000000,23.1546354),(13.5458179,-39.4000000,24.7450459),(13.4759679,-39.4000000,24.7029771),(13.7807679,-39.4000000,23.1546354),(13.4759679,-39.4000000,24.7029771),(13.4283429,-39.4000000,24.6378896),(13.7807679,-39.4000000,23.1546354),(13.4283429,-39.4000000,24.6378896),(13.4124679,-39.4000000,24.5590438),(13.7807679,-39.4000000,23.1546354),(13.4124679,-39.4000000,24.5590438),(13.3320346,-39.4000000,22.4942354),(13.7807679,-39.4000000,23.1546354),(13.3320346,-39.4000000,22.4942354),(13.3452638,-39.4000000,22.4148604),(13.7807679,-39.4000000,23.1546354),(13.3452638,-39.4000000,22.4148604),(13.3849513,-39.4000000,22.3439521),(13.7807679,-39.4000000,23.1546354),(13.3849513,-39.4000000,22.3439521),(13.4500388,-39.4000000,22.2899771),(13.7807679,-39.4000000,23.1546354),(13.4500388,-39.4000000,22.2899771),(13.5331179,-39.4000000,22.2719854),(13.7807679,-39.4000000,23.1546354),(13.5331179,-39.4000000,22.2719854),(13.6143450,-39.4000000,22.2854792),(13.7807679,-39.4000000,23.1546354),(13.6143450,-39.4000000,22.2854792),(13.6865763,-39.4000000,22.3259604),(13.7807679,-39.4000000,23.1546354),(13.6865763,-39.4000000,22.3259604),(13.7490179,-39.4000000,22.4275604),(13.7807679,-39.4000000,23.1546354),(13.7490179,-39.4000000,22.4275604),(13.7830169,-39.4000000,22.5126901),(13.7807679,-39.4000000,23.1546354),(13.7830169,-39.4000000,22.5126901),(13.8320971,-39.4000000,22.5966292),(13.7807679,-39.4000000,23.1546354),(13.8320971,-39.4000000,22.5966292),(13.8962586,-39.4000000,22.6793776),(13.7807679,-39.4000000,23.1546354),(13.8962586,-39.4000000,22.6793776),(13.9755013,-39.4000000,22.7609354),(13.7807679,-39.4000000,23.1546354),(13.9755013,-39.4000000,22.7609354),(14.0710820,-39.4000000,22.8387229),(13.7807679,-39.4000000,23.1546354),(14.0710820,-39.4000000,22.8387229),(14.1704992,-39.4000000,22.8942854),(13.7807679,-39.4000000,23.1546354),(14.1704992,-39.4000000,22.8942854),(14.2737528,-39.4000000,22.9276229),(13.7807679,-39.4000000,23.1546354),(14.2737528,-39.4000000,22.9276229),(14.3808429,-39.4000000,22.9387354),(13.7807679,-39.4000000,23.1546354),(14.3808429,-39.4000000,22.9387354),(14.4873377,-39.4000000,22.9276229),(15.2837336,-39.4000000,22.7503356),(13.7807679,-39.4000000,23.1546354),(14.4873377,-39.4000000,22.9276229),(15.2837336,-39.4000000,22.7503356),(14.4873377,-39.4000000,22.9276229),(14.5898638,-39.4000000,22.8942854),(15.2837336,-39.4000000,22.7503356),(14.5898638,-39.4000000,22.8942854),(14.6884211,-39.4000000,22.8387229),(15.2837336,-39.4000000,22.7503356),(14.6884211,-39.4000000,22.8387229),(14.7830096,-39.4000000,22.7609354),(15.2837336,-39.4000000,22.7503356),(14.7830096,-39.4000000,22.7609354),(14.8732987,-39.4000000,22.6323479),(15.2837336,-39.4000000,22.7503356),(14.8732987,-39.4000000,22.6323479),(14.9087694,-39.4000000,22.5462261),(15.2837336,-39.4000000,22.7503356),(14.9087694,-39.4000000,22.5462261),(14.9377908,-39.4000000,22.4455521),(15.2837336,-39.4000000,22.7503356),(14.9377908,-39.4000000,22.4455521),(14.9603631,-39.4000000,22.3303261),(15.2837336,-39.4000000,22.7503356),(14.9603631,-39.4000000,22.3303261),(14.9764862,-39.4000000,22.2005479),(15.2837336,-39.4000000,22.7503356),(14.9764862,-39.4000000,22.2005479),(14.9861600,-39.4000000,22.0562177),(15.2837336,-39.4000000,22.7503356),(14.9861600,-39.4000000,22.0562177),(14.9893846,-39.4000000,21.8973354),(15.2837336,-39.4000000,22.7503356),(14.9893846,-39.4000000,21.8973354),(14.9859450,-39.4000000,21.8058888),(15.2837336,-39.4000000,22.7503356),(14.9859450,-39.4000000,21.8058888),(14.9756263,-39.4000000,21.7194031),(15.2837336,-39.4000000,22.7503356),(14.9756263,-39.4000000,21.7194031),(14.9584283,-39.4000000,21.6378784),(14.7480846,-39.4000000,20.7821167),(15.2837336,-39.4000000,22.7503356),(14.9584283,-39.4000000,21.6378784),(14.7480846,-39.4000000,20.7821167),(14.9584283,-39.4000000,21.6378784),(14.9343513,-39.4000000,21.5613146),(14.7480846,-39.4000000,20.7821167),(14.9343513,-39.4000000,21.5613146),(14.8655596,-39.4000000,21.4230698),(14.7480846,-39.4000000,20.7821167),(14.8655596,-39.4000000,21.4230698),(14.7692513,-39.4000000,21.3046688),(14.7480846,-39.4000000,20.7821167),(14.7692513,-39.4000000,21.3046688),(14.6779700,-39.4000000,21.2287334),(14.7480846,-39.4000000,20.7821167),(14.6779700,-39.4000000,21.2287334),(14.5819263,-39.4000000,21.1744938),(14.7480846,-39.4000000,20.7821167),(14.5819263,-39.4000000,21.1744938),(14.4811200,-39.4000000,21.1419500),(14.7480846,-39.4000000,20.7821167),(14.4811200,-39.4000000,21.1419500),(14.3755513,-39.4000000,21.1311021),(14.7480846,-39.4000000,20.7821167),(14.3755513,-39.4000000,21.1311021),(14.2729591,-39.4000000,21.1423469),(14.7480846,-39.4000000,20.7821167),(14.2729591,-39.4000000,21.1423469),(14.1704992,-39.4000000,21.1760813),(14.7480846,-39.4000000,20.7821167),(14.1704992,-39.4000000,21.1760813),(14.0681716,-39.4000000,21.2323052),(13.3711929,-39.4000000,21.6264021),(14.7480846,-39.4000000,20.7821167),(14.0681716,-39.4000000,21.2323052),(13.3711929,-39.4000000,21.6264021),(14.0681716,-39.4000000,21.2323052),(13.9659763,-39.4000000,21.3110188),(13.3711929,-39.4000000,21.6264021),(13.9659763,-39.4000000,21.3110188),(13.8638471,-39.4000000,21.4538938),(13.3711929,-39.4000000,21.6264021),(13.8638471,-39.4000000,21.4538938),(13.8242919,-39.4000000,21.5539063),(13.3711929,-39.4000000,21.6264021),(13.8242919,-39.4000000,21.5539063),(13.7924096,-39.4000000,21.6729688),(13.3711929,-39.4000000,21.6264021),(13.7924096,-39.4000000,21.6729688),(13.7483565,-39.4000000,21.7456630),(13.3711929,-39.4000000,21.6264021),(13.7483565,-39.4000000,21.7456630),(13.6998054,-39.4000000,21.7975875),(13.3711929,-39.4000000,21.6264021),(13.6998054,-39.4000000,21.7975875),(13.5892096,-39.4000000,21.8391271),(13.3711929,-39.4000000,21.6264021),(13.5892096,-39.4000000,21.8391271),(13.5818013,-39.4000000,21.8391271),(13.3711929,-39.4000000,21.6264021),(13.5818013,-39.4000000,21.8391271),(13.5079164,-39.4000000,21.8234505),(13.3711929,-39.4000000,21.6264021),(13.5079164,-39.4000000,21.8234505),(13.4481867,-39.4000000,21.7827709),(10.3761096,-39.4000000,21.1311021),(11.5476846,-39.4000000,22.7217771),(11.6121768,-39.4000000,22.8155223),(10.3761096,-39.4000000,21.1311021),(11.6121768,-39.4000000,22.8155223),(11.6680700,-39.4000000,22.9131370),(10.3761096,-39.4000000,21.1311021),(11.6680700,-39.4000000,22.9131370),(11.7153643,-39.4000000,23.0146212),(10.3761096,-39.4000000,21.1311021),(11.7153643,-39.4000000,23.0146212),(11.7540596,-39.4000000,23.1199750),(10.3761096,-39.4000000,21.1311021),(11.7540596,-39.4000000,23.1199750),(11.7841560,-39.4000000,23.2291983),(10.3761096,-39.4000000,21.1311021),(11.7841560,-39.4000000,23.2291983),(11.8056533,-39.4000000,23.3422912),(10.3761096,-39.4000000,21.1311021),(11.8056533,-39.4000000,23.3422912),(11.8185518,-39.4000000,23.4592535),(10.3761096,-39.4000000,21.1311021),(11.8185518,-39.4000000,23.4592535),(11.8228513,-39.4000000,23.5800854),(10.3761096,-39.4000000,21.1311021),(11.8228513,-39.4000000,23.5800854),(11.8177250,-39.4000000,23.7050515),(10.3761096,-39.4000000,21.1311021),(11.8177250,-39.4000000,23.7050515),(11.8023461,-39.4000000,23.8254203),(10.3761096,-39.4000000,21.1311021),(11.8023461,-39.4000000,23.8254203),(11.7767145,-39.4000000,23.9411921),(10.3761096,-39.4000000,21.1311021),(11.7767145,-39.4000000,23.9411921),(11.7408304,-39.4000000,24.0523667),(11.7408304,-39.4000000,24.0523667),(11.6946937,-39.4000000,24.1589442),(11.6383044,-39.4000000,24.2609245),(11.7408304,-39.4000000,24.0523667),(11.6383044,-39.4000000,24.2609245),(11.5716625,-39.4000000,24.3583077),(11.7408304,-39.4000000,24.0523667),(11.5716625,-39.4000000,24.3583077),(11.4947679,-39.4000000,24.4510938),(11.7408304,-39.4000000,24.0523667),(11.4947679,-39.4000000,24.4510938),(11.4218752,-39.4000000,24.5242676),(11.7408304,-39.4000000,24.0523667),(11.4218752,-39.4000000,24.5242676),(11.3444846,-39.4000000,24.5876849),(11.7408304,-39.4000000,24.0523667),(11.3444846,-39.4000000,24.5876849),(11.2625961,-39.4000000,24.6413457),(11.7408304,-39.4000000,24.0523667),(11.2625961,-39.4000000,24.6413457),(11.1762096,-39.4000000,24.6852500),(11.7408304,-39.4000000,24.0523667),(11.1762096,-39.4000000,24.6852500),(11.0853252,-39.4000000,24.7193978),(11.7408304,-39.4000000,24.0523667),(11.0853252,-39.4000000,24.7193978),(10.9899429,-39.4000000,24.7437891),(11.7408304,-39.4000000,24.0523667),(10.9899429,-39.4000000,24.7437891),(10.8900627,-39.4000000,24.7584238),(11.7408304,-39.4000000,24.0523667),(10.8900627,-39.4000000,24.7584238),(10.7856846,-39.4000000,24.7633021),(11.7408304,-39.4000000,24.0523667),(10.7856846,-39.4000000,24.7633021),(10.6871769,-39.4000000,24.7585231),(11.7408304,-39.4000000,24.0523667),(10.6871769,-39.4000000,24.7585231),(10.5916789,-39.4000000,24.7441860),(11.7408304,-39.4000000,24.0523667),(10.5916789,-39.4000000,24.7441860),(10.4991905,-39.4000000,24.7202908),(11.7408304,-39.4000000,24.0523667),(10.4991905,-39.4000000,24.7202908),(10.4097117,-39.4000000,24.6868375),(11.7408304,-39.4000000,24.0523667),(10.4097117,-39.4000000,24.6868375),(10.3232425,-39.4000000,24.6438262),(11.7408304,-39.4000000,24.0523667),(10.3232425,-39.4000000,24.6438262),(10.2397830,-39.4000000,24.5912568),(10.2397830,-39.4000000,24.5912568),(10.1593332,-39.4000000,24.5291293),(10.0818929,-39.4000000,24.4574438),(10.2397830,-39.4000000,24.5912568),(10.0818929,-39.4000000,24.4574438),(10.0027660,-39.4000000,24.3709250),(10.2397830,-39.4000000,24.5912568),(10.0027660,-39.4000000,24.3709250),(9.9341893,-39.4000000,24.2780563),(10.2397830,-39.4000000,24.5912568),(9.9341893,-39.4000000,24.2780563),(9.8761629,-39.4000000,24.1788375),(10.2397830,-39.4000000,24.5912568),(9.8761629,-39.4000000,24.1788375),(9.8286867,-39.4000000,24.0732688),(10.2397830,-39.4000000,24.5912568),(9.8286867,-39.4000000,24.0732688),(9.7917608,-39.4000000,23.9613500),(10.2397830,-39.4000000,24.5912568),(9.7917608,-39.4000000,23.9613500),(9.7653851,-39.4000000,23.8430813),(10.2397830,-39.4000000,24.5912568),(9.7653851,-39.4000000,23.8430813),(9.7495597,-39.4000000,23.7184625),(10.2397830,-39.4000000,24.5912568),(9.7495597,-39.4000000,23.7184625),(9.7442846,-39.4000000,23.5874938),(10.2397830,-39.4000000,24.5912568),(9.7442846,-39.4000000,23.5874938),(9.7442846,-39.4000000,23.5822021),(10.2397830,-39.4000000,24.5912568),(9.7442846,-39.4000000,23.5822021),(9.7598950,-39.4000000,23.5007104),(10.2397830,-39.4000000,24.5912568),(9.7598950,-39.4000000,23.5007104),(9.8067263,-39.4000000,23.4319188),(10.2397830,-39.4000000,24.5912568),(9.8067263,-39.4000000,23.4319188),(9.8755179,-39.4000000,23.3850875),(10.2397830,-39.4000000,24.5912568),(9.8755179,-39.4000000,23.3850875),(9.9570096,-39.4000000,23.3694771),(10.2397830,-39.4000000,24.5912568),(9.9570096,-39.4000000,23.3694771),(10.0385013,-39.4000000,23.3850875),(10.2397830,-39.4000000,24.5912568),(10.0385013,-39.4000000,23.3850875),(10.1072929,-39.4000000,23.4319188),(10.2397830,-39.4000000,24.5912568),(10.1072929,-39.4000000,23.4319188),(10.1549179,-39.4000000,23.5007104),(10.1549179,-39.4000000,23.5007104),(10.1707929,-39.4000000,23.5822021),(10.1707929,-39.4000000,23.5874938),(10.1549179,-39.4000000,23.5007104),(10.1707929,-39.4000000,23.5874938),(10.1741168,-39.4000000,23.6744094),(10.2397830,-39.4000000,24.5912568),(10.1549179,-39.4000000,23.5007104),(10.1741168,-39.4000000,23.6744094),(10.2397830,-39.4000000,24.5912568),(10.1741168,-39.4000000,23.6744094),(10.1840882,-39.4000000,23.7568271),(10.2397830,-39.4000000,24.5912568),(10.1840882,-39.4000000,23.7568271),(10.2007074,-39.4000000,23.8347469),(10.2397830,-39.4000000,24.5912568),(10.2007074,-39.4000000,23.8347469),(10.2239742,-39.4000000,23.9081688),(10.2397830,-39.4000000,24.5912568),(10.2239742,-39.4000000,23.9081688),(10.2904507,-39.4000000,24.0415188),(10.2397830,-39.4000000,24.5912568),(10.2904507,-39.4000000,24.0415188),(10.3835179,-39.4000000,24.1568771),(10.2397830,-39.4000000,24.5912568),(10.3835179,-39.4000000,24.1568771),(10.4744023,-39.4000000,24.2355906),(10.2397830,-39.4000000,24.5912568),(10.4744023,-39.4000000,24.2355906),(10.5713721,-39.4000000,24.2918146),(10.2397830,-39.4000000,24.5912568),(10.5713721,-39.4000000,24.2918146),(10.6744273,-39.4000000,24.3255490),(10.2397830,-39.4000000,24.5912568),(10.6744273,-39.4000000,24.3255490),(10.7835679,-39.4000000,24.3367938),(10.2397830,-39.4000000,24.5912568),(10.7835679,-39.4000000,24.3367938),(10.8968096,-39.4000000,24.3259459),(10.2397830,-39.4000000,24.5912568),(10.8968096,-39.4000000,24.3259459),(11.0005263,-39.4000000,24.2934021),(11.7408304,-39.4000000,24.0523667),(10.2397830,-39.4000000,24.5912568),(11.0005263,-39.4000000,24.2934021),(11.7408304,-39.4000000,24.0523667),(11.0005263,-39.4000000,24.2934021),(11.0947179,-39.4000000,24.2391625),(11.7408304,-39.4000000,24.0523667),(11.0947179,-39.4000000,24.2391625),(11.1793846,-39.4000000,24.1632271),(11.7408304,-39.4000000,24.0523667),(11.1793846,-39.4000000,24.1632271),(11.2309783,-39.4000000,24.1020587),(11.7408304,-39.4000000,24.0523667),(11.2309783,-39.4000000,24.1020587),(11.2756929,-39.4000000,24.0376162),(11.7408304,-39.4000000,24.0523667),(11.2756929,-39.4000000,24.0376162),(11.3444846,-39.4000000,23.8989084),(11.7408304,-39.4000000,24.0523667),(11.3444846,-39.4000000,23.8989084),(11.3857596,-39.4000000,23.7471037),(11.7408304,-39.4000000,24.0523667),(11.3857596,-39.4000000,23.7471037),(11.3960783,-39.4000000,23.6662900),(11.7408304,-39.4000000,24.0523667),(11.3960783,-39.4000000,23.6662900),(11.3995179,-39.4000000,23.5822021),(11.7408304,-39.4000000,24.0523667),(11.3995179,-39.4000000,23.5822021),(11.3965910,-39.4000000,23.4954849),(11.7408304,-39.4000000,24.0523667),(11.3965910,-39.4000000,23.4954849),(11.3878101,-39.4000000,23.4120750),(11.7408304,-39.4000000,24.0523667),(11.3878101,-39.4000000,23.4120750),(11.3731754,-39.4000000,23.3319724),(11.7408304,-39.4000000,24.0523667),(11.3731754,-39.4000000,23.3319724),(11.3526867,-39.4000000,23.2551771),(11.7408304,-39.4000000,24.0523667),(11.3526867,-39.4000000,23.2551771),(11.2941476,-39.4000000,23.1115084),(10.3761096,-39.4000000,21.1311021),(11.7408304,-39.4000000,24.0523667),(11.2941476,-39.4000000,23.1115084),(10.3761096,-39.4000000,21.1311021),(11.2941476,-39.4000000,23.1115084),(11.2121929,-39.4000000,22.9810688),(10.3761096,-39.4000000,21.1311021),(11.2121929,-39.4000000,22.9810688),(9.7887346,-39.4000000,21.0474938),(11.6122429,-39.4000000,21.1311021),(10.3761096,-39.4000000,21.1311021),(9.7887346,-39.4000000,21.0474938),(11.6122429,-39.4000000,21.1311021),(9.7887346,-39.4000000,21.0474938),(9.7421679,-39.4000000,20.9226104),(11.6122429,-39.4000000,21.1311021),(9.7421679,-39.4000000,20.9226104),(9.7442846,-39.4000000,20.8876854),(11.6122429,-39.4000000,21.1311021),(9.7442846,-39.4000000,20.8876854),(9.7707429,-39.4000000,20.8091042),(11.6122429,-39.4000000,21.1311021),(9.7707429,-39.4000000,20.8091042),(9.8226013,-39.4000000,20.7532771),(11.6122429,-39.4000000,21.1311021),(9.8226013,-39.4000000,20.7532771),(9.8911283,-39.4000000,20.7183521),(11.6122429,-39.4000000,21.1311021),(9.8911283,-39.4000000,20.7183521),(9.9570096,-39.4000000,20.7067104),(11.6122429,-39.4000000,21.1311021),(9.9570096,-39.4000000,20.7067104),(11.6122429,-39.4000000,20.7067104),(11.6122429,-39.4000000,21.1311021),(11.6122429,-39.4000000,20.7067104),(11.6955867,-39.4000000,20.7217917),(11.6122429,-39.4000000,21.1311021),(11.6955867,-39.4000000,20.7217917),(11.7635846,-39.4000000,20.7670354),(11.6122429,-39.4000000,21.1311021),(11.7635846,-39.4000000,20.7670354),(11.8080346,-39.4000000,20.8350334),(11.6122429,-39.4000000,21.1311021),(11.8080346,-39.4000000,20.8350334),(11.8228513,-39.4000000,20.9183771),(11.6122429,-39.4000000,21.1311021),(11.8228513,-39.4000000,20.9183771),(11.8080346,-39.4000000,21.0025146),(11.6122429,-39.4000000,21.1311021),(11.8080346,-39.4000000,21.0025146),(11.7635846,-39.4000000,21.0707771),(11.6122429,-39.4000000,21.1311021),(11.7635846,-39.4000000,21.0707771),(11.6977033,-39.4000000,21.1160209),(12.2811096,-39.4000000,20.7371375),(12.3541346,-39.4000000,20.6305104),(12.4607617,-39.4000000,20.5574854),(12.2811096,-39.4000000,20.7371375),(12.4607617,-39.4000000,20.5574854),(12.5859096,-39.4000000,20.5331438),(12.2811096,-39.4000000,20.7371375),(12.5859096,-39.4000000,20.5331438),(12.7107929,-39.4000000,20.5574854),(12.2811096,-39.4000000,20.7371375),(12.7107929,-39.4000000,20.5574854),(12.8166263,-39.4000000,20.6305104),(12.2811096,-39.4000000,20.7371375),(12.8166263,-39.4000000,20.6305104),(12.8896513,-39.4000000,20.7371375),(12.2811096,-39.4000000,20.7371375),(12.8896513,-39.4000000,20.7371375),(12.9139929,-39.4000000,20.8622854),(12.2811096,-39.4000000,20.7371375),(12.9139929,-39.4000000,20.8622854),(12.8896513,-39.4000000,20.9874334),(12.2811096,-39.4000000,20.7371375),(12.8896513,-39.4000000,20.9874334),(12.8166263,-39.4000000,21.0940604),(12.2811096,-39.4000000,20.7371375),(12.8166263,-39.4000000,21.0940604),(12.7107929,-39.4000000,21.1670854),(12.2811096,-39.4000000,20.7371375),(12.7107929,-39.4000000,21.1670854),(12.5859096,-39.4000000,21.1914271),(12.2811096,-39.4000000,20.7371375),(12.5859096,-39.4000000,21.1914271),(12.4607617,-39.4000000,21.1670854),(12.2811096,-39.4000000,20.7371375),(12.4607617,-39.4000000,21.1670854),(12.3541346,-39.4000000,21.0940604),(12.2811096,-39.4000000,20.7371375),(12.3541346,-39.4000000,21.0940604),(12.2811096,-39.4000000,20.9874334),(12.2811096,-39.4000000,20.7371375),(12.2811096,-39.4000000,20.9874334),(12.2567679,-39.4000000,20.8622854),(25.8004429,-39.4000000,22.4894729),(27.1826263,-39.4000000,20.6998313),(27.2548575,-39.4000000,20.6379188),(25.8004429,-39.4000000,22.4894729),(27.2548575,-39.4000000,20.6379188),(27.3466679,-39.4000000,20.6172813),(25.8004429,-39.4000000,22.4894729),(27.3466679,-39.4000000,20.6172813),(27.4789596,-39.4000000,20.6627896),(25.8004429,-39.4000000,22.4894729),(27.4789596,-39.4000000,20.6627896),(27.5432533,-39.4000000,20.7363438),(25.8004429,-39.4000000,22.4894729),(27.5432533,-39.4000000,20.7363438),(27.5646846,-39.4000000,20.8321229),(25.8004429,-39.4000000,22.4894729),(27.5646846,-39.4000000,20.8321229),(27.5202346,-39.4000000,20.9644146),(25.8004429,-39.4000000,22.4894729),(27.5202346,-39.4000000,20.9644146),(26.3444263,-39.4000000,22.4894729),(26.3444263,-39.4000000,22.4894729),(26.4301513,-39.4000000,22.4894729),(26.5493957,-39.4000000,22.4945827),(25.8004429,-39.4000000,22.4894729),(26.3444263,-39.4000000,22.4894729),(26.5493957,-39.4000000,22.4945827),(24.9368429,-39.4000000,22.4894729),(25.8004429,-39.4000000,22.4894729),(26.5493957,-39.4000000,22.4945827),(24.9368429,-39.4000000,22.4894729),(26.5493957,-39.4000000,22.4945827),(26.6631830,-39.4000000,22.5099120),(24.9368429,-39.4000000,22.4894729),(26.6631830,-39.4000000,22.5099120),(26.7715134,-39.4000000,22.5354608),(24.9368429,-39.4000000,22.4894729),(26.7715134,-39.4000000,22.5354608),(26.8743867,-39.4000000,22.5712292),(24.9368429,-39.4000000,22.4894729),(26.8743867,-39.4000000,22.5712292),(26.9718030,-39.4000000,22.6172171),(24.9368429,-39.4000000,22.4894729),(26.9718030,-39.4000000,22.6172171),(27.0637622,-39.4000000,22.6734245),(24.9368429,-39.4000000,22.4894729),(27.0637622,-39.4000000,22.6734245),(27.1502644,-39.4000000,22.7398515),(24.9368429,-39.4000000,22.4894729),(27.1502644,-39.4000000,22.7398515),(27.2313096,-39.4000000,22.8164979),(24.9368429,-39.4000000,22.4894729),(27.2313096,-39.4000000,22.8164979),(27.3077080,-39.4000000,22.9062248),(24.9368429,-39.4000000,22.4894729),(27.3077080,-39.4000000,22.9062248),(27.3739200,-39.4000000,22.9986636),(24.9368429,-39.4000000,22.4894729),(27.3739200,-39.4000000,22.9986636),(27.4299455,-39.4000000,23.0938143),(27.4299455,-39.4000000,23.0938143),(27.4757846,-39.4000000,23.1916771),(27.0802325,-39.4000000,23.3409021),(27.4299455,-39.4000000,23.0938143),(27.0802325,-39.4000000,23.3409021),(27.0157403,-39.4000000,23.2232948),(27.4299455,-39.4000000,23.0938143),(27.0157403,-39.4000000,23.2232948),(26.9254513,-39.4000000,23.1170646),(27.4299455,-39.4000000,23.0938143),(26.9254513,-39.4000000,23.1170646),(26.8155169,-39.4000000,23.0290906),(27.4299455,-39.4000000,23.0938143),(26.8155169,-39.4000000,23.0290906),(26.6963221,-39.4000000,22.9662521),(27.4299455,-39.4000000,23.0938143),(26.6963221,-39.4000000,22.9662521),(26.5678669,-39.4000000,22.9285490),(24.9368429,-39.4000000,22.4894729),(27.4299455,-39.4000000,23.0938143),(26.5678669,-39.4000000,22.9285490),(24.9368429,-39.4000000,22.4894729),(26.5678669,-39.4000000,22.9285490),(26.4301513,-39.4000000,22.9159813),(24.9368429,-39.4000000,22.4894729),(26.4301513,-39.4000000,22.9159813),(24.9368429,-39.4000000,22.9159813),(27.1189278,-39.4000000,23.4698865),(27.0802325,-39.4000000,23.3409021),(27.4757846,-39.4000000,23.1916771),(27.1318263,-39.4000000,23.6102479),(27.1189278,-39.4000000,23.4698865),(27.4757846,-39.4000000,23.1916771),(27.1189278,-39.4000000,23.7492865),(27.1318263,-39.4000000,23.6102479),(27.4757846,-39.4000000,23.1916771),(27.0802325,-39.4000000,23.8774771),(27.1189278,-39.4000000,23.7492865),(27.4757846,-39.4000000,23.1916771),(27.0157403,-39.4000000,23.9948198),(27.0802325,-39.4000000,23.8774771),(27.4757846,-39.4000000,23.1916771),(27.0157403,-39.4000000,23.9948198),(27.4757846,-39.4000000,23.1916771),(27.5114372,-39.4000000,23.2922518),(27.0157403,-39.4000000,23.9948198),(27.5114372,-39.4000000,23.2922518),(27.5369033,-39.4000000,23.3955386),(26.9254513,-39.4000000,24.1013146),(27.0157403,-39.4000000,23.9948198),(27.5369033,-39.4000000,23.3955386),(26.9254513,-39.4000000,24.1013146),(27.5369033,-39.4000000,23.3955386),(27.5521830,-39.4000000,23.5015373),(26.9254513,-39.4000000,24.1013146),(27.5521830,-39.4000000,23.5015373),(27.5572763,-39.4000000,23.6102479),(26.8182950,-39.4000000,24.1892886),(26.9254513,-39.4000000,24.1013146),(27.5572763,-39.4000000,23.6102479),(26.8182950,-39.4000000,24.1892886),(27.5572763,-39.4000000,23.6102479),(27.5521830,-39.4000000,23.7228612),(26.8182950,-39.4000000,24.1892886),(27.5521830,-39.4000000,23.7228612),(27.5369033,-39.4000000,23.8315719),(26.7010846,-39.4000000,24.2521271),(26.8182950,-39.4000000,24.1892886),(27.5369033,-39.4000000,23.8315719),(26.7010846,-39.4000000,24.2521271),(27.5369033,-39.4000000,23.8315719),(27.5114372,-39.4000000,23.9363800),(26.7010846,-39.4000000,24.2521271),(27.5114372,-39.4000000,23.9363800),(27.4757846,-39.4000000,24.0372854),(26.5738200,-39.4000000,24.2898302),(26.7010846,-39.4000000,24.2521271),(27.4757846,-39.4000000,24.0372854),(26.5738200,-39.4000000,24.2898302),(27.4757846,-39.4000000,24.0372854),(27.4299455,-39.4000000,24.1342883),(26.5738200,-39.4000000,24.2898302),(27.4299455,-39.4000000,24.1342883),(27.3739200,-39.4000000,24.2273886),(26.4365013,-39.4000000,24.3023979),(26.5738200,-39.4000000,24.2898302),(27.3739200,-39.4000000,24.2273886),(26.4365013,-39.4000000,24.3023979),(27.3739200,-39.4000000,24.2273886),(27.3077080,-39.4000000,24.3165862),(24.9368429,-39.4000000,24.3023979),(26.4365013,-39.4000000,24.3023979),(27.3077080,-39.4000000,24.3165862),(24.9368429,-39.4000000,24.3023979),(27.3077080,-39.4000000,24.3165862),(27.2313096,-39.4000000,24.4018813),(24.9368429,-39.4000000,24.3023979),(27.2313096,-39.4000000,24.4018813),(27.1442451,-39.4000000,24.4800160),(24.9368429,-39.4000000,24.3023979),(27.1442451,-39.4000000,24.4800160),(27.0534435,-39.4000000,24.5477328),(24.9368429,-39.4000000,24.3023979),(27.0534435,-39.4000000,24.5477328),(26.9589045,-39.4000000,24.6050317),(24.9368429,-39.4000000,24.3023979),(26.9589045,-39.4000000,24.6050317),(26.8606283,-39.4000000,24.6519125),(24.9368429,-39.4000000,24.3023979),(26.8606283,-39.4000000,24.6519125),(26.7586149,-39.4000000,24.6883754),(24.9368429,-39.4000000,24.3023979),(26.7586149,-39.4000000,24.6883754),(26.6528643,-39.4000000,24.7144203),(24.9368429,-39.4000000,24.3023979),(26.6528643,-39.4000000,24.7144203),(26.5433764,-39.4000000,24.7300473),(24.9368429,-39.4000000,24.3023979),(26.5433764,-39.4000000,24.7300473),(26.4301513,-39.4000000,24.7352563),(24.9368429,-39.4000000,24.3023979),(26.4301513,-39.4000000,24.7352563),(24.7241179,-39.4000000,24.7352563),(24.9368429,-39.4000000,22.9159813),(24.9368429,-39.4000000,24.3023979),(24.7241179,-39.4000000,24.7352563),(24.9368429,-39.4000000,22.4894729),(24.9368429,-39.4000000,22.9159813),(24.7241179,-39.4000000,24.7352563),(24.9368429,-39.4000000,22.4894729),(24.7241179,-39.4000000,24.7352563),(24.6381283,-39.4000000,24.7185875),(24.9368429,-39.4000000,22.4894729),(24.6381283,-39.4000000,24.7185875),(24.5664263,-39.4000000,24.6685813),(24.9368429,-39.4000000,22.4894729),(24.5664263,-39.4000000,24.6685813),(24.5243575,-39.4000000,24.5942334),(24.9368429,-39.4000000,22.4894729),(24.5243575,-39.4000000,24.5942334),(24.5103346,-39.4000000,24.5151229),(24.9368429,-39.4000000,22.4894729),(24.5103346,-39.4000000,24.5151229),(24.5103346,-39.4000000,20.8882146),(24.9368429,-39.4000000,22.4894729),(24.5103346,-39.4000000,20.8882146),(24.5332211,-39.4000000,20.8048709),(24.9368429,-39.4000000,22.4894729),(24.5332211,-39.4000000,20.8048709),(24.5764804,-39.4000000,20.7453396),(24.9368429,-39.4000000,22.4894729),(24.5764804,-39.4000000,20.7453396),(24.7241179,-39.4000000,20.6977146),(24.9368429,-39.4000000,22.4894729),(24.7241179,-39.4000000,20.6977146),(24.7981351,-39.4000000,20.7096209),(24.9368429,-39.4000000,22.4894729),(24.7981351,-39.4000000,20.7096209),(24.8582617,-39.4000000,20.7453396),(24.9368429,-39.4000000,22.4894729),(24.8582617,-39.4000000,20.7453396),(24.9368429,-39.4000000,20.8882146),(23.5483096,-39.4000000,22.4947646),(23.5461929,-39.4000000,20.8882146),(23.5623325,-39.4000000,20.8061938),(23.5483096,-39.4000000,22.4947646),(23.5623325,-39.4000000,20.8061938),(23.6107513,-39.4000000,20.7379313),(23.5483096,-39.4000000,22.4947646),(23.6107513,-39.4000000,20.7379313),(23.6795429,-39.4000000,20.6918938),(23.5483096,-39.4000000,22.4947646),(23.6795429,-39.4000000,20.6918938),(23.7568013,-39.4000000,20.6765479),(23.5483096,-39.4000000,22.4947646),(23.7568013,-39.4000000,20.6765479),(23.8396158,-39.4000000,20.6918938),(23.5483096,-39.4000000,22.4947646),(23.8396158,-39.4000000,20.6918938),(23.9081429,-39.4000000,20.7379313),(23.5483096,-39.4000000,22.4947646),(23.9081429,-39.4000000,20.7379313),(23.9541804,-39.4000000,20.8061938),(23.5483096,-39.4000000,22.4947646),(23.9541804,-39.4000000,20.8061938),(23.9695263,-39.4000000,20.8882146),(23.5483096,-39.4000000,22.4947646),(23.9695263,-39.4000000,20.8882146),(23.9695263,-39.4000000,24.5151229),(23.5483096,-39.4000000,22.4947646),(23.9695263,-39.4000000,24.5151229),(23.9541804,-39.4000000,24.5966146),(23.5483096,-39.4000000,22.4947646),(23.9541804,-39.4000000,24.5966146),(23.9081429,-39.4000000,24.6654063),(23.5483096,-39.4000000,22.4947646),(23.9081429,-39.4000000,24.6654063),(23.8406742,-39.4000000,24.7130313),(23.5483096,-39.4000000,22.4947646),(23.8406742,-39.4000000,24.7130313),(23.7610346,-39.4000000,24.7289063),(23.5483096,-39.4000000,22.4947646),(23.7610346,-39.4000000,24.7289063),(23.6790138,-39.4000000,24.7125021),(23.5483096,-39.4000000,22.4947646),(23.6790138,-39.4000000,24.7125021),(23.6086346,-39.4000000,24.6632896),(23.5483096,-39.4000000,22.4947646),(23.6086346,-39.4000000,24.6632896),(23.5618033,-39.4000000,24.5987313),(23.5483096,-39.4000000,22.4947646),(23.5618033,-39.4000000,24.5987313),(23.5461929,-39.4000000,24.5151229),(23.5483096,-39.4000000,22.4947646),(23.5461929,-39.4000000,24.5151229),(23.5461929,-39.4000000,22.9159813),(21.3469763,-39.4000000,22.4947646),(23.5483096,-39.4000000,22.4947646),(23.5461929,-39.4000000,22.9159813),(21.3469763,-39.4000000,22.4947646),(23.5461929,-39.4000000,22.9159813),(21.3533263,-39.4000000,22.9159813),(21.3469763,-39.4000000,22.4947646),(21.3533263,-39.4000000,22.9159813),(21.3533263,-39.4000000,24.5151229),(21.3469763,-39.4000000,22.4947646),(21.3533263,-39.4000000,24.5151229),(21.3369221,-39.4000000,24.5966146),(21.3469763,-39.4000000,22.4947646),(21.3369221,-39.4000000,24.5966146),(21.2877096,-39.4000000,24.6654063),(21.3469763,-39.4000000,22.4947646),(21.2877096,-39.4000000,24.6654063),(21.2181242,-39.4000000,24.7130313),(21.3469763,-39.4000000,22.4947646),(21.2181242,-39.4000000,24.7130313),(21.1406013,-39.4000000,24.7289063),(21.3469763,-39.4000000,22.4947646),(21.1406013,-39.4000000,24.7289063),(21.0583158,-39.4000000,24.7130313),(21.3469763,-39.4000000,22.4947646),(21.0583158,-39.4000000,24.7130313),(20.9871429,-39.4000000,24.6654063),(21.3469763,-39.4000000,22.4947646),(20.9871429,-39.4000000,24.6654063),(20.9387242,-39.4000000,24.5966146),(21.3469763,-39.4000000,22.4947646),(20.9387242,-39.4000000,24.5966146),(20.9225846,-39.4000000,24.5151229),(21.3469763,-39.4000000,22.4947646),(20.9225846,-39.4000000,24.5151229),(20.9225846,-39.4000000,20.8882146),(21.3469763,-39.4000000,22.4947646),(20.9225846,-39.4000000,20.8882146),(20.9381950,-39.4000000,20.8061938),(21.3469763,-39.4000000,22.4947646),(20.9381950,-39.4000000,20.8061938),(20.9850263,-39.4000000,20.7379313),(21.3469763,-39.4000000,22.4947646),(20.9850263,-39.4000000,20.7379313),(21.0546117,-39.4000000,20.6918938),(21.3469763,-39.4000000,22.4947646),(21.0546117,-39.4000000,20.6918938),(21.1363679,-39.4000000,20.6765479),(21.3469763,-39.4000000,22.4947646),(21.1363679,-39.4000000,20.6765479),(21.2141554,-39.4000000,20.6916292),(21.3469763,-39.4000000,22.4947646),(21.2141554,-39.4000000,20.6916292),(21.2866513,-39.4000000,20.7368729),(21.3469763,-39.4000000,22.4947646),(21.2866513,-39.4000000,20.7368729),(21.3318950,-39.4000000,20.8016959),(21.3469763,-39.4000000,22.4947646),(21.3318950,-39.4000000,20.8016959),(21.3469763,-39.4000000,20.8882146),(28.5288263,-39.4000000,22.2068979),(28.5288263,-39.4000000,24.5151229),(28.5134804,-39.4000000,24.5966146),(28.5288263,-39.4000000,22.2068979),(28.5134804,-39.4000000,24.5966146),(28.4674429,-39.4000000,24.6654063),(28.5288263,-39.4000000,22.2068979),(28.4674429,-39.4000000,24.6654063),(28.3999742,-39.4000000,24.7130313),(28.5338037,-39.4000000,22.0944335),(28.5288263,-39.4000000,22.2068979),(28.3999742,-39.4000000,24.7130313),(28.5338037,-39.4000000,22.0944335),(28.3999742,-39.4000000,24.7130313),(28.3203346,-39.4000000,24.7289063),(28.5338037,-39.4000000,22.0944335),(28.3203346,-39.4000000,24.7289063),(28.2369908,-39.4000000,24.7125021),(28.5338037,-39.4000000,22.0944335),(28.2369908,-39.4000000,24.7125021),(28.1626429,-39.4000000,24.6632896),(28.5338037,-39.4000000,22.0944335),(28.1626429,-39.4000000,24.6632896),(28.1173992,-39.4000000,24.5987313),(28.5338037,-39.4000000,22.0944335),(28.1173992,-39.4000000,24.5987313),(28.1023179,-39.4000000,24.5151229),(28.5338037,-39.4000000,22.0944335),(28.1023179,-39.4000000,24.5151229),(28.1023179,-39.4000000,22.2068979),(28.5338037,-39.4000000,22.0944335),(28.1023179,-39.4000000,22.2068979),(28.1092632,-39.4000000,22.0518025),(28.5338037,-39.4000000,22.0944335),(28.1092632,-39.4000000,22.0518025),(28.1300992,-39.4000000,21.9024287),(28.5338037,-39.4000000,22.0944335),(28.1300992,-39.4000000,21.9024287),(28.1648257,-39.4000000,21.7587765),(28.5338037,-39.4000000,22.0944335),(28.1648257,-39.4000000,21.7587765),(28.2134429,-39.4000000,21.6208459),(28.5338037,-39.4000000,22.0944335),(28.2134429,-39.4000000,21.6208459),(28.2759507,-39.4000000,21.4886369),(28.5338037,-39.4000000,22.0944335),(28.2759507,-39.4000000,21.4886369),(28.3523492,-39.4000000,21.3621495),(28.5338037,-39.4000000,22.0944335),(28.3523492,-39.4000000,21.3621495),(28.4426382,-39.4000000,21.2413837),(28.5338037,-39.4000000,22.0944335),(28.4426382,-39.4000000,21.2413837),(28.5468179,-39.4000000,21.1263396),(28.5338037,-39.4000000,22.0944335),(28.5468179,-39.4000000,21.1263396),(28.6593981,-39.4000000,21.0209197),(28.6593981,-39.4000000,21.0209197),(28.7780638,-39.4000000,20.9295557),(28.9028148,-39.4000000,20.8522478),(28.6593981,-39.4000000,21.0209197),(28.9028148,-39.4000000,20.8522478),(29.0336513,-39.4000000,20.7889959),(28.6593981,-39.4000000,21.0209197),(29.0336513,-39.4000000,20.7889959),(29.1705731,-39.4000000,20.7397999),(28.6593981,-39.4000000,21.0209197),(29.1705731,-39.4000000,20.7397999),(29.3135804,-39.4000000,20.7046599),(28.6593981,-39.4000000,21.0209197),(29.3135804,-39.4000000,20.7046599),(29.4626731,-39.4000000,20.6835759),(28.6593981,-39.4000000,21.0209197),(29.4626731,-39.4000000,20.6835759),(29.6178513,-39.4000000,20.6765479),(28.6593981,-39.4000000,21.0209197),(29.6178513,-39.4000000,20.6765479),(29.7732444,-39.4000000,20.6835759),(28.6593981,-39.4000000,21.0209197),(29.7732444,-39.4000000,20.6835759),(29.9229820,-39.4000000,20.7046599),(28.6593981,-39.4000000,21.0209197),(29.9229820,-39.4000000,20.7046599),(30.0670642,-39.4000000,20.7397999),(28.6593981,-39.4000000,21.0209197),(30.0670642,-39.4000000,20.7397999),(30.2054908,-39.4000000,20.7889959),(28.6593981,-39.4000000,21.0209197),(30.2054908,-39.4000000,20.7889959),(30.3382621,-39.4000000,20.8522478),(28.6593981,-39.4000000,21.0209197),(30.3382621,-39.4000000,20.8522478),(30.4653778,-39.4000000,20.9295557),(28.6593981,-39.4000000,21.0209197),(30.4653778,-39.4000000,20.9295557),(30.5868381,-39.4000000,21.0209197),(28.6593981,-39.4000000,21.0209197),(30.5868381,-39.4000000,21.0209197),(30.7026429,-39.4000000,21.1263396),(30.7026429,-39.4000000,21.1263396),(30.8073187,-39.4000000,21.2400443),(30.8980377,-39.4000000,21.3599667),(30.7026429,-39.4000000,21.1263396),(30.8980377,-39.4000000,21.3599667),(30.9748000,-39.4000000,21.4861068),(30.7026429,-39.4000000,21.1263396),(30.9748000,-39.4000000,21.4861068),(31.0376054,-39.4000000,21.6184646),(30.7026429,-39.4000000,21.1263396),(31.0376054,-39.4000000,21.6184646),(31.0864541,-39.4000000,21.7570401),(30.7026429,-39.4000000,21.1263396),(31.0864541,-39.4000000,21.7570401),(31.1213461,-39.4000000,21.9018334),(30.7026429,-39.4000000,21.1263396),(31.1213461,-39.4000000,21.9018334),(31.1422812,-39.4000000,22.0528443),(30.7026429,-39.4000000,21.1263396),(31.1422812,-39.4000000,22.0528443),(31.1492596,-39.4000000,22.2100729),(30.7026429,-39.4000000,21.1263396),(31.1492596,-39.4000000,22.2100729),(31.1492596,-39.4000000,24.5151229),(30.7026429,-39.4000000,21.1263396),(31.1492596,-39.4000000,24.5151229),(31.1339138,-39.4000000,24.5966146),(30.7026429,-39.4000000,21.1263396),(31.1339138,-39.4000000,24.5966146),(31.0878763,-39.4000000,24.6654063),(30.7026429,-39.4000000,21.1263396),(31.0878763,-39.4000000,24.6654063),(31.0196138,-39.4000000,24.7130313),(30.7026429,-39.4000000,21.1263396),(31.0196138,-39.4000000,24.7130313),(30.9375929,-39.4000000,24.7289063),(30.7026429,-39.4000000,21.1263396),(30.9375929,-39.4000000,24.7289063),(30.8555721,-39.4000000,24.7130313),(30.7026429,-39.4000000,21.1263396),(30.8555721,-39.4000000,24.7130313),(30.7873096,-39.4000000,24.6654063),(30.7873096,-39.4000000,24.6654063),(30.7412721,-39.4000000,24.5966146),(30.7259263,-39.4000000,24.5151229),(30.7873096,-39.4000000,24.6654063),(30.7259263,-39.4000000,24.5151229),(30.7259263,-39.4000000,22.2100729),(30.7026429,-39.4000000,21.1263396),(30.7873096,-39.4000000,24.6654063),(30.7259263,-39.4000000,22.2100729),(30.7026429,-39.4000000,21.1263396),(30.7259263,-39.4000000,22.2100729),(30.7208165,-39.4000000,22.0980550),(30.7026429,-39.4000000,21.1263396),(30.7208165,-39.4000000,22.0980550),(30.7054872,-39.4000000,21.9900719),(30.7026429,-39.4000000,21.1263396),(30.7054872,-39.4000000,21.9900719),(30.6799384,-39.4000000,21.8861237),(30.7026429,-39.4000000,21.1263396),(30.6799384,-39.4000000,21.8861237),(30.6441700,-39.4000000,21.7862104),(30.7026429,-39.4000000,21.1263396),(30.6441700,-39.4000000,21.7862104),(30.5981821,-39.4000000,21.6903321),(30.7026429,-39.4000000,21.1263396),(30.5981821,-39.4000000,21.6903321),(30.5419747,-39.4000000,21.5984886),(30.7026429,-39.4000000,21.1263396),(30.5419747,-39.4000000,21.5984886),(30.4755477,-39.4000000,21.5106800),(30.7026429,-39.4000000,21.1263396),(30.4755477,-39.4000000,21.5106800),(30.3989013,-39.4000000,21.4269063),(30.7026429,-39.4000000,21.1263396),(30.3989013,-39.4000000,21.4269063),(30.3170293,-39.4000000,21.3505078),(30.7026429,-39.4000000,21.1263396),(30.3170293,-39.4000000,21.3505078),(30.2306924,-39.4000000,21.2842959),(30.7026429,-39.4000000,21.1263396),(30.2306924,-39.4000000,21.2842959),(30.1398907,-39.4000000,21.2282703),(30.7026429,-39.4000000,21.1263396),(30.1398907,-39.4000000,21.2282703),(30.0446242,-39.4000000,21.1824313),(30.7026429,-39.4000000,21.1263396),(30.0446242,-39.4000000,21.1824313),(29.9448928,-39.4000000,21.1467787),(30.7026429,-39.4000000,21.1263396),(29.9448928,-39.4000000,21.1467787),(29.8406966,-39.4000000,21.1213125),(30.7026429,-39.4000000,21.1263396),(29.8406966,-39.4000000,21.1213125),(29.7320355,-39.4000000,21.1060328),(28.6593981,-39.4000000,21.0209197),(30.7026429,-39.4000000,21.1263396),(29.7320355,-39.4000000,21.1060328),(28.6593981,-39.4000000,21.0209197),(29.7320355,-39.4000000,21.1060328),(29.6189096,-39.4000000,21.1009396),(28.6593981,-39.4000000,21.0209197),(29.6189096,-39.4000000,21.1009396),(29.5077681,-39.4000000,21.1059998),(28.6593981,-39.4000000,21.0209197),(29.5077681,-39.4000000,21.1059998),(29.4008268,-39.4000000,21.1211802),(28.6593981,-39.4000000,21.0209197),(29.4008268,-39.4000000,21.1211802),(29.2980858,-39.4000000,21.1464810),(28.6593981,-39.4000000,21.0209197),(29.2980858,-39.4000000,21.1464810),(29.1995450,-39.4000000,21.1819021),(28.6593981,-39.4000000,21.0209197),(29.1995450,-39.4000000,21.1819021),(29.1052045,-39.4000000,21.2274435),(28.6593981,-39.4000000,21.0209197),(29.1052045,-39.4000000,21.2274435),(29.0150643,-39.4000000,21.2831052),(28.6593981,-39.4000000,21.0209197),(29.0150643,-39.4000000,21.2831052),(28.9291243,-39.4000000,21.3488873),(28.6593981,-39.4000000,21.0209197),(28.9291243,-39.4000000,21.3488873),(28.8473846,-39.4000000,21.4247896),(28.6593981,-39.4000000,21.0209197),(28.8473846,-39.4000000,21.4247896),(28.7727225,-39.4000000,21.5078522),(28.6593981,-39.4000000,21.0209197),(28.7727225,-39.4000000,21.5078522),(28.7080153,-39.4000000,21.5951151),(28.6593981,-39.4000000,21.0209197),(28.7080153,-39.4000000,21.5951151),(28.6532631,-39.4000000,21.6865783),(28.6593981,-39.4000000,21.0209197),(28.6532631,-39.4000000,21.6865783),(28.6084658,-39.4000000,21.7822417),(28.6593981,-39.4000000,21.0209197),(28.6084658,-39.4000000,21.7822417),(28.5736235,-39.4000000,21.8821054),(28.6593981,-39.4000000,21.0209197),(28.5736235,-39.4000000,21.8821054),(28.5487362,-39.4000000,21.9861693),(28.5338037,-39.4000000,22.0944335),(28.6593981,-39.4000000,21.0209197),(28.5487362,-39.4000000,21.9861693),(20.3264783,-39.4000000,24.3555792),(20.3796596,-39.4000000,24.5151229),(20.3645783,-39.4000000,24.5950271),(20.3264783,-39.4000000,24.3555792),(20.3645783,-39.4000000,24.5950271),(20.3193346,-39.4000000,24.6632896),(20.3264783,-39.4000000,24.3555792),(20.3193346,-39.4000000,24.6632896),(20.2510721,-39.4000000,24.7125021),(20.3264783,-39.4000000,24.3555792),(20.2510721,-39.4000000,24.7125021),(20.1669346,-39.4000000,24.7289063),(20.3264783,-39.4000000,24.3555792),(20.1669346,-39.4000000,24.7289063),(17.5465013,-39.4000000,24.7289063),(20.3264783,-39.4000000,24.3555792),(17.5465013,-39.4000000,24.7289063),(17.4533679,-39.4000000,24.7085334),(20.3264783,-39.4000000,24.3555792),(17.4533679,-39.4000000,24.7085334),(17.3792846,-39.4000000,24.6474146),(20.3264783,-39.4000000,24.3555792),(17.3792846,-39.4000000,24.6474146),(17.3327179,-39.4000000,24.5151229),(20.3264783,-39.4000000,24.3555792),(17.3327179,-39.4000000,24.5151229),(17.3327179,-39.4000000,24.4992479),(20.3264783,-39.4000000,24.3555792),(17.3327179,-39.4000000,24.4992479),(17.3930429,-39.4000000,24.3701313),(20.3264783,-39.4000000,24.3555792),(17.3930429,-39.4000000,24.3701313),(17.4642158,-39.4000000,24.3193313),(20.3264783,-39.4000000,24.3555792),(17.4642158,-39.4000000,24.3193313),(17.5465013,-39.4000000,24.3023979),(20.3264783,-39.4000000,24.3555792),(17.5465013,-39.4000000,24.3023979),(18.6461096,-39.4000000,24.3023979),(18.6461096,-39.4000000,24.3023979),(18.6461096,-39.4000000,20.8882146),(18.6614554,-39.4000000,20.8061938),(18.6461096,-39.4000000,24.3023979),(18.6614554,-39.4000000,20.8061938),(18.7074929,-39.4000000,20.7379313),(18.6461096,-39.4000000,24.3023979),(18.7074929,-39.4000000,20.7379313),(18.7757554,-39.4000000,20.6918938),(18.6461096,-39.4000000,24.3023979),(18.7757554,-39.4000000,20.6918938),(18.8577763,-39.4000000,20.6765479),(18.6461096,-39.4000000,24.3023979),(18.8577763,-39.4000000,20.6765479),(18.9397971,-39.4000000,20.6918938),(18.6461096,-39.4000000,24.3023979),(18.9397971,-39.4000000,20.6918938),(19.0080596,-39.4000000,20.7379313),(18.6461096,-39.4000000,24.3023979),(19.0080596,-39.4000000,20.7379313),(19.0540971,-39.4000000,20.8061938),(18.6461096,-39.4000000,24.3023979),(19.0540971,-39.4000000,20.8061938),(19.0694429,-39.4000000,20.8882146),(18.6461096,-39.4000000,24.3023979),(19.0694429,-39.4000000,20.8882146),(19.0694429,-39.4000000,24.3023979),(20.3264783,-39.4000000,24.3555792),(18.6461096,-39.4000000,24.3023979),(19.0694429,-39.4000000,24.3023979),(20.3264783,-39.4000000,24.3555792),(19.0694429,-39.4000000,24.3023979),(20.1669346,-39.4000000,24.3023979),(20.3264783,-39.4000000,24.3555792),(20.1669346,-39.4000000,24.3023979),(20.2600018,-39.4000000,24.3156932)));
#2540=COMPLEX_TRIANGULATED_SURFACE_SET('surface set',#2539,4599,(),(),(),((1,2,3),(4,5,6),(7,8,9),(10,11,12),(13,14,15),(16,17,18),(19,20,21),(22,23,24),(25,26,27),(28,29,30),(31,32,33),(34,35,36),(37,38,39),(40,41,42),(43,44,45),(46,47,48),(49,50,51),(52,53,54),(55,56,57),(58,59,60),(61,62,63),(64,65,66),(67,68,69),(70,71,72),(73,74,75),(76,77,78),(79,80,81),(82,83,84),(85,86,87),(88,89,90),(91,92,93),(94,95,96),(97,98,99),(100,101,102),(103,104,105),(106,107,108),(109,110,111),(112,113,114),(115,116,117),(118,119,120),(121,122,123),(124,125,126),(127,128,129),(130,131,132),(133,134,135),(136,137,138),(139,140,141),(142,143,144),(145,146,147),(148,149,150),(151,152,153),(154,155,156),(157,158,159),(160,161,162),(163,164,165),(166,167,168),(169,170,171),(172,173,174),(175,176,177),(178,179,180),(181,182,183),(184,185,186),(187,188,189),(190,191,192),(193,194,195),(196,197,198),(199,200,201),(202,203,204),(205,206,207),(208,209,210),(211,212,213),(214,215,216),(217,218,219),(220,221,222),(223,224,225),(226,227,228),(229,230,231),(232,233,234),(235,236,237),(238,239,240),(241,242,243),(244,245,246),(247,248,249),(250,251,252),(253,254,255),(256,257,258),(259,260,261),(262,263,264),(265,266,267),(268,269,270),(271,272,273),(274,275,276),(277,278,279),(280,281,282),(283,284,285),(286,287,288),(289,290,291),(292,293,294),(295,296,297),(298,299,300),(301,302,303),(304,305,306),(307,308,309),(310,311,312),(313,314,315),(316,317,318),(319,320,321),(322,323,324),(325,326,327),(328,329,330),(331,332,333),(334,335,336),(337,338,339),(340,341,342),(343,344,345),(346,347,348),(349,350,351),(352,353,354),(355,356,357),(358,359,360),(361,362,363),(364,365,366),(367,368,369),(370,371,372),(373,374,375),(376,377,378),(379,380,381),(382,383,384),(385,386,387),(388,389,390),(391,392,393),(394,395,396),(397,398,399),(400,401,402),(403,404,405),(406,407,408),(409,410,411),(412,413,414),(415,416,417),(418,419,420),(421,422,423),(424,425,426),(427,428,429),(430,431,432),(433,434,435),(436,437,438),(439,440,441),(442,443,444),(445,446,447),(448,449,450),(451,452,453),(454,455,456),(457,458,459),(460,461,462),(463,464,465),(466,467,468),(469,470,471),(472,473,474),(475,476,477),(478,479,480),(481,482,483),(484,485,486),(487,488,489),(490,491,492),(493,494,495),(496,497,498),(499,500,501),(502,503,504),(505,506,507),(508,509,510),(511,512,513),(514,515,516),(517,518,519),(520,521,522),(523,524,525),(526,527,528),(529,530,531),(532,533,534),(535,536,537),(538,539,540),(541,542,543),(544,545,546),(547,548,549),(550,551,552),(553,554,555),(556,557,558),(559,560,561),(562,563,564),(565,566,567),(568,569,570),(571,572,573),(574,575,576),(577,578,579),(580,581,582),(583,584,585),(586,587,588),(589,590,591),(592,593,594),(595,596,597),(598,599,600),(601,602,603),(604,605,606),(607,608,609),(610,611,612),(613,614,615),(616,617,618),(619,620,621),(622,623,624),(625,626,627),(628,629,630),(631,632,633),(634,635,636),(637,638,639),(640,641,642),(643,644,645),(646,647,648),(649,650,651),(652,653,654),(655,656,657),(658,659,660),(661,662,663),(664,665,666),(667,668,669),(670,671,672),(673,674,675),(676,677,678),(679,680,681),(682,683,684),(685,686,687),(688,689,690),(691,692,693),(694,695,696),(697,698,699),(700,701,702),(703,704,705),(706,707,708),(709,710,711),(712,713,714),(715,716,717),(718,719,720),(721,722,723),(724,725,726),(727,728,729),(730,731,732),(733,734,735),(736,737,738),(739,740,741),(742,743,744),(745,746,747),(748,749,750),(751,752,753),(754,755,756),(757,758,759),(760,761,762),(763,764,765),(766,767,768),(769,770,771),(772,773,774),(775,776,777),(778,779,780),(781,782,783),(784,785,786),(787,788,789),(790,791,792),(793,794,795),(796,797,798),(799,800,801),(802,803,804),(805,806,807),(808,809,810),(811,812,813),(814,815,816),(817,818,819),(820,821,822),(823,824,825),(826,827,828),(829,830,831),(832,833,834),(835,836,837),(838,839,840),(841,842,843),(844,845,846),(847,848,849),(850,851,852),(853,854,855),(856,857,858),(859,860,861),(862,863,864),(865,866,867),(868,869,870),(871,872,873),(874,875,876),(877,878,879),(880,881,882),(883,884,885),(886,887,888),(889,890,891),(892,893,894),(895,896,897),(898,899,900),(901,902,903),(904,905,906),(907,908,909),(910,911,912),(913,914,915),(916,917,918),(919,920,921),(922,923,924),(925,926,927),(928,929,930),(931,932,933),(934,935,936),(937,938,939),(940,941,942),(943,944,945),(946,947,948),(949,950,951),(952,953,954),(955,956,957),(958,959,960),(961,962,963),(964,965,966),(967,968,969),(970,971,972),(973,974,975),(976,977,978),(979,980,981),(982,983,984),(985,986,987),(988,989,990),(991,992,993),(994,995,996),(997,998,999),(1000,1001,1002),(1003,1004,1005),(1006,1007,1008),(1009,1010,1011),(1012,1013,1014),(1015,1016,1017),(1018,1019,1020),(1021,1022,1023),(1024,1025,1026),(1027,1028,1029),(1030,1031,1032),(1033,1034,1035),(1036,1037,1038),(1039,1040,1041),(1042,1043,1044),(1045,1046,1047),(1048,1049,1050),(1051,1052,1053),(1054,1055,1056),(1057,1058,1059),(1060,1061,1062),(1063,1064,1065),(1066,1067,1068),(1069,1070,1071),(1072,1073,1074),(1075,1076,1077),(1078,1079,1080),(1081,1082,1083),(1084,1085,1086),(1087,1088,1089),(1090,1091,1092),(1093,1094,1095),(1096,1097,1098),(1099,1100,1101),(1102,1103,1104),(1105,1106,1107),(1108,1109,1110),(1111,1112,1113),(1114,1115,1116),(1117,1118,1119),(1120,1121,1122),(1123,1124,1125),(1126,1127,1128),(1129,1130,1131),(1132,1133,1134),(1135,1136,1137),(1138,1139,1140),(1141,1142,1143),(1144,1145,1146),(1147,1148,1149),(1150,1151,1152),(1153,1154,1155),(1156,1157,1158),(1159,1160,1161),(1162,1163,1164),(1165,1166,1167),(1168,1169,1170),(1171,1172,1173),(1174,1175,1176),(1177,1178,1179),(1180,1181,1182),(1183,1184,1185),(1186,1187,1188),(1189,1190,1191),(1192,1193,1194),(1195,1196,1197),(1198,1199,1200),(1201,1202,1203),(1204,1205,1206),(1207,1208,1209),(1210,1211,1212),(1213,1214,1215),(1216,1217,1218),(1219,1220,1221),(1222,1223,1224),(1225,1226,1227),(1228,1229,1230),(1231,1232,1233),(1234,1235,1236),(1237,1238,1239),(1240,1241,1242),(1243,1244,1245),(1246,1247,1248),(1249,1250,1251),(1252,1253,1254),(1255,1256,1257),(1258,1259,1260),(1261,1262,1263),(1264,1265,1266),(1267,1268,1269),(1270,1271,1272),(1273,1274,1275),(1276,1277,1278),(1279,1280,1281),(1282,1283,1284),(1285,1286,1287),(1288,1289,1290),(1291,1292,1293),(1294,1295,1296),(1297,1298,1299),(1300,1301,1302),(1303,1304,1305),(1306,1307,1308),(1309,1310,1311),(1312,1313,1314),(1315,1316,1317),(1318,1319,1320),(1321,1322,1323),(1324,1325,1326),(1327,1328,1329),(1330,1331,1332),(1333,1334,1335),(1336,1337,1338),(1339,1340,1341),(1342,1343,1344),(1345,1346,1347),(1348,1349,1350),(1351,1352,1353),(1354,1355,1356),(1357,1358,1359),(1360,1361,1362),(1363,1364,1365),(1366,1367,1368),(1369,1370,1371),(1372,1373,1374),(1375,1376,1377),(1378,1379,1380),(1381,1382,1383),(1384,1385,1386),(1387,1388,1389),(1390,1391,1392),(1393,1394,1395),(1396,1397,1398),(1399,1400,1401),(1402,1403,1404),(1405,1406,1407),(1408,1409,1410),(1411,1412,1413),(1414,1415,1416),(1417,1418,1419),(1420,1421,1422),(1423,1424,1425),(1426,1427,1428),(1429,1430,1431),(1432,1433,1434),(1435,1436,1437),(1438,1439,1440),(1441,1442,1443),(1444,1445,1446),(1447,1448,1449),(1450,1451,1452),(1453,1454,1455),(1456,1457,1458),(1459,1460,1461),(1462,1463,1464),(1465,1466,1467),(1468,1469,1470),(1471,1472,1473),(1474,1475,1476),(1477,1478,1479),(1480,1481,1482),(1483,1484,1485),(1486,1487,1488),(1489,1490,1491),(1492,1493,1494),(1495,1496,1497),(1498,1499,1500),(1501,1502,1503),(1504,1505,1506),(1507,1508,1509),(1510,1511,1512),(1513,1514,1515),(1516,1517,1518),(1519,1520,1521),(1522,1523,1524),(1525,1526,1527),(1528,1529,1530),(1531,1532,1533),(1534,1535,1536),(1537,1538,1539),(1540,1541,1542),(1543,1544,1545),(1546,1547,1548),(1549,1550,1551),(1552,1553,1554),(1555,1556,1557),(1558,1559,1560),(1561,1562,1563),(1564,1565,1566),(1567,1568,1569),(1570,1571,1572),(1573,1574,1575),(1576,1577,1578),(1579,1580,1581),(1582,1583,1584),(1585,1586,1587),(1588,1589,1590),(1591,1592,1593),(1594,1595,1596),(1597,1598,1599),(1600,1601,1602),(1603,1604,1605),(1606,1607,1608),(1609,1610,1611),(1612,1613,1614),(1615,1616,1617),(1618,1619,1620),(1621,1622,1623),(1624,1625,1626),(1627,1628,1629),(1630,1631,1632),(1633,1634,1635),(1636,1637,1638),(1639,1640,1641),(1642,1643,1644),(1645,1646,1647),(1648,1649,1650),(1651,1652,1653),(1654,1655,1656),(1657,1658,1659),(1660,1661,1662),(1663,1664,1665),(1666,1667,1668),(1669,1670,1671),(1672,1673,1674),(1675,1676,1677),(1678,1679,1680),(1681,1682,1683),(1684,1685,1686),(1687,1688,1689),(1690,1691,1692),(1693,1694,1695),(1696,1697,1698),(1699,1700,1701),(1702,1703,1704),(1705,1706,1707),(1708,1709,1710),(1711,1712,1713),(1714,1715,1716),(1717,1718,1719),(1720,1721,1722),(1723,1724,1725),(1726,1727,1728),(1729,1730,1731),(1732,1733,1734),(1735,1736,1737),(1738,1739,1740),(1741,1742,1743),(1744,1745,1746),(1747,1748,1749),(1750,1751,1752),(1753,1754,1755),(1756,1757,1758),(1759,1760,1761),(1762,1763,1764),(1765,1766,1767),(1768,1769,1770),(1771,1772,1773),(1774,1775,1776),(1777,1778,1779),(1780,1781,1782),(1783,1784,1785),(1786,1787,1788),(1789,1790,1791),(1792,1793,1794),(1795,1796,1797),(1798,1799,1800),(1801,1802,1803),(1804,1805,1806),(1807,1808,1809),(1810,1811,1812),(1813,1814,1815),(1816,1817,1818),(1819,1820,1821),(1822,1823,1824),(1825,1826,1827),(1828,1829,1830),(1831,1832,1833),(1834,1835,1836),(1837,1838,1839),(1840,1841,1842),(1843,1844,1845),(1846,1847,1848),(1849,1850,1851),(1852,1853,1854),(1855,1856,1857),(1858,1859,1860),(1861,1862,1863),(1864,1865,1866),(1867,1868,1869),(1870,1871,1872),(1873,1874,1875),(1876,1877,1878),(1879,1880,1881),(1882,1883,1884),(1885,1886,1887),(1888,1889,1890),(1891,1892,1893),(1894,1895,1896),(1897,1898,1899),(1900,1901,1902),(1903,1904,1905),(1906,1907,1908),(1909,1910,1911),(1912,1913,1914),(1915,1916,1917),(1918,1919,1920),(1921,1922,1923),(1924,1925,1926),(1927,1928,1929),(1930,1931,1932),(1933,1934,1935),(1936,1937,1938),(1939,1940,1941),(1942,1943,1944),(1945,1946,1947),(1948,1949,1950),(1951,1952,1953),(1954,1955,1956),(1957,1958,1959),(1960,1961,1962),(1963,1964,1965),(1966,1967,1968),(1969,1970,1971),(1972,1973,1974),(1975,1976,1977),(1978,1979,1980),(1981,1982,1983),(1984,1985,1986),(1987,1988,1989),(1990,1991,1992),(1993,1994,1995),(1996,1997,1998),(1999,2000,2001),(2002,2003,2004),(2005,2006,2007),(2008,2009,2010),(2011,2012,2013),(2014,2015,2016),(2017,2018,2019),(2020,2021,2022),(2023,2024,2025),(2026,2027,2028),(2029,2030,2031),(2032,2033,2034),(2035,2036,2037),(2038,2039,2040),(2041,2042,2043),(2044,2045,2046),(2047,2048,2049),(2050,2051,2052),(2053,2054,2055),(2056,2057,2058),(2059,2060,2061),(2062,2063,2064),(2065,2066,2067),(2068,2069,2070),(2071,2072,2073),(2074,2075,2076),(2077,2078,2079),(2080,2081,2082),(2083,2084,2085),(2086,2087,2088),(2089,2090,2091),(2092,2093,2094),(2095,2096,2097),(2098,2099,2100),(2101,2102,2103),(2104,2105,2106),(2107,2108,2109),(2110,2111,2112),(2113,2114,2115),(2116,2117,2118),(2119,2120,2121),(2122,2123,2124),(2125,2126,2127),(2128,2129,2130),(2131,2132,2133),(2134,2135,2136),(2137,2138,2139),(2140,2141,2142),(2143,2144,2145),(2146,2147,2148),(2149,2150,2151),(2152,2153,2154),(2155,2156,2157),(2158,2159,2160),(2161,2162,2163),(2164,2165,2166),(2167,2168,2169),(2170,2171,2172),(2173,2174,2175),(2176,2177,2178),(2179,2180,2181),(2182,2183,2184),(2185,2186,2187),(2188,2189,2190),(2191,2192,2193),(2194,2195,2196),(2197,2198,2199),(2200,2201,2202),(2203,2204,2205),(2206,2207,2208),(2209,2210,2211),(2212,2213,2214),(2215,2216,2217),(2218,2219,2220),(2221,2222,2223),(2224,2225,2226),(2227,2228,2229),(2230,2231,2232),(2233,2234,2235),(2236,2237,2238),(2239,2240,2241),(2242,2243,2244),(2245,2246,2247),(2248,2249,2250),(2251,2252,2253),(2254,2255,2256),(2257,2258,2259),(2260,2261,2262),(2263,2264,2265),(2266,2267,2268),(2269,2270,2271),(2272,2273,2274),(2275,2276,2277),(2278,2279,2280),(2281,2282,2283),(2284,2285,2286),(2287,2288,2289),(2290,2291,2292),(2293,2294,2295),(2296,2297,2298),(2299,2300,2301),(2302,2303,2304),(2305,2306,2307),(2308,2309,2310),(2311,2312,2313),(2314,2315,2316),(2317,2318,2319),(2320,2321,2322),(2323,2324,2325),(2326,2327,2328),(2329,2330,2331),(2332,2333,2334),(2335,2336,2337),(2338,2339,2340),(2341,2342,2343),(2344,2345,2346),(2347,2348,2349),(2350,2351,2352),(2353,2354,2355),(2356,2357,2358),(2359,2360,2361),(2362,2363,2364),(2365,2366,2367),(2368,2369,2370),(2371,2372,2373),(2374,2375,2376),(2377,2378,2379),(2380,2381,2382),(2383,2384,2385),(2386,2387,2388),(2389,2390,2391),(2392,2393,2394),(2395,2396,2397),(2398,2399,2400),(2401,2402,2403),(2404,2405,2406),(2407,2408,2409),(2410,2411,2412),(2413,2414,2415),(2416,2417,2418),(2419,2420,2421),(2422,2423,2424),(2425,2426,2427),(2428,2429,2430),(2431,2432,2433),(2434,2435,2436),(2437,2438,2439),(2440,2441,2442),(2443,2444,2445),(2446,2447,2448),(2449,2450,2451),(2452,2453,2454),(2455,2456,2457),(2458,2459,2460),(2461,2462,2463),(2464,2465,2466),(2467,2468,2469),(2470,2471,2472),(2473,2474,2475),(2476,2477,2478),(2479,2480,2481),(2482,2483,2484),(2485,2486,2487),(2488,2489,2490),(2491,2492,2493),(2494,2495,2496),(2497,2498,2499),(2500,2501,2502),(2503,2504,2505),(2506,2507,2508),(2509,2510,2511),(2512,2513,2514),(2515,2516,2517),(2518,2519,2520),(2521,2522,2523),(2524,2525,2526),(2527,2528,2529),(2530,2531,2532),(2533,2534,2535),(2536,2537,2538),(2539,2540,2541),(2542,2543,2544),(2545,2546,2547),(2548,2549,2550),(2551,2552,2553),(2554,2555,2556),(2557,2558,2559),(2560,2561,2562),(2563,2564,2565),(2566,2567,2568),(2569,2570,2571),(2572,2573,2574),(2575,2576,2577),(2578,2579,2580),(2581,2582,2583),(2584,2585,2586),(2587,2588,2589),(2590,2591,2592),(2593,2594,2595),(2596,2597,2598),(2599,2600,2601),(2602,2603,2604),(2605,2606,2607),(2608,2609,2610),(2611,2612,2613),(2614,2615,2616),(2617,2618,2619),(2620,2621,2622),(2623,2624,2625),(2626,2627,2628),(2629,2630,2631),(2632,2633,2634),(2635,2636,2637),(2638,2639,2640),(2641,2642,2643),(2644,2645,2646),(2647,2648,2649),(2650,2651,2652),(2653,2654,2655),(2656,2657,2658),(2659,2660,2661),(2662,2663,2664),(2665,2666,2667),(2668,2669,2670),(2671,2672,2673),(2674,2675,2676),(2677,2678,2679),(2680,2681,2682),(2683,2684,2685),(2686,2687,2688),(2689,2690,2691),(2692,2693,2694),(2695,2696,2697),(2698,2699,2700),(2701,2702,2703),(2704,2705,2706),(2707,2708,2709),(2710,2711,2712),(2713,2714,2715),(2716,2717,2718),(2719,2720,2721),(2722,2723,2724),(2725,2726,2727),(2728,2729,2730),(2731,2732,2733),(2734,2735,2736),(2737,2738,2739),(2740,2741,2742),(2743,2744,2745),(2746,2747,2748),(2749,2750,2751),(2752,2753,2754),(2755,2756,2757),(2758,2759,2760),(2761,2762,2763),(2764,2765,2766),(2767,2768,2769),(2770,2771,2772),(2773,2774,2775),(2776,2777,2778),(2779,2780,2781),(2782,2783,2784),(2785,2786,2787),(2788,2789,2790),(2791,2792,2793),(2794,2795,2796),(2797,2798,2799),(2800,2801,2802),(2803,2804,2805),(2806,2807,2808),(2809,2810,2811),(2812,2813,2814),(2815,2816,2817),(2818,2819,2820),(2821,2822,2823),(2824,2825,2826),(2827,2828,2829),(2830,2831,2832),(2833,2834,2835),(2836,2837,2838),(2839,2840,2841),(2842,2843,2844),(2845,2846,2847),(2848,2849,2850),(2851,2852,2853),(2854,2855,2856),(2857,2858,2859),(2860,2861,2862),(2863,2864,2865),(2866,2867,2868),(2869,2870,2871),(2872,2873,2874),(2875,2876,2877),(2878,2879,2880),(2881,2882,2883),(2884,2885,2886),(2887,2888,2889),(2890,2891,2892),(2893,2894,2895),(2896,2897,2898),(2899,2900,2901),(2902,2903,2904),(2905,2906,2907),(2908,2909,2910),(2911,2912,2913),(2914,2915,2916),(2917,2918,2919),(2920,2921,2922),(2923,2924,2925),(2926,2927,2928),(2929,2930,2931),(2932,2933,2934),(2935,2936,2937),(2938,2939,2940),(2941,2942,2943),(2944,2945,2946),(2947,2948,2949),(2950,2951,2952),(2953,2954,2955),(2956,2957,2958),(2959,2960,2961),(2962,2963,2964),(2965,2966,2967),(2968,2969,2970),(2971,2972,2973),(2974,2975,2976),(2977,2978,2979),(2980,2981,2982),(2983,2984,2985),(2986,2987,2988),(2989,2990,2991),(2992,2993,2994),(2995,2996,2997),(2998,2999,3000),(3001,3002,3003),(3004,3005,3006),(3007,3008,3009),(3010,3011,3012),(3013,3014,3015),(3016,3017,3018),(3019,3020,3021),(3022,3023,3024),(3025,3026,3027),(3028,3029,3030),(3031,3032,3033),(3034,3035,3036),(3037,3038,3039),(3040,3041,3042),(3043,3044,3045),(3046,3047,3048),(3049,3050,3051),(3052,3053,3054),(3055,3056,3057),(3058,3059,3060),(3061,3062,3063),(3064,3065,3066),(3067,3068,3069),(3070,3071,3072),(3073,3074,3075),(3076,3077,3078),(3079,3080,3081),(3082,3083,3084),(3085,3086,3087),(3088,3089,3090),(3091,3092,3093),(3094,3095,3096),(3097,3098,3099),(3100,3101,3102),(3103,3104,3105),(3106,3107,3108),(3109,3110,3111),(3112,3113,3114),(3115,3116,3117),(3118,3119,3120),(3121,3122,3123),(3124,3125,3126),(3127,3128,3129),(3130,3131,3132),(3133,3134,3135),(3136,3137,3138),(3139,3140,3141),(3142,3143,3144),(3145,3146,3147),(3148,3149,3150),(3151,3152,3153),(3154,3155,3156),(3157,3158,3159),(3160,3161,3162),(3163,3164,3165),(3166,3167,3168),(3169,3170,3171),(3172,3173,3174),(3175,3176,3177),(3178,3179,3180),(3181,3182,3183),(3184,3185,3186),(3187,3188,3189),(3190,3191,3192),(3193,3194,3195),(3196,3197,3198),(3199,3200,3201),(3202,3203,3204),(3205,3206,3207),(3208,3209,3210),(3211,3212,3213),(3214,3215,3216),(3217,3218,3219),(3220,3221,3222),(3223,3224,3225),(3226,3227,3228),(3229,3230,3231),(3232,3233,3234),(3235,3236,3237),(3238,3239,3240),(3241,3242,3243),(3244,3245,3246),(3247,3248,3249),(3250,3251,3252),(3253,3254,3255),(3256,3257,3258),(3259,3260,3261),(3262,3263,3264),(3265,3266,3267),(3268,3269,3270),(3271,3272,3273),(3274,3275,3276),(3277,3278,3279),(3280,3281,3282),(3283,3284,3285),(3286,3287,3288),(3289,3290,3291),(3292,3293,3294),(3295,3296,3297),(3298,3299,3300),(3301,3302,3303),(3304,3305,3306),(3307,3308,3309),(3310,3311,3312),(3313,3314,3315),(3316,3317,3318),(3319,3320,3321),(3322,3323,3324),(3325,3326,3327),(3328,3329,3330),(3331,3332,3333),(3334,3335,3336),(3337,3338,3339),(3340,3341,3342),(3343,3344,3345),(3346,3347,3348),(3349,3350,3351),(3352,3353,3354),(3355,3356,3357),(3358,3359,3360),(3361,3362,3363),(3364,3365,3366),(3367,3368,3369),(3370,3371,3372),(3373,3374,3375),(3376,3377,3378),(3379,3380,3381),(3382,3383,3384),(3385,3386,3387),(3388,3389,3390),(3391,3392,3393),(3394,3395,3396),(3397,3398,3399),(3400,3401,3402),(3403,3404,3405),(3406,3407,3408),(3409,3410,3411),(3412,3413,3414),(3415,3416,3417),(3418,3419,3420),(3421,3422,3423),(3424,3425,3426),(3427,3428,3429),(3430,3431,3432),(3433,3434,3435),(3436,3437,3438),(3439,3440,3441),(3442,3443,3444),(3445,3446,3447),(3448,3449,3450),(3451,3452,3453),(3454,3455,3456),(3457,3458,3459),(3460,3461,3462),(3463,3464,3465),(3466,3467,3468),(3469,3470,3471),(3472,3473,3474),(3475,3476,3477),(3478,3479,3480),(3481,3482,3483),(3484,3485,3486),(3487,3488,3489),(3490,3491,3492),(3493,3494,3495),(3496,3497,3498),(3499,3500,3501),(3502,3503,3504),(3505,3506,3507),(3508,3509,3510),(3511,3512,3513),(3514,3515,3516),(3517,3518,3519),(3520,3521,3522),(3523,3524,3525),(3526,3527,3528),(3529,3530,3531),(3532,3533,3534),(3535,3536,3537),(3538,3539,3540),(3541,3542,3543),(3544,3545,3546),(3547,3548,3549),(3550,3551,3552),(3553,3554,3555),(3556,3557,3558),(3559,3560,3561),(3562,3563,3564),(3565,3566,3567),(3568,3569,3570),(3571,3572,3573),(3574,3575,3576),(3577,3578,3579),(3580,3581,3582),(3583,3584,3585),(3586,3587,3588),(3589,3590,3591),(3592,3593,3594),(3595,3596,3597),(3598,3599,3600),(3601,3602,3603),(3604,3605,3606),(3607,3608,3609),(3610,3611,3612),(3613,3614,3615),(3616,3617,3618),(3619,3620,3621),(3622,3623,3624),(3625,3626,3627),(3628,3629,3630),(3631,3632,3633),(3634,3635,3636),(3637,3638,3639),(3640,3641,3642),(3643,3644,3645),(3646,3647,3648),(3649,3650,3651),(3652,3653,3654),(3655,3656,3657),(3658,3659,3660),(3661,3662,3663),(3664,3665,3666),(3667,3668,3669),(3670,3671,3672),(3673,3674,3675),(3676,3677,3678),(3679,3680,3681),(3682,3683,3684),(3685,3686,3687),(3688,3689,3690),(3691,3692,3693),(3694,3695,3696),(3697,3698,3699),(3700,3701,3702),(3703,3704,3705),(3706,3707,3708),(3709,3710,3711),(3712,3713,3714),(3715,3716,3717),(3718,3719,3720),(3721,3722,3723),(3724,3725,3726),(3727,3728,3729),(3730,3731,3732),(3733,3734,3735),(3736,3737,3738),(3739,3740,3741),(3742,3743,3744),(3745,3746,3747),(3748,3749,3750),(3751,3752,3753),(3754,3755,3756),(3757,3758,3759),(3760,3761,3762),(3763,3764,3765),(3766,3767,3768),(3769,3770,3771),(3772,3773,3774),(3775,3776,3777),(3778,3779,3780),(3781,3782,3783),(3784,3785,3786),(3787,3788,3789),(3790,3791,3792),(3793,3794,3795),(3796,3797,3798),(3799,3800,3801),(3802,3803,3804),(3805,3806,3807),(3808,3809,3810),(3811,3812,3813),(3814,3815,3816),(3817,3818,3819),(3820,3821,3822),(3823,3824,3825),(3826,3827,3828),(3829,3830,3831),(3832,3833,3834),(3835,3836,3837),(3838,3839,3840),(3841,3842,3843),(3844,3845,3846),(3847,3848,3849),(3850,3851,3852),(3853,3854,3855),(3856,3857,3858),(3859,3860,3861),(3862,3863,3864),(3865,3866,3867),(3868,3869,3870),(3871,3872,3873),(3874,3875,3876),(3877,3878,3879),(3880,3881,3882),(3883,3884,3885),(3886,3887,3888),(3889,3890,3891),(3892,3893,3894),(3895,3896,3897),(3898,3899,3900),(3901,3902,3903),(3904,3905,3906),(3907,3908,3909),(3910,3911,3912),(3913,3914,3915),(3916,3917,3918),(3919,3920,3921),(3922,3923,3924),(3925,3926,3927),(3928,3929,3930),(3931,3932,3933),(3934,3935,3936),(3937,3938,3939),(3940,3941,3942),(3943,3944,3945),(3946,3947,3948),(3949,3950,3951),(3952,3953,3954),(3955,3956,3957),(3958,3959,3960),(3961,3962,3963),(3964,3965,3966),(3967,3968,3969),(3970,3971,3972),(3973,3974,3975),(3976,3977,3978),(3979,3980,3981),(3982,3983,3984),(3985,3986,3987),(3988,3989,3990),(3991,3992,3993),(3994,3995,3996),(3997,3998,3999),(4000,4001,4002),(4003,4004,4005),(4006,4007,4008),(4009,4010,4011),(4012,4013,4014),(4015,4016,4017),(4018,4019,4020),(4021,4022,4023),(4024,4025,4026),(4027,4028,4029),(4030,4031,4032),(4033,4034,4035),(4036,4037,4038),(4039,4040,4041),(4042,4043,4044),(4045,4046,4047),(4048,4049,4050),(4051,4052,4053),(4054,4055,4056),(4057,4058,4059),(4060,4061,4062),(4063,4064,4065),(4066,4067,4068),(4069,4070,4071),(4072,4073,4074),(4075,4076,4077),(4078,4079,4080),(4081,4082,4083),(4084,4085,4086),(4087,4088,4089),(4090,4091,4092),(4093,4094,4095),(4096,4097,4098),(4099,4100,4101),(4102,4103,4104),(4105,4106,4107),(4108,4109,4110),(4111,4112,4113),(4114,4115,4116),(4117,4118,4119),(4120,4121,4122),(4123,4124,4125),(4126,4127,4128),(4129,4130,4131),(4132,4133,4134),(4135,4136,4137),(4138,4139,4140),(4141,4142,4143),(4144,4145,4146),(4147,4148,4149),(4150,4151,4152),(4153,4154,4155),(4156,4157,4158),(4159,4160,4161),(4162,4163,4164),(4165,4166,4167),(4168,4169,4170),(4171,4172,4173),(4174,4175,4176),(4177,4178,4179),(4180,4181,4182),(4183,4184,4185),(4186,4187,4188),(4189,4190,4191),(4192,4193,4194),(4195,4196,4197),(4198,4199,4200),(4201,4202,4203),(4204,4205,4206),(4207,4208,4209),(4210,4211,4212),(4213,4214,4215),(4216,4217,4218),(4219,4220,4221),(4222,4223,4224),(4225,4226,4227),(4228,4229,4230),(4231,4232,4233),(4234,4235,4236),(4237,4238,4239),(4240,4241,4242),(4243,4244,4245),(4246,4247,4248),(4249,4250,4251),(4252,4253,4254),(4255,4256,4257),(4258,4259,4260),(4261,4262,4263),(4264,4265,4266),(4267,4268,4269),(4270,4271,4272),(4273,4274,4275),(4276,4277,4278),(4279,4280,4281),(4282,4283,4284),(4285,4286,4287),(4288,4289,4290),(4291,4292,4293),(4294,4295,4296),(4297,4298,4299),(4300,4301,4302),(4303,4304,4305),(4306,4307,4308),(4309,4310,4311),(4312,4313,4314),(4315,4316,4317),(4318,4319,4320),(4321,4322,4323),(4324,4325,4326),(4327,4328,4329),(4330,4331,4332),(4333,4334,4335),(4336,4337,4338),(4339,4340,4341),(4342,4343,4344),(4345,4346,4347),(4348,4349,4350),(4351,4352,4353),(4354,4355,4356),(4357,4358,4359),(4360,4361,4362),(4363,4364,4365),(4366,4367,4368),(4369,4370,4371),(4372,4373,4374),(4375,4376,4377),(4378,4379,4380),(4381,4382,4383),(4384,4385,4386),(4387,4388,4389),(4390,4391,4392),(4393,4394,4395),(4396,4397,4398),(4399,4400,4401),(4402,4403,4404),(4405,4406,4407),(4408,4409,4410),(4411,4412,4413),(4414,4415,4416),(4417,4418,4419),(4420,4421,4422),(4423,4424,4425),(4426,4427,4428),(4429,4430,4431),(4432,4433,4434),(4435,4436,4437),(4438,4439,4440),(4441,4442,4443),(4444,4445,4446),(4447,4448,4449),(4450,4451,4452),(4453,4454,4455),(4456,4457,4458),(4459,4460,4461),(4462,4463,4464),(4465,4466,4467),(4468,4469,4470),(4471,4472,4473),(4474,4475,4476),(4477,4478,4479),(4480,4481,4482),(4483,4484,4485),(4486,4487,4488),(4489,4490,4491),(4492,4493,4494),(4495,4496,4497),(4498,4499,4500),(4501,4502,4503),(4504,4505,4506),(4507,4508,4509),(4510,4511,4512),(4513,4514,4515),(4516,4517,4518),(4519,4520,4521),(4522,4523,4524),(4525,4526,4527),(4528,4529,4530),(4531,4532,4533),(4534,4535,4536),(4537,4538,4539),(4540,4541,4542),(4543,4544,4545),(4546,4547,4548),(4549,4550,4551),(4552,4553,4554),(4555,4556,4557),(4558,4559,4560),(4561,4562,4563),(4564,4565,4566),(4567,4568,4569),(4570,4571,4572),(4573,4574,4575),(4576,4577,4578),(4579,4580,4581),(4582,4583,4584),(4585,4586,4587),(4588,4589,4590),(4591,4592,4593),(4594,4595,4596),(4597,4598,4599)));
#2541=TESSELLATED_GEOMETRIC_SET('hole callout',(#2540));
#2542=COORDINATES_LIST('coordinates',5,((2.0602554,-39.4000000,13.1071188),(34.2888054,-39.4000000,13.1071188),(-6.6897446,-39.4000000,9.3571188),(-2.9397446,-39.4000000,13.1071188),(2.0602554,-39.4000000,13.1071188)));
#2543=TESSELLATED_CURVE_SET('curve set',#2542,((1,2),(3,4,5)));
#2544=TESSELLATED_GEOMETRIC_SET('hole callout',(#2543));
#2545=TESSELLATED_ANNOTATION_OCCURRENCE('hole callout',(#2538),#2541);
#2546=TESSELLATED_ANNOTATION_OCCURRENCE('hole callout',(#2538),#2544);
#2547=DRAUGHTING_CALLOUT('hole callout',(#2545,#2546));
#2548=DRAUGHTING_MODEL_ITEM_ASSOCIATION('','',#2499,#2376,#2547);
#2549=DRAUGHTING_MODEL_ITEM_ASSOCIATION('','',#2507,#2376,#2547);
#2550=DRAUGHTING_MODEL_ITEM_ASSOCIATION('','',#2492,#2376,#2547);
ENDSEC;
END-ISO-10303-21;
