ISO-10303-21;
HEADER;
/*Generated by software containing ST-Developer
 * from STEP Tools, Inc. (www.steptools.com) 
 */
/*OPTION: using custom renumber hook */
/*description */
/*implementation_level */
FILE_DESCRIPTION(('STEP AP242 Edition 2','STEP AP242 Edition 2''CAx-IF Rec.Pracs.---Representation and Presentation of Product Manufa
cturing Information (PMI)---4.0---2014-10-13','STEP AP242 Edition 2''CAx-IF Rec.Pracs.---Representation and Presentation of Product Manufa
cturing Information (PMI)---4.0---2014-10-13''CAx-IF Rec.Pracs.---3D Tessellated Geometry---0.4---2014-09-14','STEP AP242 Edition 2''CAx-IF Rec.Pracs.---Representation and Presentation of Product Manufa
cturing Information (PMI)---4.0---2014-10-13''CAx-IF Rec.Pracs.---3D Tessellated Geometry---0.4---2014-09-14''2;1','STEP AP242 Edition 2''CAx-IF Rec.Pracs.---Representation and Presentation of Product Manufa
cturing Information (PMI)---4.0---2014-10-13''CAx-IF Rec.Pracs.---3D Tessellated Geometry---0.4---2014-09-14''2;1''CAx-IF Rec.Pracs.---User Defined Attributes---1.5---2016-08-15'),'2;1');
/*name */
/*time_stamp */
/*author */
/*organization */
/*preprocessor_version */
/*originating_system */
/*authorisation */
FILE_NAME('/vol/tmp/translate-11610879017992146323/Part Studio 5 - Part 3.step','2026-04-23T11:22:17',(''),(''),'ST-DEVELOPER v20','ONSHAPE BY PTC INC, 1.213','  ');
FILE_SCHEMA(('AP242_MANAGED_MODEL_BASED_3D_ENGINEERING_MIM_LF { 1 0 10303 442 3 1 4 }'));
ENDSEC;
DATA;
#10=SHAPE_REPRESENTATION_RELATIONSHIP('','',#511,#11);
#11=ADVANCED_BREP_SHAPE_REPRESENTATION('',(#509),#945);
#12=SPHERICAL_SURFACE('',#537,4.);
#13=SPHERICAL_SURFACE('',#539,4.);
#14=SPHERICAL_SURFACE('',#542,4.);
#15=SPHERICAL_SURFACE('',#544,4.);
#16=PLANE('',#519);
#17=PLANE('',#530);
#18=PLANE('',#549);
#19=PLANE('',#554);
#20=PLANE('',#559);
#21=PLANE('',#564);
#22=PLANE('',#569);
#23=PLANE('',#574);
#24=CIRCLE('',#514,4.);
#25=CIRCLE('',#515,4.);
#26=CIRCLE('',#517,4.);
#27=CIRCLE('',#518,4.);
#28=CIRCLE('',#520,1.5);
#29=CIRCLE('',#521,1.5);
#30=CIRCLE('',#522,1.5);
#31=CIRCLE('',#523,1.5);
#32=CIRCLE('',#524,1.5);
#33=CIRCLE('',#525,1.5);
#34=CIRCLE('',#526,4.);
#35=CIRCLE('',#527,4.);
#36=CIRCLE('',#528,4.);
#37=CIRCLE('',#529,4.);
#38=CIRCLE('',#531,2.6);
#39=CIRCLE('',#532,2.6);
#40=CIRCLE('',#533,2.6);
#41=CIRCLE('',#534,2.6);
#42=CIRCLE('',#535,2.6);
#43=CIRCLE('',#536,2.6);
#44=CIRCLE('',#538,4.);
#45=CIRCLE('',#540,4.);
#46=CIRCLE('',#543,4.);
#47=CIRCLE('',#545,4.);
#48=CIRCLE('',#548,1.5);
#49=CIRCLE('',#550,2.6);
#50=CIRCLE('',#553,1.5);
#51=CIRCLE('',#555,2.6);
#52=CIRCLE('',#558,1.5);
#53=CIRCLE('',#560,2.6);
#54=CIRCLE('',#563,1.5);
#55=CIRCLE('',#565,2.6);
#56=CIRCLE('',#568,1.5);
#57=CIRCLE('',#570,2.6);
#58=CIRCLE('',#573,1.5);
#59=CIRCLE('',#575,2.6);
#60=B_SPLINE_CURVE_WITH_KNOTS('',3,(#732,#733,#734,#735,#736,#737,#738),.UNSPECIFIED.,.F.,.F.,(4,1,1,1,4),(0.,0.00141089971104137,0.00282179942208274,0.00423269913312411,0.00564359884416548),.UNSPECIFIED.);
#61=B_SPLINE_CURVE_WITH_KNOTS('',3,(#742,#743,#744,#745,#746,#747,#748),.UNSPECIFIED.,.F.,.F.,(4,1,1,1,4),(0.,0.00140773417540623,0.00281546835081245,0.00422320252621868,0.00563093670162491),.UNSPECIFIED.);
#62=B_SPLINE_CURVE_WITH_KNOTS('',3,(#752,#753,#754,#755,#756,#757,#758),.UNSPECIFIED.,.F.,.F.,(4,1,1,1,4),(0.,0.00141089971104137,0.00282179942208273,0.0042326991331241,0.00564359884416546),.UNSPECIFIED.);
#63=B_SPLINE_CURVE_WITH_KNOTS('',3,(#762,#763,#764,#765,#766,#767,#768),.UNSPECIFIED.,.F.,.F.,(4,1,1,1,4),(0.,0.00140773417540623,0.00281546835081245,0.00422320252621868,0.00563093670162491),.UNSPECIFIED.);
#64=B_SPLINE_CURVE_WITH_KNOTS('',3,(#772,#773,#774,#775,#776,#777,#778),.UNSPECIFIED.,.F.,.F.,(4,1,1,1,4),(0.,0.00141089971104137,0.00282179942208273,0.0042326991331241,0.00564359884416546),.UNSPECIFIED.);
#65=B_SPLINE_CURVE_WITH_KNOTS('',3,(#782,#783,#784,#785,#786,#787,#788),.UNSPECIFIED.,.F.,.F.,(4,1,1,1,4),(0.,0.00140773417540623,0.00281546835081246,0.00422320252621869,0.00563093670162492),.UNSPECIFIED.);
#66=B_SPLINE_CURVE_WITH_KNOTS('',3,(#801,#802,#803,#804,#805,#806,#807),.UNSPECIFIED.,.F.,.F.,(4,1,1,1,4),(0.,0.00141089971104137,0.00282179942208274,0.00423269913312411,0.00564359884416548),.UNSPECIFIED.);
#67=B_SPLINE_CURVE_WITH_KNOTS('',3,(#811,#812,#813,#814,#815,#816,#817),.UNSPECIFIED.,.F.,.F.,(4,1,1,1,4),(0.,0.00140773417540622,0.00281546835081244,0.00422320252621867,0.00563093670162489),.UNSPECIFIED.);
#68=B_SPLINE_CURVE_WITH_KNOTS('',3,(#821,#822,#823,#824,#825,#826,#827),.UNSPECIFIED.,.F.,.F.,(4,1,1,1,4),(0.,0.00141089971104137,0.00282179942208274,0.0042326991331241,0.00564359884416547),.UNSPECIFIED.);
#69=B_SPLINE_CURVE_WITH_KNOTS('',3,(#831,#832,#833,#834,#835,#836,#837),.UNSPECIFIED.,.F.,.F.,(4,1,1,1,4),(0.,0.00140773417540622,0.00281546835081245,0.00422320252621867,0.00563093670162489),.UNSPECIFIED.);
#70=B_SPLINE_CURVE_WITH_KNOTS('',3,(#849,#850,#851,#852,#853,#854,#855),.UNSPECIFIED.,.F.,.F.,(4,1,1,1,4),(0.,0.00141089971104137,0.00282179942208274,0.00423269913312412,0.00564359884416549),.UNSPECIFIED.);
#71=B_SPLINE_CURVE_WITH_KNOTS('',3,(#859,#860,#861,#862,#863,#864,#865),.UNSPECIFIED.,.F.,.F.,(4,1,1,1,4),(0.,0.00140773417540622,0.00281546835081245,0.00422320252621867,0.00563093670162489),.UNSPECIFIED.);
#72=ORIENTED_EDGE('',*,*,#208,.F.);
#73=ORIENTED_EDGE('',*,*,#209,.T.);
#74=ORIENTED_EDGE('',*,*,#210,.T.);
#75=ORIENTED_EDGE('',*,*,#211,.T.);
#76=ORIENTED_EDGE('',*,*,#212,.F.);
#77=ORIENTED_EDGE('',*,*,#213,.T.);
#78=ORIENTED_EDGE('',*,*,#214,.T.);
#79=ORIENTED_EDGE('',*,*,#215,.T.);
#80=ORIENTED_EDGE('',*,*,#216,.F.);
#81=ORIENTED_EDGE('',*,*,#217,.T.);
#82=ORIENTED_EDGE('',*,*,#218,.T.);
#83=ORIENTED_EDGE('',*,*,#219,.T.);
#84=ORIENTED_EDGE('',*,*,#220,.F.);
#85=ORIENTED_EDGE('',*,*,#221,.T.);
#86=ORIENTED_EDGE('',*,*,#222,.F.);
#87=ORIENTED_EDGE('',*,*,#223,.F.);
#88=ORIENTED_EDGE('',*,*,#224,.F.);
#89=ORIENTED_EDGE('',*,*,#225,.T.);
#90=ORIENTED_EDGE('',*,*,#226,.T.);
#91=ORIENTED_EDGE('',*,*,#227,.T.);
#92=ORIENTED_EDGE('',*,*,#228,.F.);
#93=ORIENTED_EDGE('',*,*,#229,.T.);
#94=ORIENTED_EDGE('',*,*,#230,.T.);
#95=ORIENTED_EDGE('',*,*,#231,.T.);
#96=ORIENTED_EDGE('',*,*,#232,.F.);
#97=ORIENTED_EDGE('',*,*,#233,.F.);
#98=ORIENTED_EDGE('',*,*,#234,.F.);
#99=ORIENTED_EDGE('',*,*,#235,.F.);
#100=ORIENTED_EDGE('',*,*,#236,.F.);
#101=ORIENTED_EDGE('',*,*,#237,.T.);
#102=ORIENTED_EDGE('',*,*,#238,.T.);
#103=ORIENTED_EDGE('',*,*,#239,.T.);
#104=ORIENTED_EDGE('',*,*,#240,.F.);
#105=ORIENTED_EDGE('',*,*,#241,.F.);
#106=ORIENTED_EDGE('',*,*,#242,.F.);
#107=ORIENTED_EDGE('',*,*,#243,.F.);
#108=ORIENTED_EDGE('',*,*,#244,.F.);
#109=ORIENTED_EDGE('',*,*,#245,.F.);
#110=ORIENTED_EDGE('',*,*,#246,.T.);
#111=ORIENTED_EDGE('',*,*,#234,.T.);
#112=ORIENTED_EDGE('',*,*,#247,.T.);
#113=ORIENTED_EDGE('',*,*,#248,.T.);
#114=ORIENTED_EDGE('',*,*,#249,.F.);
#115=ORIENTED_EDGE('',*,*,#222,.T.);
#116=ORIENTED_EDGE('',*,*,#250,.T.);
#117=ORIENTED_EDGE('',*,*,#251,.T.);
#118=ORIENTED_EDGE('',*,*,#228,.T.);
#119=ORIENTED_EDGE('',*,*,#252,.T.);
#120=ORIENTED_EDGE('',*,*,#224,.T.);
#121=ORIENTED_EDGE('',*,*,#253,.T.);
#122=ORIENTED_EDGE('',*,*,#236,.T.);
#123=ORIENTED_EDGE('',*,*,#254,.T.);
#124=ORIENTED_EDGE('',*,*,#220,.T.);
#125=ORIENTED_EDGE('',*,*,#255,.T.);
#126=ORIENTED_EDGE('',*,*,#216,.T.);
#127=ORIENTED_EDGE('',*,*,#256,.T.);
#128=ORIENTED_EDGE('',*,*,#212,.T.);
#129=ORIENTED_EDGE('',*,*,#257,.T.);
#130=ORIENTED_EDGE('',*,*,#208,.T.);
#131=ORIENTED_EDGE('',*,*,#258,.T.);
#132=ORIENTED_EDGE('',*,*,#232,.T.);
#133=ORIENTED_EDGE('',*,*,#259,.T.);
#134=ORIENTED_EDGE('',*,*,#260,.T.);
#135=ORIENTED_EDGE('',*,*,#223,.T.);
#136=ORIENTED_EDGE('',*,*,#249,.T.);
#137=ORIENTED_EDGE('',*,*,#233,.T.);
#138=ORIENTED_EDGE('',*,*,#261,.T.);
#139=ORIENTED_EDGE('',*,*,#247,.F.);
#140=ORIENTED_EDGE('',*,*,#261,.F.);
#141=ORIENTED_EDGE('',*,*,#258,.F.);
#142=ORIENTED_EDGE('',*,*,#260,.F.);
#143=ORIENTED_EDGE('',*,*,#248,.F.);
#144=ORIENTED_EDGE('',*,*,#250,.F.);
#145=ORIENTED_EDGE('',*,*,#221,.F.);
#146=ORIENTED_EDGE('',*,*,#262,.T.);
#147=ORIENTED_EDGE('',*,*,#263,.T.);
#148=ORIENTED_EDGE('',*,*,#235,.T.);
#149=ORIENTED_EDGE('',*,*,#246,.F.);
#150=ORIENTED_EDGE('',*,*,#262,.F.);
#151=ORIENTED_EDGE('',*,*,#254,.F.);
#152=ORIENTED_EDGE('',*,*,#263,.F.);
#153=ORIENTED_EDGE('',*,*,#251,.F.);
#154=ORIENTED_EDGE('',*,*,#264,.F.);
#155=ORIENTED_EDGE('',*,*,#245,.T.);
#156=ORIENTED_EDGE('',*,*,#264,.T.);
#157=ORIENTED_EDGE('',*,*,#265,.F.);
#158=ORIENTED_EDGE('',*,*,#230,.F.);
#159=ORIENTED_EDGE('',*,*,#259,.F.);
#160=ORIENTED_EDGE('',*,*,#231,.F.);
#161=ORIENTED_EDGE('',*,*,#265,.T.);
#162=ORIENTED_EDGE('',*,*,#229,.F.);
#163=ORIENTED_EDGE('',*,*,#266,.F.);
#164=ORIENTED_EDGE('',*,*,#241,.T.);
#165=ORIENTED_EDGE('',*,*,#266,.T.);
#166=ORIENTED_EDGE('',*,*,#267,.F.);
#167=ORIENTED_EDGE('',*,*,#238,.F.);
#168=ORIENTED_EDGE('',*,*,#253,.F.);
#169=ORIENTED_EDGE('',*,*,#239,.F.);
#170=ORIENTED_EDGE('',*,*,#267,.T.);
#171=ORIENTED_EDGE('',*,*,#237,.F.);
#172=ORIENTED_EDGE('',*,*,#268,.F.);
#173=ORIENTED_EDGE('',*,*,#240,.T.);
#174=ORIENTED_EDGE('',*,*,#268,.T.);
#175=ORIENTED_EDGE('',*,*,#269,.F.);
#176=ORIENTED_EDGE('',*,*,#226,.F.);
#177=ORIENTED_EDGE('',*,*,#252,.F.);
#178=ORIENTED_EDGE('',*,*,#227,.F.);
#179=ORIENTED_EDGE('',*,*,#269,.T.);
#180=ORIENTED_EDGE('',*,*,#225,.F.);
#181=ORIENTED_EDGE('',*,*,#270,.F.);
#182=ORIENTED_EDGE('',*,*,#244,.T.);
#183=ORIENTED_EDGE('',*,*,#270,.T.);
#184=ORIENTED_EDGE('',*,*,#271,.F.);
#185=ORIENTED_EDGE('',*,*,#218,.F.);
#186=ORIENTED_EDGE('',*,*,#255,.F.);
#187=ORIENTED_EDGE('',*,*,#219,.F.);
#188=ORIENTED_EDGE('',*,*,#271,.T.);
#189=ORIENTED_EDGE('',*,*,#217,.F.);
#190=ORIENTED_EDGE('',*,*,#272,.F.);
#191=ORIENTED_EDGE('',*,*,#243,.T.);
#192=ORIENTED_EDGE('',*,*,#272,.T.);
#193=ORIENTED_EDGE('',*,*,#273,.F.);
#194=ORIENTED_EDGE('',*,*,#214,.F.);
#195=ORIENTED_EDGE('',*,*,#256,.F.);
#196=ORIENTED_EDGE('',*,*,#215,.F.);
#197=ORIENTED_EDGE('',*,*,#273,.T.);
#198=ORIENTED_EDGE('',*,*,#213,.F.);
#199=ORIENTED_EDGE('',*,*,#274,.F.);
#200=ORIENTED_EDGE('',*,*,#242,.T.);
#201=ORIENTED_EDGE('',*,*,#274,.T.);
#202=ORIENTED_EDGE('',*,*,#275,.F.);
#203=ORIENTED_EDGE('',*,*,#210,.F.);
#204=ORIENTED_EDGE('',*,*,#257,.F.);
#205=ORIENTED_EDGE('',*,*,#211,.F.);
#206=ORIENTED_EDGE('',*,*,#275,.T.);
#207=ORIENTED_EDGE('',*,*,#209,.F.);
#208=EDGE_CURVE('',#276,#277,#324,.T.);
#209=EDGE_CURVE('',#276,#278,#60,.T.);
#210=EDGE_CURVE('',#278,#279,#325,.F.);
#211=EDGE_CURVE('',#279,#280,#61,.T.);
#212=EDGE_CURVE('',#281,#280,#326,.T.);
#213=EDGE_CURVE('',#281,#282,#62,.T.);
#214=EDGE_CURVE('',#282,#283,#327,.F.);
#215=EDGE_CURVE('',#283,#284,#63,.T.);
#216=EDGE_CURVE('',#285,#284,#328,.T.);
#217=EDGE_CURVE('',#285,#286,#64,.T.);
#218=EDGE_CURVE('',#286,#287,#329,.F.);
#219=EDGE_CURVE('',#287,#288,#65,.T.);
#220=EDGE_CURVE('',#289,#288,#330,.T.);
#221=EDGE_CURVE('',#289,#290,#24,.F.);
#222=EDGE_CURVE('',#291,#290,#331,.F.);
#223=EDGE_CURVE('',#277,#291,#25,.T.);
#224=EDGE_CURVE('',#292,#293,#332,.F.);
#225=EDGE_CURVE('',#292,#294,#66,.T.);
#226=EDGE_CURVE('',#294,#295,#333,.F.);
#227=EDGE_CURVE('',#295,#296,#67,.T.);
#228=EDGE_CURVE('',#297,#296,#334,.F.);
#229=EDGE_CURVE('',#297,#298,#68,.T.);
#230=EDGE_CURVE('',#298,#299,#335,.F.);
#231=EDGE_CURVE('',#299,#300,#69,.T.);
#232=EDGE_CURVE('',#301,#300,#336,.F.);
#233=EDGE_CURVE('',#302,#301,#26,.T.);
#234=EDGE_CURVE('',#303,#302,#337,.T.);
#235=EDGE_CURVE('',#304,#303,#27,.T.);
#236=EDGE_CURVE('',#305,#304,#338,.F.);
#237=EDGE_CURVE('',#305,#306,#70,.T.);
#238=EDGE_CURVE('',#306,#307,#339,.F.);
#239=EDGE_CURVE('',#307,#293,#71,.T.);
#240=EDGE_CURVE('',#308,#308,#28,.F.);
#241=EDGE_CURVE('',#309,#309,#29,.F.);
#242=EDGE_CURVE('',#310,#310,#30,.F.);
#243=EDGE_CURVE('',#311,#311,#31,.F.);
#244=EDGE_CURVE('',#312,#312,#32,.F.);
#245=EDGE_CURVE('',#313,#313,#33,.F.);
#246=EDGE_CURVE('',#314,#303,#34,.F.);
#247=EDGE_CURVE('',#302,#315,#35,.F.);
#248=EDGE_CURVE('',#315,#316,#340,.T.);
#249=EDGE_CURVE('',#291,#316,#36,.F.);
#250=EDGE_CURVE('',#290,#317,#37,.F.);
#251=EDGE_CURVE('',#317,#314,#341,.T.);
#252=EDGE_CURVE('',#296,#292,#38,.T.);
#253=EDGE_CURVE('',#293,#305,#39,.T.);
#254=EDGE_CURVE('',#304,#289,#342,.F.);
#255=EDGE_CURVE('',#288,#285,#40,.T.);
#256=EDGE_CURVE('',#284,#281,#41,.T.);
#257=EDGE_CURVE('',#280,#276,#42,.T.);
#258=EDGE_CURVE('',#277,#301,#343,.F.);
#259=EDGE_CURVE('',#300,#297,#43,.T.);
#260=EDGE_CURVE('',#316,#277,#44,.T.);
#261=EDGE_CURVE('',#301,#315,#45,.T.);
#262=EDGE_CURVE('',#289,#317,#46,.T.);
#263=EDGE_CURVE('',#314,#304,#47,.T.);
#264=EDGE_CURVE('',#318,#318,#48,.T.);
#265=EDGE_CURVE('',#299,#298,#49,.T.);
#266=EDGE_CURVE('',#319,#319,#50,.T.);
#267=EDGE_CURVE('',#307,#306,#51,.T.);
#268=EDGE_CURVE('',#320,#320,#52,.T.);
#269=EDGE_CURVE('',#295,#294,#53,.T.);
#270=EDGE_CURVE('',#321,#321,#54,.T.);
#271=EDGE_CURVE('',#287,#286,#55,.T.);
#272=EDGE_CURVE('',#322,#322,#56,.T.);
#273=EDGE_CURVE('',#283,#282,#57,.T.);
#274=EDGE_CURVE('',#323,#323,#58,.T.);
#275=EDGE_CURVE('',#279,#278,#59,.T.);
#276=VERTEX_POINT('',#730);
#277=VERTEX_POINT('',#731);
#278=VERTEX_POINT('',#739);
#279=VERTEX_POINT('',#741);
#280=VERTEX_POINT('',#749);
#281=VERTEX_POINT('',#751);
#282=VERTEX_POINT('',#759);
#283=VERTEX_POINT('',#761);
#284=VERTEX_POINT('',#769);
#285=VERTEX_POINT('',#771);
#286=VERTEX_POINT('',#779);
#287=VERTEX_POINT('',#781);
#288=VERTEX_POINT('',#789);
#289=VERTEX_POINT('',#791);
#290=VERTEX_POINT('',#793);
#291=VERTEX_POINT('',#795);
#292=VERTEX_POINT('',#799);
#293=VERTEX_POINT('',#800);
#294=VERTEX_POINT('',#808);
#295=VERTEX_POINT('',#810);
#296=VERTEX_POINT('',#818);
#297=VERTEX_POINT('',#820);
#298=VERTEX_POINT('',#828);
#299=VERTEX_POINT('',#830);
#300=VERTEX_POINT('',#838);
#301=VERTEX_POINT('',#840);
#302=VERTEX_POINT('',#842);
#303=VERTEX_POINT('',#844);
#304=VERTEX_POINT('',#846);
#305=VERTEX_POINT('',#848);
#306=VERTEX_POINT('',#856);
#307=VERTEX_POINT('',#858);
#308=VERTEX_POINT('',#868);
#309=VERTEX_POINT('',#870);
#310=VERTEX_POINT('',#872);
#311=VERTEX_POINT('',#874);
#312=VERTEX_POINT('',#876);
#313=VERTEX_POINT('',#878);
#314=VERTEX_POINT('',#880);
#315=VERTEX_POINT('',#882);
#316=VERTEX_POINT('',#884);
#317=VERTEX_POINT('',#887);
#318=VERTEX_POINT('',#910);
#319=VERTEX_POINT('',#916);
#320=VERTEX_POINT('',#922);
#321=VERTEX_POINT('',#928);
#322=VERTEX_POINT('',#934);
#323=VERTEX_POINT('',#940);
#324=LINE('',#729,#344);
#325=LINE('',#740,#345);
#326=LINE('',#750,#346);
#327=LINE('',#760,#347);
#328=LINE('',#770,#348);
#329=LINE('',#780,#349);
#330=LINE('',#790,#350);
#331=LINE('',#794,#351);
#332=LINE('',#798,#352);
#333=LINE('',#809,#353);
#334=LINE('',#819,#354);
#335=LINE('',#829,#355);
#336=LINE('',#839,#356);
#337=LINE('',#843,#357);
#338=LINE('',#847,#358);
#339=LINE('',#857,#359);
#340=LINE('',#883,#360);
#341=LINE('',#888,#361);
#342=LINE('',#892,#362);
#343=LINE('',#896,#363);
#344=VECTOR('',#581,1000.);
#345=VECTOR('',#582,1000.);
#346=VECTOR('',#583,1000.);
#347=VECTOR('',#584,1000.);
#348=VECTOR('',#585,1000.);
#349=VECTOR('',#586,1000.);
#350=VECTOR('',#587,1000.);
#351=VECTOR('',#590,1000.);
#352=VECTOR('',#595,1000.);
#353=VECTOR('',#596,1000.);
#354=VECTOR('',#597,1000.);
#355=VECTOR('',#598,1000.);
#356=VECTOR('',#599,1000.);
#357=VECTOR('',#602,1000.);
#358=VECTOR('',#605,1000.);
#359=VECTOR('',#606,1000.);
#360=VECTOR('',#625,1000.);
#361=VECTOR('',#630,1000.);
#362=VECTOR('',#637,1000.);
#363=VECTOR('',#644,1000.);
#364=EDGE_LOOP('',(#72,#73,#74,#75,#76,#77,#78,#79,#80,#81,#82,#83,#84,#85,#86,#87));
#365=EDGE_LOOP('',(#88,#89,#90,#91,#92,#93,#94,#95,#96,#97,#98,#99,#100,#101,#102,#103));
#366=EDGE_LOOP('',(#104));
#367=EDGE_LOOP('',(#105));
#368=EDGE_LOOP('',(#106));
#369=EDGE_LOOP('',(#107));
#370=EDGE_LOOP('',(#108));
#371=EDGE_LOOP('',(#109));
#372=EDGE_LOOP('',(#110,#111,#112,#113,#114,#115,#116,#117));
#373=EDGE_LOOP('',(#118,#119,#120,#121,#122,#123,#124,#125,#126,#127,#128,#129,#130,#131,#132,#133));
#374=EDGE_LOOP('',(#134,#135,#136));
#375=EDGE_LOOP('',(#137,#138,#139));
#376=EDGE_LOOP('',(#140,#141,#142,#143));
#377=EDGE_LOOP('',(#144,#145,#146));
#378=EDGE_LOOP('',(#147,#148,#149));
#379=EDGE_LOOP('',(#150,#151,#152,#153));
#380=EDGE_LOOP('',(#154));
#381=EDGE_LOOP('',(#155));
#382=EDGE_LOOP('',(#156));
#383=EDGE_LOOP('',(#157,#158));
#384=EDGE_LOOP('',(#159,#160,#161,#162));
#385=EDGE_LOOP('',(#163));
#386=EDGE_LOOP('',(#164));
#387=EDGE_LOOP('',(#165));
#388=EDGE_LOOP('',(#166,#167));
#389=EDGE_LOOP('',(#168,#169,#170,#171));
#390=EDGE_LOOP('',(#172));
#391=EDGE_LOOP('',(#173));
#392=EDGE_LOOP('',(#174));
#393=EDGE_LOOP('',(#175,#176));
#394=EDGE_LOOP('',(#177,#178,#179,#180));
#395=EDGE_LOOP('',(#181));
#396=EDGE_LOOP('',(#182));
#397=EDGE_LOOP('',(#183));
#398=EDGE_LOOP('',(#184,#185));
#399=EDGE_LOOP('',(#186,#187,#188,#189));
#400=EDGE_LOOP('',(#190));
#401=EDGE_LOOP('',(#191));
#402=EDGE_LOOP('',(#192));
#403=EDGE_LOOP('',(#193,#194));
#404=EDGE_LOOP('',(#195,#196,#197,#198));
#405=EDGE_LOOP('',(#199));
#406=EDGE_LOOP('',(#200));
#407=EDGE_LOOP('',(#201));
#408=EDGE_LOOP('',(#202,#203));
#409=EDGE_LOOP('',(#204,#205,#206,#207));
#410=FACE_BOUND('',#364,.T.);
#411=FACE_BOUND('',#365,.T.);
#412=FACE_BOUND('',#366,.T.);
#413=FACE_BOUND('',#367,.T.);
#414=FACE_BOUND('',#368,.T.);
#415=FACE_BOUND('',#369,.T.);
#416=FACE_BOUND('',#370,.T.);
#417=FACE_BOUND('',#371,.T.);
#418=FACE_BOUND('',#372,.T.);
#419=FACE_BOUND('',#373,.T.);
#420=FACE_BOUND('',#374,.T.);
#421=FACE_BOUND('',#375,.T.);
#422=FACE_BOUND('',#376,.T.);
#423=FACE_BOUND('',#377,.T.);
#424=FACE_BOUND('',#378,.T.);
#425=FACE_BOUND('',#379,.T.);
#426=FACE_BOUND('',#380,.T.);
#427=FACE_BOUND('',#381,.T.);
#428=FACE_BOUND('',#382,.T.);
#429=FACE_BOUND('',#383,.T.);
#430=FACE_BOUND('',#384,.T.);
#431=FACE_BOUND('',#385,.T.);
#432=FACE_BOUND('',#386,.T.);
#433=FACE_BOUND('',#387,.T.);
#434=FACE_BOUND('',#388,.T.);
#435=FACE_BOUND('',#389,.T.);
#436=FACE_BOUND('',#390,.T.);
#437=FACE_BOUND('',#391,.T.);
#438=FACE_BOUND('',#392,.T.);
#439=FACE_BOUND('',#393,.T.);
#440=FACE_BOUND('',#394,.T.);
#441=FACE_BOUND('',#395,.T.);
#442=FACE_BOUND('',#396,.T.);
#443=FACE_BOUND('',#397,.T.);
#444=FACE_BOUND('',#398,.T.);
#445=FACE_BOUND('',#399,.T.);
#446=FACE_BOUND('',#400,.T.);
#447=FACE_BOUND('',#401,.T.);
#448=FACE_BOUND('',#402,.T.);
#449=FACE_BOUND('',#403,.T.);
#450=FACE_BOUND('',#404,.T.);
#451=FACE_BOUND('',#405,.T.);
#452=FACE_BOUND('',#406,.T.);
#453=FACE_BOUND('',#407,.T.);
#454=FACE_BOUND('',#408,.T.);
#455=FACE_BOUND('',#409,.T.);
#456=CYLINDRICAL_SURFACE('',#513,4.);
#457=CYLINDRICAL_SURFACE('',#516,4.);
#458=CYLINDRICAL_SURFACE('',#541,4.);
#459=CYLINDRICAL_SURFACE('',#546,4.);
#460=CYLINDRICAL_SURFACE('',#547,1.5);
#461=CYLINDRICAL_SURFACE('',#551,2.6);
#462=CYLINDRICAL_SURFACE('',#552,1.5);
#463=CYLINDRICAL_SURFACE('',#556,2.6);
#464=CYLINDRICAL_SURFACE('',#557,1.5);
#465=CYLINDRICAL_SURFACE('',#561,2.6);
#466=CYLINDRICAL_SURFACE('',#562,1.5);
#467=CYLINDRICAL_SURFACE('',#566,2.6);
#468=CYLINDRICAL_SURFACE('',#567,1.5);
#469=CYLINDRICAL_SURFACE('',#571,2.6);
#470=CYLINDRICAL_SURFACE('',#572,1.5);
#471=CYLINDRICAL_SURFACE('',#576,2.6);
#472=ADVANCED_FACE('',(#410),#456,.T.);
#473=ADVANCED_FACE('',(#411),#457,.T.);
#474=ADVANCED_FACE('',(#412,#413,#414,#415,#416,#417,#418),#16,.F.);
#475=ADVANCED_FACE('',(#419),#17,.T.);
#476=ADVANCED_FACE('',(#420),#12,.T.);
#477=ADVANCED_FACE('',(#421),#13,.T.);
#478=ADVANCED_FACE('',(#422),#458,.T.);
#479=ADVANCED_FACE('',(#423),#14,.T.);
#480=ADVANCED_FACE('',(#424),#15,.T.);
#481=ADVANCED_FACE('',(#425),#459,.T.);
#482=ADVANCED_FACE('',(#426,#427),#460,.F.);
#483=ADVANCED_FACE('',(#428,#429),#18,.T.);
#484=ADVANCED_FACE('',(#430),#461,.F.);
#485=ADVANCED_FACE('',(#431,#432),#462,.F.);
#486=ADVANCED_FACE('',(#433,#434),#19,.T.);
#487=ADVANCED_FACE('',(#435),#463,.F.);
#488=ADVANCED_FACE('',(#436,#437),#464,.F.);
#489=ADVANCED_FACE('',(#438,#439),#20,.T.);
#490=ADVANCED_FACE('',(#440),#465,.F.);
#491=ADVANCED_FACE('',(#441,#442),#466,.F.);
#492=ADVANCED_FACE('',(#443,#444),#21,.T.);
#493=ADVANCED_FACE('',(#445),#467,.F.);
#494=ADVANCED_FACE('',(#446,#447),#468,.F.);
#495=ADVANCED_FACE('',(#448,#449),#22,.T.);
#496=ADVANCED_FACE('',(#450),#469,.F.);
#497=ADVANCED_FACE('',(#451,#452),#470,.F.);
#498=ADVANCED_FACE('',(#453,#454),#23,.T.);
#499=ADVANCED_FACE('',(#455),#471,.F.);
#500=CLOSED_SHELL('',(#472,#473,#474,#475,#476,#477,#478,#479,#480,#481,#482,#483,#484,#485,#486,#487,#488,#489,#490,#491,#492,#493,#494,#495,#496,#497,#498,#499));
#501=STYLED_ITEM('',(#502),#509);
#502=PRESENTATION_STYLE_ASSIGNMENT((#503));
#503=SURFACE_STYLE_USAGE(.BOTH.,#504);
#504=SURFACE_SIDE_STYLE('',(#505));
#505=SURFACE_STYLE_FILL_AREA(#506);
#506=FILL_AREA_STYLE('',(#507));
#507=FILL_AREA_STYLE_COLOUR('',#508);
#508=COLOUR_RGB('',0.980392156862745,0.713725490196078,0.00392156862745098);
#509=MANIFOLD_SOLID_BREP('Part 3',#500);
#510=SHAPE_DEFINITION_REPRESENTATION(#950,#511);
#511=SHAPE_REPRESENTATION('Part 3',(#512),#945);
#512=AXIS2_PLACEMENT_3D('',#727,#577,#578);
#513=AXIS2_PLACEMENT_3D('',#728,#579,#580);
#514=AXIS2_PLACEMENT_3D('',#792,#588,#589);
#515=AXIS2_PLACEMENT_3D('',#796,#591,#592);
#516=AXIS2_PLACEMENT_3D('',#797,#593,#594);
#517=AXIS2_PLACEMENT_3D('',#841,#600,#601);
#518=AXIS2_PLACEMENT_3D('',#845,#603,#604);
#519=AXIS2_PLACEMENT_3D('',#866,#607,#608);
#520=AXIS2_PLACEMENT_3D('',#867,#609,#610);
#521=AXIS2_PLACEMENT_3D('',#869,#611,#612);
#522=AXIS2_PLACEMENT_3D('',#871,#613,#614);
#523=AXIS2_PLACEMENT_3D('',#873,#615,#616);
#524=AXIS2_PLACEMENT_3D('',#875,#617,#618);
#525=AXIS2_PLACEMENT_3D('',#877,#619,#620);
#526=AXIS2_PLACEMENT_3D('',#879,#621,#622);
#527=AXIS2_PLACEMENT_3D('',#881,#623,#624);
#528=AXIS2_PLACEMENT_3D('',#885,#626,#627);
#529=AXIS2_PLACEMENT_3D('',#886,#628,#629);
#530=AXIS2_PLACEMENT_3D('',#889,#631,#632);
#531=AXIS2_PLACEMENT_3D('',#890,#633,#634);
#532=AXIS2_PLACEMENT_3D('',#891,#635,#636);
#533=AXIS2_PLACEMENT_3D('',#893,#638,#639);
#534=AXIS2_PLACEMENT_3D('',#894,#640,#641);
#535=AXIS2_PLACEMENT_3D('',#895,#642,#643);
#536=AXIS2_PLACEMENT_3D('',#897,#645,#646);
#537=AXIS2_PLACEMENT_3D('',#898,#647,#648);
#538=AXIS2_PLACEMENT_3D('',#899,#649,#650);
#539=AXIS2_PLACEMENT_3D('',#900,#651,#652);
#540=AXIS2_PLACEMENT_3D('',#901,#653,#654);
#541=AXIS2_PLACEMENT_3D('',#902,#655,#656);
#542=AXIS2_PLACEMENT_3D('',#903,#657,#658);
#543=AXIS2_PLACEMENT_3D('',#904,#659,#660);
#544=AXIS2_PLACEMENT_3D('',#905,#661,#662);
#545=AXIS2_PLACEMENT_3D('',#906,#663,#664);
#546=AXIS2_PLACEMENT_3D('',#907,#665,#666);
#547=AXIS2_PLACEMENT_3D('',#908,#667,#668);
#548=AXIS2_PLACEMENT_3D('',#909,#669,#670);
#549=AXIS2_PLACEMENT_3D('',#911,#671,#672);
#550=AXIS2_PLACEMENT_3D('',#912,#673,#674);
#551=AXIS2_PLACEMENT_3D('',#913,#675,#676);
#552=AXIS2_PLACEMENT_3D('',#914,#677,#678);
#553=AXIS2_PLACEMENT_3D('',#915,#679,#680);
#554=AXIS2_PLACEMENT_3D('',#917,#681,#682);
#555=AXIS2_PLACEMENT_3D('',#918,#683,#684);
#556=AXIS2_PLACEMENT_3D('',#919,#685,#686);
#557=AXIS2_PLACEMENT_3D('',#920,#687,#688);
#558=AXIS2_PLACEMENT_3D('',#921,#689,#690);
#559=AXIS2_PLACEMENT_3D('',#923,#691,#692);
#560=AXIS2_PLACEMENT_3D('',#924,#693,#694);
#561=AXIS2_PLACEMENT_3D('',#925,#695,#696);
#562=AXIS2_PLACEMENT_3D('',#926,#697,#698);
#563=AXIS2_PLACEMENT_3D('',#927,#699,#700);
#564=AXIS2_PLACEMENT_3D('',#929,#701,#702);
#565=AXIS2_PLACEMENT_3D('',#930,#703,#704);
#566=AXIS2_PLACEMENT_3D('',#931,#705,#706);
#567=AXIS2_PLACEMENT_3D('',#932,#707,#708);
#568=AXIS2_PLACEMENT_3D('',#933,#709,#710);
#569=AXIS2_PLACEMENT_3D('',#935,#711,#712);
#570=AXIS2_PLACEMENT_3D('',#936,#713,#714);
#571=AXIS2_PLACEMENT_3D('',#937,#715,#716);
#572=AXIS2_PLACEMENT_3D('',#938,#717,#718);
#573=AXIS2_PLACEMENT_3D('',#939,#719,#720);
#574=AXIS2_PLACEMENT_3D('',#941,#721,#722);
#575=AXIS2_PLACEMENT_3D('',#942,#723,#724);
#576=AXIS2_PLACEMENT_3D('',#943,#725,#726);
#577=DIRECTION('',(0.,0.,1.));
#578=DIRECTION('',(1.,0.,0.));
#579=DIRECTION('',(0.,0.,1.));
#580=DIRECTION('',(0.,-1.,0.));
#581=DIRECTION('',(0.,0.,1.));
#582=DIRECTION('',(0.,0.,1.));
#583=DIRECTION('',(0.,0.,1.));
#584=DIRECTION('',(0.,0.,1.));
#585=DIRECTION('',(0.,0.,1.));
#586=DIRECTION('',(0.,0.,1.));
#587=DIRECTION('',(0.,0.,1.));
#588=DIRECTION('',(0.,0.,-1.));
#589=DIRECTION('',(0.,1.,0.));
#590=DIRECTION('',(0.,0.,1.));
#591=DIRECTION('',(0.,0.,1.));
#592=DIRECTION('',(0.,-1.,0.));
#593=DIRECTION('',(0.,0.,-1.));
#594=DIRECTION('',(0.,1.,0.));
#595=DIRECTION('',(0.,0.,1.));
#596=DIRECTION('',(0.,0.,-1.));
#597=DIRECTION('',(0.,0.,1.));
#598=DIRECTION('',(0.,0.,-1.));
#599=DIRECTION('',(0.,0.,1.));
#600=DIRECTION('',(0.,0.,1.));
#601=DIRECTION('',(0.,-1.,0.));
#602=DIRECTION('',(0.,0.,1.));
#603=DIRECTION('',(0.,0.,-1.));
#604=DIRECTION('',(0.,1.,0.));
#605=DIRECTION('',(0.,0.,1.));
#606=DIRECTION('',(0.,0.,-1.));
#607=DIRECTION('',(0.,-1.,0.));
#608=DIRECTION('',(1.,0.,0.));
#609=DIRECTION('',(0.,-1.,0.));
#610=DIRECTION('',(-1.,0.,0.));
#611=DIRECTION('',(0.,-1.,0.));
#612=DIRECTION('',(-1.,0.,0.));
#613=DIRECTION('',(0.,-1.,0.));
#614=DIRECTION('',(-1.,0.,0.));
#615=DIRECTION('',(0.,-1.,0.));
#616=DIRECTION('',(-1.,0.,0.));
#617=DIRECTION('',(0.,-1.,0.));
#618=DIRECTION('',(-1.,0.,0.));
#619=DIRECTION('',(0.,-1.,0.));
#620=DIRECTION('',(-1.,0.,0.));
#621=DIRECTION('',(0.,-1.,0.));
#622=DIRECTION('',(-1.,0.,0.));
#623=DIRECTION('',(0.,-1.,0.));
#624=DIRECTION('',(-1.,0.,0.));
#625=DIRECTION('',(1.,0.,0.));
#626=DIRECTION('',(0.,1.,0.));
#627=DIRECTION('',(1.,0.,0.));
#628=DIRECTION('',(0.,-1.,0.));
#629=DIRECTION('',(-1.,0.,0.));
#630=DIRECTION('',(-1.,0.,0.));
#631=DIRECTION('',(0.,-1.,0.));
#632=DIRECTION('',(1.,0.,0.));
#633=DIRECTION('',(0.,1.,0.));
#634=DIRECTION('',(1.,0.,0.));
#635=DIRECTION('',(0.,1.,0.));
#636=DIRECTION('',(1.,0.,0.));
#637=DIRECTION('',(-1.,0.,0.));
#638=DIRECTION('',(0.,1.,0.));
#639=DIRECTION('',(1.,0.,0.));
#640=DIRECTION('',(0.,1.,0.));
#641=DIRECTION('',(1.,0.,0.));
#642=DIRECTION('',(0.,1.,0.));
#643=DIRECTION('',(1.,0.,0.));
#644=DIRECTION('',(1.,0.,0.));
#645=DIRECTION('',(0.,1.,0.));
#646=DIRECTION('',(1.,0.,0.));
#647=DIRECTION('',(0.,-1.,0.));
#648=DIRECTION('',(-1.,0.,0.));
#649=DIRECTION('',(1.,0.,0.));
#650=DIRECTION('',(0.,-1.,0.));
#651=DIRECTION('',(0.,-1.,0.));
#652=DIRECTION('',(-1.,0.,0.));
#653=DIRECTION('',(-1.,0.,0.));
#654=DIRECTION('',(0.,1.,0.));
#655=DIRECTION('',(-1.,0.,0.));
#656=DIRECTION('',(0.,1.,0.));
#657=DIRECTION('',(0.,-1.,0.));
#658=DIRECTION('',(-1.,0.,0.));
#659=DIRECTION('',(1.,0.,0.));
#660=DIRECTION('',(0.,-1.,0.));
#661=DIRECTION('',(0.,-1.,0.));
#662=DIRECTION('',(-1.,0.,0.));
#663=DIRECTION('',(-1.,0.,0.));
#664=DIRECTION('',(0.,1.,0.));
#665=DIRECTION('',(-1.,0.,0.));
#666=DIRECTION('',(0.,1.,0.));
#667=DIRECTION('',(0.,1.,0.));
#668=DIRECTION('',(1.,0.,0.));
#669=DIRECTION('',(0.,1.,0.));
#670=DIRECTION('',(1.,0.,0.));
#671=DIRECTION('',(0.,-1.,0.));
#672=DIRECTION('',(-1.,0.,0.));
#673=DIRECTION('',(0.,1.,0.));
#674=DIRECTION('',(1.,0.,0.));
#675=DIRECTION('',(0.,1.,0.));
#676=DIRECTION('',(1.,0.,0.));
#677=DIRECTION('',(0.,1.,0.));
#678=DIRECTION('',(1.,0.,0.));
#679=DIRECTION('',(0.,1.,0.));
#680=DIRECTION('',(1.,0.,0.));
#681=DIRECTION('',(0.,-1.,0.));
#682=DIRECTION('',(-1.,0.,0.));
#683=DIRECTION('',(0.,1.,0.));
#684=DIRECTION('',(1.,0.,0.));
#685=DIRECTION('',(0.,1.,0.));
#686=DIRECTION('',(1.,0.,0.));
#687=DIRECTION('',(0.,1.,0.));
#688=DIRECTION('',(1.,0.,0.));
#689=DIRECTION('',(0.,1.,0.));
#690=DIRECTION('',(1.,0.,0.));
#691=DIRECTION('',(0.,-1.,0.));
#692=DIRECTION('',(-1.,0.,0.));
#693=DIRECTION('',(0.,1.,0.));
#694=DIRECTION('',(1.,0.,0.));
#695=DIRECTION('',(0.,1.,0.));
#696=DIRECTION('',(1.,0.,0.));
#697=DIRECTION('',(0.,1.,0.));
#698=DIRECTION('',(1.,0.,0.));
#699=DIRECTION('',(0.,1.,0.));
#700=DIRECTION('',(1.,0.,0.));
#701=DIRECTION('',(0.,-1.,0.));
#702=DIRECTION('',(-1.,0.,0.));
#703=DIRECTION('',(0.,1.,0.));
#704=DIRECTION('',(1.,0.,0.));
#705=DIRECTION('',(0.,1.,0.));
#706=DIRECTION('',(1.,0.,0.));
#707=DIRECTION('',(0.,1.,0.));
#708=DIRECTION('',(1.,0.,0.));
#709=DIRECTION('',(0.,1.,0.));
#710=DIRECTION('',(1.,0.,0.));
#711=DIRECTION('',(0.,-1.,0.));
#712=DIRECTION('',(-1.,0.,0.));
#713=DIRECTION('',(0.,1.,0.));
#714=DIRECTION('',(1.,0.,0.));
#715=DIRECTION('',(0.,1.,0.));
#716=DIRECTION('',(1.,0.,0.));
#717=DIRECTION('',(0.,1.,0.));
#718=DIRECTION('',(1.,0.,0.));
#719=DIRECTION('',(0.,1.,0.));
#720=DIRECTION('',(1.,0.,0.));
#721=DIRECTION('',(0.,-1.,0.));
#722=DIRECTION('',(-1.,0.,0.));
#723=DIRECTION('',(0.,1.,0.));
#724=DIRECTION('',(1.,0.,0.));
#725=DIRECTION('',(0.,1.,0.));
#726=DIRECTION('',(1.,0.,0.));
#727=CARTESIAN_POINT('',(0.,0.,0.));
#728=CARTESIAN_POINT('',(37.17,-48.4,-3.46944695195361E-15));
#729=CARTESIAN_POINT('',(37.17,-52.4,-3.46944695195361E-15));
#730=CARTESIAN_POINT('',(37.17,-52.4,14.1613247725836));
#731=CARTESIAN_POINT('',(37.17,-52.4,21.9));
#732=CARTESIAN_POINT('',(37.17,-52.4,14.1613247725836));
#733=CARTESIAN_POINT('',(37.4745365815326,-52.4,14.5279437342199));
#734=CARTESIAN_POINT('',(38.2882433862987,-52.325382033244,15.0783087364315));
#735=CARTESIAN_POINT('',(39.6198456558895,-51.6716115381424,15.1490574876213));
#736=CARTESIAN_POINT('',(40.5597204200074,-50.6573139366541,14.7538815968515));
#737=CARTESIAN_POINT('',(40.9279802446177,-49.8454050972191,14.422758067993));
#738=CARTESIAN_POINT('',(41.0429833462074,-49.4,14.3033117824796));
#739=CARTESIAN_POINT('',(41.0429833462074,-49.4,14.3033117824796));
#740=CARTESIAN_POINT('',(41.0429833462074,-49.4,-3.46944695195361E-15));
#741=CARTESIAN_POINT('',(41.0429833462074,-49.4,10.6966882175204));
#742=CARTESIAN_POINT('',(41.0429833462074,-49.4,10.6966882175204));
#743=CARTESIAN_POINT('',(40.9279346662018,-49.8455816216647,10.5771945926536));
#744=CARTESIAN_POINT('',(40.5597916692273,-50.6565996864913,10.2462910071512));
#745=CARTESIAN_POINT('',(39.6239994827378,-51.6673614785714,9.85297823471814));
#746=CARTESIAN_POINT('',(38.2984394847357,-52.3231070180061,9.91742006727449));
#747=CARTESIAN_POINT('',(37.4753546914971,-52.4,10.4710713771202));
#748=CARTESIAN_POINT('',(37.17,-52.4,10.8386752274164));
#749=CARTESIAN_POINT('',(37.17,-52.4,10.8386752274164));
#750=CARTESIAN_POINT('',(37.17,-52.4,-3.46944695195361E-15));
#751=CARTESIAN_POINT('',(37.17,-52.4,1.6613247725836));
#752=CARTESIAN_POINT('',(37.17,-52.4,1.6613247725836));
#753=CARTESIAN_POINT('',(37.4745365815326,-52.4,2.02794373421986));
#754=CARTESIAN_POINT('',(38.2882433862987,-52.3253820332441,2.57830873643149));
#755=CARTESIAN_POINT('',(39.6198456558895,-51.6716115381423,2.64905748762133));
#756=CARTESIAN_POINT('',(40.5597204200074,-50.6573139366542,2.25388159685149));
#757=CARTESIAN_POINT('',(40.9279802446177,-49.8454050972192,1.922758067993));
#758=CARTESIAN_POINT('',(41.0429833462074,-49.4,1.8033117824796));
#759=CARTESIAN_POINT('',(41.0429833462074,-49.4,1.80331178247959));
#760=CARTESIAN_POINT('',(41.0429833462074,-49.4,-3.46944695195361E-15));
#761=CARTESIAN_POINT('',(41.0429833462074,-49.4,-1.80331178247959));
#762=CARTESIAN_POINT('',(41.0429833462074,-49.4,-1.80331178247959));
#763=CARTESIAN_POINT('',(40.9279346662018,-49.8455816216647,-1.92280540734643));
#764=CARTESIAN_POINT('',(40.5597916692273,-50.6565996864913,-2.2537089928488));
#765=CARTESIAN_POINT('',(39.6239994827378,-51.6673614785714,-2.64702176528186));
#766=CARTESIAN_POINT('',(38.2984394847357,-52.3231070180061,-2.58257993272551));
#767=CARTESIAN_POINT('',(37.4753546914971,-52.4,-2.02892862287981));
#768=CARTESIAN_POINT('',(37.17,-52.4,-1.6613247725836));
#769=CARTESIAN_POINT('',(37.17,-52.4,-1.6613247725836));
#770=CARTESIAN_POINT('',(37.17,-52.4,-3.46944695195361E-15));
#771=CARTESIAN_POINT('',(37.17,-52.4,-10.8386752274164));
#772=CARTESIAN_POINT('',(37.17,-52.4,-10.8386752274164));
#773=CARTESIAN_POINT('',(37.4745365815326,-52.4,-10.4720562657801));
#774=CARTESIAN_POINT('',(38.2882433862987,-52.3253820332441,-9.92169126356851));
#775=CARTESIAN_POINT('',(39.6198456558895,-51.6716115381424,-9.85094251237867));
#776=CARTESIAN_POINT('',(40.5597204200074,-50.6573139366542,-10.2461184031485));
#777=CARTESIAN_POINT('',(40.9279802446177,-49.8454050972191,-10.577241932007));
#778=CARTESIAN_POINT('',(41.0429833462074,-49.4,-10.6966882175204));
#779=CARTESIAN_POINT('',(41.0429833462074,-49.4,-10.6966882175204));
#780=CARTESIAN_POINT('',(41.0429833462074,-49.4,-3.46944695195361E-15));
#781=CARTESIAN_POINT('',(41.0429833462074,-49.4,-14.3033117824796));
#782=CARTESIAN_POINT('',(41.0429833462074,-49.4,-14.3033117824796));
#783=CARTESIAN_POINT('',(40.9279346662018,-49.8455816216647,-14.4228054073464));
#784=CARTESIAN_POINT('',(40.5597916692273,-50.6565996864913,-14.7537089928488));
#785=CARTESIAN_POINT('',(39.6239994827378,-51.6673614785714,-15.1470217652819));
#786=CARTESIAN_POINT('',(38.2984394847357,-52.3231070180061,-15.0825799327255));
#787=CARTESIAN_POINT('',(37.4753546914971,-52.4,-14.5289286228798));
#788=CARTESIAN_POINT('',(37.17,-52.4,-14.1613247725836));
#789=CARTESIAN_POINT('',(37.17,-52.4,-14.1613247725836));
#790=CARTESIAN_POINT('',(37.17,-52.4,-3.46944695195361E-15));
#791=CARTESIAN_POINT('',(37.17,-52.4,-21.9));
#792=CARTESIAN_POINT('',(37.17,-48.4,-21.9));
#793=CARTESIAN_POINT('',(41.17,-48.4,-21.9));
#794=CARTESIAN_POINT('',(41.17,-48.4,-3.46944695195361E-15));
#795=CARTESIAN_POINT('',(41.17,-48.4,21.9));
#796=CARTESIAN_POINT('',(37.17,-48.4,21.9));
#797=CARTESIAN_POINT('',(-41.73,-48.4,19.63));
#798=CARTESIAN_POINT('',(-41.73,-52.4,-25.9));
#799=CARTESIAN_POINT('',(-41.73,-52.4,-1.66132477258362));
#800=CARTESIAN_POINT('',(-41.73,-52.4,-10.8386752274164));
#801=CARTESIAN_POINT('',(-41.73,-52.4,-1.66132477258362));
#802=CARTESIAN_POINT('',(-42.0345365815326,-52.4,-2.02794373421988));
#803=CARTESIAN_POINT('',(-42.8482433862987,-52.3253820332441,-2.5783087364315));
#804=CARTESIAN_POINT('',(-44.1798456558895,-51.6716115381424,-2.64905748762134));
#805=CARTESIAN_POINT('',(-45.1197204200074,-50.6573139366541,-2.25388159685149));
#806=CARTESIAN_POINT('',(-45.4879802446177,-49.8454050972191,-1.92275806799299));
#807=CARTESIAN_POINT('',(-45.6029833462074,-49.4,-1.8033117824796));
#808=CARTESIAN_POINT('',(-45.6029833462074,-49.4,-1.80331178247958));
#809=CARTESIAN_POINT('',(-45.6029833462074,-49.4,19.63));
#810=CARTESIAN_POINT('',(-45.6029833462074,-49.4,1.80331178247957));
#811=CARTESIAN_POINT('',(-45.6029833462074,-49.4,1.80331178247957));
#812=CARTESIAN_POINT('',(-45.4879346662018,-49.8455816216647,1.92280540734641));
#813=CARTESIAN_POINT('',(-45.1197916692274,-50.6565996864913,2.25370899284879));
#814=CARTESIAN_POINT('',(-44.1839994827378,-51.6673614785714,2.64702176528185));
#815=CARTESIAN_POINT('',(-42.8584394847357,-52.323107018006,2.58257993272551));
#816=CARTESIAN_POINT('',(-42.0353546914971,-52.4,2.02892862287982));
#817=CARTESIAN_POINT('',(-41.73,-52.4,1.66132477258361));
#818=CARTESIAN_POINT('',(-41.73,-52.4,1.66132477258361));
#819=CARTESIAN_POINT('',(-41.73,-52.4,-25.9));
#820=CARTESIAN_POINT('',(-41.73,-52.4,10.8386752274164));
#821=CARTESIAN_POINT('',(-41.73,-52.4,10.8386752274164));
#822=CARTESIAN_POINT('',(-42.0345365815326,-52.4,10.4720562657801));
#823=CARTESIAN_POINT('',(-42.8482433862987,-52.3253820332441,9.92169126356851));
#824=CARTESIAN_POINT('',(-44.1798456558895,-51.6716115381424,9.85094251237867));
#825=CARTESIAN_POINT('',(-45.1197204200074,-50.6573139366542,10.2461184031485));
#826=CARTESIAN_POINT('',(-45.4879802446177,-49.8454050972191,10.577241932007));
#827=CARTESIAN_POINT('',(-45.6029833462074,-49.4,10.6966882175204));
#828=CARTESIAN_POINT('',(-45.6029833462074,-49.4,10.6966882175204));
#829=CARTESIAN_POINT('',(-45.6029833462074,-49.4,19.63));
#830=CARTESIAN_POINT('',(-45.6029833462074,-49.4,14.3033117824796));
#831=CARTESIAN_POINT('',(-45.6029833462074,-49.4,14.3033117824796));
#832=CARTESIAN_POINT('',(-45.4879346662018,-49.8455816216647,14.4228054073464));
#833=CARTESIAN_POINT('',(-45.1197916692274,-50.6565996864912,14.7537089928488));
#834=CARTESIAN_POINT('',(-44.1839994827378,-51.6673614785714,15.1470217652819));
#835=CARTESIAN_POINT('',(-42.8584394847357,-52.323107018006,15.0825799327255));
#836=CARTESIAN_POINT('',(-42.0353546914971,-52.4,14.5289286228798));
#837=CARTESIAN_POINT('',(-41.73,-52.4,14.1613247725836));
#838=CARTESIAN_POINT('',(-41.73,-52.4,14.1613247725836));
#839=CARTESIAN_POINT('',(-41.73,-52.4,-25.9));
#840=CARTESIAN_POINT('',(-41.73,-52.4,21.9));
#841=CARTESIAN_POINT('',(-41.73,-48.4,21.9));
#842=CARTESIAN_POINT('',(-45.73,-48.4,21.9));
#843=CARTESIAN_POINT('',(-45.73,-48.4,25.9));
#844=CARTESIAN_POINT('',(-45.73,-48.4,-21.9));
#845=CARTESIAN_POINT('',(-41.73,-48.4,-21.9));
#846=CARTESIAN_POINT('',(-41.73,-52.4,-21.9));
#847=CARTESIAN_POINT('',(-41.73,-52.4,-25.9));
#848=CARTESIAN_POINT('',(-41.73,-52.4,-14.1613247725836));
#849=CARTESIAN_POINT('',(-41.73,-52.4,-14.1613247725836));
#850=CARTESIAN_POINT('',(-42.0345365815326,-52.4,-14.5279437342199));
#851=CARTESIAN_POINT('',(-42.8482433862987,-52.3253820332441,-15.0783087364315));
#852=CARTESIAN_POINT('',(-44.1798456558895,-51.6716115381423,-15.1490574876213));
#853=CARTESIAN_POINT('',(-45.1197204200074,-50.6573139366541,-14.7538815968515));
#854=CARTESIAN_POINT('',(-45.4879802446177,-49.8454050972191,-14.422758067993));
#855=CARTESIAN_POINT('',(-45.6029833462074,-49.4,-14.3033117824796));
#856=CARTESIAN_POINT('',(-45.6029833462074,-49.4,-14.3033117824796));
#857=CARTESIAN_POINT('',(-45.6029833462074,-49.4,19.63));
#858=CARTESIAN_POINT('',(-45.6029833462074,-49.4,-10.6966882175204));
#859=CARTESIAN_POINT('',(-45.6029833462074,-49.4,-10.6966882175204));
#860=CARTESIAN_POINT('',(-45.4879346662018,-49.8455816216647,-10.5771945926536));
#861=CARTESIAN_POINT('',(-45.1197916692274,-50.6565996864913,-10.2462910071512));
#862=CARTESIAN_POINT('',(-44.1839994827378,-51.6673614785714,-9.85297823471814));
#863=CARTESIAN_POINT('',(-42.8584394847357,-52.3231070180061,-9.91742006727449));
#864=CARTESIAN_POINT('',(-42.0353546914971,-52.4,-10.4710713771202));
#865=CARTESIAN_POINT('',(-41.73,-52.4,-10.8386752274164));
#866=CARTESIAN_POINT('',(-2.28,-48.4,-3.46944695195361E-15));
#867=CARTESIAN_POINT('',(-43.73,-48.4,-6.93889390390723E-15));
#868=CARTESIAN_POINT('',(-45.23,-48.4,-6.93889390390723E-15));
#869=CARTESIAN_POINT('',(-43.73,-48.4,-12.5));
#870=CARTESIAN_POINT('',(-45.23,-48.4,-12.5));
#871=CARTESIAN_POINT('',(39.17,-48.4,12.5));
#872=CARTESIAN_POINT('',(37.67,-48.4,12.5));
#873=CARTESIAN_POINT('',(39.17,-48.4,0.));
#874=CARTESIAN_POINT('',(37.67,-48.4,0.));
#875=CARTESIAN_POINT('',(39.17,-48.4,-12.5));
#876=CARTESIAN_POINT('',(37.67,-48.4,-12.5));
#877=CARTESIAN_POINT('',(-43.73,-48.4,12.5));
#878=CARTESIAN_POINT('',(-45.23,-48.4,12.5));
#879=CARTESIAN_POINT('',(-41.73,-48.4,-21.9));
#880=CARTESIAN_POINT('',(-41.73,-48.4,-25.9));
#881=CARTESIAN_POINT('',(-41.73,-48.4,21.9));
#882=CARTESIAN_POINT('',(-41.73,-48.4,25.9));
#883=CARTESIAN_POINT('',(41.17,-48.4,25.9));
#884=CARTESIAN_POINT('',(37.17,-48.4,25.9));
#885=CARTESIAN_POINT('',(37.17,-48.4,21.9));
#886=CARTESIAN_POINT('',(37.17,-48.4,-21.9));
#887=CARTESIAN_POINT('',(37.17,-48.4,-25.9));
#888=CARTESIAN_POINT('',(30.17,-48.4,-25.9));
#889=CARTESIAN_POINT('',(-2.28,-52.4,-3.46944695195361E-15));
#890=CARTESIAN_POINT('',(-43.73,-52.4,-6.93889390390723E-15));
#891=CARTESIAN_POINT('',(-43.73,-52.4,-12.5));
#892=CARTESIAN_POINT('',(-2.28,-52.4,-21.9));
#893=CARTESIAN_POINT('',(39.17,-52.4,-12.5));
#894=CARTESIAN_POINT('',(39.17,-52.4,0.));
#895=CARTESIAN_POINT('',(39.17,-52.4,12.5));
#896=CARTESIAN_POINT('',(-45.73,-52.4,21.9));
#897=CARTESIAN_POINT('',(-43.73,-52.4,12.5));
#898=CARTESIAN_POINT('',(37.17,-48.4,21.9));
#899=CARTESIAN_POINT('',(37.17,-48.4,21.9));
#900=CARTESIAN_POINT('',(-41.73,-48.4,21.9));
#901=CARTESIAN_POINT('',(-41.73,-48.4,21.9));
#902=CARTESIAN_POINT('',(34.9,-48.4,21.9));
#903=CARTESIAN_POINT('',(37.17,-48.4,-21.9));
#904=CARTESIAN_POINT('',(37.17,-48.4,-21.9));
#905=CARTESIAN_POINT('',(-41.73,-48.4,-21.9));
#906=CARTESIAN_POINT('',(-41.73,-48.4,-21.9));
#907=CARTESIAN_POINT('',(30.17,-48.4,-21.9));
#908=CARTESIAN_POINT('',(-43.73,-52.4,12.5));
#909=CARTESIAN_POINT('',(-43.73,-49.4,12.5));
#910=CARTESIAN_POINT('',(-42.23,-49.4,12.5));
#911=CARTESIAN_POINT('',(-41.13,-49.4,12.5));
#912=CARTESIAN_POINT('',(-43.73,-49.4,12.5));
#913=CARTESIAN_POINT('',(-43.73,-52.4,12.5));
#914=CARTESIAN_POINT('',(-43.73,-52.4,-12.5));
#915=CARTESIAN_POINT('',(-43.73,-49.4,-12.5));
#916=CARTESIAN_POINT('',(-42.23,-49.4,-12.5));
#917=CARTESIAN_POINT('',(-41.13,-49.4,-12.5));
#918=CARTESIAN_POINT('',(-43.73,-49.4,-12.5));
#919=CARTESIAN_POINT('',(-43.73,-52.4,-12.5));
#920=CARTESIAN_POINT('',(-43.73,-52.4,-6.93889390390723E-15));
#921=CARTESIAN_POINT('',(-43.73,-49.4,-6.93889390390723E-15));
#922=CARTESIAN_POINT('',(-42.23,-49.4,-6.93889390390723E-15));
#923=CARTESIAN_POINT('',(-41.13,-49.4,-6.93889390390723E-15));
#924=CARTESIAN_POINT('',(-43.73,-49.4,-6.93889390390723E-15));
#925=CARTESIAN_POINT('',(-43.73,-52.4,-6.93889390390723E-15));
#926=CARTESIAN_POINT('',(39.17,-52.4,-12.5));
#927=CARTESIAN_POINT('',(39.17,-49.4,-12.5));
#928=CARTESIAN_POINT('',(40.67,-49.4,-12.5));
#929=CARTESIAN_POINT('',(41.77,-49.4,-12.5));
#930=CARTESIAN_POINT('',(39.17,-49.4,-12.5));
#931=CARTESIAN_POINT('',(39.17,-52.4,-12.5));
#932=CARTESIAN_POINT('',(39.17,-52.4,0.));
#933=CARTESIAN_POINT('',(39.17,-49.4,0.));
#934=CARTESIAN_POINT('',(40.67,-49.4,0.));
#935=CARTESIAN_POINT('',(41.77,-49.4,0.));
#936=CARTESIAN_POINT('',(39.17,-49.4,0.));
#937=CARTESIAN_POINT('',(39.17,-52.4,0.));
#938=CARTESIAN_POINT('',(39.17,-52.4,12.5));
#939=CARTESIAN_POINT('',(39.17,-49.4,12.5));
#940=CARTESIAN_POINT('',(40.67,-49.4,12.5));
#941=CARTESIAN_POINT('',(41.77,-49.4,12.5));
#942=CARTESIAN_POINT('',(39.17,-49.4,12.5));
#943=CARTESIAN_POINT('',(39.17,-52.4,12.5));
#944=MECHANICAL_DESIGN_GEOMETRIC_PRESENTATION_REPRESENTATION('',(#501),#945);
#945=(
GEOMETRIC_REPRESENTATION_CONTEXT(3)
GLOBAL_UNCERTAINTY_ASSIGNED_CONTEXT((#946))
GLOBAL_UNIT_ASSIGNED_CONTEXT((#949,#948,#947))
REPRESENTATION_CONTEXT('Part 3','TOP_LEVEL_ASSEMBLY_PART')
);
#946=UNCERTAINTY_MEASURE_WITH_UNIT(LENGTH_MEASURE(1.E-05),#949,'DISTANCE_ACCURACY_VALUE','Maximum Tolerance applied to model');
#947=(
NAMED_UNIT(*)
SI_UNIT($,.STERADIAN.)
SOLID_ANGLE_UNIT()
);
#948=(
NAMED_UNIT(*)
PLANE_ANGLE_UNIT()
SI_UNIT($,.RADIAN.)
);
#949=(
LENGTH_UNIT()
NAMED_UNIT(*)
SI_UNIT(.MILLI.,.METRE.)
);
#950=PRODUCT_DEFINITION_SHAPE('','',#951);
#951=PRODUCT_DEFINITION('','',#953,#952);
#952=PRODUCT_DEFINITION_CONTEXT('',#959,'design');
#953=PRODUCT_DEFINITION_FORMATION_WITH_SPECIFIED_SOURCE('','',#955,.NOT_KNOWN.);
#954=PRODUCT_RELATED_PRODUCT_CATEGORY('','',(#955));
#955=PRODUCT('Part 3','Part 3','Part 3',(#957));
#956=PRODUCT_CATEGORY('','');
#957=PRODUCT_CONTEXT('',#959,'mechanical');
#958=APPLICATION_PROTOCOL_DEFINITION('international standard','ap242_managed_model_based_3d_engineering',2020,#959);
#959=APPLICATION_CONTEXT('managed model based 3d engineering');
#960=COMPOSITE_SHAPE_ASPECT('hole_callout.FYnMAN62RUMpIYA_8.RLBH.2',$,#950,$);
#961=SHAPE_ASPECT('hole_callout.FYnMAN62RUMpIYA_8.RLBH.2',$,#950,.T.);
#962=GEOMETRIC_ITEM_SPECIFIC_USAGE('','',#961,#11,#499);
#963=SHAPE_ASPECT_RELATIONSHIP('','',#960,#961);
#964=SHAPE_ASPECT('hole_callout.FYnMAN62RUMpIYA_8.RLBH.2',$,#950,.T.);
#965=GEOMETRIC_ITEM_SPECIFIC_USAGE('','',#964,#11,#497);
#966=SHAPE_ASPECT_RELATIONSHIP('','',#960,#964);
#967=SHAPE_ASPECT('hole_callout.FYnMAN62RUMpIYA_8.RLBH.2',$,#950,.T.);
#968=GEOMETRIC_ITEM_SPECIFIC_USAGE('','',#967,#11,#498);
#969=SHAPE_ASPECT_RELATIONSHIP('','',#960,#967);
#970=SHAPE_ASPECT('hole_callout.FYnMAN62RUMpIYA_8.RLBH.2',$,#950,.T.);
#971=GEOMETRIC_ITEM_SPECIFIC_USAGE('','',#970,#11,#496);
#972=SHAPE_ASPECT_RELATIONSHIP('','',#960,#970);
#973=SHAPE_ASPECT('hole_callout.FYnMAN62RUMpIYA_8.RLBH.2',$,#950,.T.);
#974=GEOMETRIC_ITEM_SPECIFIC_USAGE('','',#973,#11,#494);
#975=SHAPE_ASPECT_RELATIONSHIP('','',#960,#973);
#976=SHAPE_ASPECT('hole_callout.FYnMAN62RUMpIYA_8.RLBH.2',$,#950,.T.);
#977=GEOMETRIC_ITEM_SPECIFIC_USAGE('','',#976,#11,#495);
#978=SHAPE_ASPECT_RELATIONSHIP('','',#960,#976);
#979=SHAPE_ASPECT('hole_callout.FYnMAN62RUMpIYA_8.RLBH.2',$,#950,.T.);
#980=GEOMETRIC_ITEM_SPECIFIC_USAGE('','',#979,#11,#493);
#981=SHAPE_ASPECT_RELATIONSHIP('','',#960,#979);
#982=SHAPE_ASPECT('hole_callout.FYnMAN62RUMpIYA_8.RLBH.2',$,#950,.T.);
#983=GEOMETRIC_ITEM_SPECIFIC_USAGE('','',#982,#11,#491);
#984=SHAPE_ASPECT_RELATIONSHIP('','',#960,#982);
#985=SHAPE_ASPECT('hole_callout.FYnMAN62RUMpIYA_8.RLBH.2',$,#950,.T.);
#986=GEOMETRIC_ITEM_SPECIFIC_USAGE('','',#985,#11,#492);
#987=SHAPE_ASPECT_RELATIONSHIP('','',#960,#985);
#988=SHAPE_ASPECT('hole_callout.FYnMAN62RUMpIYA_8.RLBH.2',$,#950,.T.);
#989=GEOMETRIC_ITEM_SPECIFIC_USAGE('','',#988,#11,#490);
#990=SHAPE_ASPECT_RELATIONSHIP('','',#960,#988);
#991=SHAPE_ASPECT('hole_callout.FYnMAN62RUMpIYA_8.RLBH.2',$,#950,.T.);
#992=GEOMETRIC_ITEM_SPECIFIC_USAGE('','',#991,#11,#488);
#993=SHAPE_ASPECT_RELATIONSHIP('','',#960,#991);
#994=SHAPE_ASPECT('hole_callout.FYnMAN62RUMpIYA_8.RLBH.2',$,#950,.T.);
#995=GEOMETRIC_ITEM_SPECIFIC_USAGE('','',#994,#11,#489);
#996=SHAPE_ASPECT_RELATIONSHIP('','',#960,#994);
#997=SHAPE_ASPECT('hole_callout.FYnMAN62RUMpIYA_8.RLBH.2',$,#950,.T.);
#998=GEOMETRIC_ITEM_SPECIFIC_USAGE('','',#997,#11,#484);
#999=SHAPE_ASPECT_RELATIONSHIP('','',#960,#997);
#1000=SHAPE_ASPECT('hole_callout.FYnMAN62RUMpIYA_8.RLBH.2',$,#950,.T.);
#1001=GEOMETRIC_ITEM_SPECIFIC_USAGE('','',#1000,#11,#482);
#1002=SHAPE_ASPECT_RELATIONSHIP('','',#960,#1000);
#1003=SHAPE_ASPECT('hole_callout.FYnMAN62RUMpIYA_8.RLBH.2',$,#950,.T.);
#1004=GEOMETRIC_ITEM_SPECIFIC_USAGE('','',#1003,#11,#483);
#1005=SHAPE_ASPECT_RELATIONSHIP('','',#960,#1003);
#1006=SHAPE_ASPECT('hole_callout.FYnMAN62RUMpIYA_8.RLBH.2',$,#950,.T.);
#1007=GEOMETRIC_ITEM_SPECIFIC_USAGE('','',#1006,#11,#487);
#1008=SHAPE_ASPECT_RELATIONSHIP('','',#960,#1006);
#1009=SHAPE_ASPECT('hole_callout.FYnMAN62RUMpIYA_8.RLBH.2',$,#950,.T.);
#1010=GEOMETRIC_ITEM_SPECIFIC_USAGE('','',#1009,#11,#485);
#1011=SHAPE_ASPECT_RELATIONSHIP('','',#960,#1009);
#1012=SHAPE_ASPECT('hole_callout.FYnMAN62RUMpIYA_8.RLBH.2',$,#950,.T.);
#1013=GEOMETRIC_ITEM_SPECIFIC_USAGE('','',#1012,#11,#486);
#1014=SHAPE_ASPECT_RELATIONSHIP('','',#960,#1012);
#1015=DIMENSIONAL_SIZE(#960,'diameter');
#1016=(
LENGTH_UNIT()
NAMED_UNIT(*)
SI_UNIT(.MILLI.,.METRE.)
);
#1018=PRECISION_QUALIFIER(3);
#1017=(
LENGTH_MEASURE_WITH_UNIT()
MEASURE_REPRESENTATION_ITEM()
MEASURE_WITH_UNIT(POSITIVE_LENGTH_MEASURE(3.),#1016)
QUALIFIED_REPRESENTATION_ITEM((#1018))
REPRESENTATION_ITEM('nominal value')
);
#1019=COMPOUND_REPRESENTATION_ITEM('modifiers',SET_REPRESENTATION_ITEM((#1020)));
#1020=DESCRIPTIVE_REPRESENTATION_ITEM('dimensional note','diameter');
#1021=SHAPE_DIMENSION_REPRESENTATION('',(#1017,#1019),#945);
#1022=DIMENSIONAL_CHARACTERISTIC_REPRESENTATION(#1015,#1021);
#1023=DIMENSIONAL_SIZE(#960,'depth');
#1024=(
LENGTH_UNIT()
NAMED_UNIT(*)
SI_UNIT(.MILLI.,.METRE.)
);
#1026=PRECISION_QUALIFIER(3);
#1025=(
LENGTH_MEASURE_WITH_UNIT()
MEASURE_REPRESENTATION_ITEM()
MEASURE_WITH_UNIT(POSITIVE_LENGTH_MEASURE(3.),#1024)
QUALIFIED_REPRESENTATION_ITEM((#1026))
REPRESENTATION_ITEM('nominal value')
);
#1027=COMPOUND_REPRESENTATION_ITEM('modifiers',SET_REPRESENTATION_ITEM((#1028)));
#1028=DESCRIPTIVE_REPRESENTATION_ITEM('dimensional note','depth');
#1029=SHAPE_DIMENSION_REPRESENTATION('',(#1025,#1027),#945);
#1030=DIMENSIONAL_CHARACTERISTIC_REPRESENTATION(#1023,#1029);
#1031=DIMENSIONAL_SIZE(#960,'diameter');
#1032=(
LENGTH_UNIT()
NAMED_UNIT(*)
SI_UNIT(.MILLI.,.METRE.)
);
#1034=PRECISION_QUALIFIER(3);
#1033=(
LENGTH_MEASURE_WITH_UNIT()
MEASURE_REPRESENTATION_ITEM()
MEASURE_WITH_UNIT(POSITIVE_LENGTH_MEASURE(5.2),#1032)
QUALIFIED_REPRESENTATION_ITEM((#1034))
REPRESENTATION_ITEM('nominal value')
);
#1035=COMPOUND_REPRESENTATION_ITEM('modifiers',SET_REPRESENTATION_ITEM((#1036,#1037)));
#1036=DESCRIPTIVE_REPRESENTATION_ITEM('dimensional note','counterbore');
#1037=DESCRIPTIVE_REPRESENTATION_ITEM('dimensional note','diameter');
#1038=SHAPE_DIMENSION_REPRESENTATION('',(#1033,#1035),#945);
#1039=DIMENSIONAL_CHARACTERISTIC_REPRESENTATION(#1031,#1038);
#1040=PRESENTATION_STYLE_ASSIGNMENT((NULL_STYLE(.NULL.)));
#1041=CARTESIAN_POINT('',(0.03917,-0.0524,0.0125));
#1042=DIRECTION('',(0.,-1.,0.));
#1043=DIRECTION('',(1.,0.,0.));
#1044=AXIS2_PLACEMENT_3D('',#1041,#1042,#1043);
#1045=PLANE('',#1044);
#1046=ANNOTATION_PLANE('',(#1040),#1045,(#1073));
#1047=CARTESIAN_POINT('',(0.,0.,0.));
#1048=DIRECTION('',(0.,0.,1.));
#1049=DIRECTION('',(1.,0.,0.));
#1050=AXIS2_PLACEMENT_3D('',#1047,#1048,#1049);
#1051=CARTESIAN_POINT('',(0.,0.,0.));
#1052=DIRECTION('',(0.,0.,1.));
#1053=DIRECTION('',(1.,0.,0.));
#1054=AXIS2_PLACEMENT_3D('',#1051,#1052,#1053);
#1055=SHAPE_REPRESENTATION('',(#1054,#509),#945);
#1056=REPRESENTATION_MAP(#1050,#1055);
#1057=MAPPED_ITEM('',#1056,#1050);
#1058=PRESENTATION_STYLE_ASSIGNMENT((NULL_STYLE(.NULL.)));
#1059=STYLED_ITEM('',(#1058),#1057);
#1060=DRAUGHTING_MODEL('',(#1046,#1050,#1057,#1059),#945);
#1061=DRAUGHTING_PRE_DEFINED_CURVE_FONT('continuous');
#1062=COLOUR_RGB('',0.,0.,0.);
#1063=CURVE_STYLE('',#1061,POSITIVE_LENGTH_MEASURE(0.02),#1062);
#1064=PRESENTATION_STYLE_ASSIGNMENT((#1063));
#1065=COORDINATES_LIST('coordinates',3765,((41.0084776,-52.4000000,14.3384776),(42.4226912,-52.4000000,17.1669048),(43.8369048,-52.4000000,15.7526912),(54.2413360,-52.4000000,25.0762110),(54.2413360,-52.4000000,28.4893360),(54.2251964,-52.4000000,28.5710922),(54.2413360,-52.4000000,25.0762110),(54.2251964,-52.4000000,28.5710922),(54.1767776,-52.4000000,28.6406776),(54.2413360,-52.4000000,25.0762110),(54.1767776,-52.4000000,28.6406776),(54.1069276,-52.4000000,28.6883026),(54.2413360,-52.4000000,25.0762110),(54.1069276,-52.4000000,28.6883026),(54.0243776,-52.4000000,28.7041776),(54.2413360,-52.4000000,25.0762110),(54.0243776,-52.4000000,28.7041776),(53.9418276,-52.4000000,28.6883026),(54.2413360,-52.4000000,25.0762110),(53.9418276,-52.4000000,28.6883026),(53.8719776,-52.4000000,28.6406776),(54.2413360,-52.4000000,25.0762110),(53.8719776,-52.4000000,28.6406776),(53.8243526,-52.4000000,28.5710922),(54.2413360,-52.4000000,25.0762110),(53.8243526,-52.4000000,28.5710922),(53.8084776,-52.4000000,28.4893360),(54.2413360,-52.4000000,25.0762110),(53.8084776,-52.4000000,28.4893360),(53.8084776,-52.4000000,24.8613693),(61.0633526,-52.4000000,25.0762110),(54.2413360,-52.4000000,25.0762110),(53.8084776,-52.4000000,24.8613693),(61.0633526,-52.4000000,25.0762110),(53.8084776,-52.4000000,24.8613693),(53.8240880,-52.4000000,24.7764380),(61.0633526,-52.4000000,25.0762110),(53.8240880,-52.4000000,24.7764380),(53.8709193,-52.4000000,24.7079110),(61.0633526,-52.4000000,25.0762110),(53.8709193,-52.4000000,24.7079110),(53.9407693,-52.4000000,24.6618735),(61.0633526,-52.4000000,25.0762110),(53.9407693,-52.4000000,24.6618735),(54.0254360,-52.4000000,24.6465276),(61.0633526,-52.4000000,25.0762110),(54.0254360,-52.4000000,24.6465276),(61.2792526,-52.4000000,24.6465276),(61.0633526,-52.4000000,25.0762110),(61.2792526,-52.4000000,24.6465276),(61.3636547,-52.4000000,24.6618735),(61.0633526,-52.4000000,25.0762110),(61.3636547,-52.4000000,24.6618735),(61.4327110,-52.4000000,24.7079110),(61.0633526,-52.4000000,25.0762110),(61.4327110,-52.4000000,24.7079110),(61.4787485,-52.4000000,24.7764380),(61.0633526,-52.4000000,25.0762110),(61.4787485,-52.4000000,24.7764380),(61.4940943,-52.4000000,24.8613693),(61.0633526,-52.4000000,25.0762110),(61.4940943,-52.4000000,24.8613693),(61.4940943,-52.4000000,28.4893360),(61.0633526,-52.4000000,25.0762110),(61.4940943,-52.4000000,28.4893360),(61.4782193,-52.4000000,28.5710922),(61.0633526,-52.4000000,25.0762110),(61.4782193,-52.4000000,28.5710922),(61.4305943,-52.4000000,28.6406776),(61.0633526,-52.4000000,25.0762110),(61.4305943,-52.4000000,28.6406776),(61.3610089,-52.4000000,28.6883026),(61.0633526,-52.4000000,25.0762110),(61.3610089,-52.4000000,28.6883026),(61.2792526,-52.4000000,28.7041776),(61.0633526,-52.4000000,25.0762110),(61.2792526,-52.4000000,28.7041776),(61.1972318,-52.4000000,28.6883026),(61.0633526,-52.4000000,25.0762110),(61.1972318,-52.4000000,28.6883026),(61.1268526,-52.4000000,28.6406776),(61.0633526,-52.4000000,25.0762110),(61.1268526,-52.4000000,28.6406776),(61.0792276,-52.4000000,28.5710922),(61.0633526,-52.4000000,25.0762110),(61.0792276,-52.4000000,28.5710922),(61.0633526,-52.4000000,28.4893360),(63.3501193,-52.4000000,24.8222110),(63.4471718,-52.4000000,24.7815313),(63.5451834,-52.4000000,24.7462755),(63.3501193,-52.4000000,24.8222110),(63.5451834,-52.4000000,24.7462755),(63.6441541,-52.4000000,24.7164438),(63.3501193,-52.4000000,24.8222110),(63.6441541,-52.4000000,24.7164438),(63.7440839,-52.4000000,24.6920360),(63.3501193,-52.4000000,24.8222110),(63.7440839,-52.4000000,24.6920360),(63.8449728,-52.4000000,24.6730521),(63.3501193,-52.4000000,24.8222110),(63.8449728,-52.4000000,24.6730521),(63.9468209,-52.4000000,24.6594922),(63.3501193,-52.4000000,24.8222110),(63.9468209,-52.4000000,24.6594922),(64.0496280,-52.4000000,24.6513563),(63.3501193,-52.4000000,24.8222110),(64.0496280,-52.4000000,24.6513563),(64.1533943,-52.4000000,24.6486443),(63.3501193,-52.4000000,24.8222110),(64.1533943,-52.4000000,24.6486443),(64.2891752,-52.4000000,24.6529603),(63.3501193,-52.4000000,24.8222110),(64.2891752,-52.4000000,24.6529603),(64.4224094,-52.4000000,24.6659084),(63.3501193,-52.4000000,24.8222110),(64.4224094,-52.4000000,24.6659084),(64.5530970,-52.4000000,24.6874884),(63.3501193,-52.4000000,24.8222110),(64.5530970,-52.4000000,24.6874884),(64.6812380,-52.4000000,24.7177005),(63.3501193,-52.4000000,24.8222110),(64.6812380,-52.4000000,24.7177005),(64.8068324,-52.4000000,24.7565447),(63.3501193,-52.4000000,24.8222110),(64.8068324,-52.4000000,24.7565447),(64.9298802,-52.4000000,24.8040209),(63.3501193,-52.4000000,24.8222110),(64.9298802,-52.4000000,24.8040209),(65.0503814,-52.4000000,24.8601291),(63.3501193,-52.4000000,24.8222110),(65.0503814,-52.4000000,24.8601291),(65.1683360,-52.4000000,24.9248693),(63.3501193,-52.4000000,24.8222110),(65.1683360,-52.4000000,24.9248693),(65.2819084,-52.4000000,24.9972659),(63.3501193,-52.4000000,24.8222110),(65.2819084,-52.4000000,24.9972659),(65.3892630,-52.4000000,25.0758141),(63.3501193,-52.4000000,24.8222110),(65.3892630,-52.4000000,25.0758141),(65.4904000,-52.4000000,25.1605138),(63.3501193,-52.4000000,24.8222110),(65.4904000,-52.4000000,25.1605138),(65.5853193,-52.4000000,25.2513651),(63.3501193,-52.4000000,24.8222110),(65.5853193,-52.4000000,25.2513651),(65.6740209,-52.4000000,25.3483680),(65.6740209,-52.4000000,25.3483680),(65.7565047,-52.4000000,25.4515224),(65.8327709,-52.4000000,25.5608284),(65.6740209,-52.4000000,25.3483680),(65.8327709,-52.4000000,25.5608284),(65.9028193,-52.4000000,25.6762860),(65.6740209,-52.4000000,25.3483680),(65.9028193,-52.4000000,25.6762860),(65.9658232,-52.4000000,25.7960595),(65.6740209,-52.4000000,25.3483680),(65.9658232,-52.4000000,25.7960595),(66.0204266,-52.4000000,25.9183136),(65.6740209,-52.4000000,25.3483680),(66.0204266,-52.4000000,25.9183136),(66.0666295,-52.4000000,26.0430481),(65.6740209,-52.4000000,25.3483680),(66.0666295,-52.4000000,26.0430481),(66.1044318,-52.4000000,26.1702630),(65.6740209,-52.4000000,25.3483680),(66.1044318,-52.4000000,26.1702630),(66.1338336,-52.4000000,26.2999585),(65.6740209,-52.4000000,25.3483680),(66.1338336,-52.4000000,26.2999585),(66.1548349,-52.4000000,26.4321344),(65.6740209,-52.4000000,25.3483680),(66.1548349,-52.4000000,26.4321344),(66.1674357,-52.4000000,26.5667908),(65.6740209,-52.4000000,25.3483680),(66.1674357,-52.4000000,26.5667908),(66.1716360,-52.4000000,26.7039276),(65.6740209,-52.4000000,25.3483680),(66.1716360,-52.4000000,26.7039276),(66.1674357,-52.4000000,26.8355578),(65.6740209,-52.4000000,25.3483680),(66.1674357,-52.4000000,26.8355578),(66.1548349,-52.4000000,26.9663943),(65.6740209,-52.4000000,25.3483680),(66.1548349,-52.4000000,26.9663943),(66.1338336,-52.4000000,27.0964370),(65.6740209,-52.4000000,25.3483680),(66.1338336,-52.4000000,27.0964370),(66.1044318,-52.4000000,27.2256860),(65.6740209,-52.4000000,25.3483680),(66.1044318,-52.4000000,27.2256860),(66.0666295,-52.4000000,27.3541412),(65.6740209,-52.4000000,25.3483680),(66.0666295,-52.4000000,27.3541412),(66.0204266,-52.4000000,27.4818026),(66.0204266,-52.4000000,27.4818026),(65.6286448,-52.4000000,27.3403167),(65.6652069,-52.4000000,27.2424374),(66.0204266,-52.4000000,27.4818026),(65.6652069,-52.4000000,27.2424374),(65.6951214,-52.4000000,27.1412839),(66.0204266,-52.4000000,27.4818026),(65.6951214,-52.4000000,27.1412839),(65.7183882,-52.4000000,27.0368561),(66.0204266,-52.4000000,27.4818026),(65.7183882,-52.4000000,27.0368561),(65.7350073,-52.4000000,26.9291542),(66.0204266,-52.4000000,27.4818026),(65.7350073,-52.4000000,26.9291542),(65.7449788,-52.4000000,26.8181780),(66.0204266,-52.4000000,27.4818026),(65.7449788,-52.4000000,26.8181780),(65.7483026,-52.4000000,26.7039276),(66.0204266,-52.4000000,27.4818026),(65.7483026,-52.4000000,26.7039276),(65.7449457,-52.4000000,26.5938940),(65.6740209,-52.4000000,25.3483680),(66.0204266,-52.4000000,27.4818026),(65.7449457,-52.4000000,26.5938940),(65.6740209,-52.4000000,25.3483680),(65.7449457,-52.4000000,26.5938940),(65.7348750,-52.4000000,26.4860433),(65.6740209,-52.4000000,25.3483680),(65.7348750,-52.4000000,26.4860433),(65.7180905,-52.4000000,26.3803753),(65.6740209,-52.4000000,25.3483680),(65.7180905,-52.4000000,26.3803753),(65.6945922,-52.4000000,26.2768901),(65.6740209,-52.4000000,25.3483680),(65.6945922,-52.4000000,26.2768901),(65.6643801,-52.4000000,26.1755878),(65.6740209,-52.4000000,25.3483680),(65.6643801,-52.4000000,26.1755878),(65.6274542,-52.4000000,26.0764683),(65.6740209,-52.4000000,25.3483680),(65.6274542,-52.4000000,26.0764683),(65.5838145,-52.4000000,25.9795315),(65.6740209,-52.4000000,25.3483680),(65.5838145,-52.4000000,25.9795315),(65.5334610,-52.4000000,25.8847776),(65.6740209,-52.4000000,25.3483680),(65.5334610,-52.4000000,25.8847776),(65.4776173,-52.4000000,25.7935625),(65.6740209,-52.4000000,25.3483680),(65.4776173,-52.4000000,25.7935625),(65.4169782,-52.4000000,25.7072422),(65.6740209,-52.4000000,25.3483680),(65.4169782,-52.4000000,25.7072422),(65.3515434,-52.4000000,25.6258167),(65.6740209,-52.4000000,25.3483680),(65.3515434,-52.4000000,25.6258167),(65.2813130,-52.4000000,25.5492860),(65.6740209,-52.4000000,25.3483680),(65.2813130,-52.4000000,25.5492860),(65.2062871,-52.4000000,25.4776500),(65.6740209,-52.4000000,25.3483680),(65.2062871,-52.4000000,25.4776500),(65.1264657,-52.4000000,25.4109089),(65.6740209,-52.4000000,25.3483680),(65.1264657,-52.4000000,25.4109089),(65.0418486,-52.4000000,25.3490625),(65.6740209,-52.4000000,25.3483680),(65.0418486,-52.4000000,25.3490625),(64.9524360,-52.4000000,25.2921110),(65.6740209,-52.4000000,25.3483680),(64.9524360,-52.4000000,25.2921110),(64.8598483,-52.4000000,25.2410133),(65.6740209,-52.4000000,25.3483680),(64.8598483,-52.4000000,25.2410133),(64.7651771,-52.4000000,25.1967287),(65.6740209,-52.4000000,25.3483680),(64.7651771,-52.4000000,25.1967287),(64.6684223,-52.4000000,25.1592571),(65.6740209,-52.4000000,25.3483680),(64.6684223,-52.4000000,25.1592571),(64.5695839,-52.4000000,25.1285985),(63.3501193,-52.4000000,24.8222110),(65.6740209,-52.4000000,25.3483680),(64.5695839,-52.4000000,25.1285985),(63.3501193,-52.4000000,24.8222110),(64.5695839,-52.4000000,25.1285985),(64.4686619,-52.4000000,25.1047529),(63.3501193,-52.4000000,24.8222110),(64.4686619,-52.4000000,25.1047529),(64.3656563,-52.4000000,25.0877203),(63.3501193,-52.4000000,24.8222110),(64.3656563,-52.4000000,25.0877203),(64.2605671,-52.4000000,25.0775008),(63.3501193,-52.4000000,24.8222110),(64.2605671,-52.4000000,25.0775008),(64.1533943,-52.4000000,25.0740943),(63.3501193,-52.4000000,24.8222110),(64.1533943,-52.4000000,25.0740943),(63.9998037,-52.4000000,25.0811719),(63.3501193,-52.4000000,24.8222110),(63.9998037,-52.4000000,25.0811719),(63.8501818,-52.4000000,25.1024047),(63.3501193,-52.4000000,24.8222110),(63.8501818,-52.4000000,25.1024047),(63.7045287,-52.4000000,25.1377927),(63.3501193,-52.4000000,24.8222110),(63.7045287,-52.4000000,25.1377927),(63.5628443,-52.4000000,25.1873360),(63.3501193,-52.4000000,24.8222110),(63.5628443,-52.4000000,25.1873360),(65.1598693,-52.4000000,27.9707526),(62.7892026,-52.4000000,23.8474860),(63.3501193,-52.4000000,24.8222110),(65.1598693,-52.4000000,27.9707526),(65.5854351,-52.4000000,27.4349218),(65.6286448,-52.4000000,27.3403167),(66.0204266,-52.4000000,27.4818026),(65.5355776,-52.4000000,27.5262526),(65.5854351,-52.4000000,27.4349218),(66.0204266,-52.4000000,27.4818026),(65.4676459,-52.4000000,27.6302339),(65.5355776,-52.4000000,27.5262526),(66.0204266,-52.4000000,27.4818026),(65.3823839,-52.4000000,27.7389776),(65.4676459,-52.4000000,27.6302339),(66.0204266,-52.4000000,27.4818026),(65.3332541,-52.4000000,27.7951354),(65.3823839,-52.4000000,27.7389776),(66.0204266,-52.4000000,27.4818026),(65.2797917,-52.4000000,27.8524839),(65.3332541,-52.4000000,27.7951354),(66.0204266,-52.4000000,27.4818026),(65.2219968,-52.4000000,27.9110229),(65.2797917,-52.4000000,27.8524839),(66.0204266,-52.4000000,27.4818026),(65.1598693,-52.4000000,27.9707526),(65.2219968,-52.4000000,27.9110229),(66.0204266,-52.4000000,27.4818026),(65.1598693,-52.4000000,27.9707526),(66.0204266,-52.4000000,27.4818026),(65.9658232,-52.4000000,27.6086703),(65.1598693,-52.4000000,27.9707526),(65.9658232,-52.4000000,27.6086703),(65.9028193,-52.4000000,27.7347443),(65.1598693,-52.4000000,27.9707526),(65.9028193,-52.4000000,27.7347443),(65.8526311,-52.4000000,27.8214615),(65.1598693,-52.4000000,27.9707526),(65.8526311,-52.4000000,27.8214615),(65.7978459,-52.4000000,27.9048714),(65.1598693,-52.4000000,27.9707526),(65.7978459,-52.4000000,27.9048714),(65.7384634,-52.4000000,27.9849740),(65.1598693,-52.4000000,27.9707526),(65.7384634,-52.4000000,27.9849740),(65.6744839,-52.4000000,28.0617693),(65.1598693,-52.4000000,27.9707526),(65.6744839,-52.4000000,28.0617693),(65.6059072,-52.4000000,28.1352573),(65.1598693,-52.4000000,27.9707526),(65.6059072,-52.4000000,28.1352573),(65.5327334,-52.4000000,28.2054380),(65.1598693,-52.4000000,27.9707526),(65.5327334,-52.4000000,28.2054380),(65.4549624,-52.4000000,28.2723115),(65.1598693,-52.4000000,27.9707526),(65.4549624,-52.4000000,28.2723115),(65.3725943,-52.4000000,28.3358776),(65.1598693,-52.4000000,27.9707526),(65.3725943,-52.4000000,28.3358776),(65.9144610,-52.4000000,29.2883776),(62.7892026,-52.4000000,23.8474860),(65.1598693,-52.4000000,27.9707526),(65.9144610,-52.4000000,29.2883776),(62.7892026,-52.4000000,23.8474860),(65.9144610,-52.4000000,29.2883776),(65.9430360,-52.4000000,29.3920943),(62.7892026,-52.4000000,23.8474860),(65.9430360,-52.4000000,29.3920943),(65.9356276,-52.4000000,29.4524193),(62.7892026,-52.4000000,23.8474860),(65.9356276,-52.4000000,29.4524193),(65.8969985,-52.4000000,29.5275610),(62.7892026,-52.4000000,23.8474860),(65.8969985,-52.4000000,29.5275610),(65.8319110,-52.4000000,29.5815360),(62.7892026,-52.4000000,23.8474860),(65.8319110,-52.4000000,29.5815360),(65.7292526,-52.4000000,29.6122276),(62.7892026,-52.4000000,23.8474860),(65.7292526,-52.4000000,29.6122276),(65.6689276,-52.4000000,29.6048193),(62.7892026,-52.4000000,23.8474860),(65.6689276,-52.4000000,29.6048193),(65.5932568,-52.4000000,29.5661901),(62.7892026,-52.4000000,23.8474860),(65.5932568,-52.4000000,29.5661901),(65.5376943,-52.4000000,29.5011026),(62.7892026,-52.4000000,23.8474860),(65.5376943,-52.4000000,29.5011026),(65.0021776,-52.4000000,28.5729443),(65.0021776,-52.4000000,28.5729443),(64.9015698,-52.4000000,28.6173447),(64.7976547,-52.4000000,28.6558250),(65.0021776,-52.4000000,28.5729443),(64.7976547,-52.4000000,28.6558250),(64.6904323,-52.4000000,28.6883853),(65.0021776,-52.4000000,28.5729443),(64.6904323,-52.4000000,28.6883853),(64.5799026,-52.4000000,28.7150255),(65.0021776,-52.4000000,28.5729443),(64.5799026,-52.4000000,28.7150255),(64.4660657,-52.4000000,28.7357457),(65.0021776,-52.4000000,28.5729443),(64.4660657,-52.4000000,28.7357457),(64.3489214,-52.4000000,28.7505459),(65.0021776,-52.4000000,28.5729443),(64.3489214,-52.4000000,28.7505459),(64.2284698,-52.4000000,28.7594259),(65.0021776,-52.4000000,28.5729443),(64.2284698,-52.4000000,28.7594259),(64.1047110,-52.4000000,28.7623860),(65.0021776,-52.4000000,28.5729443),(64.1047110,-52.4000000,28.7623860),(63.9801088,-52.4000000,28.7580534),(65.0021776,-52.4000000,28.5729443),(63.9801088,-52.4000000,28.7580534),(63.8565979,-52.4000000,28.7450558),(65.0021776,-52.4000000,28.5729443),(63.8565979,-52.4000000,28.7450558),(63.7341785,-52.4000000,28.7233930),(65.0021776,-52.4000000,28.5729443),(63.7341785,-52.4000000,28.7233930),(63.6128505,-52.4000000,28.6930651),(65.0021776,-52.4000000,28.5729443),(63.6128505,-52.4000000,28.6930651),(63.4926140,-52.4000000,28.6540722),(65.0021776,-52.4000000,28.5729443),(63.4926140,-52.4000000,28.6540722),(63.3734688,-52.4000000,28.6064141),(65.0021776,-52.4000000,28.5729443),(63.3734688,-52.4000000,28.6064141),(63.2554150,-52.4000000,28.5500909),(65.0021776,-52.4000000,28.5729443),(63.2554150,-52.4000000,28.5500909),(63.1384526,-52.4000000,28.4851026),(65.0021776,-52.4000000,28.5729443),(63.1384526,-52.4000000,28.4851026),(63.0253433,-52.4000000,28.4129375),(65.0021776,-52.4000000,28.5729443),(63.0253433,-52.4000000,28.4129375),(62.9183193,-52.4000000,28.3345547),(65.0021776,-52.4000000,28.5729443),(62.9183193,-52.4000000,28.3345547),(62.8173808,-52.4000000,28.2499542),(65.0021776,-52.4000000,28.5729443),(62.8173808,-52.4000000,28.2499542),(62.7225276,-52.4000000,28.1591360),(65.0021776,-52.4000000,28.5729443),(62.7225276,-52.4000000,28.1591360),(62.6337599,-52.4000000,28.0621000),(62.6337599,-52.4000000,28.0621000),(62.5510776,-52.4000000,27.9588464),(62.4744808,-52.4000000,27.8493750),(62.6337599,-52.4000000,28.0621000),(62.4744808,-52.4000000,27.8493750),(62.4039693,-52.4000000,27.7336860),(62.6337599,-52.4000000,28.0621000),(62.4039693,-52.4000000,27.7336860),(62.3407173,-52.4000000,27.6138793),(62.6337599,-52.4000000,28.0621000),(62.3407173,-52.4000000,27.6138793),(62.2858990,-52.4000000,27.4915261),(62.6337599,-52.4000000,28.0621000),(62.2858990,-52.4000000,27.4915261),(62.2395142,-52.4000000,27.3666262),(62.6337599,-52.4000000,28.0621000),(62.2395142,-52.4000000,27.3666262),(62.2015630,-52.4000000,27.2391797),(62.6337599,-52.4000000,28.0621000),(62.2015630,-52.4000000,27.2391797),(62.1720455,-52.4000000,27.1091866),(62.6337599,-52.4000000,28.0621000),(62.1720455,-52.4000000,27.1091866),(62.1509615,-52.4000000,26.9766469),(62.6337599,-52.4000000,28.0621000),(62.1509615,-52.4000000,26.9766469),(62.1383111,-52.4000000,26.8415606),(62.6337599,-52.4000000,28.0621000),(62.1383111,-52.4000000,26.8415606),(62.1340943,-52.4000000,26.7039276),(62.6337599,-52.4000000,28.0621000),(62.1340943,-52.4000000,26.7039276),(62.1382946,-52.4000000,26.5658647),(62.6337599,-52.4000000,28.0621000),(62.1382946,-52.4000000,26.5658647),(62.1508953,-52.4000000,26.4305469),(62.6337599,-52.4000000,28.0621000),(62.1508953,-52.4000000,26.4305469),(62.1718966,-52.4000000,26.2979741),(62.6337599,-52.4000000,28.0621000),(62.1718966,-52.4000000,26.2979741),(62.2012985,-52.4000000,26.1681464),(62.6337599,-52.4000000,28.0621000),(62.2012985,-52.4000000,26.1681464),(62.2391008,-52.4000000,26.0410637),(62.6337599,-52.4000000,28.0621000),(62.2391008,-52.4000000,26.0410637),(62.2853037,-52.4000000,25.9167261),(62.6337599,-52.4000000,28.0621000),(62.2853037,-52.4000000,25.9167261),(62.3399071,-52.4000000,25.7951335),(62.6337599,-52.4000000,28.0621000),(62.3399071,-52.4000000,25.7951335),(62.4029110,-52.4000000,25.6762860),(62.4029110,-52.4000000,25.6762860),(62.7712110,-52.4000000,25.8847776),(62.7218496,-52.4000000,25.9795150),(62.4029110,-52.4000000,25.6762860),(62.7218496,-52.4000000,25.9795150),(62.6790698,-52.4000000,26.0764021),(62.4029110,-52.4000000,25.6762860),(62.6790698,-52.4000000,26.0764021),(62.6428715,-52.4000000,26.1754390),(62.4029110,-52.4000000,25.6762860),(62.6428715,-52.4000000,26.1754390),(62.6132547,-52.4000000,26.2766255),(62.4029110,-52.4000000,25.6762860),(62.6132547,-52.4000000,26.2766255),(62.5902194,-52.4000000,26.3799619),(62.4029110,-52.4000000,25.6762860),(62.5902194,-52.4000000,26.3799619),(62.5737657,-52.4000000,26.4854479),(62.4029110,-52.4000000,25.6762860),(62.5737657,-52.4000000,26.4854479),(62.5638934,-52.4000000,26.5930838),(62.4029110,-52.4000000,25.6762860),(62.5638934,-52.4000000,26.5930838),(62.5606026,-52.4000000,26.7028693),(62.4029110,-52.4000000,25.6762860),(62.5606026,-52.4000000,26.7028693),(62.5639430,-52.4000000,26.8126879),(62.6337599,-52.4000000,28.0621000),(62.4029110,-52.4000000,25.6762860),(62.5639430,-52.4000000,26.8126879),(62.6337599,-52.4000000,28.0621000),(62.5639430,-52.4000000,26.8126879),(62.5739641,-52.4000000,26.9204229),(62.6337599,-52.4000000,28.0621000),(62.5739641,-52.4000000,26.9204229),(62.5906659,-52.4000000,27.0260744),(62.6337599,-52.4000000,28.0621000),(62.5906659,-52.4000000,27.0260744),(62.6140485,-52.4000000,27.1296422),(62.6337599,-52.4000000,28.0621000),(62.6140485,-52.4000000,27.1296422),(62.6441117,-52.4000000,27.2311265),(62.6337599,-52.4000000,28.0621000),(62.6441117,-52.4000000,27.2311265),(62.6808558,-52.4000000,27.3305271),(62.6337599,-52.4000000,28.0621000),(62.6808558,-52.4000000,27.3305271),(62.7242805,-52.4000000,27.4278442),(62.6337599,-52.4000000,28.0621000),(62.7242805,-52.4000000,27.4278442),(62.7743860,-52.4000000,27.5230776),(62.6337599,-52.4000000,28.0621000),(62.7743860,-52.4000000,27.5230776),(62.8302296,-52.4000000,27.6150203),(62.6337599,-52.4000000,28.0621000),(62.8302296,-52.4000000,27.6150203),(62.8908688,-52.4000000,27.7019360),(62.6337599,-52.4000000,28.0621000),(62.8908688,-52.4000000,27.7019360),(62.9563035,-52.4000000,27.7838245),(62.6337599,-52.4000000,28.0621000),(62.9563035,-52.4000000,27.7838245),(63.0265339,-52.4000000,27.8606860),(62.6337599,-52.4000000,28.0621000),(63.0265339,-52.4000000,27.8606860),(63.1015598,-52.4000000,27.9325203),(62.6337599,-52.4000000,28.0621000),(63.1015598,-52.4000000,27.9325203),(63.1813813,-52.4000000,27.9993276),(62.6337599,-52.4000000,28.0621000),(63.1813813,-52.4000000,27.9993276),(63.2659983,-52.4000000,28.0611078),(62.6337599,-52.4000000,28.0621000),(63.2659983,-52.4000000,28.0611078),(63.3554110,-52.4000000,28.1178610),(62.6337599,-52.4000000,28.0621000),(63.3554110,-52.4000000,28.1178610),(63.4474860,-52.4000000,28.1689586),(62.6337599,-52.4000000,28.0621000),(63.4474860,-52.4000000,28.1689586),(63.5400901,-52.4000000,28.2132433),(62.6337599,-52.4000000,28.0621000),(63.5400901,-52.4000000,28.2132433),(63.6332235,-52.4000000,28.2507149),(62.6337599,-52.4000000,28.0621000),(63.6332235,-52.4000000,28.2507149),(63.7268860,-52.4000000,28.2813735),(62.6337599,-52.4000000,28.0621000),(63.7268860,-52.4000000,28.2813735),(63.8210776,-52.4000000,28.3052190),(65.0021776,-52.4000000,28.5729443),(62.6337599,-52.4000000,28.0621000),(63.8210776,-52.4000000,28.3052190),(65.0021776,-52.4000000,28.5729443),(63.8210776,-52.4000000,28.3052190),(63.9157985,-52.4000000,28.3222516),(65.0021776,-52.4000000,28.5729443),(63.9157985,-52.4000000,28.3222516),(64.0110485,-52.4000000,28.3324711),(65.0021776,-52.4000000,28.5729443),(64.0110485,-52.4000000,28.3324711),(64.1068276,-52.4000000,28.3358776),(65.0021776,-52.4000000,28.5729443),(64.1068276,-52.4000000,28.3358776),(64.1131776,-52.4000000,28.3358776),(65.0021776,-52.4000000,28.5729443),(64.1131776,-52.4000000,28.3358776),(64.2068897,-52.4000000,28.3337940),(65.0021776,-52.4000000,28.5729443),(64.2068897,-52.4000000,28.3337940),(64.2980552,-52.4000000,28.3275433),(65.0021776,-52.4000000,28.5729443),(64.2980552,-52.4000000,28.3275433),(64.3866741,-52.4000000,28.3171253),(65.0021776,-52.4000000,28.5729443),(64.3866741,-52.4000000,28.3171253),(64.4727464,-52.4000000,28.3025401),(65.0021776,-52.4000000,28.5729443),(64.4727464,-52.4000000,28.3025401),(64.5562720,-52.4000000,28.2837878),(65.0021776,-52.4000000,28.5729443),(64.5562720,-52.4000000,28.2837878),(64.6372511,-52.4000000,28.2608683),(65.0021776,-52.4000000,28.5729443),(64.6372511,-52.4000000,28.2608683),(64.7156835,-52.4000000,28.2337815),(65.0021776,-52.4000000,28.5729443),(64.7156835,-52.4000000,28.2337815),(64.7915693,-52.4000000,28.2025276),(62.7892026,-52.4000000,23.8474860),(65.0021776,-52.4000000,28.5729443),(64.7915693,-52.4000000,28.2025276),(62.7892026,-52.4000000,23.8474860),(64.7915693,-52.4000000,28.2025276),(63.1871360,-52.4000000,25.4074693),(62.7892026,-52.4000000,23.8474860),(63.1871360,-52.4000000,25.4074693),(63.0666844,-52.4000000,25.5103261),(62.8135939,-52.4000000,25.8155064),(62.7712110,-52.4000000,25.8847776),(62.4029110,-52.4000000,25.6762860),(62.8587219,-52.4000000,25.7489802),(62.8135939,-52.4000000,25.8155064),(62.4029110,-52.4000000,25.6762860),(62.9572130,-52.4000000,25.6241630),(62.8587219,-52.4000000,25.7489802),(62.4029110,-52.4000000,25.6762860),(63.0666844,-52.4000000,25.5103261),(62.9572130,-52.4000000,25.6241630),(62.4029110,-52.4000000,25.6762860),(63.0666844,-52.4000000,25.5103261),(62.4029110,-52.4000000,25.6762860),(62.4608547,-52.4000000,25.5812344),(63.0666844,-52.4000000,25.5103261),(62.4608547,-52.4000000,25.5812344),(62.5225026,-52.4000000,25.4902839),(63.0666844,-52.4000000,25.5103261),(62.5225026,-52.4000000,25.4902839),(62.5878547,-52.4000000,25.4034344),(63.0666844,-52.4000000,25.5103261),(62.5878547,-52.4000000,25.4034344),(62.6569110,-52.4000000,25.3206860),(63.0666844,-52.4000000,25.5103261),(62.6569110,-52.4000000,25.3206860),(62.7296714,-52.4000000,25.2420386),(63.0666844,-52.4000000,25.5103261),(62.7296714,-52.4000000,25.2420386),(62.8061360,-52.4000000,25.1674922),(63.0666844,-52.4000000,25.5103261),(62.8061360,-52.4000000,25.1674922),(62.8863047,-52.4000000,25.0970469),(63.0666844,-52.4000000,25.5103261),(62.8863047,-52.4000000,25.0970469),(62.9701776,-52.4000000,25.0307026),(62.7892026,-52.4000000,23.8474860),(63.0666844,-52.4000000,25.5103261),(62.9701776,-52.4000000,25.0307026),(62.7892026,-52.4000000,23.8474860),(62.9701776,-52.4000000,25.0307026),(62.4145526,-52.4000000,24.0602110),(62.7892026,-52.4000000,23.8474860),(62.4145526,-52.4000000,24.0602110),(62.3870360,-52.4000000,23.9586110),(62.7892026,-52.4000000,23.8474860),(62.3870360,-52.4000000,23.9586110),(62.3933860,-52.4000000,23.8982860),(62.7892026,-52.4000000,23.8474860),(62.3933860,-52.4000000,23.8982860),(62.4325443,-52.4000000,23.8212922),(62.7892026,-52.4000000,23.8474860),(62.4325443,-52.4000000,23.8212922),(62.4949860,-52.4000000,23.7659943),(62.7892026,-52.4000000,23.8474860),(62.4949860,-52.4000000,23.7659943),(62.5997610,-52.4000000,23.7384776),(62.7892026,-52.4000000,23.8474860),(62.5997610,-52.4000000,23.7384776),(62.6600860,-52.4000000,23.7458860),(62.7892026,-52.4000000,23.8474860),(62.6600860,-52.4000000,23.7458860),(62.7325818,-52.4000000,23.7813401),(66.7156193,-52.4000000,25.6254860),(66.7177360,-52.4000000,25.5768026),(66.7416642,-52.4000000,25.4847111),(66.7156193,-52.4000000,25.6254860),(66.7416642,-52.4000000,25.4847111),(66.7695282,-52.4000000,25.3984073),(66.7156193,-52.4000000,25.6254860),(66.7695282,-52.4000000,25.3984073),(66.8013278,-52.4000000,25.3178913),(66.7156193,-52.4000000,25.6254860),(66.8013278,-52.4000000,25.3178913),(66.8370630,-52.4000000,25.2431630),(66.7156193,-52.4000000,25.6254860),(66.8370630,-52.4000000,25.2431630),(66.8767340,-52.4000000,25.1742226),(66.7156193,-52.4000000,25.6254860),(66.8767340,-52.4000000,25.1742226),(66.9203407,-52.4000000,25.1110698),(66.7156193,-52.4000000,25.6254860),(66.9203407,-52.4000000,25.1110698),(67.0193610,-52.4000000,25.0021276),(66.7156193,-52.4000000,25.6254860),(67.0193610,-52.4000000,25.0021276),(67.1003400,-52.4000000,24.9326745),(66.7156193,-52.4000000,25.6254860),(67.1003400,-52.4000000,24.9326745),(67.1834688,-52.4000000,24.8724818),(66.7156193,-52.4000000,25.6254860),(67.1834688,-52.4000000,24.8724818),(67.2687473,-52.4000000,24.8215495),(66.7156193,-52.4000000,25.6254860),(67.2687473,-52.4000000,24.8215495),(67.3561755,-52.4000000,24.7798776),(66.7156193,-52.4000000,25.6254860),(67.3561755,-52.4000000,24.7798776),(67.4457535,-52.4000000,24.7474662),(66.7156193,-52.4000000,25.6254860),(67.4457535,-52.4000000,24.7474662),(67.5374813,-52.4000000,24.7243151),(66.7156193,-52.4000000,25.6254860),(67.5374813,-52.4000000,24.7243151),(67.6313588,-52.4000000,24.7104245),(66.7156193,-52.4000000,25.6254860),(67.6313588,-52.4000000,24.7104245),(67.7273860,-52.4000000,24.7057943),(66.7156193,-52.4000000,25.6254860),(67.7273860,-52.4000000,24.7057943),(67.8226360,-52.4000000,24.7105072),(66.7156193,-52.4000000,25.6254860),(67.8226360,-52.4000000,24.7105072),(67.9152401,-52.4000000,24.7246459),(66.7156193,-52.4000000,25.6254860),(67.9152401,-52.4000000,24.7246459),(68.0051985,-52.4000000,24.7482103),(66.7156193,-52.4000000,25.6254860),(68.0051985,-52.4000000,24.7482103),(68.0925110,-52.4000000,24.7812005),(68.0925110,-52.4000000,24.7812005),(68.1771776,-52.4000000,24.8236166),(68.2591985,-52.4000000,24.8754584),(68.0925110,-52.4000000,24.7812005),(68.2591985,-52.4000000,24.8754584),(68.3385735,-52.4000000,24.9367259),(68.0925110,-52.4000000,24.7812005),(68.3385735,-52.4000000,24.9367259),(68.4153026,-52.4000000,25.0074193),(68.0925110,-52.4000000,24.7812005),(68.4153026,-52.4000000,25.0074193),(68.4954218,-52.4000000,25.0956578),(68.0925110,-52.4000000,24.7812005),(68.4954218,-52.4000000,25.0956578),(68.5648584,-52.4000000,25.1905110),(68.0925110,-52.4000000,24.7812005),(68.5648584,-52.4000000,25.1905110),(68.6236124,-52.4000000,25.2919787),(68.0925110,-52.4000000,24.7812005),(68.6236124,-52.4000000,25.2919787),(68.6716839,-52.4000000,25.4000610),(68.0925110,-52.4000000,24.7812005),(68.6716839,-52.4000000,25.4000610),(68.7090728,-52.4000000,25.5147578),(68.0925110,-52.4000000,24.7812005),(68.7090728,-52.4000000,25.5147578),(68.7357792,-52.4000000,25.6360693),(68.0925110,-52.4000000,24.7812005),(68.7357792,-52.4000000,25.6360693),(68.7518030,-52.4000000,25.7639953),(68.0925110,-52.4000000,24.7812005),(68.7518030,-52.4000000,25.7639953),(68.7571443,-52.4000000,25.8985360),(68.0925110,-52.4000000,24.7812005),(68.7571443,-52.4000000,25.8985360),(68.7558545,-52.4000000,26.0018185),(68.0925110,-52.4000000,24.7812005),(68.7558545,-52.4000000,26.0018185),(68.7519849,-52.4000000,26.1010580),(68.0925110,-52.4000000,24.7812005),(68.7519849,-52.4000000,26.1010580),(68.7455357,-52.4000000,26.1962542),(68.0925110,-52.4000000,24.7812005),(68.7455357,-52.4000000,26.1962542),(68.7365068,-52.4000000,26.2874073),(68.0925110,-52.4000000,24.7812005),(68.7365068,-52.4000000,26.2874073),(68.7248982,-52.4000000,26.3745172),(68.0925110,-52.4000000,24.7812005),(68.7248982,-52.4000000,26.3745172),(68.7107099,-52.4000000,26.4575840),(68.0925110,-52.4000000,24.7812005),(68.7107099,-52.4000000,26.4575840),(68.6939420,-52.4000000,26.5366076),(68.0925110,-52.4000000,24.7812005),(68.6939420,-52.4000000,26.5366076),(68.6745943,-52.4000000,26.6115880),(68.0925110,-52.4000000,24.7812005),(68.6745943,-52.4000000,26.6115880),(68.6281599,-52.4000000,26.7494194),(68.6281599,-52.4000000,26.7494194),(68.5714068,-52.4000000,26.8710782),(68.5043349,-52.4000000,26.9765642),(68.6281599,-52.4000000,26.7494194),(68.5043349,-52.4000000,26.9765642),(68.4269443,-52.4000000,27.0658776),(68.6281599,-52.4000000,26.7494194),(68.4269443,-52.4000000,27.0658776),(68.3474535,-52.4000000,27.1353308),(68.6281599,-52.4000000,26.7494194),(68.3474535,-52.4000000,27.1353308),(68.2656146,-52.4000000,27.1955235),(68.6281599,-52.4000000,26.7494194),(68.2656146,-52.4000000,27.1955235),(68.1814275,-52.4000000,27.2464558),(68.6281599,-52.4000000,26.7494194),(68.1814275,-52.4000000,27.2464558),(68.0948922,-52.4000000,27.2881276),(68.6281599,-52.4000000,26.7494194),(68.0948922,-52.4000000,27.2881276),(68.0060088,-52.4000000,27.3205391),(68.6281599,-52.4000000,26.7494194),(68.0060088,-52.4000000,27.3205391),(67.9147771,-52.4000000,27.3436901),(68.6281599,-52.4000000,26.7494194),(67.9147771,-52.4000000,27.3436901),(67.8211973,-52.4000000,27.3575808),(68.6281599,-52.4000000,26.7494194),(67.8211973,-52.4000000,27.3575808),(67.7252693,-52.4000000,27.3622110),(68.6281599,-52.4000000,26.7494194),(67.7252693,-52.4000000,27.3622110),(67.6399577,-52.4000000,27.3589533),(68.6281599,-52.4000000,26.7494194),(67.6399577,-52.4000000,27.3589533),(67.5575896,-52.4000000,27.3491802),(68.6281599,-52.4000000,26.7494194),(67.5575896,-52.4000000,27.3491802),(67.4781650,-52.4000000,27.3328918),(68.6281599,-52.4000000,26.7494194),(67.4781650,-52.4000000,27.3328918),(67.4016839,-52.4000000,27.3100880),(68.6281599,-52.4000000,26.7494194),(67.4016839,-52.4000000,27.3100880),(67.2575521,-52.4000000,27.2449344),(68.6281599,-52.4000000,26.7494194),(67.2575521,-52.4000000,27.2449344),(67.1251943,-52.4000000,27.1537193),(67.1675276,-52.4000000,28.3316443),(68.4428193,-52.4000000,28.3316443),(68.5243110,-52.4000000,28.3475193),(67.1675276,-52.4000000,28.3316443),(68.5243110,-52.4000000,28.3475193),(68.5931026,-52.4000000,28.3951443),(67.1675276,-52.4000000,28.3316443),(68.5931026,-52.4000000,28.3951443),(68.6399339,-52.4000000,28.4644651),(67.1675276,-52.4000000,28.3316443),(68.6399339,-52.4000000,28.4644651),(68.6555443,-52.4000000,28.5454276),(67.1675276,-52.4000000,28.3316443),(68.6555443,-52.4000000,28.5454276),(68.6399339,-52.4000000,28.6261255),(67.1675276,-52.4000000,28.3316443),(68.6399339,-52.4000000,28.6261255),(68.5931026,-52.4000000,28.6946526),(67.1675276,-52.4000000,28.3316443),(68.5931026,-52.4000000,28.6946526),(68.5243110,-52.4000000,28.7422776),(67.1675276,-52.4000000,28.3316443),(68.5243110,-52.4000000,28.7422776),(68.4428193,-52.4000000,28.7581526),(67.1675276,-52.4000000,28.3316443),(68.4428193,-52.4000000,28.7581526),(66.9706776,-52.4000000,28.7581526),(67.1251943,-52.4000000,27.1537193),(67.1675276,-52.4000000,28.3316443),(66.9706776,-52.4000000,28.7581526),(67.1251943,-52.4000000,27.1537193),(66.9706776,-52.4000000,28.7581526),(66.8902443,-52.4000000,28.7441297),(67.1251943,-52.4000000,27.1537193),(66.8902443,-52.4000000,28.7441297),(66.8203943,-52.4000000,28.7020610),(67.1251943,-52.4000000,27.1537193),(66.8203943,-52.4000000,28.7020610),(66.7727693,-52.4000000,28.6369735),(67.1251943,-52.4000000,27.1537193),(66.7727693,-52.4000000,28.6369735),(66.7568943,-52.4000000,28.5581276),(67.1251943,-52.4000000,27.1537193),(66.7568943,-52.4000000,28.5581276),(66.6764610,-52.4000000,26.4933193),(67.1251943,-52.4000000,27.1537193),(66.6764610,-52.4000000,26.4933193),(66.6896901,-52.4000000,26.4139443),(67.1251943,-52.4000000,27.1537193),(66.6896901,-52.4000000,26.4139443),(66.7293776,-52.4000000,26.3430360),(67.1251943,-52.4000000,27.1537193),(66.7293776,-52.4000000,26.3430360),(66.7944651,-52.4000000,26.2890610),(67.1251943,-52.4000000,27.1537193),(66.7944651,-52.4000000,26.2890610),(66.8775443,-52.4000000,26.2710693),(67.1251943,-52.4000000,27.1537193),(66.8775443,-52.4000000,26.2710693),(66.9587714,-52.4000000,26.2845630),(67.1251943,-52.4000000,27.1537193),(66.9587714,-52.4000000,26.2845630),(67.0310026,-52.4000000,26.3250443),(67.1251943,-52.4000000,27.1537193),(67.0310026,-52.4000000,26.3250443),(67.0934443,-52.4000000,26.4266443),(67.1251943,-52.4000000,27.1537193),(67.0934443,-52.4000000,26.4266443),(67.1274433,-52.4000000,26.5117740),(67.1251943,-52.4000000,27.1537193),(67.1274433,-52.4000000,26.5117740),(67.1765235,-52.4000000,26.5957130),(67.1251943,-52.4000000,27.1537193),(67.1765235,-52.4000000,26.5957130),(67.2406849,-52.4000000,26.6784615),(67.1251943,-52.4000000,27.1537193),(67.2406849,-52.4000000,26.6784615),(67.3199276,-52.4000000,26.7600193),(67.1251943,-52.4000000,27.1537193),(67.3199276,-52.4000000,26.7600193),(67.4155084,-52.4000000,26.8378068),(67.1251943,-52.4000000,27.1537193),(67.4155084,-52.4000000,26.8378068),(67.5149255,-52.4000000,26.8933693),(67.1251943,-52.4000000,27.1537193),(67.5149255,-52.4000000,26.8933693),(67.6181792,-52.4000000,26.9267068),(67.1251943,-52.4000000,27.1537193),(67.6181792,-52.4000000,26.9267068),(67.7252693,-52.4000000,26.9378193),(67.1251943,-52.4000000,27.1537193),(67.7252693,-52.4000000,26.9378193),(67.8317641,-52.4000000,26.9267068),(68.6281599,-52.4000000,26.7494194),(67.1251943,-52.4000000,27.1537193),(67.8317641,-52.4000000,26.9267068),(68.6281599,-52.4000000,26.7494194),(67.8317641,-52.4000000,26.9267068),(67.9342901,-52.4000000,26.8933693),(68.6281599,-52.4000000,26.7494194),(67.9342901,-52.4000000,26.8933693),(68.0328474,-52.4000000,26.8378068),(68.6281599,-52.4000000,26.7494194),(68.0328474,-52.4000000,26.8378068),(68.1274360,-52.4000000,26.7600193),(68.6281599,-52.4000000,26.7494194),(68.1274360,-52.4000000,26.7600193),(68.2177250,-52.4000000,26.6314318),(68.6281599,-52.4000000,26.7494194),(68.2177250,-52.4000000,26.6314318),(68.2531957,-52.4000000,26.5453099),(68.6281599,-52.4000000,26.7494194),(68.2531957,-52.4000000,26.5453099),(68.2822172,-52.4000000,26.4446360),(68.6281599,-52.4000000,26.7494194),(68.2822172,-52.4000000,26.4446360),(68.3047895,-52.4000000,26.3294099),(68.6281599,-52.4000000,26.7494194),(68.3047895,-52.4000000,26.3294099),(68.3209125,-52.4000000,26.1996318),(68.6281599,-52.4000000,26.7494194),(68.3209125,-52.4000000,26.1996318),(68.3305864,-52.4000000,26.0553016),(68.6281599,-52.4000000,26.7494194),(68.3305864,-52.4000000,26.0553016),(68.3338110,-52.4000000,25.8964193),(68.6281599,-52.4000000,26.7494194),(68.3338110,-52.4000000,25.8964193),(68.3303714,-52.4000000,25.8049727),(68.6281599,-52.4000000,26.7494194),(68.3303714,-52.4000000,25.8049727),(68.3200526,-52.4000000,25.7184870),(68.6281599,-52.4000000,26.7494194),(68.3200526,-52.4000000,25.7184870),(68.3028547,-52.4000000,25.6369623),(68.0925110,-52.4000000,24.7812005),(68.6281599,-52.4000000,26.7494194),(68.3028547,-52.4000000,25.6369623),(68.0925110,-52.4000000,24.7812005),(68.3028547,-52.4000000,25.6369623),(68.2787776,-52.4000000,25.5603985),(68.0925110,-52.4000000,24.7812005),(68.2787776,-52.4000000,25.5603985),(68.2099860,-52.4000000,25.4221537),(68.0925110,-52.4000000,24.7812005),(68.2099860,-52.4000000,25.4221537),(68.1136776,-52.4000000,25.3037526),(68.0925110,-52.4000000,24.7812005),(68.1136776,-52.4000000,25.3037526),(68.0223964,-52.4000000,25.2278172),(68.0925110,-52.4000000,24.7812005),(68.0223964,-52.4000000,25.2278172),(67.9263526,-52.4000000,25.1735776),(68.0925110,-52.4000000,24.7812005),(67.9263526,-52.4000000,25.1735776),(67.8255464,-52.4000000,25.1410339),(68.0925110,-52.4000000,24.7812005),(67.8255464,-52.4000000,25.1410339),(67.7199776,-52.4000000,25.1301860),(68.0925110,-52.4000000,24.7812005),(67.7199776,-52.4000000,25.1301860),(67.6173854,-52.4000000,25.1414308),(68.0925110,-52.4000000,24.7812005),(67.6173854,-52.4000000,25.1414308),(67.5149255,-52.4000000,25.1751651),(68.0925110,-52.4000000,24.7812005),(67.5149255,-52.4000000,25.1751651),(67.4125979,-52.4000000,25.2313891),(66.7156193,-52.4000000,25.6254860),(68.0925110,-52.4000000,24.7812005),(67.4125979,-52.4000000,25.2313891),(66.7156193,-52.4000000,25.6254860),(67.4125979,-52.4000000,25.2313891),(67.3104026,-52.4000000,25.3101026),(66.7156193,-52.4000000,25.6254860),(67.3104026,-52.4000000,25.3101026),(67.2082735,-52.4000000,25.4529776),(66.7156193,-52.4000000,25.6254860),(67.2082735,-52.4000000,25.4529776),(67.1687183,-52.4000000,25.5529901),(66.7156193,-52.4000000,25.6254860),(67.1687183,-52.4000000,25.5529901),(67.1368360,-52.4000000,25.6720526),(66.7156193,-52.4000000,25.6254860),(67.1368360,-52.4000000,25.6720526),(67.0927828,-52.4000000,25.7447469),(66.7156193,-52.4000000,25.6254860),(67.0927828,-52.4000000,25.7447469),(67.0442318,-52.4000000,25.7966714),(66.7156193,-52.4000000,25.6254860),(67.0442318,-52.4000000,25.7966714),(66.9336360,-52.4000000,25.8382110),(66.7156193,-52.4000000,25.6254860),(66.9336360,-52.4000000,25.8382110),(66.9262276,-52.4000000,25.8382110),(66.7156193,-52.4000000,25.6254860),(66.9262276,-52.4000000,25.8382110),(66.8523427,-52.4000000,25.8225344),(66.7156193,-52.4000000,25.6254860),(66.8523427,-52.4000000,25.8225344),(66.7926130,-52.4000000,25.7818547),(70.9002693,-52.4000000,25.1301860),(72.0718443,-52.4000000,26.7208610),(72.1363365,-52.4000000,26.8146061),(70.9002693,-52.4000000,25.1301860),(72.1363365,-52.4000000,26.8146061),(72.1922297,-52.4000000,26.9122209),(70.9002693,-52.4000000,25.1301860),(72.1922297,-52.4000000,26.9122209),(72.2395240,-52.4000000,27.0137051),(70.9002693,-52.4000000,25.1301860),(72.2395240,-52.4000000,27.0137051),(72.2782193,-52.4000000,27.1190589),(70.9002693,-52.4000000,25.1301860),(72.2782193,-52.4000000,27.1190589),(72.3083157,-52.4000000,27.2282822),(70.9002693,-52.4000000,25.1301860),(72.3083157,-52.4000000,27.2282822),(72.3298130,-52.4000000,27.3413750),(70.9002693,-52.4000000,25.1301860),(72.3298130,-52.4000000,27.3413750),(72.3427115,-52.4000000,27.4583374),(70.9002693,-52.4000000,25.1301860),(72.3427115,-52.4000000,27.4583374),(72.3470110,-52.4000000,27.5791693),(70.9002693,-52.4000000,25.1301860),(72.3470110,-52.4000000,27.5791693),(72.3418847,-52.4000000,27.7041353),(70.9002693,-52.4000000,25.1301860),(72.3418847,-52.4000000,27.7041353),(72.3265058,-52.4000000,27.8245042),(70.9002693,-52.4000000,25.1301860),(72.3265058,-52.4000000,27.8245042),(72.3008742,-52.4000000,27.9402759),(70.9002693,-52.4000000,25.1301860),(72.3008742,-52.4000000,27.9402759),(72.2649901,-52.4000000,28.0514505),(72.2649901,-52.4000000,28.0514505),(72.2188534,-52.4000000,28.1580280),(72.1624641,-52.4000000,28.2600084),(72.2649901,-52.4000000,28.0514505),(72.1624641,-52.4000000,28.2600084),(72.0958222,-52.4000000,28.3573916),(72.2649901,-52.4000000,28.0514505),(72.0958222,-52.4000000,28.3573916),(72.0189276,-52.4000000,28.4501776),(72.2649901,-52.4000000,28.0514505),(72.0189276,-52.4000000,28.4501776),(71.9460349,-52.4000000,28.5233515),(72.2649901,-52.4000000,28.0514505),(71.9460349,-52.4000000,28.5233515),(71.8686443,-52.4000000,28.5867688),(72.2649901,-52.4000000,28.0514505),(71.8686443,-52.4000000,28.5867688),(71.7867558,-52.4000000,28.6404296),(72.2649901,-52.4000000,28.0514505),(71.7867558,-52.4000000,28.6404296),(71.7003693,-52.4000000,28.6843339),(72.2649901,-52.4000000,28.0514505),(71.7003693,-52.4000000,28.6843339),(71.6094849,-52.4000000,28.7184817),(72.2649901,-52.4000000,28.0514505),(71.6094849,-52.4000000,28.7184817),(71.5141026,-52.4000000,28.7428729),(72.2649901,-52.4000000,28.0514505),(71.5141026,-52.4000000,28.7428729),(71.4142224,-52.4000000,28.7575077),(72.2649901,-52.4000000,28.0514505),(71.4142224,-52.4000000,28.7575077),(71.3098443,-52.4000000,28.7623860),(72.2649901,-52.4000000,28.0514505),(71.3098443,-52.4000000,28.7623860),(71.2113366,-52.4000000,28.7576069),(72.2649901,-52.4000000,28.0514505),(71.2113366,-52.4000000,28.7576069),(71.1158386,-52.4000000,28.7432698),(72.2649901,-52.4000000,28.0514505),(71.1158386,-52.4000000,28.7432698),(71.0233502,-52.4000000,28.7193746),(72.2649901,-52.4000000,28.0514505),(71.0233502,-52.4000000,28.7193746),(70.9338714,-52.4000000,28.6859214),(72.2649901,-52.4000000,28.0514505),(70.9338714,-52.4000000,28.6859214),(70.8474022,-52.4000000,28.6429101),(72.2649901,-52.4000000,28.0514505),(70.8474022,-52.4000000,28.6429101),(70.7639427,-52.4000000,28.5903407),(70.7639427,-52.4000000,28.5903407),(70.6834929,-52.4000000,28.5282132),(70.6060526,-52.4000000,28.4565276),(70.7639427,-52.4000000,28.5903407),(70.6060526,-52.4000000,28.4565276),(70.5269257,-52.4000000,28.3700089),(70.7639427,-52.4000000,28.5903407),(70.5269257,-52.4000000,28.3700089),(70.4583490,-52.4000000,28.2771401),(70.7639427,-52.4000000,28.5903407),(70.4583490,-52.4000000,28.2771401),(70.4003226,-52.4000000,28.1779214),(70.7639427,-52.4000000,28.5903407),(70.4003226,-52.4000000,28.1779214),(70.3528464,-52.4000000,28.0723526),(70.7639427,-52.4000000,28.5903407),(70.3528464,-52.4000000,28.0723526),(70.3159205,-52.4000000,27.9604339),(70.7639427,-52.4000000,28.5903407),(70.3159205,-52.4000000,27.9604339),(70.2895448,-52.4000000,27.8421651),(70.7639427,-52.4000000,28.5903407),(70.2895448,-52.4000000,27.8421651),(70.2737194,-52.4000000,27.7175464),(70.7639427,-52.4000000,28.5903407),(70.2737194,-52.4000000,27.7175464),(70.2684443,-52.4000000,27.5865776),(70.7639427,-52.4000000,28.5903407),(70.2684443,-52.4000000,27.5865776),(70.2684443,-52.4000000,27.5812860),(70.7639427,-52.4000000,28.5903407),(70.2684443,-52.4000000,27.5812860),(70.2840547,-52.4000000,27.4997943),(70.7639427,-52.4000000,28.5903407),(70.2840547,-52.4000000,27.4997943),(70.3308860,-52.4000000,27.4310026),(70.7639427,-52.4000000,28.5903407),(70.3308860,-52.4000000,27.4310026),(70.3996776,-52.4000000,27.3841714),(70.7639427,-52.4000000,28.5903407),(70.3996776,-52.4000000,27.3841714),(70.4811693,-52.4000000,27.3685610),(70.7639427,-52.4000000,28.5903407),(70.4811693,-52.4000000,27.3685610),(70.5626610,-52.4000000,27.3841714),(70.7639427,-52.4000000,28.5903407),(70.5626610,-52.4000000,27.3841714),(70.6314526,-52.4000000,27.4310026),(70.7639427,-52.4000000,28.5903407),(70.6314526,-52.4000000,27.4310026),(70.6790776,-52.4000000,27.4997943),(70.6790776,-52.4000000,27.4997943),(70.6949526,-52.4000000,27.5812860),(70.6949526,-52.4000000,27.5865776),(70.6790776,-52.4000000,27.4997943),(70.6949526,-52.4000000,27.5865776),(70.6982765,-52.4000000,27.6734933),(70.7639427,-52.4000000,28.5903407),(70.6790776,-52.4000000,27.4997943),(70.6982765,-52.4000000,27.6734933),(70.7639427,-52.4000000,28.5903407),(70.6982765,-52.4000000,27.6734933),(70.7082479,-52.4000000,27.7559110),(70.7639427,-52.4000000,28.5903407),(70.7082479,-52.4000000,27.7559110),(70.7248671,-52.4000000,27.8338308),(70.7639427,-52.4000000,28.5903407),(70.7248671,-52.4000000,27.8338308),(70.7481339,-52.4000000,27.9072526),(70.7639427,-52.4000000,28.5903407),(70.7481339,-52.4000000,27.9072526),(70.8146104,-52.4000000,28.0406026),(70.7639427,-52.4000000,28.5903407),(70.8146104,-52.4000000,28.0406026),(70.9076776,-52.4000000,28.1559610),(70.7639427,-52.4000000,28.5903407),(70.9076776,-52.4000000,28.1559610),(70.9985620,-52.4000000,28.2346745),(70.7639427,-52.4000000,28.5903407),(70.9985620,-52.4000000,28.2346745),(71.0955318,-52.4000000,28.2908985),(70.7639427,-52.4000000,28.5903407),(71.0955318,-52.4000000,28.2908985),(71.1985870,-52.4000000,28.3246328),(70.7639427,-52.4000000,28.5903407),(71.1985870,-52.4000000,28.3246328),(71.3077276,-52.4000000,28.3358776),(70.7639427,-52.4000000,28.5903407),(71.3077276,-52.4000000,28.3358776),(71.4209693,-52.4000000,28.3250297),(70.7639427,-52.4000000,28.5903407),(71.4209693,-52.4000000,28.3250297),(71.5246860,-52.4000000,28.2924860),(72.2649901,-52.4000000,28.0514505),(70.7639427,-52.4000000,28.5903407),(71.5246860,-52.4000000,28.2924860),(72.2649901,-52.4000000,28.0514505),(71.5246860,-52.4000000,28.2924860),(71.6188776,-52.4000000,28.2382464),(72.2649901,-52.4000000,28.0514505),(71.6188776,-52.4000000,28.2382464),(71.7035443,-52.4000000,28.1623110),(72.2649901,-52.4000000,28.0514505),(71.7035443,-52.4000000,28.1623110),(71.7551380,-52.4000000,28.1011426),(72.2649901,-52.4000000,28.0514505),(71.7551380,-52.4000000,28.1011426),(71.7998526,-52.4000000,28.0367000),(72.2649901,-52.4000000,28.0514505),(71.7998526,-52.4000000,28.0367000),(71.8686443,-52.4000000,27.8979922),(72.2649901,-52.4000000,28.0514505),(71.8686443,-52.4000000,27.8979922),(71.9099193,-52.4000000,27.7461875),(72.2649901,-52.4000000,28.0514505),(71.9099193,-52.4000000,27.7461875),(71.9202380,-52.4000000,27.6653739),(72.2649901,-52.4000000,28.0514505),(71.9202380,-52.4000000,27.6653739),(71.9236776,-52.4000000,27.5812860),(72.2649901,-52.4000000,28.0514505),(71.9236776,-52.4000000,27.5812860),(71.9207507,-52.4000000,27.4945688),(72.2649901,-52.4000000,28.0514505),(71.9207507,-52.4000000,27.4945688),(71.9119698,-52.4000000,27.4111589),(72.2649901,-52.4000000,28.0514505),(71.9119698,-52.4000000,27.4111589),(71.8973351,-52.4000000,27.3310563),(72.2649901,-52.4000000,28.0514505),(71.8973351,-52.4000000,27.3310563),(71.8768464,-52.4000000,27.2542610),(72.2649901,-52.4000000,28.0514505),(71.8768464,-52.4000000,27.2542610),(71.8183073,-52.4000000,27.1105922),(70.9002693,-52.4000000,25.1301860),(72.2649901,-52.4000000,28.0514505),(71.8183073,-52.4000000,27.1105922),(70.9002693,-52.4000000,25.1301860),(71.8183073,-52.4000000,27.1105922),(71.7363526,-52.4000000,26.9801526),(70.9002693,-52.4000000,25.1301860),(71.7363526,-52.4000000,26.9801526),(70.3128943,-52.4000000,25.0465776),(72.1364026,-52.4000000,25.1301860),(70.9002693,-52.4000000,25.1301860),(70.3128943,-52.4000000,25.0465776),(72.1364026,-52.4000000,25.1301860),(70.3128943,-52.4000000,25.0465776),(70.2663276,-52.4000000,24.9216943),(72.1364026,-52.4000000,25.1301860),(70.2663276,-52.4000000,24.9216943),(70.2684443,-52.4000000,24.8867693),(72.1364026,-52.4000000,25.1301860),(70.2684443,-52.4000000,24.8867693),(70.2949026,-52.4000000,24.8081880),(72.1364026,-52.4000000,25.1301860),(70.2949026,-52.4000000,24.8081880),(70.3467610,-52.4000000,24.7523610),(72.1364026,-52.4000000,25.1301860),(70.3467610,-52.4000000,24.7523610),(70.4152880,-52.4000000,24.7174360),(72.1364026,-52.4000000,25.1301860),(70.4152880,-52.4000000,24.7174360),(70.4811693,-52.4000000,24.7057943),(72.1364026,-52.4000000,25.1301860),(70.4811693,-52.4000000,24.7057943),(72.1364026,-52.4000000,24.7057943),(72.1364026,-52.4000000,25.1301860),(72.1364026,-52.4000000,24.7057943),(72.2197464,-52.4000000,24.7208755),(72.1364026,-52.4000000,25.1301860),(72.2197464,-52.4000000,24.7208755),(72.2877443,-52.4000000,24.7661193),(72.1364026,-52.4000000,25.1301860),(72.2877443,-52.4000000,24.7661193),(72.3321943,-52.4000000,24.8341172),(72.1364026,-52.4000000,25.1301860),(72.3321943,-52.4000000,24.8341172),(72.3470110,-52.4000000,24.9174610),(72.1364026,-52.4000000,25.1301860),(72.3470110,-52.4000000,24.9174610),(72.3321943,-52.4000000,25.0015985),(72.1364026,-52.4000000,25.1301860),(72.3321943,-52.4000000,25.0015985),(72.2877443,-52.4000000,25.0698610),(72.1364026,-52.4000000,25.1301860),(72.2877443,-52.4000000,25.0698610),(72.2218630,-52.4000000,25.1151047),(69.2154026,-52.4000000,24.7362214),(69.2884276,-52.4000000,24.6295943),(69.3950547,-52.4000000,24.5565693),(69.2154026,-52.4000000,24.7362214),(69.3950547,-52.4000000,24.5565693),(69.5202026,-52.4000000,24.5322276),(69.2154026,-52.4000000,24.7362214),(69.5202026,-52.4000000,24.5322276),(69.6450860,-52.4000000,24.5565693),(69.2154026,-52.4000000,24.7362214),(69.6450860,-52.4000000,24.5565693),(69.7509193,-52.4000000,24.6295943),(69.2154026,-52.4000000,24.7362214),(69.7509193,-52.4000000,24.6295943),(69.8239443,-52.4000000,24.7362214),(69.2154026,-52.4000000,24.7362214),(69.8239443,-52.4000000,24.7362214),(69.8482860,-52.4000000,24.8613693),(69.2154026,-52.4000000,24.7362214),(69.8482860,-52.4000000,24.8613693),(69.8239443,-52.4000000,24.9865172),(69.2154026,-52.4000000,24.7362214),(69.8239443,-52.4000000,24.9865172),(69.7509193,-52.4000000,25.0931443),(69.2154026,-52.4000000,24.7362214),(69.7509193,-52.4000000,25.0931443),(69.6450860,-52.4000000,25.1661693),(69.2154026,-52.4000000,24.7362214),(69.6450860,-52.4000000,25.1661693),(69.5202026,-52.4000000,25.1905110),(69.2154026,-52.4000000,24.7362214),(69.5202026,-52.4000000,25.1905110),(69.3950547,-52.4000000,25.1661693),(69.2154026,-52.4000000,24.7362214),(69.3950547,-52.4000000,25.1661693),(69.2884276,-52.4000000,25.0931443),(69.2154026,-52.4000000,24.7362214),(69.2884276,-52.4000000,25.0931443),(69.2154026,-52.4000000,24.9865172),(69.2154026,-52.4000000,24.7362214),(69.2154026,-52.4000000,24.9865172),(69.1910610,-52.4000000,24.8613693),(76.0799360,-52.4000000,24.7560651),(76.1794193,-52.4000000,24.6470568),(76.2926610,-52.4000000,24.6195401),(76.0799360,-52.4000000,24.7560651),(76.2926610,-52.4000000,24.6195401),(76.3937318,-52.4000000,24.6449401),(76.0799360,-52.4000000,24.7560651),(76.3937318,-52.4000000,24.6449401),(76.4704610,-52.4000000,24.7211401),(76.0799360,-52.4000000,24.7560651),(76.4704610,-52.4000000,24.7211401),(76.4778693,-52.4000000,24.7274901),(76.0799360,-52.4000000,24.7560651),(76.4778693,-52.4000000,24.7274901),(77.7235276,-52.4000000,26.8949568),(76.0799360,-52.4000000,24.7560651),(77.7235276,-52.4000000,26.8949568),(77.7510443,-52.4000000,27.0018485),(76.0799360,-52.4000000,24.7560651),(77.7510443,-52.4000000,27.0018485),(77.7232630,-52.4000000,27.1111214),(76.0799360,-52.4000000,24.7560651),(77.7232630,-52.4000000,27.1111214),(77.6399193,-52.4000000,27.1891735),(76.0799360,-52.4000000,24.7560651),(77.6399193,-52.4000000,27.1891735),(77.5330276,-52.4000000,27.2188068),(76.0799360,-52.4000000,24.7560651),(77.5330276,-52.4000000,27.2188068),(77.4242839,-52.4000000,27.1910255),(76.0799360,-52.4000000,24.7560651),(77.4242839,-52.4000000,27.1910255),(77.3478193,-52.4000000,27.1076818),(76.0799360,-52.4000000,24.7560651),(77.3478193,-52.4000000,27.1076818),(76.5053860,-52.4000000,25.6418901),(76.0799360,-52.4000000,24.7560651),(76.5053860,-52.4000000,25.6418901),(76.5053860,-52.4000000,28.2496235),(76.5053860,-52.4000000,28.2496235),(78.0918276,-52.4000000,28.2496235),(78.1767589,-52.4000000,28.2654985),(76.5053860,-52.4000000,28.2496235),(78.1767589,-52.4000000,28.2654985),(78.2474026,-52.4000000,28.3131235),(76.5053860,-52.4000000,28.2496235),(78.2474026,-52.4000000,28.3131235),(78.2950276,-52.4000000,28.3827089),(76.5053860,-52.4000000,28.2496235),(78.2950276,-52.4000000,28.3827089),(78.3109026,-52.4000000,28.4644651),(76.5053860,-52.4000000,28.2496235),(78.3109026,-52.4000000,28.4644651),(78.2950276,-52.4000000,28.5464860),(76.5053860,-52.4000000,28.2496235),(78.2950276,-52.4000000,28.5464860),(78.2474026,-52.4000000,28.6168651),(76.5053860,-52.4000000,28.2496235),(78.2474026,-52.4000000,28.6168651),(78.1767589,-52.4000000,28.6660776),(76.5053860,-52.4000000,28.2496235),(78.1767589,-52.4000000,28.6660776),(78.0918276,-52.4000000,28.6824818),(76.5053860,-52.4000000,28.2496235),(78.0918276,-52.4000000,28.6824818),(76.2852526,-52.4000000,28.6824818),(76.0799360,-52.4000000,24.7560651),(76.5053860,-52.4000000,28.2496235),(76.2852526,-52.4000000,28.6824818),(76.2852526,-52.4000000,28.6824818),(74.4797360,-52.4000000,28.6824818),(74.3969214,-52.4000000,28.6660776),(76.2852526,-52.4000000,28.6824818),(74.3969214,-52.4000000,28.6660776),(74.3283943,-52.4000000,28.6168651),(76.2852526,-52.4000000,28.6824818),(74.3283943,-52.4000000,28.6168651),(74.2823568,-52.4000000,28.5464860),(76.2852526,-52.4000000,28.6824818),(74.2823568,-52.4000000,28.5464860),(74.2670110,-52.4000000,28.4644651),(76.2852526,-52.4000000,28.6824818),(74.2670110,-52.4000000,28.4644651),(74.2823568,-52.4000000,28.3827089),(76.2852526,-52.4000000,28.6824818),(74.2823568,-52.4000000,28.3827089),(74.3283943,-52.4000000,28.3131235),(76.2852526,-52.4000000,28.6824818),(74.3283943,-52.4000000,28.3131235),(74.3969214,-52.4000000,28.2654985),(76.2852526,-52.4000000,28.6824818),(74.3969214,-52.4000000,28.2654985),(74.4797360,-52.4000000,28.2496235),(76.2852526,-52.4000000,28.6824818),(74.4797360,-52.4000000,28.2496235),(76.0725276,-52.4000000,28.2496235),(76.0799360,-52.4000000,24.7560651),(76.2852526,-52.4000000,28.6824818),(76.0725276,-52.4000000,28.2496235),(76.0799360,-52.4000000,24.7560651),(76.0725276,-52.4000000,28.2496235),(76.0725276,-52.4000000,25.6376568),(76.0799360,-52.4000000,24.7560651),(76.0725276,-52.4000000,25.6376568),(75.2163360,-52.4000000,27.1267318),(76.0799360,-52.4000000,24.7560651),(75.2163360,-52.4000000,27.1267318),(75.1366964,-52.4000000,27.2061068),(76.0799360,-52.4000000,24.7560651),(75.1366964,-52.4000000,27.2061068),(75.0290110,-52.4000000,27.2325651),(76.0799360,-52.4000000,24.7560651),(75.0290110,-52.4000000,27.2325651),(74.9178860,-52.4000000,27.2050485),(76.0799360,-52.4000000,24.7560651),(74.9178860,-52.4000000,27.2050485),(74.8361297,-52.4000000,27.1254089),(76.0799360,-52.4000000,24.7560651),(74.8361297,-52.4000000,27.1254089),(74.8088776,-52.4000000,27.0156068),(76.0799360,-52.4000000,24.7560651),(74.8088776,-52.4000000,27.0156068),(74.8406276,-52.4000000,26.9065985),(80.9292193,-52.4000000,26.9669235),(80.9768443,-52.4000000,27.0156068),(81.0329029,-52.4000000,27.0931793),(80.9292193,-52.4000000,26.9669235),(81.0329029,-52.4000000,27.0931793),(81.0814870,-52.4000000,27.1745552),(80.9292193,-52.4000000,26.9669235),(81.0814870,-52.4000000,27.1745552),(81.1225966,-52.4000000,27.2597345),(80.9292193,-52.4000000,26.9669235),(81.1225966,-52.4000000,27.2597345),(81.1562318,-52.4000000,27.3487172),(80.9292193,-52.4000000,26.9669235),(81.1562318,-52.4000000,27.3487172),(81.1823925,-52.4000000,27.4415033),(80.9292193,-52.4000000,26.9669235),(81.1823925,-52.4000000,27.4415033),(81.2010787,-52.4000000,27.5380927),(80.9292193,-52.4000000,26.9669235),(81.2010787,-52.4000000,27.5380927),(81.2122904,-52.4000000,27.6384856),(80.9292193,-52.4000000,26.9669235),(81.2122904,-52.4000000,27.6384856),(81.2160276,-52.4000000,27.7426818),(80.9292193,-52.4000000,26.9669235),(81.2160276,-52.4000000,27.7426818),(81.2123069,-52.4000000,27.8467953),(80.9292193,-52.4000000,26.9669235),(81.2123069,-52.4000000,27.8467953),(81.2011448,-52.4000000,27.9464110),(80.9292193,-52.4000000,26.9669235),(81.2011448,-52.4000000,27.9464110),(81.1825413,-52.4000000,28.0415287),(80.9292193,-52.4000000,26.9669235),(81.1825413,-52.4000000,28.0415287),(81.1564964,-52.4000000,28.1321485),(80.9292193,-52.4000000,26.9669235),(81.1564964,-52.4000000,28.1321485),(81.1230101,-52.4000000,28.2182703),(80.9292193,-52.4000000,26.9669235),(81.1230101,-52.4000000,28.2182703),(81.0820823,-52.4000000,28.2998943),(80.9292193,-52.4000000,26.9669235),(81.0820823,-52.4000000,28.2998943),(81.0337132,-52.4000000,28.3770203),(80.9292193,-52.4000000,26.9669235),(81.0337132,-52.4000000,28.3770203),(80.9779026,-52.4000000,28.4496485),(80.9292193,-52.4000000,26.9669235),(80.9779026,-52.4000000,28.4496485),(80.9161555,-52.4000000,28.5156289),(80.9292193,-52.4000000,26.9669235),(80.9161555,-52.4000000,28.5156289),(80.8494474,-52.4000000,28.5728120),(80.9292193,-52.4000000,26.9669235),(80.8494474,-52.4000000,28.5728120),(80.7777784,-52.4000000,28.6211977),(80.9292193,-52.4000000,26.9669235),(80.7777784,-52.4000000,28.6211977),(80.7011485,-52.4000000,28.6607860),(80.7011485,-52.4000000,28.6607860),(80.6195576,-52.4000000,28.6915768),(80.5330058,-52.4000000,28.7135703),(80.7011485,-52.4000000,28.6607860),(80.5330058,-52.4000000,28.7135703),(80.4414930,-52.4000000,28.7267664),(80.7011485,-52.4000000,28.6607860),(80.4414930,-52.4000000,28.7267664),(80.3450193,-52.4000000,28.7311651),(80.7011485,-52.4000000,28.6607860),(80.3450193,-52.4000000,28.7311651),(80.2495047,-52.4000000,28.7267830),(80.7011485,-52.4000000,28.6607860),(80.2495047,-52.4000000,28.7267830),(80.1582235,-52.4000000,28.7136365),(80.7011485,-52.4000000,28.6607860),(80.1582235,-52.4000000,28.7136365),(80.0711755,-52.4000000,28.6917257),(80.7011485,-52.4000000,28.6607860),(80.0711755,-52.4000000,28.6917257),(79.9883610,-52.4000000,28.6610505),(80.7011485,-52.4000000,28.6607860),(79.9883610,-52.4000000,28.6610505),(79.9097797,-52.4000000,28.6216111),(80.7011485,-52.4000000,28.6607860),(79.9097797,-52.4000000,28.6216111),(79.8354318,-52.4000000,28.5734073),(80.7011485,-52.4000000,28.6607860),(79.8354318,-52.4000000,28.5734073),(79.7653172,-52.4000000,28.5164392),(80.7011485,-52.4000000,28.6607860),(79.7653172,-52.4000000,28.5164392),(79.6994360,-52.4000000,28.4507068),(80.7011485,-52.4000000,28.6607860),(79.6994360,-52.4000000,28.4507068),(79.6396567,-52.4000000,28.3782936),(80.7011485,-52.4000000,28.6607860),(79.6396567,-52.4000000,28.3782936),(79.5878479,-52.4000000,28.3012834),(80.7011485,-52.4000000,28.6607860),(79.5878479,-52.4000000,28.3012834),(79.5440098,-52.4000000,28.2196759),(80.7011485,-52.4000000,28.6607860),(79.5440098,-52.4000000,28.2196759),(79.5081422,-52.4000000,28.1334714),(80.7011485,-52.4000000,28.6607860),(79.5081422,-52.4000000,28.1334714),(79.4802452,-52.4000000,28.0426697),(80.7011485,-52.4000000,28.6607860),(79.4802452,-52.4000000,28.0426697),(79.4603188,-52.4000000,27.9472709),(80.7011485,-52.4000000,28.6607860),(79.4603188,-52.4000000,27.9472709),(79.4483629,-52.4000000,27.8472749),(79.4483629,-52.4000000,27.8472749),(79.4443776,-52.4000000,27.7426818),(79.4597235,-52.4000000,27.6603964),(79.4483629,-52.4000000,27.8472749),(79.4597235,-52.4000000,27.6603964),(79.5057610,-52.4000000,27.5913401),(79.4483629,-52.4000000,27.8472749),(79.5057610,-52.4000000,27.5913401),(79.5740235,-52.4000000,27.5445089),(79.4483629,-52.4000000,27.8472749),(79.5740235,-52.4000000,27.5445089),(79.6560443,-52.4000000,27.5288985),(79.4483629,-52.4000000,27.8472749),(79.6560443,-52.4000000,27.5288985),(79.7388589,-52.4000000,27.5445089),(79.4483629,-52.4000000,27.8472749),(79.7388589,-52.4000000,27.5445089),(79.8073860,-52.4000000,27.5913401),(79.4483629,-52.4000000,27.8472749),(79.8073860,-52.4000000,27.5913401),(79.8534235,-52.4000000,27.6603964),(79.4483629,-52.4000000,27.8472749),(79.8534235,-52.4000000,27.6603964),(79.8687693,-52.4000000,27.7426818),(79.4483629,-52.4000000,27.8472749),(79.8687693,-52.4000000,27.7426818),(79.8774344,-52.4000000,27.8689542),(79.4483629,-52.4000000,27.8472749),(79.8774344,-52.4000000,27.8689542),(79.9034297,-52.4000000,27.9800130),(79.4483629,-52.4000000,27.8472749),(79.9034297,-52.4000000,27.9800130),(79.9467552,-52.4000000,28.0758584),(79.4483629,-52.4000000,27.8472749),(79.9467552,-52.4000000,28.0758584),(80.0074110,-52.4000000,28.1564901),(79.4483629,-52.4000000,27.8472749),(80.0074110,-52.4000000,28.1564901),(80.0789146,-52.4000000,28.2213130),(80.7011485,-52.4000000,28.6607860),(79.4483629,-52.4000000,27.8472749),(80.0789146,-52.4000000,28.2213130),(80.7011485,-52.4000000,28.6607860),(80.0789146,-52.4000000,28.2213130),(80.1590172,-52.4000000,28.2676151),(80.7011485,-52.4000000,28.6607860),(80.1590172,-52.4000000,28.2676151),(80.2477188,-52.4000000,28.2953964),(80.7011485,-52.4000000,28.6607860),(80.2477188,-52.4000000,28.2953964),(80.3450193,-52.4000000,28.3046568),(80.7011485,-52.4000000,28.6607860),(80.3450193,-52.4000000,28.3046568),(80.4388802,-52.4000000,28.2954625),(80.7011485,-52.4000000,28.6607860),(80.4388802,-52.4000000,28.2954625),(80.5236130,-52.4000000,28.2678797),(80.7011485,-52.4000000,28.6607860),(80.5236130,-52.4000000,28.2678797),(80.5992177,-52.4000000,28.2219084),(80.7011485,-52.4000000,28.6607860),(80.5992177,-52.4000000,28.2219084),(80.6656943,-52.4000000,28.1575485),(80.7011485,-52.4000000,28.6607860),(80.6656943,-52.4000000,28.1575485),(80.7198677,-52.4000000,28.0764537),(80.7011485,-52.4000000,28.6607860),(80.7198677,-52.4000000,28.0764537),(80.7585630,-52.4000000,27.9802776),(80.7011485,-52.4000000,28.6607860),(80.7585630,-52.4000000,27.9802776),(80.7817802,-52.4000000,27.8690203),(80.9292193,-52.4000000,26.9669235),(80.7011485,-52.4000000,28.6607860),(80.7817802,-52.4000000,27.8690203),(80.9292193,-52.4000000,26.9669235),(80.7817802,-52.4000000,27.8690203),(80.7895193,-52.4000000,27.7426818),(80.9292193,-52.4000000,26.9669235),(80.7895193,-52.4000000,27.7426818),(80.7818464,-52.4000000,27.6146235),(80.9292193,-52.4000000,26.9669235),(80.7818464,-52.4000000,27.6146235),(80.7588276,-52.4000000,27.4992651),(80.9292193,-52.4000000,26.9669235),(80.7588276,-52.4000000,27.4992651),(80.7204630,-52.4000000,27.3966068),(80.9292193,-52.4000000,26.9669235),(80.7204630,-52.4000000,27.3966068),(80.6667526,-52.4000000,27.3066485),(80.9292193,-52.4000000,26.9669235),(80.6667526,-52.4000000,27.3066485),(80.6045094,-52.4000000,27.2418255),(81.0136214,-52.4000000,26.8907235),(80.9292193,-52.4000000,26.9669235),(80.6045094,-52.4000000,27.2418255),(81.0136214,-52.4000000,26.8907235),(80.6045094,-52.4000000,27.2418255),(80.5352547,-52.4000000,27.1955235),(81.0136214,-52.4000000,26.8907235),(80.5352547,-52.4000000,27.1955235),(80.4589886,-52.4000000,27.1677422),(81.0136214,-52.4000000,26.8907235),(80.4589886,-52.4000000,27.1677422),(80.3757110,-52.4000000,27.1584818),(81.0136214,-52.4000000,26.8907235),(80.3757110,-52.4000000,27.1584818),(80.3333776,-52.4000000,27.1584818),(81.0136214,-52.4000000,26.8907235),(80.3333776,-52.4000000,27.1584818),(80.2667026,-52.4000000,27.1584818),(81.0136214,-52.4000000,26.8907235),(80.2667026,-52.4000000,27.1584818),(80.1852110,-52.4000000,27.1428714),(81.0136214,-52.4000000,26.8907235),(80.1852110,-52.4000000,27.1428714),(80.1164193,-52.4000000,27.0960401),(81.0136214,-52.4000000,26.8907235),(80.1164193,-52.4000000,27.0960401),(80.0695880,-52.4000000,27.0275130),(81.0136214,-52.4000000,26.8907235),(80.0695880,-52.4000000,27.0275130),(80.0539776,-52.4000000,26.9468151),(81.0136214,-52.4000000,26.8907235),(80.0539776,-52.4000000,26.9468151),(80.0695880,-52.4000000,26.8658526),(81.0136214,-52.4000000,26.8907235),(80.0695880,-52.4000000,26.8658526),(80.1164193,-52.4000000,26.7965318),(81.0136214,-52.4000000,26.8907235),(80.1164193,-52.4000000,26.7965318),(80.1852110,-52.4000000,26.7489068),(81.0136214,-52.4000000,26.8907235),(80.1852110,-52.4000000,26.7489068),(80.2667026,-52.4000000,26.7330318),(81.0136214,-52.4000000,26.8907235),(80.2667026,-52.4000000,26.7330318),(80.3333776,-52.4000000,26.7330318),(81.0136214,-52.4000000,26.8907235),(80.3333776,-52.4000000,26.7330318),(80.4637511,-52.4000000,26.7190750),(81.0136214,-52.4000000,26.8907235),(80.4637511,-52.4000000,26.7190750),(80.5818214,-52.4000000,26.6772047),(81.0136214,-52.4000000,26.8907235),(80.5818214,-52.4000000,26.6772047),(80.6875886,-52.4000000,26.6074209),(81.0136214,-52.4000000,26.8907235),(80.6875886,-52.4000000,26.6074209),(80.7810526,-52.4000000,26.5097235),(81.0136214,-52.4000000,26.8907235),(80.7810526,-52.4000000,26.5097235),(80.8579141,-52.4000000,26.3885443),(81.0136214,-52.4000000,26.8907235),(80.8579141,-52.4000000,26.3885443),(80.9128151,-52.4000000,26.2483151),(81.0136214,-52.4000000,26.8907235),(80.9128151,-52.4000000,26.2483151),(80.9457558,-52.4000000,26.0890360),(81.0136214,-52.4000000,26.8907235),(80.9457558,-52.4000000,26.0890360),(80.9539909,-52.4000000,26.0022526),(81.0136214,-52.4000000,26.8907235),(80.9539909,-52.4000000,26.0022526),(80.9567360,-52.4000000,25.9107068),(81.0136214,-52.4000000,26.8907235),(80.9567360,-52.4000000,25.9107068),(80.9539578,-52.4000000,25.8200209),(79.7349563,-52.4000000,25.8752030),(79.7322443,-52.4000000,25.9752651),(79.7163693,-52.4000000,26.0572860),(79.7430922,-52.4000000,25.7808625),(79.7349563,-52.4000000,25.8752030),(79.7163693,-52.4000000,26.0572860),(79.7430922,-52.4000000,25.7808625),(79.7163693,-52.4000000,26.0572860),(79.6687443,-52.4000000,26.1255485),(79.7566521,-52.4000000,25.6922436),(79.7430922,-52.4000000,25.7808625),(79.6687443,-52.4000000,26.1255485),(79.7566521,-52.4000000,25.6922436),(79.6687443,-52.4000000,26.1255485),(79.5994235,-52.4000000,26.1715860),(79.7756360,-52.4000000,25.6093464),(79.7566521,-52.4000000,25.6922436),(79.5994235,-52.4000000,26.1715860),(79.7756360,-52.4000000,25.6093464),(79.5994235,-52.4000000,26.1715860),(79.5163443,-52.4000000,26.1869318),(79.8298755,-52.4000000,25.4607167),(79.7756360,-52.4000000,25.6093464),(79.5163443,-52.4000000,26.1869318),(79.8298755,-52.4000000,25.4607167),(79.5163443,-52.4000000,26.1869318),(79.4335297,-52.4000000,26.1715860),(79.8298755,-52.4000000,25.4607167),(79.4335297,-52.4000000,26.1715860),(79.3650026,-52.4000000,26.1255485),(79.9058110,-52.4000000,25.3349735),(79.8298755,-52.4000000,25.4607167),(79.3650026,-52.4000000,26.1255485),(79.9058110,-52.4000000,25.3349735),(79.3650026,-52.4000000,26.1255485),(79.3189651,-52.4000000,26.0572860),(79.9058110,-52.4000000,25.3349735),(79.3189651,-52.4000000,26.0572860),(79.3036193,-52.4000000,25.9752651),(79.9963646,-52.4000000,25.2354240),(79.9058110,-52.4000000,25.3349735),(79.3036193,-52.4000000,25.9752651),(79.9963646,-52.4000000,25.2354240),(79.3036193,-52.4000000,25.9752651),(79.3080345,-52.4000000,25.8382936),(79.9963646,-52.4000000,25.2354240),(79.3080345,-52.4000000,25.8382936),(79.3212802,-52.4000000,25.7073084),(79.9963646,-52.4000000,25.2354240),(79.3212802,-52.4000000,25.7073084),(79.3433564,-52.4000000,25.5823093),(80.0997505,-52.4000000,25.1643172),(79.9963646,-52.4000000,25.2354240),(79.3433564,-52.4000000,25.5823093),(80.0997505,-52.4000000,25.1643172),(79.3433564,-52.4000000,25.5823093),(79.3742630,-52.4000000,25.4632964),(80.0997505,-52.4000000,25.1643172),(79.3742630,-52.4000000,25.4632964),(79.4140002,-52.4000000,25.3502697),(80.2159688,-52.4000000,25.1216532),(80.0997505,-52.4000000,25.1643172),(79.4140002,-52.4000000,25.3502697),(80.2159688,-52.4000000,25.1216532),(79.4140002,-52.4000000,25.3502697),(79.4625677,-52.4000000,25.2432292),(80.2159688,-52.4000000,25.1216532),(79.4625677,-52.4000000,25.2432292),(79.5199658,-52.4000000,25.1421749),(80.3450193,-52.4000000,25.1074318),(80.2159688,-52.4000000,25.1216532),(79.5199658,-52.4000000,25.1421749),(80.3450193,-52.4000000,25.1074318),(79.5199658,-52.4000000,25.1421749),(79.5861943,-52.4000000,25.0471068),(80.3450193,-52.4000000,25.1074318),(79.5861943,-52.4000000,25.0471068),(79.6582436,-52.4000000,24.9615306),(80.4685797,-52.4000000,25.1208594),(80.3450193,-52.4000000,25.1074318),(79.6582436,-52.4000000,24.9615306),(80.4685797,-52.4000000,25.1208594),(79.6582436,-52.4000000,24.9615306),(79.7368084,-52.4000000,24.8873646),(80.4685797,-52.4000000,25.1208594),(79.7368084,-52.4000000,24.8873646),(79.8218884,-52.4000000,24.8246088),(80.5820860,-52.4000000,25.1611422),(80.4685797,-52.4000000,25.1208594),(79.8218884,-52.4000000,24.8246088),(80.5820860,-52.4000000,25.1611422),(79.8218884,-52.4000000,24.8246088),(79.9134839,-52.4000000,24.7732630),(80.5820860,-52.4000000,25.1611422),(79.9134839,-52.4000000,24.7732630),(80.0115947,-52.4000000,24.7333275),(80.6855380,-52.4000000,25.2282802),(80.5820860,-52.4000000,25.1611422),(80.0115947,-52.4000000,24.7333275),(80.6855380,-52.4000000,25.2282802),(80.0115947,-52.4000000,24.7333275),(80.1162209,-52.4000000,24.7048021),(80.6855380,-52.4000000,25.2282802),(80.1162209,-52.4000000,24.7048021),(80.2273624,-52.4000000,24.6876869),(80.7789360,-52.4000000,25.3222735),(80.6855380,-52.4000000,25.2282802),(80.2273624,-52.4000000,24.6876869),(80.7789360,-52.4000000,25.3222735),(80.2273624,-52.4000000,24.6876869),(80.3450193,-52.4000000,24.6819818),(80.7789360,-52.4000000,25.3222735),(80.3450193,-52.4000000,24.6819818),(80.4581452,-52.4000000,24.6874719),(80.8567235,-52.4000000,25.4400130),(80.7789360,-52.4000000,25.3222735),(80.4581452,-52.4000000,24.6874719),(80.8567235,-52.4000000,25.4400130),(80.4581452,-52.4000000,24.6874719),(80.5657479,-52.4000000,24.7039422),(80.9122860,-52.4000000,25.5773318),(80.8567235,-52.4000000,25.4400130),(80.5657479,-52.4000000,24.7039422),(80.9122860,-52.4000000,25.5773318),(80.5657479,-52.4000000,24.7039422),(80.6678275,-52.4000000,24.7313927),(80.9122860,-52.4000000,25.5773318),(80.6678275,-52.4000000,24.7313927),(80.7643839,-52.4000000,24.7698235),(80.9317328,-52.4000000,25.6533334),(80.9122860,-52.4000000,25.5773318),(80.7643839,-52.4000000,24.7698235),(80.9317328,-52.4000000,25.6533334),(80.7643839,-52.4000000,24.7698235),(80.8554171,-52.4000000,24.8192344),(80.9456235,-52.4000000,25.7342297),(80.9317328,-52.4000000,25.6533334),(80.8554171,-52.4000000,24.8192344),(80.9456235,-52.4000000,25.7342297),(80.8554171,-52.4000000,24.8192344),(80.9409271,-52.4000000,24.8796255),(80.9539578,-52.4000000,25.8200209),(80.9456235,-52.4000000,25.7342297),(80.9409271,-52.4000000,24.8796255),(81.0136214,-52.4000000,26.8907235),(80.9539578,-52.4000000,25.8200209),(80.9409271,-52.4000000,24.8796255),(81.0136214,-52.4000000,26.8907235),(80.9409271,-52.4000000,24.8796255),(81.0209140,-52.4000000,24.9509969),(81.0136214,-52.4000000,26.8907235),(81.0209140,-52.4000000,24.9509969),(81.0953776,-52.4000000,25.0333485),(81.0136214,-52.4000000,26.8907235),(81.0953776,-52.4000000,25.0333485),(81.1630944,-52.4000000,25.1246132),(81.0136214,-52.4000000,26.8907235),(81.1630944,-52.4000000,25.1246132),(81.2217823,-52.4000000,25.2211365),(81.0136214,-52.4000000,26.8907235),(81.2217823,-52.4000000,25.2211365),(81.2714413,-52.4000000,25.3229184),(81.0136214,-52.4000000,26.8907235),(81.2714413,-52.4000000,25.3229184),(81.3120714,-52.4000000,25.4299589),(81.0136214,-52.4000000,26.8907235),(81.3120714,-52.4000000,25.4299589),(81.3436726,-52.4000000,25.5422580),(81.0136214,-52.4000000,26.8907235),(81.3436726,-52.4000000,25.5422580),(81.3662448,-52.4000000,25.6598157),(81.0136214,-52.4000000,26.8907235),(81.3662448,-52.4000000,25.6598157),(81.3797882,-52.4000000,25.7826319),(81.0136214,-52.4000000,26.8907235),(81.3797882,-52.4000000,25.7826319),(81.3843026,-52.4000000,25.9107068),(81.0136214,-52.4000000,26.8907235),(81.3843026,-52.4000000,25.9107068),(81.3798213,-52.4000000,26.0400880),(81.0136214,-52.4000000,26.8907235),(81.3798213,-52.4000000,26.0400880),(81.3663771,-52.4000000,26.1641776),(81.0136214,-52.4000000,26.8907235),(81.3663771,-52.4000000,26.1641776),(81.3439702,-52.4000000,26.2829755),(81.0136214,-52.4000000,26.8907235),(81.3439702,-52.4000000,26.2829755),(81.3126005,-52.4000000,26.3964818),(81.0136214,-52.4000000,26.8907235),(81.3126005,-52.4000000,26.3964818),(81.2722681,-52.4000000,26.5046964),(81.0136214,-52.4000000,26.8907235),(81.2722681,-52.4000000,26.5046964),(81.2229729,-52.4000000,26.6076193),(81.0136214,-52.4000000,26.8907235),(81.2229729,-52.4000000,26.6076193),(81.1647150,-52.4000000,26.7052505),(81.0136214,-52.4000000,26.8907235),(81.1647150,-52.4000000,26.7052505),(81.0974943,-52.4000000,26.7975901),(57.9526193,-52.4000000,31.4959610),(58.0496718,-52.4000000,31.4552813),(58.1476834,-52.4000000,31.4200255),(57.9526193,-52.4000000,31.4959610),(58.1476834,-52.4000000,31.4200255),(58.2466541,-52.4000000,31.3901938),(57.9526193,-52.4000000,31.4959610),(58.2466541,-52.4000000,31.3901938),(58.3465839,-52.4000000,31.3657860),(57.9526193,-52.4000000,31.4959610),(58.3465839,-52.4000000,31.3657860),(58.4474728,-52.4000000,31.3468021),(57.9526193,-52.4000000,31.4959610),(58.4474728,-52.4000000,31.3468021),(58.5493209,-52.4000000,31.3332422),(57.9526193,-52.4000000,31.4959610),(58.5493209,-52.4000000,31.3332422),(58.6521280,-52.4000000,31.3251063),(57.9526193,-52.4000000,31.4959610),(58.6521280,-52.4000000,31.3251063),(58.7558943,-52.4000000,31.3223943),(57.9526193,-52.4000000,31.4959610),(58.7558943,-52.4000000,31.3223943),(58.8916752,-52.4000000,31.3267103),(57.9526193,-52.4000000,31.4959610),(58.8916752,-52.4000000,31.3267103),(59.0249094,-52.4000000,31.3396584),(57.9526193,-52.4000000,31.4959610),(59.0249094,-52.4000000,31.3396584),(59.1555970,-52.4000000,31.3612384),(57.9526193,-52.4000000,31.4959610),(59.1555970,-52.4000000,31.3612384),(59.2837380,-52.4000000,31.3914505),(57.9526193,-52.4000000,31.4959610),(59.2837380,-52.4000000,31.3914505),(59.4093324,-52.4000000,31.4302947),(57.9526193,-52.4000000,31.4959610),(59.4093324,-52.4000000,31.4302947),(59.5323802,-52.4000000,31.4777709),(57.9526193,-52.4000000,31.4959610),(59.5323802,-52.4000000,31.4777709),(59.6528814,-52.4000000,31.5338791),(57.9526193,-52.4000000,31.4959610),(59.6528814,-52.4000000,31.5338791),(59.7708360,-52.4000000,31.5986193),(57.9526193,-52.4000000,31.4959610),(59.7708360,-52.4000000,31.5986193),(59.8844084,-52.4000000,31.6710159),(57.9526193,-52.4000000,31.4959610),(59.8844084,-52.4000000,31.6710159),(59.9917630,-52.4000000,31.7495641),(57.9526193,-52.4000000,31.4959610),(59.9917630,-52.4000000,31.7495641),(60.0929000,-52.4000000,31.8342638),(57.9526193,-52.4000000,31.4959610),(60.0929000,-52.4000000,31.8342638),(60.1878193,-52.4000000,31.9251151),(57.9526193,-52.4000000,31.4959610),(60.1878193,-52.4000000,31.9251151),(60.2765209,-52.4000000,32.0221180),(60.2765209,-52.4000000,32.0221180),(60.3590047,-52.4000000,32.1252724),(60.4352709,-52.4000000,32.2345784),(60.2765209,-52.4000000,32.0221180),(60.4352709,-52.4000000,32.2345784),(60.5053193,-52.4000000,32.3500360),(60.2765209,-52.4000000,32.0221180),(60.5053193,-52.4000000,32.3500360),(60.5683232,-52.4000000,32.4698095),(60.2765209,-52.4000000,32.0221180),(60.5683232,-52.4000000,32.4698095),(60.6229266,-52.4000000,32.5920636),(60.2765209,-52.4000000,32.0221180),(60.6229266,-52.4000000,32.5920636),(60.6691295,-52.4000000,32.7167981),(60.2765209,-52.4000000,32.0221180),(60.6691295,-52.4000000,32.7167981),(60.7069318,-52.4000000,32.8440130),(60.2765209,-52.4000000,32.0221180),(60.7069318,-52.4000000,32.8440130),(60.7363336,-52.4000000,32.9737085),(60.2765209,-52.4000000,32.0221180),(60.7363336,-52.4000000,32.9737085),(60.7573349,-52.4000000,33.1058844),(60.2765209,-52.4000000,32.0221180),(60.7573349,-52.4000000,33.1058844),(60.7699357,-52.4000000,33.2405408),(60.2765209,-52.4000000,32.0221180),(60.7699357,-52.4000000,33.2405408),(60.7741360,-52.4000000,33.3776776),(60.2765209,-52.4000000,32.0221180),(60.7741360,-52.4000000,33.3776776),(60.7699357,-52.4000000,33.5093078),(60.2765209,-52.4000000,32.0221180),(60.7699357,-52.4000000,33.5093078),(60.7573349,-52.4000000,33.6401443),(60.2765209,-52.4000000,32.0221180),(60.7573349,-52.4000000,33.6401443),(60.7363336,-52.4000000,33.7701870),(60.2765209,-52.4000000,32.0221180),(60.7363336,-52.4000000,33.7701870),(60.7069318,-52.4000000,33.8994360),(60.2765209,-52.4000000,32.0221180),(60.7069318,-52.4000000,33.8994360),(60.6691295,-52.4000000,34.0278912),(60.2765209,-52.4000000,32.0221180),(60.6691295,-52.4000000,34.0278912),(60.6229266,-52.4000000,34.1555526),(60.6229266,-52.4000000,34.1555526),(60.2311448,-52.4000000,34.0140667),(60.2677069,-52.4000000,33.9161874),(60.6229266,-52.4000000,34.1555526),(60.2677069,-52.4000000,33.9161874),(60.2976214,-52.4000000,33.8150339),(60.6229266,-52.4000000,34.1555526),(60.2976214,-52.4000000,33.8150339),(60.3208882,-52.4000000,33.7106061),(60.6229266,-52.4000000,34.1555526),(60.3208882,-52.4000000,33.7106061),(60.3375073,-52.4000000,33.6029042),(60.6229266,-52.4000000,34.1555526),(60.3375073,-52.4000000,33.6029042),(60.3474788,-52.4000000,33.4919280),(60.6229266,-52.4000000,34.1555526),(60.3474788,-52.4000000,33.4919280),(60.3508026,-52.4000000,33.3776776),(60.6229266,-52.4000000,34.1555526),(60.3508026,-52.4000000,33.3776776),(60.3474457,-52.4000000,33.2676440),(60.2765209,-52.4000000,32.0221180),(60.6229266,-52.4000000,34.1555526),(60.3474457,-52.4000000,33.2676440),(60.2765209,-52.4000000,32.0221180),(60.3474457,-52.4000000,33.2676440),(60.3373750,-52.4000000,33.1597933),(60.2765209,-52.4000000,32.0221180),(60.3373750,-52.4000000,33.1597933),(60.3205905,-52.4000000,33.0541253),(60.2765209,-52.4000000,32.0221180),(60.3205905,-52.4000000,33.0541253),(60.2970922,-52.4000000,32.9506401),(60.2765209,-52.4000000,32.0221180),(60.2970922,-52.4000000,32.9506401),(60.2668801,-52.4000000,32.8493378),(60.2765209,-52.4000000,32.0221180),(60.2668801,-52.4000000,32.8493378),(60.2299542,-52.4000000,32.7502183),(60.2765209,-52.4000000,32.0221180),(60.2299542,-52.4000000,32.7502183),(60.1863145,-52.4000000,32.6532815),(60.2765209,-52.4000000,32.0221180),(60.1863145,-52.4000000,32.6532815),(60.1359610,-52.4000000,32.5585276),(60.2765209,-52.4000000,32.0221180),(60.1359610,-52.4000000,32.5585276),(60.0801173,-52.4000000,32.4673125),(60.2765209,-52.4000000,32.0221180),(60.0801173,-52.4000000,32.4673125),(60.0194782,-52.4000000,32.3809922),(60.2765209,-52.4000000,32.0221180),(60.0194782,-52.4000000,32.3809922),(59.9540434,-52.4000000,32.2995667),(60.2765209,-52.4000000,32.0221180),(59.9540434,-52.4000000,32.2995667),(59.8838130,-52.4000000,32.2230360),(60.2765209,-52.4000000,32.0221180),(59.8838130,-52.4000000,32.2230360),(59.8087871,-52.4000000,32.1514000),(60.2765209,-52.4000000,32.0221180),(59.8087871,-52.4000000,32.1514000),(59.7289657,-52.4000000,32.0846589),(60.2765209,-52.4000000,32.0221180),(59.7289657,-52.4000000,32.0846589),(59.6443486,-52.4000000,32.0228125),(60.2765209,-52.4000000,32.0221180),(59.6443486,-52.4000000,32.0228125),(59.5549360,-52.4000000,31.9658610),(60.2765209,-52.4000000,32.0221180),(59.5549360,-52.4000000,31.9658610),(59.4623483,-52.4000000,31.9147633),(60.2765209,-52.4000000,32.0221180),(59.4623483,-52.4000000,31.9147633),(59.3676771,-52.4000000,31.8704787),(60.2765209,-52.4000000,32.0221180),(59.3676771,-52.4000000,31.8704787),(59.2709223,-52.4000000,31.8330071),(60.2765209,-52.4000000,32.0221180),(59.2709223,-52.4000000,31.8330071),(59.1720839,-52.4000000,31.8023485),(57.9526193,-52.4000000,31.4959610),(60.2765209,-52.4000000,32.0221180),(59.1720839,-52.4000000,31.8023485),(57.9526193,-52.4000000,31.4959610),(59.1720839,-52.4000000,31.8023485),(59.0711619,-52.4000000,31.7785029),(57.9526193,-52.4000000,31.4959610),(59.0711619,-52.4000000,31.7785029),(58.9681563,-52.4000000,31.7614703),(57.9526193,-52.4000000,31.4959610),(58.9681563,-52.4000000,31.7614703),(58.8630671,-52.4000000,31.7512508),(57.9526193,-52.4000000,31.4959610),(58.8630671,-52.4000000,31.7512508),(58.7558943,-52.4000000,31.7478443),(57.9526193,-52.4000000,31.4959610),(58.7558943,-52.4000000,31.7478443),(58.6023037,-52.4000000,31.7549219),(57.9526193,-52.4000000,31.4959610),(58.6023037,-52.4000000,31.7549219),(58.4526818,-52.4000000,31.7761547),(57.9526193,-52.4000000,31.4959610),(58.4526818,-52.4000000,31.7761547),(58.3070287,-52.4000000,31.8115427),(57.9526193,-52.4000000,31.4959610),(58.3070287,-52.4000000,31.8115427),(58.1653443,-52.4000000,31.8610860),(57.9526193,-52.4000000,31.4959610),(58.1653443,-52.4000000,31.8610860),(59.7623693,-52.4000000,34.6445026),(57.3917026,-52.4000000,30.5212360),(57.9526193,-52.4000000,31.4959610),(59.7623693,-52.4000000,34.6445026),(60.1879351,-52.4000000,34.1086718),(60.2311448,-52.4000000,34.0140667),(60.6229266,-52.4000000,34.1555526),(60.1380776,-52.4000000,34.2000026),(60.1879351,-52.4000000,34.1086718),(60.6229266,-52.4000000,34.1555526),(60.0701459,-52.4000000,34.3039839),(60.1380776,-52.4000000,34.2000026),(60.6229266,-52.4000000,34.1555526),(59.9848839,-52.4000000,34.4127276),(60.0701459,-52.4000000,34.3039839),(60.6229266,-52.4000000,34.1555526),(59.9357541,-52.4000000,34.4688854),(59.9848839,-52.4000000,34.4127276),(60.6229266,-52.4000000,34.1555526),(59.8822917,-52.4000000,34.5262339),(59.9357541,-52.4000000,34.4688854),(60.6229266,-52.4000000,34.1555526),(59.8244968,-52.4000000,34.5847729),(59.8822917,-52.4000000,34.5262339),(60.6229266,-52.4000000,34.1555526),(59.7623693,-52.4000000,34.6445026),(59.8244968,-52.4000000,34.5847729),(60.6229266,-52.4000000,34.1555526),(59.7623693,-52.4000000,34.6445026),(60.6229266,-52.4000000,34.1555526),(60.5683232,-52.4000000,34.2824203),(59.7623693,-52.4000000,34.6445026),(60.5683232,-52.4000000,34.2824203),(60.5053193,-52.4000000,34.4084943),(59.7623693,-52.4000000,34.6445026),(60.5053193,-52.4000000,34.4084943),(60.4551311,-52.4000000,34.4952115),(59.7623693,-52.4000000,34.6445026),(60.4551311,-52.4000000,34.4952115),(60.4003459,-52.4000000,34.5786214),(59.7623693,-52.4000000,34.6445026),(60.4003459,-52.4000000,34.5786214),(60.3409634,-52.4000000,34.6587240),(59.7623693,-52.4000000,34.6445026),(60.3409634,-52.4000000,34.6587240),(60.2769839,-52.4000000,34.7355193),(59.7623693,-52.4000000,34.6445026),(60.2769839,-52.4000000,34.7355193),(60.2084072,-52.4000000,34.8090073),(59.7623693,-52.4000000,34.6445026),(60.2084072,-52.4000000,34.8090073),(60.1352334,-52.4000000,34.8791880),(59.7623693,-52.4000000,34.6445026),(60.1352334,-52.4000000,34.8791880),(60.0574624,-52.4000000,34.9460615),(59.7623693,-52.4000000,34.6445026),(60.0574624,-52.4000000,34.9460615),(59.9750943,-52.4000000,35.0096276),(59.7623693,-52.4000000,34.6445026),(59.9750943,-52.4000000,35.0096276),(60.5169610,-52.4000000,35.9621276),(57.3917026,-52.4000000,30.5212360),(59.7623693,-52.4000000,34.6445026),(60.5169610,-52.4000000,35.9621276),(57.3917026,-52.4000000,30.5212360),(60.5169610,-52.4000000,35.9621276),(60.5455360,-52.4000000,36.0658443),(57.3917026,-52.4000000,30.5212360),(60.5455360,-52.4000000,36.0658443),(60.5381276,-52.4000000,36.1261693),(57.3917026,-52.4000000,30.5212360),(60.5381276,-52.4000000,36.1261693),(60.4994985,-52.4000000,36.2013110),(57.3917026,-52.4000000,30.5212360),(60.4994985,-52.4000000,36.2013110),(60.4344110,-52.4000000,36.2552860),(57.3917026,-52.4000000,30.5212360),(60.4344110,-52.4000000,36.2552860),(60.3317526,-52.4000000,36.2859776),(57.3917026,-52.4000000,30.5212360),(60.3317526,-52.4000000,36.2859776),(60.2714276,-52.4000000,36.2785693),(57.3917026,-52.4000000,30.5212360),(60.2714276,-52.4000000,36.2785693),(60.1957568,-52.4000000,36.2399401),(57.3917026,-52.4000000,30.5212360),(60.1957568,-52.4000000,36.2399401),(60.1401943,-52.4000000,36.1748526),(57.3917026,-52.4000000,30.5212360),(60.1401943,-52.4000000,36.1748526),(59.6046776,-52.4000000,35.2466943),(59.6046776,-52.4000000,35.2466943),(59.5040698,-52.4000000,35.2910947),(59.4001547,-52.4000000,35.3295750),(59.6046776,-52.4000000,35.2466943),(59.4001547,-52.4000000,35.3295750),(59.2929323,-52.4000000,35.3621353),(59.6046776,-52.4000000,35.2466943),(59.2929323,-52.4000000,35.3621353),(59.1824026,-52.4000000,35.3887755),(59.6046776,-52.4000000,35.2466943),(59.1824026,-52.4000000,35.3887755),(59.0685657,-52.4000000,35.4094957),(59.6046776,-52.4000000,35.2466943),(59.0685657,-52.4000000,35.4094957),(58.9514214,-52.4000000,35.4242959),(59.6046776,-52.4000000,35.2466943),(58.9514214,-52.4000000,35.4242959),(58.8309698,-52.4000000,35.4331759),(59.6046776,-52.4000000,35.2466943),(58.8309698,-52.4000000,35.4331759),(58.7072110,-52.4000000,35.4361360),(59.6046776,-52.4000000,35.2466943),(58.7072110,-52.4000000,35.4361360),(58.5826088,-52.4000000,35.4318034),(59.6046776,-52.4000000,35.2466943),(58.5826088,-52.4000000,35.4318034),(58.4590979,-52.4000000,35.4188058),(59.6046776,-52.4000000,35.2466943),(58.4590979,-52.4000000,35.4188058),(58.3366785,-52.4000000,35.3971430),(59.6046776,-52.4000000,35.2466943),(58.3366785,-52.4000000,35.3971430),(58.2153505,-52.4000000,35.3668151),(59.6046776,-52.4000000,35.2466943),(58.2153505,-52.4000000,35.3668151),(58.0951140,-52.4000000,35.3278222),(59.6046776,-52.4000000,35.2466943),(58.0951140,-52.4000000,35.3278222),(57.9759688,-52.4000000,35.2801641),(59.6046776,-52.4000000,35.2466943),(57.9759688,-52.4000000,35.2801641),(57.8579150,-52.4000000,35.2238409),(59.6046776,-52.4000000,35.2466943),(57.8579150,-52.4000000,35.2238409),(57.7409526,-52.4000000,35.1588526),(59.6046776,-52.4000000,35.2466943),(57.7409526,-52.4000000,35.1588526),(57.6278433,-52.4000000,35.0866875),(59.6046776,-52.4000000,35.2466943),(57.6278433,-52.4000000,35.0866875),(57.5208193,-52.4000000,35.0083047),(59.6046776,-52.4000000,35.2466943),(57.5208193,-52.4000000,35.0083047),(57.4198808,-52.4000000,34.9237042),(59.6046776,-52.4000000,35.2466943),(57.4198808,-52.4000000,34.9237042),(57.3250276,-52.4000000,34.8328860),(59.6046776,-52.4000000,35.2466943),(57.3250276,-52.4000000,34.8328860),(57.2362599,-52.4000000,34.7358500),(57.2362599,-52.4000000,34.7358500),(57.1535776,-52.4000000,34.6325964),(57.0769808,-52.4000000,34.5231250),(57.2362599,-52.4000000,34.7358500),(57.0769808,-52.4000000,34.5231250),(57.0064693,-52.4000000,34.4074360),(57.2362599,-52.4000000,34.7358500),(57.0064693,-52.4000000,34.4074360),(56.9432173,-52.4000000,34.2876293),(57.2362599,-52.4000000,34.7358500),(56.9432173,-52.4000000,34.2876293),(56.8883990,-52.4000000,34.1652761),(57.2362599,-52.4000000,34.7358500),(56.8883990,-52.4000000,34.1652761),(56.8420142,-52.4000000,34.0403762),(57.2362599,-52.4000000,34.7358500),(56.8420142,-52.4000000,34.0403762),(56.8040630,-52.4000000,33.9129297),(57.2362599,-52.4000000,34.7358500),(56.8040630,-52.4000000,33.9129297),(56.7745455,-52.4000000,33.7829366),(57.2362599,-52.4000000,34.7358500),(56.7745455,-52.4000000,33.7829366),(56.7534615,-52.4000000,33.6503969),(57.2362599,-52.4000000,34.7358500),(56.7534615,-52.4000000,33.6503969),(56.7408111,-52.4000000,33.5153106),(57.2362599,-52.4000000,34.7358500),(56.7408111,-52.4000000,33.5153106),(56.7365943,-52.4000000,33.3776776),(57.2362599,-52.4000000,34.7358500),(56.7365943,-52.4000000,33.3776776),(56.7407946,-52.4000000,33.2396147),(57.2362599,-52.4000000,34.7358500),(56.7407946,-52.4000000,33.2396147),(56.7533953,-52.4000000,33.1042969),(57.2362599,-52.4000000,34.7358500),(56.7533953,-52.4000000,33.1042969),(56.7743966,-52.4000000,32.9717241),(57.2362599,-52.4000000,34.7358500),(56.7743966,-52.4000000,32.9717241),(56.8037985,-52.4000000,32.8418964),(57.2362599,-52.4000000,34.7358500),(56.8037985,-52.4000000,32.8418964),(56.8416008,-52.4000000,32.7148137),(57.2362599,-52.4000000,34.7358500),(56.8416008,-52.4000000,32.7148137),(56.8878037,-52.4000000,32.5904761),(57.2362599,-52.4000000,34.7358500),(56.8878037,-52.4000000,32.5904761),(56.9424071,-52.4000000,32.4688835),(57.2362599,-52.4000000,34.7358500),(56.9424071,-52.4000000,32.4688835),(57.0054110,-52.4000000,32.3500360),(57.0054110,-52.4000000,32.3500360),(57.3737110,-52.4000000,32.5585276),(57.3243496,-52.4000000,32.6532650),(57.0054110,-52.4000000,32.3500360),(57.3243496,-52.4000000,32.6532650),(57.2815698,-52.4000000,32.7501521),(57.0054110,-52.4000000,32.3500360),(57.2815698,-52.4000000,32.7501521),(57.2453715,-52.4000000,32.8491890),(57.0054110,-52.4000000,32.3500360),(57.2453715,-52.4000000,32.8491890),(57.2157547,-52.4000000,32.9503755),(57.0054110,-52.4000000,32.3500360),(57.2157547,-52.4000000,32.9503755),(57.1927194,-52.4000000,33.0537119),(57.0054110,-52.4000000,32.3500360),(57.1927194,-52.4000000,33.0537119),(57.1762657,-52.4000000,33.1591979),(57.0054110,-52.4000000,32.3500360),(57.1762657,-52.4000000,33.1591979),(57.1663934,-52.4000000,33.2668338),(57.0054110,-52.4000000,32.3500360),(57.1663934,-52.4000000,33.2668338),(57.1631026,-52.4000000,33.3766193),(57.0054110,-52.4000000,32.3500360),(57.1631026,-52.4000000,33.3766193),(57.1664430,-52.4000000,33.4864379),(57.2362599,-52.4000000,34.7358500),(57.0054110,-52.4000000,32.3500360),(57.1664430,-52.4000000,33.4864379),(57.2362599,-52.4000000,34.7358500),(57.1664430,-52.4000000,33.4864379),(57.1764641,-52.4000000,33.5941729),(57.2362599,-52.4000000,34.7358500),(57.1764641,-52.4000000,33.5941729),(57.1931659,-52.4000000,33.6998244),(57.2362599,-52.4000000,34.7358500),(57.1931659,-52.4000000,33.6998244),(57.2165485,-52.4000000,33.8033922),(57.2362599,-52.4000000,34.7358500),(57.2165485,-52.4000000,33.8033922),(57.2466117,-52.4000000,33.9048765),(57.2362599,-52.4000000,34.7358500),(57.2466117,-52.4000000,33.9048765),(57.2833558,-52.4000000,34.0042771),(57.2362599,-52.4000000,34.7358500),(57.2833558,-52.4000000,34.0042771),(57.3267805,-52.4000000,34.1015942),(57.2362599,-52.4000000,34.7358500),(57.3267805,-52.4000000,34.1015942),(57.3768860,-52.4000000,34.1968276),(57.2362599,-52.4000000,34.7358500),(57.3768860,-52.4000000,34.1968276),(57.4327296,-52.4000000,34.2887703),(57.2362599,-52.4000000,34.7358500),(57.4327296,-52.4000000,34.2887703),(57.4933688,-52.4000000,34.3756860),(57.2362599,-52.4000000,34.7358500),(57.4933688,-52.4000000,34.3756860),(57.5588035,-52.4000000,34.4575745),(57.2362599,-52.4000000,34.7358500),(57.5588035,-52.4000000,34.4575745),(57.6290339,-52.4000000,34.5344360),(57.2362599,-52.4000000,34.7358500),(57.6290339,-52.4000000,34.5344360),(57.7040598,-52.4000000,34.6062703),(57.2362599,-52.4000000,34.7358500),(57.7040598,-52.4000000,34.6062703),(57.7838813,-52.4000000,34.6730776),(57.2362599,-52.4000000,34.7358500),(57.7838813,-52.4000000,34.6730776),(57.8684983,-52.4000000,34.7348578),(57.2362599,-52.4000000,34.7358500),(57.8684983,-52.4000000,34.7348578),(57.9579110,-52.4000000,34.7916110),(57.2362599,-52.4000000,34.7358500),(57.9579110,-52.4000000,34.7916110),(58.0499860,-52.4000000,34.8427086),(57.2362599,-52.4000000,34.7358500),(58.0499860,-52.4000000,34.8427086),(58.1425901,-52.4000000,34.8869933),(57.2362599,-52.4000000,34.7358500),(58.1425901,-52.4000000,34.8869933),(58.2357235,-52.4000000,34.9244649),(57.2362599,-52.4000000,34.7358500),(58.2357235,-52.4000000,34.9244649),(58.3293860,-52.4000000,34.9551235),(57.2362599,-52.4000000,34.7358500),(58.3293860,-52.4000000,34.9551235),(58.4235776,-52.4000000,34.9789690),(59.6046776,-52.4000000,35.2466943),(57.2362599,-52.4000000,34.7358500),(58.4235776,-52.4000000,34.9789690),(59.6046776,-52.4000000,35.2466943),(58.4235776,-52.4000000,34.9789690),(58.5182985,-52.4000000,34.9960016),(59.6046776,-52.4000000,35.2466943),(58.5182985,-52.4000000,34.9960016),(58.6135485,-52.4000000,35.0062211),(59.6046776,-52.4000000,35.2466943),(58.6135485,-52.4000000,35.0062211),(58.7093276,-52.4000000,35.0096276),(59.6046776,-52.4000000,35.2466943),(58.7093276,-52.4000000,35.0096276),(58.7156776,-52.4000000,35.0096276),(59.6046776,-52.4000000,35.2466943),(58.7156776,-52.4000000,35.0096276),(58.8093897,-52.4000000,35.0075440),(59.6046776,-52.4000000,35.2466943),(58.8093897,-52.4000000,35.0075440),(58.9005552,-52.4000000,35.0012933),(59.6046776,-52.4000000,35.2466943),(58.9005552,-52.4000000,35.0012933),(58.9891741,-52.4000000,34.9908753),(59.6046776,-52.4000000,35.2466943),(58.9891741,-52.4000000,34.9908753),(59.0752464,-52.4000000,34.9762901),(59.6046776,-52.4000000,35.2466943),(59.0752464,-52.4000000,34.9762901),(59.1587720,-52.4000000,34.9575378),(59.6046776,-52.4000000,35.2466943),(59.1587720,-52.4000000,34.9575378),(59.2397511,-52.4000000,34.9346183),(59.6046776,-52.4000000,35.2466943),(59.2397511,-52.4000000,34.9346183),(59.3181835,-52.4000000,34.9075315),(59.6046776,-52.4000000,35.2466943),(59.3181835,-52.4000000,34.9075315),(59.3940693,-52.4000000,34.8762776),(57.3917026,-52.4000000,30.5212360),(59.6046776,-52.4000000,35.2466943),(59.3940693,-52.4000000,34.8762776),(57.3917026,-52.4000000,30.5212360),(59.3940693,-52.4000000,34.8762776),(57.7896360,-52.4000000,32.0812193),(57.3917026,-52.4000000,30.5212360),(57.7896360,-52.4000000,32.0812193),(57.6691844,-52.4000000,32.1840761),(57.4160939,-52.4000000,32.4892564),(57.3737110,-52.4000000,32.5585276),(57.0054110,-52.4000000,32.3500360),(57.4612219,-52.4000000,32.4227302),(57.4160939,-52.4000000,32.4892564),(57.0054110,-52.4000000,32.3500360),(57.5597130,-52.4000000,32.2979130),(57.4612219,-52.4000000,32.4227302),(57.0054110,-52.4000000,32.3500360),(57.6691844,-52.4000000,32.1840761),(57.5597130,-52.4000000,32.2979130),(57.0054110,-52.4000000,32.3500360),(57.6691844,-52.4000000,32.1840761),(57.0054110,-52.4000000,32.3500360),(57.0633547,-52.4000000,32.2549844),(57.6691844,-52.4000000,32.1840761),(57.0633547,-52.4000000,32.2549844),(57.1250026,-52.4000000,32.1640339),(57.6691844,-52.4000000,32.1840761),(57.1250026,-52.4000000,32.1640339),(57.1903547,-52.4000000,32.0771844),(57.6691844,-52.4000000,32.1840761),(57.1903547,-52.4000000,32.0771844),(57.2594110,-52.4000000,31.9944360),(57.6691844,-52.4000000,32.1840761),(57.2594110,-52.4000000,31.9944360),(57.3321714,-52.4000000,31.9157886),(57.6691844,-52.4000000,32.1840761),(57.3321714,-52.4000000,31.9157886),(57.4086360,-52.4000000,31.8412422),(57.6691844,-52.4000000,32.1840761),(57.4086360,-52.4000000,31.8412422),(57.4888047,-52.4000000,31.7707969),(57.6691844,-52.4000000,32.1840761),(57.4888047,-52.4000000,31.7707969),(57.5726776,-52.4000000,31.7044526),(57.3917026,-52.4000000,30.5212360),(57.6691844,-52.4000000,32.1840761),(57.5726776,-52.4000000,31.7044526),(57.3917026,-52.4000000,30.5212360),(57.5726776,-52.4000000,31.7044526),(57.0170526,-52.4000000,30.7339610),(57.3917026,-52.4000000,30.5212360),(57.0170526,-52.4000000,30.7339610),(56.9895360,-52.4000000,30.6323610),(57.3917026,-52.4000000,30.5212360),(56.9895360,-52.4000000,30.6323610),(56.9958860,-52.4000000,30.5720360),(57.3917026,-52.4000000,30.5212360),(56.9958860,-52.4000000,30.5720360),(57.0350443,-52.4000000,30.4950422),(57.3917026,-52.4000000,30.5212360),(57.0350443,-52.4000000,30.4950422),(57.0974860,-52.4000000,30.4397443),(57.3917026,-52.4000000,30.5212360),(57.0974860,-52.4000000,30.4397443),(57.2022610,-52.4000000,30.4122276),(57.3917026,-52.4000000,30.5212360),(57.2022610,-52.4000000,30.4122276),(57.2625860,-52.4000000,30.4196360),(57.3917026,-52.4000000,30.5212360),(57.2625860,-52.4000000,30.4196360),(57.3350818,-52.4000000,30.4550901),(62.9045610,-52.4000000,33.6676610),(62.9521860,-52.4000000,33.7163443),(63.0082446,-52.4000000,33.7939168),(62.9045610,-52.4000000,33.6676610),(63.0082446,-52.4000000,33.7939168),(63.0568287,-52.4000000,33.8752927),(62.9045610,-52.4000000,33.6676610),(63.0568287,-52.4000000,33.8752927),(63.0979383,-52.4000000,33.9604720),(62.9045610,-52.4000000,33.6676610),(63.0979383,-52.4000000,33.9604720),(63.1315735,-52.4000000,34.0494547),(62.9045610,-52.4000000,33.6676610),(63.1315735,-52.4000000,34.0494547),(63.1577341,-52.4000000,34.1422408),(62.9045610,-52.4000000,33.6676610),(63.1577341,-52.4000000,34.1422408),(63.1764203,-52.4000000,34.2388302),(62.9045610,-52.4000000,33.6676610),(63.1764203,-52.4000000,34.2388302),(63.1876321,-52.4000000,34.3392231),(62.9045610,-52.4000000,33.6676610),(63.1876321,-52.4000000,34.3392231),(63.1913693,-52.4000000,34.4434193),(62.9045610,-52.4000000,33.6676610),(63.1913693,-52.4000000,34.4434193),(63.1876486,-52.4000000,34.5475328),(62.9045610,-52.4000000,33.6676610),(63.1876486,-52.4000000,34.5475328),(63.1764865,-52.4000000,34.6471485),(62.9045610,-52.4000000,33.6676610),(63.1764865,-52.4000000,34.6471485),(63.1578830,-52.4000000,34.7422662),(62.9045610,-52.4000000,33.6676610),(63.1578830,-52.4000000,34.7422662),(63.1318380,-52.4000000,34.8328860),(62.9045610,-52.4000000,33.6676610),(63.1318380,-52.4000000,34.8328860),(63.0983517,-52.4000000,34.9190078),(62.9045610,-52.4000000,33.6676610),(63.0983517,-52.4000000,34.9190078),(63.0574240,-52.4000000,35.0006318),(62.9045610,-52.4000000,33.6676610),(63.0574240,-52.4000000,35.0006318),(63.0090548,-52.4000000,35.0777578),(62.9045610,-52.4000000,33.6676610),(63.0090548,-52.4000000,35.0777578),(62.9532443,-52.4000000,35.1503860),(62.9045610,-52.4000000,33.6676610),(62.9532443,-52.4000000,35.1503860),(62.8914972,-52.4000000,35.2163664),(62.9045610,-52.4000000,33.6676610),(62.8914972,-52.4000000,35.2163664),(62.8247891,-52.4000000,35.2735495),(62.9045610,-52.4000000,33.6676610),(62.8247891,-52.4000000,35.2735495),(62.7531201,-52.4000000,35.3219352),(62.9045610,-52.4000000,33.6676610),(62.7531201,-52.4000000,35.3219352),(62.6764901,-52.4000000,35.3615235),(62.6764901,-52.4000000,35.3615235),(62.5948992,-52.4000000,35.3923143),(62.5083474,-52.4000000,35.4143078),(62.6764901,-52.4000000,35.3615235),(62.5083474,-52.4000000,35.4143078),(62.4168347,-52.4000000,35.4275039),(62.6764901,-52.4000000,35.3615235),(62.4168347,-52.4000000,35.4275039),(62.3203610,-52.4000000,35.4319026),(62.6764901,-52.4000000,35.3615235),(62.3203610,-52.4000000,35.4319026),(62.2248464,-52.4000000,35.4275205),(62.6764901,-52.4000000,35.3615235),(62.2248464,-52.4000000,35.4275205),(62.1335651,-52.4000000,35.4143740),(62.6764901,-52.4000000,35.3615235),(62.1335651,-52.4000000,35.4143740),(62.0465172,-52.4000000,35.3924632),(62.6764901,-52.4000000,35.3615235),(62.0465172,-52.4000000,35.3924632),(61.9637026,-52.4000000,35.3617880),(62.6764901,-52.4000000,35.3615235),(61.9637026,-52.4000000,35.3617880),(61.8851214,-52.4000000,35.3223486),(62.6764901,-52.4000000,35.3615235),(61.8851214,-52.4000000,35.3223486),(61.8107735,-52.4000000,35.2741448),(62.6764901,-52.4000000,35.3615235),(61.8107735,-52.4000000,35.2741448),(61.7406589,-52.4000000,35.2171767),(62.6764901,-52.4000000,35.3615235),(61.7406589,-52.4000000,35.2171767),(61.6747776,-52.4000000,35.1514443),(62.6764901,-52.4000000,35.3615235),(61.6747776,-52.4000000,35.1514443),(61.6149983,-52.4000000,35.0790311),(62.6764901,-52.4000000,35.3615235),(61.6149983,-52.4000000,35.0790311),(61.5631896,-52.4000000,35.0020209),(62.6764901,-52.4000000,35.3615235),(61.5631896,-52.4000000,35.0020209),(61.5193515,-52.4000000,34.9204134),(62.6764901,-52.4000000,35.3615235),(61.5193515,-52.4000000,34.9204134),(61.4834839,-52.4000000,34.8342089),(62.6764901,-52.4000000,35.3615235),(61.4834839,-52.4000000,34.8342089),(61.4555869,-52.4000000,34.7434072),(62.6764901,-52.4000000,35.3615235),(61.4555869,-52.4000000,34.7434072),(61.4356604,-52.4000000,34.6480084),(62.6764901,-52.4000000,35.3615235),(61.4356604,-52.4000000,34.6480084),(61.4237046,-52.4000000,34.5480124),(61.4237046,-52.4000000,34.5480124),(61.4197193,-52.4000000,34.4434193),(61.4350651,-52.4000000,34.3611339),(61.4237046,-52.4000000,34.5480124),(61.4350651,-52.4000000,34.3611339),(61.4811026,-52.4000000,34.2920776),(61.4237046,-52.4000000,34.5480124),(61.4811026,-52.4000000,34.2920776),(61.5493651,-52.4000000,34.2452464),(61.4237046,-52.4000000,34.5480124),(61.5493651,-52.4000000,34.2452464),(61.6313860,-52.4000000,34.2296360),(61.4237046,-52.4000000,34.5480124),(61.6313860,-52.4000000,34.2296360),(61.7142005,-52.4000000,34.2452464),(61.4237046,-52.4000000,34.5480124),(61.7142005,-52.4000000,34.2452464),(61.7827276,-52.4000000,34.2920776),(61.4237046,-52.4000000,34.5480124),(61.7827276,-52.4000000,34.2920776),(61.8287651,-52.4000000,34.3611339),(61.4237046,-52.4000000,34.5480124),(61.8287651,-52.4000000,34.3611339),(61.8441110,-52.4000000,34.4434193),(61.4237046,-52.4000000,34.5480124),(61.8441110,-52.4000000,34.4434193),(61.8527761,-52.4000000,34.5696917),(61.4237046,-52.4000000,34.5480124),(61.8527761,-52.4000000,34.5696917),(61.8787714,-52.4000000,34.6807505),(61.4237046,-52.4000000,34.5480124),(61.8787714,-52.4000000,34.6807505),(61.9220969,-52.4000000,34.7765959),(61.4237046,-52.4000000,34.5480124),(61.9220969,-52.4000000,34.7765959),(61.9827526,-52.4000000,34.8572276),(61.4237046,-52.4000000,34.5480124),(61.9827526,-52.4000000,34.8572276),(62.0542563,-52.4000000,34.9220505),(62.6764901,-52.4000000,35.3615235),(61.4237046,-52.4000000,34.5480124),(62.0542563,-52.4000000,34.9220505),(62.6764901,-52.4000000,35.3615235),(62.0542563,-52.4000000,34.9220505),(62.1343589,-52.4000000,34.9683526),(62.6764901,-52.4000000,35.3615235),(62.1343589,-52.4000000,34.9683526),(62.2230604,-52.4000000,34.9961339),(62.6764901,-52.4000000,35.3615235),(62.2230604,-52.4000000,34.9961339),(62.3203610,-52.4000000,35.0053943),(62.6764901,-52.4000000,35.3615235),(62.3203610,-52.4000000,35.0053943),(62.4142219,-52.4000000,34.9962000),(62.6764901,-52.4000000,35.3615235),(62.4142219,-52.4000000,34.9962000),(62.4989547,-52.4000000,34.9686172),(62.6764901,-52.4000000,35.3615235),(62.4989547,-52.4000000,34.9686172),(62.5745594,-52.4000000,34.9226459),(62.6764901,-52.4000000,35.3615235),(62.5745594,-52.4000000,34.9226459),(62.6410360,-52.4000000,34.8582860),(62.6764901,-52.4000000,35.3615235),(62.6410360,-52.4000000,34.8582860),(62.6952094,-52.4000000,34.7771912),(62.6764901,-52.4000000,35.3615235),(62.6952094,-52.4000000,34.7771912),(62.7339047,-52.4000000,34.6810151),(62.6764901,-52.4000000,35.3615235),(62.7339047,-52.4000000,34.6810151),(62.7571219,-52.4000000,34.5697578),(62.9045610,-52.4000000,33.6676610),(62.6764901,-52.4000000,35.3615235),(62.7571219,-52.4000000,34.5697578),(62.9045610,-52.4000000,33.6676610),(62.7571219,-52.4000000,34.5697578),(62.7648610,-52.4000000,34.4434193),(62.9045610,-52.4000000,33.6676610),(62.7648610,-52.4000000,34.4434193),(62.7571880,-52.4000000,34.3153610),(62.9045610,-52.4000000,33.6676610),(62.7571880,-52.4000000,34.3153610),(62.7341693,-52.4000000,34.2000026),(62.9045610,-52.4000000,33.6676610),(62.7341693,-52.4000000,34.2000026),(62.6958047,-52.4000000,34.0973443),(62.9045610,-52.4000000,33.6676610),(62.6958047,-52.4000000,34.0973443),(62.6420943,-52.4000000,34.0073860),(62.9045610,-52.4000000,33.6676610),(62.6420943,-52.4000000,34.0073860),(62.5798511,-52.4000000,33.9425630),(62.9889630,-52.4000000,33.5914610),(62.9045610,-52.4000000,33.6676610),(62.5798511,-52.4000000,33.9425630),(62.9889630,-52.4000000,33.5914610),(62.5798511,-52.4000000,33.9425630),(62.5105964,-52.4000000,33.8962610),(62.9889630,-52.4000000,33.5914610),(62.5105964,-52.4000000,33.8962610),(62.4343302,-52.4000000,33.8684797),(62.9889630,-52.4000000,33.5914610),(62.4343302,-52.4000000,33.8684797),(62.3510526,-52.4000000,33.8592193),(62.9889630,-52.4000000,33.5914610),(62.3510526,-52.4000000,33.8592193),(62.3087193,-52.4000000,33.8592193),(62.9889630,-52.4000000,33.5914610),(62.3087193,-52.4000000,33.8592193),(62.2420443,-52.4000000,33.8592193),(62.9889630,-52.4000000,33.5914610),(62.2420443,-52.4000000,33.8592193),(62.1605526,-52.4000000,33.8436089),(62.9889630,-52.4000000,33.5914610),(62.1605526,-52.4000000,33.8436089),(62.0917610,-52.4000000,33.7967776),(62.9889630,-52.4000000,33.5914610),(62.0917610,-52.4000000,33.7967776),(62.0449297,-52.4000000,33.7282505),(62.9889630,-52.4000000,33.5914610),(62.0449297,-52.4000000,33.7282505),(62.0293193,-52.4000000,33.6475526),(62.9889630,-52.4000000,33.5914610),(62.0293193,-52.4000000,33.6475526),(62.0449297,-52.4000000,33.5665901),(62.9889630,-52.4000000,33.5914610),(62.0449297,-52.4000000,33.5665901),(62.0917610,-52.4000000,33.4972693),(62.9889630,-52.4000000,33.5914610),(62.0917610,-52.4000000,33.4972693),(62.1605526,-52.4000000,33.4496443),(62.9889630,-52.4000000,33.5914610),(62.1605526,-52.4000000,33.4496443),(62.2420443,-52.4000000,33.4337693),(62.9889630,-52.4000000,33.5914610),(62.2420443,-52.4000000,33.4337693),(62.3087193,-52.4000000,33.4337693),(62.9889630,-52.4000000,33.5914610),(62.3087193,-52.4000000,33.4337693),(62.4390927,-52.4000000,33.4198125),(62.9889630,-52.4000000,33.5914610),(62.4390927,-52.4000000,33.4198125),(62.5571630,-52.4000000,33.3779422),(62.9889630,-52.4000000,33.5914610),(62.5571630,-52.4000000,33.3779422),(62.6629302,-52.4000000,33.3081584),(62.9889630,-52.4000000,33.5914610),(62.6629302,-52.4000000,33.3081584),(62.7563943,-52.4000000,33.2104610),(62.9889630,-52.4000000,33.5914610),(62.7563943,-52.4000000,33.2104610),(62.8332558,-52.4000000,33.0892818),(62.9889630,-52.4000000,33.5914610),(62.8332558,-52.4000000,33.0892818),(62.8881568,-52.4000000,32.9490526),(62.9889630,-52.4000000,33.5914610),(62.8881568,-52.4000000,32.9490526),(62.9210974,-52.4000000,32.7897735),(62.9889630,-52.4000000,33.5914610),(62.9210974,-52.4000000,32.7897735),(62.9293326,-52.4000000,32.7029901),(62.9889630,-52.4000000,33.5914610),(62.9293326,-52.4000000,32.7029901),(62.9320776,-52.4000000,32.6114443),(62.9889630,-52.4000000,33.5914610),(62.9320776,-52.4000000,32.6114443),(62.9292995,-52.4000000,32.5207584),(61.7102979,-52.4000000,32.5759405),(61.7075860,-52.4000000,32.6760026),(61.6917110,-52.4000000,32.7580235),(61.7184339,-52.4000000,32.4816000),(61.7102979,-52.4000000,32.5759405),(61.6917110,-52.4000000,32.7580235),(61.7184339,-52.4000000,32.4816000),(61.6917110,-52.4000000,32.7580235),(61.6440860,-52.4000000,32.8262860),(61.7319938,-52.4000000,32.3929811),(61.7184339,-52.4000000,32.4816000),(61.6440860,-52.4000000,32.8262860),(61.7319938,-52.4000000,32.3929811),(61.6440860,-52.4000000,32.8262860),(61.5747651,-52.4000000,32.8723235),(61.7509776,-52.4000000,32.3100839),(61.7319938,-52.4000000,32.3929811),(61.5747651,-52.4000000,32.8723235),(61.7509776,-52.4000000,32.3100839),(61.5747651,-52.4000000,32.8723235),(61.4916860,-52.4000000,32.8876693),(61.8052172,-52.4000000,32.1614542),(61.7509776,-52.4000000,32.3100839),(61.4916860,-52.4000000,32.8876693),(61.8052172,-52.4000000,32.1614542),(61.4916860,-52.4000000,32.8876693),(61.4088714,-52.4000000,32.8723235),(61.8052172,-52.4000000,32.1614542),(61.4088714,-52.4000000,32.8723235),(61.3403443,-52.4000000,32.8262860),(61.8811526,-52.4000000,32.0357110),(61.8052172,-52.4000000,32.1614542),(61.3403443,-52.4000000,32.8262860),(61.8811526,-52.4000000,32.0357110),(61.3403443,-52.4000000,32.8262860),(61.2943068,-52.4000000,32.7580235),(61.8811526,-52.4000000,32.0357110),(61.2943068,-52.4000000,32.7580235),(61.2789610,-52.4000000,32.6760026),(61.9717063,-52.4000000,31.9361615),(61.8811526,-52.4000000,32.0357110),(61.2789610,-52.4000000,32.6760026),(61.9717063,-52.4000000,31.9361615),(61.2789610,-52.4000000,32.6760026),(61.2833762,-52.4000000,32.5390311),(61.9717063,-52.4000000,31.9361615),(61.2833762,-52.4000000,32.5390311),(61.2966219,-52.4000000,32.4080459),(61.9717063,-52.4000000,31.9361615),(61.2966219,-52.4000000,32.4080459),(61.3186981,-52.4000000,32.2830468),(62.0750922,-52.4000000,31.8650547),(61.9717063,-52.4000000,31.9361615),(61.3186981,-52.4000000,32.2830468),(62.0750922,-52.4000000,31.8650547),(61.3186981,-52.4000000,32.2830468),(61.3496047,-52.4000000,32.1640339),(62.0750922,-52.4000000,31.8650547),(61.3496047,-52.4000000,32.1640339),(61.3893418,-52.4000000,32.0510072),(62.1913104,-52.4000000,31.8223907),(62.0750922,-52.4000000,31.8650547),(61.3893418,-52.4000000,32.0510072),(62.1913104,-52.4000000,31.8223907),(61.3893418,-52.4000000,32.0510072),(61.4379094,-52.4000000,31.9439667),(62.1913104,-52.4000000,31.8223907),(61.4379094,-52.4000000,31.9439667),(61.4953074,-52.4000000,31.8429124),(62.3203610,-52.4000000,31.8081693),(62.1913104,-52.4000000,31.8223907),(61.4953074,-52.4000000,31.8429124),(62.3203610,-52.4000000,31.8081693),(61.4953074,-52.4000000,31.8429124),(61.5615360,-52.4000000,31.7478443),(62.3203610,-52.4000000,31.8081693),(61.5615360,-52.4000000,31.7478443),(61.6335853,-52.4000000,31.6622681),(62.4439214,-52.4000000,31.8215969),(62.3203610,-52.4000000,31.8081693),(61.6335853,-52.4000000,31.6622681),(62.4439214,-52.4000000,31.8215969),(61.6335853,-52.4000000,31.6622681),(61.7121500,-52.4000000,31.5881021),(62.4439214,-52.4000000,31.8215969),(61.7121500,-52.4000000,31.5881021),(61.7972301,-52.4000000,31.5253463),(62.5574276,-52.4000000,31.8618797),(62.4439214,-52.4000000,31.8215969),(61.7972301,-52.4000000,31.5253463),(62.5574276,-52.4000000,31.8618797),(61.7972301,-52.4000000,31.5253463),(61.8888255,-52.4000000,31.4740005),(62.5574276,-52.4000000,31.8618797),(61.8888255,-52.4000000,31.4740005),(61.9869364,-52.4000000,31.4340650),(62.6608797,-52.4000000,31.9290177),(62.5574276,-52.4000000,31.8618797),(61.9869364,-52.4000000,31.4340650),(62.6608797,-52.4000000,31.9290177),(61.9869364,-52.4000000,31.4340650),(62.0915625,-52.4000000,31.4055396),(62.6608797,-52.4000000,31.9290177),(62.0915625,-52.4000000,31.4055396),(62.2027041,-52.4000000,31.3884244),(62.7542776,-52.4000000,32.0230110),(62.6608797,-52.4000000,31.9290177),(62.2027041,-52.4000000,31.3884244),(62.7542776,-52.4000000,32.0230110),(62.2027041,-52.4000000,31.3884244),(62.3203610,-52.4000000,31.3827193),(62.7542776,-52.4000000,32.0230110),(62.3203610,-52.4000000,31.3827193),(62.4334869,-52.4000000,31.3882094),(62.8320651,-52.4000000,32.1407505),(62.7542776,-52.4000000,32.0230110),(62.4334869,-52.4000000,31.3882094),(62.8320651,-52.4000000,32.1407505),(62.4334869,-52.4000000,31.3882094),(62.5410896,-52.4000000,31.4046797),(62.8876276,-52.4000000,32.2780693),(62.8320651,-52.4000000,32.1407505),(62.5410896,-52.4000000,31.4046797),(62.8876276,-52.4000000,32.2780693),(62.5410896,-52.4000000,31.4046797),(62.6431692,-52.4000000,31.4321302),(62.8876276,-52.4000000,32.2780693),(62.6431692,-52.4000000,31.4321302),(62.7397255,-52.4000000,31.4705610),(62.9070745,-52.4000000,32.3540709),(62.8876276,-52.4000000,32.2780693),(62.7397255,-52.4000000,31.4705610),(62.9070745,-52.4000000,32.3540709),(62.7397255,-52.4000000,31.4705610),(62.8307588,-52.4000000,31.5199719),(62.9209651,-52.4000000,32.4349672),(62.9070745,-52.4000000,32.3540709),(62.8307588,-52.4000000,31.5199719),(62.9209651,-52.4000000,32.4349672),(62.8307588,-52.4000000,31.5199719),(62.9162688,-52.4000000,31.5803630),(62.9292995,-52.4000000,32.5207584),(62.9209651,-52.4000000,32.4349672),(62.9162688,-52.4000000,31.5803630),(62.9889630,-52.4000000,33.5914610),(62.9292995,-52.4000000,32.5207584),(62.9162688,-52.4000000,31.5803630),(62.9889630,-52.4000000,33.5914610),(62.9162688,-52.4000000,31.5803630),(62.9962556,-52.4000000,31.6517344),(62.9889630,-52.4000000,33.5914610),(62.9962556,-52.4000000,31.6517344),(63.0707193,-52.4000000,31.7340860),(62.9889630,-52.4000000,33.5914610),(63.0707193,-52.4000000,31.7340860),(63.1384361,-52.4000000,31.8253507),(62.9889630,-52.4000000,33.5914610),(63.1384361,-52.4000000,31.8253507),(63.1971240,-52.4000000,31.9218740),(62.9889630,-52.4000000,33.5914610),(63.1971240,-52.4000000,31.9218740),(63.2467830,-52.4000000,32.0236559),(62.9889630,-52.4000000,33.5914610),(63.2467830,-52.4000000,32.0236559),(63.2874130,-52.4000000,32.1306964),(62.9889630,-52.4000000,33.5914610),(63.2874130,-52.4000000,32.1306964),(63.3190142,-52.4000000,32.2429955),(62.9889630,-52.4000000,33.5914610),(63.3190142,-52.4000000,32.2429955),(63.3415865,-52.4000000,32.3605532),(62.9889630,-52.4000000,33.5914610),(63.3415865,-52.4000000,32.3605532),(63.3551298,-52.4000000,32.4833694),(62.9889630,-52.4000000,33.5914610),(63.3551298,-52.4000000,32.4833694),(63.3596443,-52.4000000,32.6114443),(62.9889630,-52.4000000,33.5914610),(63.3596443,-52.4000000,32.6114443),(63.3551629,-52.4000000,32.7408255),(62.9889630,-52.4000000,33.5914610),(63.3551629,-52.4000000,32.7408255),(63.3417188,-52.4000000,32.8649151),(62.9889630,-52.4000000,33.5914610),(63.3417188,-52.4000000,32.8649151),(63.3193119,-52.4000000,32.9837130),(62.9889630,-52.4000000,33.5914610),(63.3193119,-52.4000000,32.9837130),(63.2879422,-52.4000000,33.0972193),(62.9889630,-52.4000000,33.5914610),(63.2879422,-52.4000000,33.0972193),(63.2476098,-52.4000000,33.2054339),(62.9889630,-52.4000000,33.5914610),(63.2476098,-52.4000000,33.2054339),(63.1983146,-52.4000000,33.3083568),(62.9889630,-52.4000000,33.5914610),(63.1983146,-52.4000000,33.3083568),(63.1400567,-52.4000000,33.4059880),(62.9889630,-52.4000000,33.5914610),(63.1400567,-52.4000000,33.4059880),(63.0728360,-52.4000000,33.4983276),(73.7473693,-52.4000000,33.1623068),(75.1295526,-52.4000000,31.3726651),(75.2017839,-52.4000000,31.3107526),(73.7473693,-52.4000000,33.1623068),(75.2017839,-52.4000000,31.3107526),(75.2935943,-52.4000000,31.2901151),(73.7473693,-52.4000000,33.1623068),(75.2935943,-52.4000000,31.2901151),(75.4258860,-52.4000000,31.3356235),(73.7473693,-52.4000000,33.1623068),(75.4258860,-52.4000000,31.3356235),(75.4901797,-52.4000000,31.4091776),(73.7473693,-52.4000000,33.1623068),(75.4901797,-52.4000000,31.4091776),(75.5116110,-52.4000000,31.5049568),(73.7473693,-52.4000000,33.1623068),(75.5116110,-52.4000000,31.5049568),(75.4671610,-52.4000000,31.6372485),(73.7473693,-52.4000000,33.1623068),(75.4671610,-52.4000000,31.6372485),(74.2913526,-52.4000000,33.1623068),(74.2913526,-52.4000000,33.1623068),(74.3770776,-52.4000000,33.1623068),(74.4963220,-52.4000000,33.1674166),(73.7473693,-52.4000000,33.1623068),(74.2913526,-52.4000000,33.1623068),(74.4963220,-52.4000000,33.1674166),(72.8837693,-52.4000000,33.1623068),(73.7473693,-52.4000000,33.1623068),(74.4963220,-52.4000000,33.1674166),(72.8837693,-52.4000000,33.1623068),(74.4963220,-52.4000000,33.1674166),(74.6101094,-52.4000000,33.1827459),(72.8837693,-52.4000000,33.1623068),(74.6101094,-52.4000000,33.1827459),(74.7184397,-52.4000000,33.2082947),(72.8837693,-52.4000000,33.1623068),(74.7184397,-52.4000000,33.2082947),(74.8213130,-52.4000000,33.2440630),(72.8837693,-52.4000000,33.1623068),(74.8213130,-52.4000000,33.2440630),(74.9187293,-52.4000000,33.2900509),(72.8837693,-52.4000000,33.1623068),(74.9187293,-52.4000000,33.2900509),(75.0106886,-52.4000000,33.3462584),(72.8837693,-52.4000000,33.1623068),(75.0106886,-52.4000000,33.3462584),(75.0971908,-52.4000000,33.4126853),(72.8837693,-52.4000000,33.1623068),(75.0971908,-52.4000000,33.4126853),(75.1782360,-52.4000000,33.4893318),(72.8837693,-52.4000000,33.1623068),(75.1782360,-52.4000000,33.4893318),(75.2546344,-52.4000000,33.5790586),(72.8837693,-52.4000000,33.1623068),(75.2546344,-52.4000000,33.5790586),(75.3208464,-52.4000000,33.6714974),(72.8837693,-52.4000000,33.1623068),(75.3208464,-52.4000000,33.6714974),(75.3768719,-52.4000000,33.7666482),(75.3768719,-52.4000000,33.7666482),(75.4227110,-52.4000000,33.8645110),(75.0271589,-52.4000000,34.0137360),(75.3768719,-52.4000000,33.7666482),(75.0271589,-52.4000000,34.0137360),(74.9626667,-52.4000000,33.8961287),(75.3768719,-52.4000000,33.7666482),(74.9626667,-52.4000000,33.8961287),(74.8723776,-52.4000000,33.7898985),(75.3768719,-52.4000000,33.7666482),(74.8723776,-52.4000000,33.7898985),(74.7624433,-52.4000000,33.7019245),(75.3768719,-52.4000000,33.7666482),(74.7624433,-52.4000000,33.7019245),(74.6432485,-52.4000000,33.6390860),(75.3768719,-52.4000000,33.7666482),(74.6432485,-52.4000000,33.6390860),(74.5147933,-52.4000000,33.6013828),(72.8837693,-52.4000000,33.1623068),(75.3768719,-52.4000000,33.7666482),(74.5147933,-52.4000000,33.6013828),(72.8837693,-52.4000000,33.1623068),(74.5147933,-52.4000000,33.6013828),(74.3770776,-52.4000000,33.5888151),(72.8837693,-52.4000000,33.1623068),(74.3770776,-52.4000000,33.5888151),(72.8837693,-52.4000000,33.5888151),(75.0658542,-52.4000000,34.1427203),(75.0271589,-52.4000000,34.0137360),(75.4227110,-52.4000000,33.8645110),(75.0787526,-52.4000000,34.2830818),(75.0658542,-52.4000000,34.1427203),(75.4227110,-52.4000000,33.8645110),(75.0658542,-52.4000000,34.4221203),(75.0787526,-52.4000000,34.2830818),(75.4227110,-52.4000000,33.8645110),(75.0271589,-52.4000000,34.5503110),(75.0658542,-52.4000000,34.4221203),(75.4227110,-52.4000000,33.8645110),(74.9626667,-52.4000000,34.6676537),(75.0271589,-52.4000000,34.5503110),(75.4227110,-52.4000000,33.8645110),(74.9626667,-52.4000000,34.6676537),(75.4227110,-52.4000000,33.8645110),(75.4583636,-52.4000000,33.9650857),(74.9626667,-52.4000000,34.6676537),(75.4583636,-52.4000000,33.9650857),(75.4838297,-52.4000000,34.0683724),(74.8723776,-52.4000000,34.7741485),(74.9626667,-52.4000000,34.6676537),(75.4838297,-52.4000000,34.0683724),(74.8723776,-52.4000000,34.7741485),(75.4838297,-52.4000000,34.0683724),(75.4991094,-52.4000000,34.1743711),(74.8723776,-52.4000000,34.7741485),(75.4991094,-52.4000000,34.1743711),(75.5042026,-52.4000000,34.2830818),(74.7652214,-52.4000000,34.8621224),(74.8723776,-52.4000000,34.7741485),(75.5042026,-52.4000000,34.2830818),(74.7652214,-52.4000000,34.8621224),(75.5042026,-52.4000000,34.2830818),(75.4991094,-52.4000000,34.3956951),(74.7652214,-52.4000000,34.8621224),(75.4991094,-52.4000000,34.3956951),(75.4838297,-52.4000000,34.5044058),(74.6480110,-52.4000000,34.9249610),(74.7652214,-52.4000000,34.8621224),(75.4838297,-52.4000000,34.5044058),(74.6480110,-52.4000000,34.9249610),(75.4838297,-52.4000000,34.5044058),(75.4583636,-52.4000000,34.6092138),(74.6480110,-52.4000000,34.9249610),(75.4583636,-52.4000000,34.6092138),(75.4227110,-52.4000000,34.7101193),(74.5207464,-52.4000000,34.9626641),(74.6480110,-52.4000000,34.9249610),(75.4227110,-52.4000000,34.7101193),(74.5207464,-52.4000000,34.9626641),(75.4227110,-52.4000000,34.7101193),(75.3768719,-52.4000000,34.8071222),(74.5207464,-52.4000000,34.9626641),(75.3768719,-52.4000000,34.8071222),(75.3208464,-52.4000000,34.9002224),(74.3834276,-52.4000000,34.9752318),(74.5207464,-52.4000000,34.9626641),(75.3208464,-52.4000000,34.9002224),(74.3834276,-52.4000000,34.9752318),(75.3208464,-52.4000000,34.9002224),(75.2546344,-52.4000000,34.9894201),(72.8837693,-52.4000000,34.9752318),(74.3834276,-52.4000000,34.9752318),(75.2546344,-52.4000000,34.9894201),(72.8837693,-52.4000000,34.9752318),(75.2546344,-52.4000000,34.9894201),(75.1782360,-52.4000000,35.0747151),(72.8837693,-52.4000000,34.9752318),(75.1782360,-52.4000000,35.0747151),(75.0911715,-52.4000000,35.1528499),(72.8837693,-52.4000000,34.9752318),(75.0911715,-52.4000000,35.1528499),(75.0003698,-52.4000000,35.2205667),(72.8837693,-52.4000000,34.9752318),(75.0003698,-52.4000000,35.2205667),(74.9058309,-52.4000000,35.2778655),(72.8837693,-52.4000000,34.9752318),(74.9058309,-52.4000000,35.2778655),(74.8075547,-52.4000000,35.3247464),(72.8837693,-52.4000000,34.9752318),(74.8075547,-52.4000000,35.3247464),(74.7055413,-52.4000000,35.3612093),(72.8837693,-52.4000000,34.9752318),(74.7055413,-52.4000000,35.3612093),(74.5997907,-52.4000000,35.3872542),(72.8837693,-52.4000000,34.9752318),(74.5997907,-52.4000000,35.3872542),(74.4903028,-52.4000000,35.4028811),(72.8837693,-52.4000000,34.9752318),(74.4903028,-52.4000000,35.4028811),(74.3770776,-52.4000000,35.4080901),(72.8837693,-52.4000000,34.9752318),(74.3770776,-52.4000000,35.4080901),(72.6710443,-52.4000000,35.4080901),(72.8837693,-52.4000000,33.5888151),(72.8837693,-52.4000000,34.9752318),(72.6710443,-52.4000000,35.4080901),(72.8837693,-52.4000000,33.1623068),(72.8837693,-52.4000000,33.5888151),(72.6710443,-52.4000000,35.4080901),(72.8837693,-52.4000000,33.1623068),(72.6710443,-52.4000000,35.4080901),(72.5850547,-52.4000000,35.3914214),(72.8837693,-52.4000000,33.1623068),(72.5850547,-52.4000000,35.3914214),(72.5133526,-52.4000000,35.3414151),(72.8837693,-52.4000000,33.1623068),(72.5133526,-52.4000000,35.3414151),(72.4712839,-52.4000000,35.2670672),(72.8837693,-52.4000000,33.1623068),(72.4712839,-52.4000000,35.2670672),(72.4572610,-52.4000000,35.1879568),(72.8837693,-52.4000000,33.1623068),(72.4572610,-52.4000000,35.1879568),(72.4572610,-52.4000000,31.5610485),(72.8837693,-52.4000000,33.1623068),(72.4572610,-52.4000000,31.5610485),(72.4801474,-52.4000000,31.4777047),(72.8837693,-52.4000000,33.1623068),(72.4801474,-52.4000000,31.4777047),(72.5234068,-52.4000000,31.4181735),(72.8837693,-52.4000000,33.1623068),(72.5234068,-52.4000000,31.4181735),(72.6710443,-52.4000000,31.3705485),(72.8837693,-52.4000000,33.1623068),(72.6710443,-52.4000000,31.3705485),(72.7450615,-52.4000000,31.3824547),(72.8837693,-52.4000000,33.1623068),(72.7450615,-52.4000000,31.3824547),(72.8051880,-52.4000000,31.4181735),(72.8837693,-52.4000000,33.1623068),(72.8051880,-52.4000000,31.4181735),(72.8837693,-52.4000000,31.5610485),(71.4952360,-52.4000000,33.1675985),(71.4931193,-52.4000000,31.5610485),(71.5092589,-52.4000000,31.4790276),(71.4952360,-52.4000000,33.1675985),(71.5092589,-52.4000000,31.4790276),(71.5576776,-52.4000000,31.4107651),(71.4952360,-52.4000000,33.1675985),(71.5576776,-52.4000000,31.4107651),(71.6264693,-52.4000000,31.3647276),(71.4952360,-52.4000000,33.1675985),(71.6264693,-52.4000000,31.3647276),(71.7037276,-52.4000000,31.3493818),(71.4952360,-52.4000000,33.1675985),(71.7037276,-52.4000000,31.3493818),(71.7865422,-52.4000000,31.3647276),(71.4952360,-52.4000000,33.1675985),(71.7865422,-52.4000000,31.3647276),(71.8550693,-52.4000000,31.4107651),(71.4952360,-52.4000000,33.1675985),(71.8550693,-52.4000000,31.4107651),(71.9011068,-52.4000000,31.4790276),(71.4952360,-52.4000000,33.1675985),(71.9011068,-52.4000000,31.4790276),(71.9164526,-52.4000000,31.5610485),(71.4952360,-52.4000000,33.1675985),(71.9164526,-52.4000000,31.5610485),(71.9164526,-52.4000000,35.1879568),(71.4952360,-52.4000000,33.1675985),(71.9164526,-52.4000000,35.1879568),(71.9011068,-52.4000000,35.2694485),(71.4952360,-52.4000000,33.1675985),(71.9011068,-52.4000000,35.2694485),(71.8550693,-52.4000000,35.3382401),(71.4952360,-52.4000000,33.1675985),(71.8550693,-52.4000000,35.3382401),(71.7876005,-52.4000000,35.3858651),(71.4952360,-52.4000000,33.1675985),(71.7876005,-52.4000000,35.3858651),(71.7079610,-52.4000000,35.4017401),(71.4952360,-52.4000000,33.1675985),(71.7079610,-52.4000000,35.4017401),(71.6259401,-52.4000000,35.3853360),(71.4952360,-52.4000000,33.1675985),(71.6259401,-52.4000000,35.3853360),(71.5555610,-52.4000000,35.3361235),(71.4952360,-52.4000000,33.1675985),(71.5555610,-52.4000000,35.3361235),(71.5087297,-52.4000000,35.2715651),(71.4952360,-52.4000000,33.1675985),(71.5087297,-52.4000000,35.2715651),(71.4931193,-52.4000000,35.1879568),(71.4952360,-52.4000000,33.1675985),(71.4931193,-52.4000000,35.1879568),(71.4931193,-52.4000000,33.5888151),(69.2939026,-52.4000000,33.1675985),(71.4952360,-52.4000000,33.1675985),(71.4931193,-52.4000000,33.5888151),(69.2939026,-52.4000000,33.1675985),(71.4931193,-52.4000000,33.5888151),(69.3002526,-52.4000000,33.5888151),(69.2939026,-52.4000000,33.1675985),(69.3002526,-52.4000000,33.5888151),(69.3002526,-52.4000000,35.1879568),(69.2939026,-52.4000000,33.1675985),(69.3002526,-52.4000000,35.1879568),(69.2838485,-52.4000000,35.2694485),(69.2939026,-52.4000000,33.1675985),(69.2838485,-52.4000000,35.2694485),(69.2346360,-52.4000000,35.3382401),(69.2939026,-52.4000000,33.1675985),(69.2346360,-52.4000000,35.3382401),(69.1650505,-52.4000000,35.3858651),(69.2939026,-52.4000000,33.1675985),(69.1650505,-52.4000000,35.3858651),(69.0875276,-52.4000000,35.4017401),(69.2939026,-52.4000000,33.1675985),(69.0875276,-52.4000000,35.4017401),(69.0052422,-52.4000000,35.3858651),(69.2939026,-52.4000000,33.1675985),(69.0052422,-52.4000000,35.3858651),(68.9340693,-52.4000000,35.3382401),(69.2939026,-52.4000000,33.1675985),(68.9340693,-52.4000000,35.3382401),(68.8856505,-52.4000000,35.2694485),(69.2939026,-52.4000000,33.1675985),(68.8856505,-52.4000000,35.2694485),(68.8695110,-52.4000000,35.1879568),(69.2939026,-52.4000000,33.1675985),(68.8695110,-52.4000000,35.1879568),(68.8695110,-52.4000000,31.5610485),(69.2939026,-52.4000000,33.1675985),(68.8695110,-52.4000000,31.5610485),(68.8851214,-52.4000000,31.4790276),(69.2939026,-52.4000000,33.1675985),(68.8851214,-52.4000000,31.4790276),(68.9319526,-52.4000000,31.4107651),(69.2939026,-52.4000000,33.1675985),(68.9319526,-52.4000000,31.4107651),(69.0015380,-52.4000000,31.3647276),(69.2939026,-52.4000000,33.1675985),(69.0015380,-52.4000000,31.3647276),(69.0832943,-52.4000000,31.3493818),(69.2939026,-52.4000000,33.1675985),(69.0832943,-52.4000000,31.3493818),(69.1610818,-52.4000000,31.3644630),(69.2939026,-52.4000000,33.1675985),(69.1610818,-52.4000000,31.3644630),(69.2335776,-52.4000000,31.4097068),(69.2939026,-52.4000000,33.1675985),(69.2335776,-52.4000000,31.4097068),(69.2788214,-52.4000000,31.4745297),(69.2939026,-52.4000000,33.1675985),(69.2788214,-52.4000000,31.4745297),(69.2939026,-52.4000000,31.5610485),(76.4757526,-52.4000000,32.8797318),(76.4757526,-52.4000000,35.1879568),(76.4604068,-52.4000000,35.2694485),(76.4757526,-52.4000000,32.8797318),(76.4604068,-52.4000000,35.2694485),(76.4143693,-52.4000000,35.3382401),(76.4757526,-52.4000000,32.8797318),(76.4143693,-52.4000000,35.3382401),(76.3469005,-52.4000000,35.3858651),(76.4807301,-52.4000000,32.7672673),(76.4757526,-52.4000000,32.8797318),(76.3469005,-52.4000000,35.3858651),(76.4807301,-52.4000000,32.7672673),(76.3469005,-52.4000000,35.3858651),(76.2672610,-52.4000000,35.4017401),(76.4807301,-52.4000000,32.7672673),(76.2672610,-52.4000000,35.4017401),(76.1839172,-52.4000000,35.3853360),(76.4807301,-52.4000000,32.7672673),(76.1839172,-52.4000000,35.3853360),(76.1095693,-52.4000000,35.3361235),(76.4807301,-52.4000000,32.7672673),(76.1095693,-52.4000000,35.3361235),(76.0643255,-52.4000000,35.2715651),(76.4807301,-52.4000000,32.7672673),(76.0643255,-52.4000000,35.2715651),(76.0492443,-52.4000000,35.1879568),(76.4807301,-52.4000000,32.7672673),(76.0492443,-52.4000000,35.1879568),(76.0492443,-52.4000000,32.8797318),(76.4807301,-52.4000000,32.7672673),(76.0492443,-52.4000000,32.8797318),(76.0561896,-52.4000000,32.7246364),(76.4807301,-52.4000000,32.7672673),(76.0561896,-52.4000000,32.7246364),(76.0770255,-52.4000000,32.5752625),(76.4807301,-52.4000000,32.7672673),(76.0770255,-52.4000000,32.5752625),(76.1117521,-52.4000000,32.4316103),(76.4807301,-52.4000000,32.7672673),(76.1117521,-52.4000000,32.4316103),(76.1603693,-52.4000000,32.2936797),(76.4807301,-52.4000000,32.7672673),(76.1603693,-52.4000000,32.2936797),(76.2228771,-52.4000000,32.1614707),(76.4807301,-52.4000000,32.7672673),(76.2228771,-52.4000000,32.1614707),(76.2992755,-52.4000000,32.0349834),(76.4807301,-52.4000000,32.7672673),(76.2992755,-52.4000000,32.0349834),(76.3895646,-52.4000000,31.9142176),(76.4807301,-52.4000000,32.7672673),(76.3895646,-52.4000000,31.9142176),(76.4937443,-52.4000000,31.7991735),(76.4807301,-52.4000000,32.7672673),(76.4937443,-52.4000000,31.7991735),(76.6063245,-52.4000000,31.6937535),(76.6063245,-52.4000000,31.6937535),(76.7249901,-52.4000000,31.6023896),(76.8497412,-52.4000000,31.5250817),(76.6063245,-52.4000000,31.6937535),(76.8497412,-52.4000000,31.5250817),(76.9805776,-52.4000000,31.4618297),(76.6063245,-52.4000000,31.6937535),(76.9805776,-52.4000000,31.4618297),(77.1174995,-52.4000000,31.4126338),(76.6063245,-52.4000000,31.6937535),(77.1174995,-52.4000000,31.4126338),(77.2605068,-52.4000000,31.3774938),(76.6063245,-52.4000000,31.6937535),(77.2605068,-52.4000000,31.3774938),(77.4095995,-52.4000000,31.3564098),(76.6063245,-52.4000000,31.6937535),(77.4095995,-52.4000000,31.3564098),(77.5647776,-52.4000000,31.3493818),(76.6063245,-52.4000000,31.6937535),(77.5647776,-52.4000000,31.3493818),(77.7201707,-52.4000000,31.3564098),(76.6063245,-52.4000000,31.6937535),(77.7201707,-52.4000000,31.3564098),(77.8699084,-52.4000000,31.3774938),(76.6063245,-52.4000000,31.6937535),(77.8699084,-52.4000000,31.3774938),(78.0139905,-52.4000000,31.4126338),(76.6063245,-52.4000000,31.6937535),(78.0139905,-52.4000000,31.4126338),(78.1524172,-52.4000000,31.4618297),(76.6063245,-52.4000000,31.6937535),(78.1524172,-52.4000000,31.4618297),(78.2851884,-52.4000000,31.5250817),(76.6063245,-52.4000000,31.6937535),(78.2851884,-52.4000000,31.5250817),(78.4123042,-52.4000000,31.6023896),(76.6063245,-52.4000000,31.6937535),(78.4123042,-52.4000000,31.6023896),(78.5337645,-52.4000000,31.6937535),(76.6063245,-52.4000000,31.6937535),(78.5337645,-52.4000000,31.6937535),(78.6495693,-52.4000000,31.7991735),(78.6495693,-52.4000000,31.7991735),(78.7542451,-52.4000000,31.9128782),(78.8449641,-52.4000000,32.0328005),(78.6495693,-52.4000000,31.7991735),(78.8449641,-52.4000000,32.0328005),(78.9217263,-52.4000000,32.1589407),(78.6495693,-52.4000000,31.7991735),(78.9217263,-52.4000000,32.1589407),(78.9845318,-52.4000000,32.2912985),(78.6495693,-52.4000000,31.7991735),(78.9845318,-52.4000000,32.2912985),(79.0333805,-52.4000000,32.4298740),(78.6495693,-52.4000000,31.7991735),(79.0333805,-52.4000000,32.4298740),(79.0682724,-52.4000000,32.5746672),(78.6495693,-52.4000000,31.7991735),(79.0682724,-52.4000000,32.5746672),(79.0892076,-52.4000000,32.7256782),(78.6495693,-52.4000000,31.7991735),(79.0892076,-52.4000000,32.7256782),(79.0961860,-52.4000000,32.8829068),(78.6495693,-52.4000000,31.7991735),(79.0961860,-52.4000000,32.8829068),(79.0961860,-52.4000000,35.1879568),(78.6495693,-52.4000000,31.7991735),(79.0961860,-52.4000000,35.1879568),(79.0808401,-52.4000000,35.2694485),(78.6495693,-52.4000000,31.7991735),(79.0808401,-52.4000000,35.2694485),(79.0348026,-52.4000000,35.3382401),(78.6495693,-52.4000000,31.7991735),(79.0348026,-52.4000000,35.3382401),(78.9665401,-52.4000000,35.3858651),(78.6495693,-52.4000000,31.7991735),(78.9665401,-52.4000000,35.3858651),(78.8845193,-52.4000000,35.4017401),(78.6495693,-52.4000000,31.7991735),(78.8845193,-52.4000000,35.4017401),(78.8024985,-52.4000000,35.3858651),(78.6495693,-52.4000000,31.7991735),(78.8024985,-52.4000000,35.3858651),(78.7342360,-52.4000000,35.3382401),(78.7342360,-52.4000000,35.3382401),(78.6881985,-52.4000000,35.2694485),(78.6728526,-52.4000000,35.1879568),(78.7342360,-52.4000000,35.3382401),(78.6728526,-52.4000000,35.1879568),(78.6728526,-52.4000000,32.8829068),(78.6495693,-52.4000000,31.7991735),(78.7342360,-52.4000000,35.3382401),(78.6728526,-52.4000000,32.8829068),(78.6495693,-52.4000000,31.7991735),(78.6728526,-52.4000000,32.8829068),(78.6677429,-52.4000000,32.7708888),(78.6495693,-52.4000000,31.7991735),(78.6677429,-52.4000000,32.7708888),(78.6524136,-52.4000000,32.6629058),(78.6495693,-52.4000000,31.7991735),(78.6524136,-52.4000000,32.6629058),(78.6268647,-52.4000000,32.5589576),(78.6495693,-52.4000000,31.7991735),(78.6268647,-52.4000000,32.5589576),(78.5910964,-52.4000000,32.4590443),(78.6495693,-52.4000000,31.7991735),(78.5910964,-52.4000000,32.4590443),(78.5451085,-52.4000000,32.3631659),(78.6495693,-52.4000000,31.7991735),(78.5451085,-52.4000000,32.3631659),(78.4889011,-52.4000000,32.2713224),(78.6495693,-52.4000000,31.7991735),(78.4889011,-52.4000000,32.2713224),(78.4224741,-52.4000000,32.1835138),(78.6495693,-52.4000000,31.7991735),(78.4224741,-52.4000000,32.1835138),(78.3458276,-52.4000000,32.0997401),(78.6495693,-52.4000000,31.7991735),(78.3458276,-52.4000000,32.0997401),(78.2639556,-52.4000000,32.0233417),(78.6495693,-52.4000000,31.7991735),(78.2639556,-52.4000000,32.0233417),(78.1776188,-52.4000000,31.9571297),(78.6495693,-52.4000000,31.7991735),(78.1776188,-52.4000000,31.9571297),(78.0868171,-52.4000000,31.9011042),(78.6495693,-52.4000000,31.7991735),(78.0868171,-52.4000000,31.9011042),(77.9915505,-52.4000000,31.8552651),(78.6495693,-52.4000000,31.7991735),(77.9915505,-52.4000000,31.8552651),(77.8918192,-52.4000000,31.8196125),(78.6495693,-52.4000000,31.7991735),(77.8918192,-52.4000000,31.8196125),(77.7876229,-52.4000000,31.7941464),(78.6495693,-52.4000000,31.7991735),(77.7876229,-52.4000000,31.7941464),(77.6789619,-52.4000000,31.7788667),(76.6063245,-52.4000000,31.6937535),(78.6495693,-52.4000000,31.7991735),(77.6789619,-52.4000000,31.7788667),(76.6063245,-52.4000000,31.6937535),(77.6789619,-52.4000000,31.7788667),(77.5658360,-52.4000000,31.7737735),(76.6063245,-52.4000000,31.6937535),(77.5658360,-52.4000000,31.7737735),(77.4546944,-52.4000000,31.7788336),(76.6063245,-52.4000000,31.6937535),(77.4546944,-52.4000000,31.7788336),(77.3477532,-52.4000000,31.7940141),(76.6063245,-52.4000000,31.6937535),(77.3477532,-52.4000000,31.7940141),(77.2450121,-52.4000000,31.8193149),(76.6063245,-52.4000000,31.6937535),(77.2450121,-52.4000000,31.8193149),(77.1464714,-52.4000000,31.8547360),(76.6063245,-52.4000000,31.6937535),(77.1464714,-52.4000000,31.8547360),(77.0521309,-52.4000000,31.9002774),(76.6063245,-52.4000000,31.6937535),(77.0521309,-52.4000000,31.9002774),(76.9619907,-52.4000000,31.9559391),(76.6063245,-52.4000000,31.6937535),(76.9619907,-52.4000000,31.9559391),(76.8760507,-52.4000000,32.0217211),(76.6063245,-52.4000000,31.6937535),(76.8760507,-52.4000000,32.0217211),(76.7943110,-52.4000000,32.0976235),(76.6063245,-52.4000000,31.6937535),(76.7943110,-52.4000000,32.0976235),(76.7196489,-52.4000000,32.1806861),(76.6063245,-52.4000000,31.6937535),(76.7196489,-52.4000000,32.1806861),(76.6549417,-52.4000000,32.2679490),(76.6063245,-52.4000000,31.6937535),(76.6549417,-52.4000000,32.2679490),(76.6001895,-52.4000000,32.3594121),(76.6063245,-52.4000000,31.6937535),(76.6001895,-52.4000000,32.3594121),(76.5553922,-52.4000000,32.4550755),(76.6063245,-52.4000000,31.6937535),(76.5553922,-52.4000000,32.4550755),(76.5205499,-52.4000000,32.5549392),(76.6063245,-52.4000000,31.6937535),(76.5205499,-52.4000000,32.5549392),(76.4956625,-52.4000000,32.6590032),(76.4807301,-52.4000000,32.7672673),(76.6063245,-52.4000000,31.6937535),(76.4956625,-52.4000000,32.6590032),(68.2734047,-52.4000000,35.0284130),(68.3265860,-52.4000000,35.1879568),(68.3115047,-52.4000000,35.2678610),(68.2734047,-52.4000000,35.0284130),(68.3115047,-52.4000000,35.2678610),(68.2662610,-52.4000000,35.3361235),(68.2734047,-52.4000000,35.0284130),(68.2662610,-52.4000000,35.3361235),(68.1979985,-52.4000000,35.3853360),(68.2734047,-52.4000000,35.0284130),(68.1979985,-52.4000000,35.3853360),(68.1138610,-52.4000000,35.4017401),(68.2734047,-52.4000000,35.0284130),(68.1138610,-52.4000000,35.4017401),(65.4934276,-52.4000000,35.4017401),(68.2734047,-52.4000000,35.0284130),(65.4934276,-52.4000000,35.4017401),(65.4002943,-52.4000000,35.3813672),(68.2734047,-52.4000000,35.0284130),(65.4002943,-52.4000000,35.3813672),(65.3262110,-52.4000000,35.3202485),(68.2734047,-52.4000000,35.0284130),(65.3262110,-52.4000000,35.3202485),(65.2796443,-52.4000000,35.1879568),(68.2734047,-52.4000000,35.0284130),(65.2796443,-52.4000000,35.1879568),(65.2796443,-52.4000000,35.1720818),(68.2734047,-52.4000000,35.0284130),(65.2796443,-52.4000000,35.1720818),(65.3399693,-52.4000000,35.0429651),(68.2734047,-52.4000000,35.0284130),(65.3399693,-52.4000000,35.0429651),(65.4111422,-52.4000000,34.9921651),(68.2734047,-52.4000000,35.0284130),(65.4111422,-52.4000000,34.9921651),(65.4934276,-52.4000000,34.9752318),(68.2734047,-52.4000000,35.0284130),(65.4934276,-52.4000000,34.9752318),(66.5930360,-52.4000000,34.9752318),(66.5930360,-52.4000000,34.9752318),(66.5930360,-52.4000000,31.5610485),(66.6083818,-52.4000000,31.4790276),(66.5930360,-52.4000000,34.9752318),(66.6083818,-52.4000000,31.4790276),(66.6544193,-52.4000000,31.4107651),(66.5930360,-52.4000000,34.9752318),(66.6544193,-52.4000000,31.4107651),(66.7226818,-52.4000000,31.3647276),(66.5930360,-52.4000000,34.9752318),(66.7226818,-52.4000000,31.3647276),(66.8047026,-52.4000000,31.3493818),(66.5930360,-52.4000000,34.9752318),(66.8047026,-52.4000000,31.3493818),(66.8867235,-52.4000000,31.3647276),(66.5930360,-52.4000000,34.9752318),(66.8867235,-52.4000000,31.3647276),(66.9549860,-52.4000000,31.4107651),(66.5930360,-52.4000000,34.9752318),(66.9549860,-52.4000000,31.4107651),(67.0010235,-52.4000000,31.4790276),(66.5930360,-52.4000000,34.9752318),(67.0010235,-52.4000000,31.4790276),(67.0163693,-52.4000000,31.5610485),(66.5930360,-52.4000000,34.9752318),(67.0163693,-52.4000000,31.5610485),(67.0163693,-52.4000000,34.9752318),(68.2734047,-52.4000000,35.0284130),(66.5930360,-52.4000000,34.9752318),(67.0163693,-52.4000000,34.9752318),(68.2734047,-52.4000000,35.0284130),(67.0163693,-52.4000000,34.9752318),(68.1138610,-52.4000000,34.9752318),(68.2734047,-52.4000000,35.0284130),(68.1138610,-52.4000000,34.9752318),(68.2069282,-52.4000000,34.9885271)));
#1066=COMPLEX_TRIANGULATED_SURFACE_SET('surface set',#1065,3765,(),(),(),((1,2,3),(4,5,6),(7,8,9),(10,11,12),(13,14,15),(16,17,18),(19,20,21),(22,23,24),(25,26,27),(28,29,30),(31,32,33),(34,35,36),(37,38,39),(40,41,42),(43,44,45),(46,47,48),(49,50,51),(52,53,54),(55,56,57),(58,59,60),(61,62,63),(64,65,66),(67,68,69),(70,71,72),(73,74,75),(76,77,78),(79,80,81),(82,83,84),(85,86,87),(88,89,90),(91,92,93),(94,95,96),(97,98,99),(100,101,102),(103,104,105),(106,107,108),(109,110,111),(112,113,114),(115,116,117),(118,119,120),(121,122,123),(124,125,126),(127,128,129),(130,131,132),(133,134,135),(136,137,138),(139,140,141),(142,143,144),(145,146,147),(148,149,150),(151,152,153),(154,155,156),(157,158,159),(160,161,162),(163,164,165),(166,167,168),(169,170,171),(172,173,174),(175,176,177),(178,179,180),(181,182,183),(184,185,186),(187,188,189),(190,191,192),(193,194,195),(196,197,198),(199,200,201),(202,203,204),(205,206,207),(208,209,210),(211,212,213),(214,215,216),(217,218,219),(220,221,222),(223,224,225),(226,227,228),(229,230,231),(232,233,234),(235,236,237),(238,239,240),(241,242,243),(244,245,246),(247,248,249),(250,251,252),(253,254,255),(256,257,258),(259,260,261),(262,263,264),(265,266,267),(268,269,270),(271,272,273),(274,275,276),(277,278,279),(280,281,282),(283,284,285),(286,287,288),(289,290,291),(292,293,294),(295,296,297),(298,299,300),(301,302,303),(304,305,306),(307,308,309),(310,311,312),(313,314,315),(316,317,318),(319,320,321),(322,323,324),(325,326,327),(328,329,330),(331,332,333),(334,335,336),(337,338,339),(340,341,342),(343,344,345),(346,347,348),(349,350,351),(352,353,354),(355,356,357),(358,359,360),(361,362,363),(364,365,366),(367,368,369),(370,371,372),(373,374,375),(376,377,378),(379,380,381),(382,383,384),(385,386,387),(388,389,390),(391,392,393),(394,395,396),(397,398,399),(400,401,402),(403,404,405),(406,407,408),(409,410,411),(412,413,414),(415,416,417),(418,419,420),(421,422,423),(424,425,426),(427,428,429),(430,431,432),(433,434,435),(436,437,438),(439,440,441),(442,443,444),(445,446,447),(448,449,450),(451,452,453),(454,455,456),(457,458,459),(460,461,462),(463,464,465),(466,467,468),(469,470,471),(472,473,474),(475,476,477),(478,479,480),(481,482,483),(484,485,486),(487,488,489),(490,491,492),(493,494,495),(496,497,498),(499,500,501),(502,503,504),(505,506,507),(508,509,510),(511,512,513),(514,515,516),(517,518,519),(520,521,522),(523,524,525),(526,527,528),(529,530,531),(532,533,534),(535,536,537),(538,539,540),(541,542,543),(544,545,546),(547,548,549),(550,551,552),(553,554,555),(556,557,558),(559,560,561),(562,563,564),(565,566,567),(568,569,570),(571,572,573),(574,575,576),(577,578,579),(580,581,582),(583,584,585),(586,587,588),(589,590,591),(592,593,594),(595,596,597),(598,599,600),(601,602,603),(604,605,606),(607,608,609),(610,611,612),(613,614,615),(616,617,618),(619,620,621),(622,623,624),(625,626,627),(628,629,630),(631,632,633),(634,635,636),(637,638,639),(640,641,642),(643,644,645),(646,647,648),(649,650,651),(652,653,654),(655,656,657),(658,659,660),(661,662,663),(664,665,666),(667,668,669),(670,671,672),(673,674,675),(676,677,678),(679,680,681),(682,683,684),(685,686,687),(688,689,690),(691,692,693),(694,695,696),(697,698,699),(700,701,702),(703,704,705),(706,707,708),(709,710,711),(712,713,714),(715,716,717),(718,719,720),(721,722,723),(724,725,726),(727,728,729),(730,731,732),(733,734,735),(736,737,738),(739,740,741),(742,743,744),(745,746,747),(748,749,750),(751,752,753),(754,755,756),(757,758,759),(760,761,762),(763,764,765),(766,767,768),(769,770,771),(772,773,774),(775,776,777),(778,779,780),(781,782,783),(784,785,786),(787,788,789),(790,791,792),(793,794,795),(796,797,798),(799,800,801),(802,803,804),(805,806,807),(808,809,810),(811,812,813),(814,815,816),(817,818,819),(820,821,822),(823,824,825),(826,827,828),(829,830,831),(832,833,834),(835,836,837),(838,839,840),(841,842,843),(844,845,846),(847,848,849),(850,851,852),(853,854,855),(856,857,858),(859,860,861),(862,863,864),(865,866,867),(868,869,870),(871,872,873),(874,875,876),(877,878,879),(880,881,882),(883,884,885),(886,887,888),(889,890,891),(892,893,894),(895,896,897),(898,899,900),(901,902,903),(904,905,906),(907,908,909),(910,911,912),(913,914,915),(916,917,918),(919,920,921),(922,923,924),(925,926,927),(928,929,930),(931,932,933),(934,935,936),(937,938,939),(940,941,942),(943,944,945),(946,947,948),(949,950,951),(952,953,954),(955,956,957),(958,959,960),(961,962,963),(964,965,966),(967,968,969),(970,971,972),(973,974,975),(976,977,978),(979,980,981),(982,983,984),(985,986,987),(988,989,990),(991,992,993),(994,995,996),(997,998,999),(1000,1001,1002),(1003,1004,1005),(1006,1007,1008),(1009,1010,1011),(1012,1013,1014),(1015,1016,1017),(1018,1019,1020),(1021,1022,1023),(1024,1025,1026),(1027,1028,1029),(1030,1031,1032),(1033,1034,1035),(1036,1037,1038),(1039,1040,1041),(1042,1043,1044),(1045,1046,1047),(1048,1049,1050),(1051,1052,1053),(1054,1055,1056),(1057,1058,1059),(1060,1061,1062),(1063,1064,1065),(1066,1067,1068),(1069,1070,1071),(1072,1073,1074),(1075,1076,1077),(1078,1079,1080),(1081,1082,1083),(1084,1085,1086),(1087,1088,1089),(1090,1091,1092),(1093,1094,1095),(1096,1097,1098),(1099,1100,1101),(1102,1103,1104),(1105,1106,1107),(1108,1109,1110),(1111,1112,1113),(1114,1115,1116),(1117,1118,1119),(1120,1121,1122),(1123,1124,1125),(1126,1127,1128),(1129,1130,1131),(1132,1133,1134),(1135,1136,1137),(1138,1139,1140),(1141,1142,1143),(1144,1145,1146),(1147,1148,1149),(1150,1151,1152),(1153,1154,1155),(1156,1157,1158),(1159,1160,1161),(1162,1163,1164),(1165,1166,1167),(1168,1169,1170),(1171,1172,1173),(1174,1175,1176),(1177,1178,1179),(1180,1181,1182),(1183,1184,1185),(1186,1187,1188),(1189,1190,1191),(1192,1193,1194),(1195,1196,1197),(1198,1199,1200),(1201,1202,1203),(1204,1205,1206),(1207,1208,1209),(1210,1211,1212),(1213,1214,1215),(1216,1217,1218),(1219,1220,1221),(1222,1223,1224),(1225,1226,1227),(1228,1229,1230),(1231,1232,1233),(1234,1235,1236),(1237,1238,1239),(1240,1241,1242),(1243,1244,1245),(1246,1247,1248),(1249,1250,1251),(1252,1253,1254),(1255,1256,1257),(1258,1259,1260),(1261,1262,1263),(1264,1265,1266),(1267,1268,1269),(1270,1271,1272),(1273,1274,1275),(1276,1277,1278),(1279,1280,1281),(1282,1283,1284),(1285,1286,1287),(1288,1289,1290),(1291,1292,1293),(1294,1295,1296),(1297,1298,1299),(1300,1301,1302),(1303,1304,1305),(1306,1307,1308),(1309,1310,1311),(1312,1313,1314),(1315,1316,1317),(1318,1319,1320),(1321,1322,1323),(1324,1325,1326),(1327,1328,1329),(1330,1331,1332),(1333,1334,1335),(1336,1337,1338),(1339,1340,1341),(1342,1343,1344),(1345,1346,1347),(1348,1349,1350),(1351,1352,1353),(1354,1355,1356),(1357,1358,1359),(1360,1361,1362),(1363,1364,1365),(1366,1367,1368),(1369,1370,1371),(1372,1373,1374),(1375,1376,1377),(1378,1379,1380),(1381,1382,1383),(1384,1385,1386),(1387,1388,1389),(1390,1391,1392),(1393,1394,1395),(1396,1397,1398),(1399,1400,1401),(1402,1403,1404),(1405,1406,1407),(1408,1409,1410),(1411,1412,1413),(1414,1415,1416),(1417,1418,1419),(1420,1421,1422),(1423,1424,1425),(1426,1427,1428),(1429,1430,1431),(1432,1433,1434),(1435,1436,1437),(1438,1439,1440),(1441,1442,1443),(1444,1445,1446),(1447,1448,1449),(1450,1451,1452),(1453,1454,1455),(1456,1457,1458),(1459,1460,1461),(1462,1463,1464),(1465,1466,1467),(1468,1469,1470),(1471,1472,1473),(1474,1475,1476),(1477,1478,1479),(1480,1481,1482),(1483,1484,1485),(1486,1487,1488),(1489,1490,1491),(1492,1493,1494),(1495,1496,1497),(1498,1499,1500),(1501,1502,1503),(1504,1505,1506),(1507,1508,1509),(1510,1511,1512),(1513,1514,1515),(1516,1517,1518),(1519,1520,1521),(1522,1523,1524),(1525,1526,1527),(1528,1529,1530),(1531,1532,1533),(1534,1535,1536),(1537,1538,1539),(1540,1541,1542),(1543,1544,1545),(1546,1547,1548),(1549,1550,1551),(1552,1553,1554),(1555,1556,1557),(1558,1559,1560),(1561,1562,1563),(1564,1565,1566),(1567,1568,1569),(1570,1571,1572),(1573,1574,1575),(1576,1577,1578),(1579,1580,1581),(1582,1583,1584),(1585,1586,1587),(1588,1589,1590),(1591,1592,1593),(1594,1595,1596),(1597,1598,1599),(1600,1601,1602),(1603,1604,1605),(1606,1607,1608),(1609,1610,1611),(1612,1613,1614),(1615,1616,1617),(1618,1619,1620),(1621,1622,1623),(1624,1625,1626),(1627,1628,1629),(1630,1631,1632),(1633,1634,1635),(1636,1637,1638),(1639,1640,1641),(1642,1643,1644),(1645,1646,1647),(1648,1649,1650),(1651,1652,1653),(1654,1655,1656),(1657,1658,1659),(1660,1661,1662),(1663,1664,1665),(1666,1667,1668),(1669,1670,1671),(1672,1673,1674),(1675,1676,1677),(1678,1679,1680),(1681,1682,1683),(1684,1685,1686),(1687,1688,1689),(1690,1691,1692),(1693,1694,1695),(1696,1697,1698),(1699,1700,1701),(1702,1703,1704),(1705,1706,1707),(1708,1709,1710),(1711,1712,1713),(1714,1715,1716),(1717,1718,1719),(1720,1721,1722),(1723,1724,1725),(1726,1727,1728),(1729,1730,1731),(1732,1733,1734),(1735,1736,1737),(1738,1739,1740),(1741,1742,1743),(1744,1745,1746),(1747,1748,1749),(1750,1751,1752),(1753,1754,1755),(1756,1757,1758),(1759,1760,1761),(1762,1763,1764),(1765,1766,1767),(1768,1769,1770),(1771,1772,1773),(1774,1775,1776),(1777,1778,1779),(1780,1781,1782),(1783,1784,1785),(1786,1787,1788),(1789,1790,1791),(1792,1793,1794),(1795,1796,1797),(1798,1799,1800),(1801,1802,1803),(1804,1805,1806),(1807,1808,1809),(1810,1811,1812),(1813,1814,1815),(1816,1817,1818),(1819,1820,1821),(1822,1823,1824),(1825,1826,1827),(1828,1829,1830),(1831,1832,1833),(1834,1835,1836),(1837,1838,1839),(1840,1841,1842),(1843,1844,1845),(1846,1847,1848),(1849,1850,1851),(1852,1853,1854),(1855,1856,1857),(1858,1859,1860),(1861,1862,1863),(1864,1865,1866),(1867,1868,1869),(1870,1871,1872),(1873,1874,1875),(1876,1877,1878),(1879,1880,1881),(1882,1883,1884),(1885,1886,1887),(1888,1889,1890),(1891,1892,1893),(1894,1895,1896),(1897,1898,1899),(1900,1901,1902),(1903,1904,1905),(1906,1907,1908),(1909,1910,1911),(1912,1913,1914),(1915,1916,1917),(1918,1919,1920),(1921,1922,1923),(1924,1925,1926),(1927,1928,1929),(1930,1931,1932),(1933,1934,1935),(1936,1937,1938),(1939,1940,1941),(1942,1943,1944),(1945,1946,1947),(1948,1949,1950),(1951,1952,1953),(1954,1955,1956),(1957,1958,1959),(1960,1961,1962),(1963,1964,1965),(1966,1967,1968),(1969,1970,1971),(1972,1973,1974),(1975,1976,1977),(1978,1979,1980),(1981,1982,1983),(1984,1985,1986),(1987,1988,1989),(1990,1991,1992),(1993,1994,1995),(1996,1997,1998),(1999,2000,2001),(2002,2003,2004),(2005,2006,2007),(2008,2009,2010),(2011,2012,2013),(2014,2015,2016),(2017,2018,2019),(2020,2021,2022),(2023,2024,2025),(2026,2027,2028),(2029,2030,2031),(2032,2033,2034),(2035,2036,2037),(2038,2039,2040),(2041,2042,2043),(2044,2045,2046),(2047,2048,2049),(2050,2051,2052),(2053,2054,2055),(2056,2057,2058),(2059,2060,2061),(2062,2063,2064),(2065,2066,2067),(2068,2069,2070),(2071,2072,2073),(2074,2075,2076),(2077,2078,2079),(2080,2081,2082),(2083,2084,2085),(2086,2087,2088),(2089,2090,2091),(2092,2093,2094),(2095,2096,2097),(2098,2099,2100),(2101,2102,2103),(2104,2105,2106),(2107,2108,2109),(2110,2111,2112),(2113,2114,2115),(2116,2117,2118),(2119,2120,2121),(2122,2123,2124),(2125,2126,2127),(2128,2129,2130),(2131,2132,2133),(2134,2135,2136),(2137,2138,2139),(2140,2141,2142),(2143,2144,2145),(2146,2147,2148),(2149,2150,2151),(2152,2153,2154),(2155,2156,2157),(2158,2159,2160),(2161,2162,2163),(2164,2165,2166),(2167,2168,2169),(2170,2171,2172),(2173,2174,2175),(2176,2177,2178),(2179,2180,2181),(2182,2183,2184),(2185,2186,2187),(2188,2189,2190),(2191,2192,2193),(2194,2195,2196),(2197,2198,2199),(2200,2201,2202),(2203,2204,2205),(2206,2207,2208),(2209,2210,2211),(2212,2213,2214),(2215,2216,2217),(2218,2219,2220),(2221,2222,2223),(2224,2225,2226),(2227,2228,2229),(2230,2231,2232),(2233,2234,2235),(2236,2237,2238),(2239,2240,2241),(2242,2243,2244),(2245,2246,2247),(2248,2249,2250),(2251,2252,2253),(2254,2255,2256),(2257,2258,2259),(2260,2261,2262),(2263,2264,2265),(2266,2267,2268),(2269,2270,2271),(2272,2273,2274),(2275,2276,2277),(2278,2279,2280),(2281,2282,2283),(2284,2285,2286),(2287,2288,2289),(2290,2291,2292),(2293,2294,2295),(2296,2297,2298),(2299,2300,2301),(2302,2303,2304),(2305,2306,2307),(2308,2309,2310),(2311,2312,2313),(2314,2315,2316),(2317,2318,2319),(2320,2321,2322),(2323,2324,2325),(2326,2327,2328),(2329,2330,2331),(2332,2333,2334),(2335,2336,2337),(2338,2339,2340),(2341,2342,2343),(2344,2345,2346),(2347,2348,2349),(2350,2351,2352),(2353,2354,2355),(2356,2357,2358),(2359,2360,2361),(2362,2363,2364),(2365,2366,2367),(2368,2369,2370),(2371,2372,2373),(2374,2375,2376),(2377,2378,2379),(2380,2381,2382),(2383,2384,2385),(2386,2387,2388),(2389,2390,2391),(2392,2393,2394),(2395,2396,2397),(2398,2399,2400),(2401,2402,2403),(2404,2405,2406),(2407,2408,2409),(2410,2411,2412),(2413,2414,2415),(2416,2417,2418),(2419,2420,2421),(2422,2423,2424),(2425,2426,2427),(2428,2429,2430),(2431,2432,2433),(2434,2435,2436),(2437,2438,2439),(2440,2441,2442),(2443,2444,2445),(2446,2447,2448),(2449,2450,2451),(2452,2453,2454),(2455,2456,2457),(2458,2459,2460),(2461,2462,2463),(2464,2465,2466),(2467,2468,2469),(2470,2471,2472),(2473,2474,2475),(2476,2477,2478),(2479,2480,2481),(2482,2483,2484),(2485,2486,2487),(2488,2489,2490),(2491,2492,2493),(2494,2495,2496),(2497,2498,2499),(2500,2501,2502),(2503,2504,2505),(2506,2507,2508),(2509,2510,2511),(2512,2513,2514),(2515,2516,2517),(2518,2519,2520),(2521,2522,2523),(2524,2525,2526),(2527,2528,2529),(2530,2531,2532),(2533,2534,2535),(2536,2537,2538),(2539,2540,2541),(2542,2543,2544),(2545,2546,2547),(2548,2549,2550),(2551,2552,2553),(2554,2555,2556),(2557,2558,2559),(2560,2561,2562),(2563,2564,2565),(2566,2567,2568),(2569,2570,2571),(2572,2573,2574),(2575,2576,2577),(2578,2579,2580),(2581,2582,2583),(2584,2585,2586),(2587,2588,2589),(2590,2591,2592),(2593,2594,2595),(2596,2597,2598),(2599,2600,2601),(2602,2603,2604),(2605,2606,2607),(2608,2609,2610),(2611,2612,2613),(2614,2615,2616),(2617,2618,2619),(2620,2621,2622),(2623,2624,2625),(2626,2627,2628),(2629,2630,2631),(2632,2633,2634),(2635,2636,2637),(2638,2639,2640),(2641,2642,2643),(2644,2645,2646),(2647,2648,2649),(2650,2651,2652),(2653,2654,2655),(2656,2657,2658),(2659,2660,2661),(2662,2663,2664),(2665,2666,2667),(2668,2669,2670),(2671,2672,2673),(2674,2675,2676),(2677,2678,2679),(2680,2681,2682),(2683,2684,2685),(2686,2687,2688),(2689,2690,2691),(2692,2693,2694),(2695,2696,2697),(2698,2699,2700),(2701,2702,2703),(2704,2705,2706),(2707,2708,2709),(2710,2711,2712),(2713,2714,2715),(2716,2717,2718),(2719,2720,2721),(2722,2723,2724),(2725,2726,2727),(2728,2729,2730),(2731,2732,2733),(2734,2735,2736),(2737,2738,2739),(2740,2741,2742),(2743,2744,2745),(2746,2747,2748),(2749,2750,2751),(2752,2753,2754),(2755,2756,2757),(2758,2759,2760),(2761,2762,2763),(2764,2765,2766),(2767,2768,2769),(2770,2771,2772),(2773,2774,2775),(2776,2777,2778),(2779,2780,2781),(2782,2783,2784),(2785,2786,2787),(2788,2789,2790),(2791,2792,2793),(2794,2795,2796),(2797,2798,2799),(2800,2801,2802),(2803,2804,2805),(2806,2807,2808),(2809,2810,2811),(2812,2813,2814),(2815,2816,2817),(2818,2819,2820),(2821,2822,2823),(2824,2825,2826),(2827,2828,2829),(2830,2831,2832),(2833,2834,2835),(2836,2837,2838),(2839,2840,2841),(2842,2843,2844),(2845,2846,2847),(2848,2849,2850),(2851,2852,2853),(2854,2855,2856),(2857,2858,2859),(2860,2861,2862),(2863,2864,2865),(2866,2867,2868),(2869,2870,2871),(2872,2873,2874),(2875,2876,2877),(2878,2879,2880),(2881,2882,2883),(2884,2885,2886),(2887,2888,2889),(2890,2891,2892),(2893,2894,2895),(2896,2897,2898),(2899,2900,2901),(2902,2903,2904),(2905,2906,2907),(2908,2909,2910),(2911,2912,2913),(2914,2915,2916),(2917,2918,2919),(2920,2921,2922),(2923,2924,2925),(2926,2927,2928),(2929,2930,2931),(2932,2933,2934),(2935,2936,2937),(2938,2939,2940),(2941,2942,2943),(2944,2945,2946),(2947,2948,2949),(2950,2951,2952),(2953,2954,2955),(2956,2957,2958),(2959,2960,2961),(2962,2963,2964),(2965,2966,2967),(2968,2969,2970),(2971,2972,2973),(2974,2975,2976),(2977,2978,2979),(2980,2981,2982),(2983,2984,2985),(2986,2987,2988),(2989,2990,2991),(2992,2993,2994),(2995,2996,2997),(2998,2999,3000),(3001,3002,3003),(3004,3005,3006),(3007,3008,3009),(3010,3011,3012),(3013,3014,3015),(3016,3017,3018),(3019,3020,3021),(3022,3023,3024),(3025,3026,3027),(3028,3029,3030),(3031,3032,3033),(3034,3035,3036),(3037,3038,3039),(3040,3041,3042),(3043,3044,3045),(3046,3047,3048),(3049,3050,3051),(3052,3053,3054),(3055,3056,3057),(3058,3059,3060),(3061,3062,3063),(3064,3065,3066),(3067,3068,3069),(3070,3071,3072),(3073,3074,3075),(3076,3077,3078),(3079,3080,3081),(3082,3083,3084),(3085,3086,3087),(3088,3089,3090),(3091,3092,3093),(3094,3095,3096),(3097,3098,3099),(3100,3101,3102),(3103,3104,3105),(3106,3107,3108),(3109,3110,3111),(3112,3113,3114),(3115,3116,3117),(3118,3119,3120),(3121,3122,3123),(3124,3125,3126),(3127,3128,3129),(3130,3131,3132),(3133,3134,3135),(3136,3137,3138),(3139,3140,3141),(3142,3143,3144),(3145,3146,3147),(3148,3149,3150),(3151,3152,3153),(3154,3155,3156),(3157,3158,3159),(3160,3161,3162),(3163,3164,3165),(3166,3167,3168),(3169,3170,3171),(3172,3173,3174),(3175,3176,3177),(3178,3179,3180),(3181,3182,3183),(3184,3185,3186),(3187,3188,3189),(3190,3191,3192),(3193,3194,3195),(3196,3197,3198),(3199,3200,3201),(3202,3203,3204),(3205,3206,3207),(3208,3209,3210),(3211,3212,3213),(3214,3215,3216),(3217,3218,3219),(3220,3221,3222),(3223,3224,3225),(3226,3227,3228),(3229,3230,3231),(3232,3233,3234),(3235,3236,3237),(3238,3239,3240),(3241,3242,3243),(3244,3245,3246),(3247,3248,3249),(3250,3251,3252),(3253,3254,3255),(3256,3257,3258),(3259,3260,3261),(3262,3263,3264),(3265,3266,3267),(3268,3269,3270),(3271,3272,3273),(3274,3275,3276),(3277,3278,3279),(3280,3281,3282),(3283,3284,3285),(3286,3287,3288),(3289,3290,3291),(3292,3293,3294),(3295,3296,3297),(3298,3299,3300),(3301,3302,3303),(3304,3305,3306),(3307,3308,3309),(3310,3311,3312),(3313,3314,3315),(3316,3317,3318),(3319,3320,3321),(3322,3323,3324),(3325,3326,3327),(3328,3329,3330),(3331,3332,3333),(3334,3335,3336),(3337,3338,3339),(3340,3341,3342),(3343,3344,3345),(3346,3347,3348),(3349,3350,3351),(3352,3353,3354),(3355,3356,3357),(3358,3359,3360),(3361,3362,3363),(3364,3365,3366),(3367,3368,3369),(3370,3371,3372),(3373,3374,3375),(3376,3377,3378),(3379,3380,3381),(3382,3383,3384),(3385,3386,3387),(3388,3389,3390),(3391,3392,3393),(3394,3395,3396),(3397,3398,3399),(3400,3401,3402),(3403,3404,3405),(3406,3407,3408),(3409,3410,3411),(3412,3413,3414),(3415,3416,3417),(3418,3419,3420),(3421,3422,3423),(3424,3425,3426),(3427,3428,3429),(3430,3431,3432),(3433,3434,3435),(3436,3437,3438),(3439,3440,3441),(3442,3443,3444),(3445,3446,3447),(3448,3449,3450),(3451,3452,3453),(3454,3455,3456),(3457,3458,3459),(3460,3461,3462),(3463,3464,3465),(3466,3467,3468),(3469,3470,3471),(3472,3473,3474),(3475,3476,3477),(3478,3479,3480),(3481,3482,3483),(3484,3485,3486),(3487,3488,3489),(3490,3491,3492),(3493,3494,3495),(3496,3497,3498),(3499,3500,3501),(3502,3503,3504),(3505,3506,3507),(3508,3509,3510),(3511,3512,3513),(3514,3515,3516),(3517,3518,3519),(3520,3521,3522),(3523,3524,3525),(3526,3527,3528),(3529,3530,3531),(3532,3533,3534),(3535,3536,3537),(3538,3539,3540),(3541,3542,3543),(3544,3545,3546),(3547,3548,3549),(3550,3551,3552),(3553,3554,3555),(3556,3557,3558),(3559,3560,3561),(3562,3563,3564),(3565,3566,3567),(3568,3569,3570),(3571,3572,3573),(3574,3575,3576),(3577,3578,3579),(3580,3581,3582),(3583,3584,3585),(3586,3587,3588),(3589,3590,3591),(3592,3593,3594),(3595,3596,3597),(3598,3599,3600),(3601,3602,3603),(3604,3605,3606),(3607,3608,3609),(3610,3611,3612),(3613,3614,3615),(3616,3617,3618),(3619,3620,3621),(3622,3623,3624),(3625,3626,3627),(3628,3629,3630),(3631,3632,3633),(3634,3635,3636),(3637,3638,3639),(3640,3641,3642),(3643,3644,3645),(3646,3647,3648),(3649,3650,3651),(3652,3653,3654),(3655,3656,3657),(3658,3659,3660),(3661,3662,3663),(3664,3665,3666),(3667,3668,3669),(3670,3671,3672),(3673,3674,3675),(3676,3677,3678),(3679,3680,3681),(3682,3683,3684),(3685,3686,3687),(3688,3689,3690),(3691,3692,3693),(3694,3695,3696),(3697,3698,3699),(3700,3701,3702),(3703,3704,3705),(3706,3707,3708),(3709,3710,3711),(3712,3713,3714),(3715,3716,3717),(3718,3719,3720),(3721,3722,3723),(3724,3725,3726),(3727,3728,3729),(3730,3731,3732),(3733,3734,3735),(3736,3737,3738),(3739,3740,3741),(3742,3743,3744),(3745,3746,3747),(3748,3749,3750),(3751,3752,3753),(3754,3755,3756),(3757,3758,3759),(3760,3761,3762),(3763,3764,3765)));
#1067=TESSELLATED_GEOMETRIC_SET('hole callout',(#1066));
#1068=COORDINATES_LIST('coordinates',5,((53.8084776,-52.4000000,22.1384776),(82.0243026,-52.4000000,22.1384776),(41.0084776,-52.4000000,14.3384776),(48.8084776,-52.4000000,22.1384776),(53.8084776,-52.4000000,22.1384776)));
#1069=TESSELLATED_CURVE_SET('curve set',#1068,((1,2),(3,4,5)));
#1070=TESSELLATED_GEOMETRIC_SET('hole callout',(#1069));
#1071=TESSELLATED_ANNOTATION_OCCURRENCE('hole callout',(#1064),#1067);
#1072=TESSELLATED_ANNOTATION_OCCURRENCE('hole callout',(#1064),#1070);
#1073=DRAUGHTING_CALLOUT('hole callout',(#1071,#1072));
#1074=DRAUGHTING_MODEL_ITEM_ASSOCIATION('','',#1015,#1060,#1073);
#1075=DRAUGHTING_MODEL_ITEM_ASSOCIATION('','',#1023,#1060,#1073);
#1076=DRAUGHTING_MODEL_ITEM_ASSOCIATION('','',#1031,#1060,#1073);
#1077=DRAUGHTING_MODEL_ITEM_ASSOCIATION('','',#960,#1060,#1073);
ENDSEC;
END-ISO-10303-21;
