ISO-10303-21;
HEADER;
/*Generated by software containing ST-Developer
 * from STEP Tools, Inc. (www.steptools.com) 
 */
/*OPTION: using custom renumber hook */
/*description */
/*implementation_level */
FILE_DESCRIPTION(('STEP AP242 Edition 2','STEP AP242 Edition 2''CAx-IF Rec.Pracs.---Representation and Presentation of Product Manufa
cturing Information (PMI)---4.0---2014-10-13','STEP AP242 Edition 2''CAx-IF Rec.Pracs.---Representation and Presentation of Product Manufa
cturing Information (PMI)---4.0---2014-10-13''CAx-IF Rec.Pracs.---3D Tessellated Geometry---0.4---2014-09-14','STEP AP242 Edition 2''CAx-IF Rec.Pracs.---Representation and Presentation of Product Manufa
cturing Information (PMI)---4.0---2014-10-13''CAx-IF Rec.Pracs.---3D Tessellated Geometry---0.4---2014-09-14''2;1','STEP AP242 Edition 2''CAx-IF Rec.Pracs.---Representation and Presentation of Product Manufa
cturing Information (PMI)---4.0---2014-10-13''CAx-IF Rec.Pracs.---3D Tessellated Geometry---0.4---2014-09-14''2;1''CAx-IF Rec.Pracs.---User Defined Attributes---1.5---2016-08-15'),'2;1');
/*name */
/*time_stamp */
/*author */
/*organization */
/*preprocessor_version */
/*originating_system */
/*authorisation */
FILE_NAME('/vol/tmp/translate-3082687320702911351/Part Studio 1 - Part 2.step','2026-04-23T11:23:23',(''),(''),'ST-DEVELOPER v20','ONSHAPE BY PTC INC, 1.213','  ');
FILE_SCHEMA(('AP242_MANAGED_MODEL_BASED_3D_ENGINEERING_MIM_LF { 1 0 10303 442 3 1 4 }'));
ENDSEC;
DATA;
#10=SHAPE_REPRESENTATION_RELATIONSHIP('','',#2005,#11);
#11=ADVANCED_BREP_SHAPE_REPRESENTATION('',(#2003),#4057);
#12=(
B_SPLINE_SURFACE(3,2,((#3493,#3494,#3495),(#3496,#3497,#3498),(#3499,#3500,
#3501),(#3502,#3503,#3504),(#3505,#3506,#3507),(#3508,#3509,#3510),(#3511,
#3512,#3513),(#3514,#3515,#3516),(#3517,#3518,#3519),(#3520,#3521,#3522),(#3523,#3524,#3525),(#3526,#3527,#3528),(#3529,#3530,#3531),(#3532,#3533,
#3534),(#3535,#3536,#3537),(#3538,#3539,#3540),(#3541,#3542,#3543),(#3544,
#3545,#3546),(#3547,#3548,#3549)),.UNSPECIFIED.,.T.,.F.,.F.)
B_SPLINE_SURFACE_WITH_KNOTS((1,3,1,1,1,1,1,1,1,1,1,1,1,1,1,1,1,3,1),(3,3),(-0.00378580749774888,0.,0.00378580749774888,0.00757161499549776,0.0113574224932466,0.0151432299909955,0.0189290374887444,0.0227148449864933,0.0265006524842422,0.030286459981991,0.0340722674797399,0.0378580749774888,0.0416438824752377,0.0454296899729866,0.0492154974707354,0.0530013049684843,0.0567871124662332,0.0605729199639821,0.064358727461731),(0.,1.),.UNSPECIFIED.)
BOUNDED_SURFACE()
GEOMETRIC_REPRESENTATION_ITEM()
RATIONAL_B_SPLINE_SURFACE(((1.,0.707106781186548,1.),(1.,0.707106781186548,
1.),(1.,0.707106781186548,1.),(1.,0.707106781186547,1.),(1.,0.70710678118655,
1.),(1.,0.707106781186548,1.),(1.,0.707106781186545,1.),(1.,0.70710678118655,
1.),(1.,0.707106781186547,1.),(1.,0.707106781186548,1.),(1.,0.707106781186548,
1.),(1.,0.707106781186548,1.),(1.,0.707106781186548,1.),(1.,0.707106781186546,
1.),(1.,0.707106781186548,1.),(1.,0.707106781186548,1.),(1.,0.707106781186547,
1.),(1.,0.707106781186548,1.),(1.,0.707106781186548,1.)))
REPRESENTATION_ITEM('')
SURFACE()
);
#13=(
B_SPLINE_SURFACE(3,2,((#3550,#3551,#3552),(#3553,#3554,#3555),(#3556,#3557,
#3558),(#3559,#3560,#3561),(#3562,#3563,#3564),(#3565,#3566,#3567),(#3568,
#3569,#3570),(#3571,#3572,#3573),(#3574,#3575,#3576),(#3577,#3578,#3579),(#3580,#3581,#3582),(#3583,#3584,#3585),(#3586,#3587,#3588),(#3589,#3590,
#3591),(#3592,#3593,#3594),(#3595,#3596,#3597),(#3598,#3599,#3600),(#3601,
#3602,#3603),(#3604,#3605,#3606),(#3607,#3608,#3609),(#3610,#3611,#3612),(#3613,#3614,#3615),(#3616,#3617,#3618),(#3619,#3620,#3621)),.UNSPECIFIED.,.T.,.F.,.F.)
B_SPLINE_SURFACE_WITH_KNOTS((1,3,1,1,1,1,1,1,1,1,1,1,1,1,1,1,1,1,1,1,1,1,3,1),(3,3),(-0.00455949473972496,0.,0.00455949473972497,0.00911898947944994,0.0136784842191749,0.0182379789588999,0.0227974736986248,0.0250772210684873,0.0273569684383498,0.0296367158082123,0.0319164631780748,0.0341962105479373,0.0364759579177997,0.0387557052876622,0.0410354526575247,0.0433152000273872,0.0455949473972497,0.0501544421369747,0.0547139368766996,0.0592734316164246,0.0638329263561496,0.0683924210958745,0.0729519158355995,0.0775114105753245),(0.,1.),.UNSPECIFIED.)
BOUNDED_SURFACE()
GEOMETRIC_REPRESENTATION_ITEM()
RATIONAL_B_SPLINE_SURFACE(((1.,0.707106781186546,1.),(1.,0.707106781186547,
1.),(1.,0.707106781186547,1.),(1.,0.707106781186546,1.),(1.,0.707106781186546,
1.),(1.,0.707106781186546,1.),(1.,0.707106781186546,1.),(1.,0.707106781186546,
1.),(1.,0.707106781186546,1.),(1.,0.707106781186546,1.),(1.,0.707106781186546,
1.),(1.,0.707106781186546,1.),(1.,0.707106781186545,1.),(1.,0.707106781186547,
1.),(1.,0.707106781186546,1.),(1.,0.707106781186546,1.),(1.,0.707106781186546,
1.),(1.,0.707106781186546,1.),(1.,0.707106781186546,1.),(1.,0.707106781186546,
1.),(1.,0.707106781186546,1.),(1.,0.707106781186545,1.),(1.,0.707106781186546,
1.),(1.,0.707106781186546,1.)))
REPRESENTATION_ITEM('')
SURFACE()
);
#14=(
B_SPLINE_SURFACE(3,2,((#3622,#3623,#3624),(#3625,#3626,#3627),(#3628,#3629,
#3630),(#3631,#3632,#3633),(#3634,#3635,#3636),(#3637,#3638,#3639),(#3640,
#3641,#3642),(#3643,#3644,#3645),(#3646,#3647,#3648),(#3649,#3650,#3651),(#3652,#3653,#3654),(#3655,#3656,#3657),(#3658,#3659,#3660),(#3661,#3662,
#3663),(#3664,#3665,#3666),(#3667,#3668,#3669),(#3670,#3671,#3672),(#3673,
#3674,#3675),(#3676,#3677,#3678),(#3679,#3680,#3681),(#3682,#3683,#3684),(#3685,#3686,#3687)),.UNSPECIFIED.,.T.,.F.,.F.)
B_SPLINE_SURFACE_WITH_KNOTS((1,3,1,1,1,1,1,1,1,1,1,1,1,1,1,1,1,1,1,1,3,1),(3,3),(-0.00386434085558721,0.,0.00193217042779361,0.00386434085558721,0.00772868171117443,0.0115930225667616,0.0154573634223489,0.0193217042779361,0.0231860451335233,0.0270503859891105,0.0289825564169041,0.0309147268446977,0.0328468972724913,0.0347790677002849,0.0386434085558721,0.0425077494114593,0.0463720902670466,0.0502364311226338,0.054100771978221,0.0579651128338082,0.0618294536893954,0.063761624117189),(0.,1.),.UNSPECIFIED.)
BOUNDED_SURFACE()
GEOMETRIC_REPRESENTATION_ITEM()
RATIONAL_B_SPLINE_SURFACE(((1.,0.707106781186548,1.),(1.,0.707106781186548,
1.),(1.,0.707106781186548,1.),(1.,0.707106781186548,1.),(1.,0.707106781186548,
1.),(1.,0.707106781186548,1.),(1.,0.707106781186548,1.),(1.,0.707106781186548,
1.),(1.,0.707106781186548,1.),(1.,0.707106781186548,1.),(1.,0.707106781186548,
1.),(1.,0.707106781186548,1.),(1.,0.707106781186548,1.),(1.,0.707106781186547,
1.),(1.,0.707106781186548,1.),(1.,0.707106781186547,1.),(1.,0.707106781186548,
1.),(1.,0.707106781186547,1.),(1.,0.707106781186548,1.),(1.,0.707106781186547,
1.),(1.,0.707106781186548,1.),(1.,0.707106781186548,1.)))
REPRESENTATION_ITEM('')
SURFACE()
);
#15=(
B_SPLINE_SURFACE(3,2,((#3688,#3689,#3690),(#3691,#3692,#3693),(#3694,#3695,
#3696),(#3697,#3698,#3699),(#3700,#3701,#3702),(#3703,#3704,#3705),(#3706,
#3707,#3708),(#3709,#3710,#3711),(#3712,#3713,#3714),(#3715,#3716,#3717),(#3718,#3719,#3720),(#3721,#3722,#3723),(#3724,#3725,#3726),(#3727,#3728,
#3729),(#3730,#3731,#3732),(#3733,#3734,#3735),(#3736,#3737,#3738),(#3739,
#3740,#3741),(#3742,#3743,#3744)),.UNSPECIFIED.,.T.,.F.,.F.)
B_SPLINE_SURFACE_WITH_KNOTS((1,3,1,1,1,1,1,1,1,1,1,1,1,1,1,1,1,3,1),(3,3),(-0.00378580749774888,0.,0.00378580749774888,0.00757161499549775,0.0113574224932466,0.0151432299909955,0.0189290374887444,0.0227148449864933,0.0265006524842421,0.030286459981991,0.0340722674797399,0.0378580749774888,0.0416438824752376,0.0454296899729865,0.0492154974707354,0.0530013049684843,0.0567871124662332,0.060572919963982,0.0643587274617309),(0.,1.),.UNSPECIFIED.)
BOUNDED_SURFACE()
GEOMETRIC_REPRESENTATION_ITEM()
RATIONAL_B_SPLINE_SURFACE(((1.,0.707106781186547,1.),(1.,0.707106781186547,
1.),(1.,0.707106781186548,1.),(1.,0.707106781186548,1.),(1.,0.707106781186547,
1.),(1.,0.707106781186548,1.),(1.,0.707106781186546,1.),(1.,0.707106781186548,
1.),(1.,0.707106781186547,1.),(1.,0.707106781186548,1.),(1.,0.707106781186547,
1.),(1.,0.707106781186548,1.),(1.,0.707106781186547,1.),(1.,0.707106781186548,
1.),(1.,0.707106781186546,1.),(1.,0.707106781186547,1.),(1.,0.707106781186548,
1.),(1.,0.707106781186548,1.),(1.,0.707106781186547,1.)))
REPRESENTATION_ITEM('')
SURFACE()
);
#16=(
B_SPLINE_SURFACE(3,2,((#3745,#3746,#3747),(#3748,#3749,#3750),(#3751,#3752,
#3753),(#3754,#3755,#3756),(#3757,#3758,#3759),(#3760,#3761,#3762),(#3763,
#3764,#3765),(#3766,#3767,#3768),(#3769,#3770,#3771),(#3772,#3773,#3774),(#3775,#3776,#3777),(#3778,#3779,#3780),(#3781,#3782,#3783),(#3784,#3785,
#3786),(#3787,#3788,#3789),(#3790,#3791,#3792),(#3793,#3794,#3795),(#3796,
#3797,#3798),(#3799,#3800,#3801),(#3802,#3803,#3804),(#3805,#3806,#3807),(#3808,#3809,#3810),(#3811,#3812,#3813),(#3814,#3815,#3816)),.UNSPECIFIED.,.T.,.F.,.F.)
B_SPLINE_SURFACE_WITH_KNOTS((1,3,1,1,1,1,1,1,1,1,1,1,1,1,1,1,1,1,1,1,1,1,3,1),(3,3),(-0.00455949473972496,0.,0.00455949473972497,0.00911898947944993,0.0136784842191749,0.0182379789588999,0.0227974736986248,0.0250772210684873,0.0273569684383498,0.0296367158082123,0.0319164631780748,0.0341962105479373,0.0364759579177997,0.0387557052876622,0.0410354526575247,0.0433152000273872,0.0455949473972497,0.0501544421369746,0.0547139368766996,0.0592734316164246,0.0638329263561495,0.0683924210958745,0.0729519158355995,0.0775114105753244),(0.,1.),.UNSPECIFIED.)
BOUNDED_SURFACE()
GEOMETRIC_REPRESENTATION_ITEM()
RATIONAL_B_SPLINE_SURFACE(((1.,0.707106781186546,1.),(1.,0.707106781186546,
1.),(1.,0.707106781186547,1.),(1.,0.707106781186546,1.),(1.,0.707106781186546,
1.),(1.,0.707106781186546,1.),(1.,0.707106781186546,1.),(1.,0.707106781186546,
1.),(1.,0.707106781186546,1.),(1.,0.707106781186548,1.),(1.,0.707106781186545,
1.),(1.,0.707106781186546,1.),(1.,0.707106781186546,1.),(1.,0.707106781186546,
1.),(1.,0.707106781186545,1.),(1.,0.707106781186546,1.),(1.,0.707106781186546,
1.),(1.,0.707106781186546,1.),(1.,0.707106781186546,1.),(1.,0.707106781186546,
1.),(1.,0.707106781186546,1.),(1.,0.707106781186546,1.),(1.,0.707106781186546,
1.),(1.,0.707106781186546,1.)))
REPRESENTATION_ITEM('')
SURFACE()
);
#17=(
B_SPLINE_SURFACE(3,2,((#3817,#3818,#3819),(#3820,#3821,#3822),(#3823,#3824,
#3825),(#3826,#3827,#3828),(#3829,#3830,#3831),(#3832,#3833,#3834),(#3835,
#3836,#3837),(#3838,#3839,#3840),(#3841,#3842,#3843),(#3844,#3845,#3846),(#3847,#3848,#3849),(#3850,#3851,#3852),(#3853,#3854,#3855),(#3856,#3857,
#3858),(#3859,#3860,#3861),(#3862,#3863,#3864),(#3865,#3866,#3867),(#3868,
#3869,#3870),(#3871,#3872,#3873),(#3874,#3875,#3876),(#3877,#3878,#3879),(#3880,#3881,#3882)),.UNSPECIFIED.,.T.,.F.,.F.)
B_SPLINE_SURFACE_WITH_KNOTS((1,3,1,1,1,1,1,1,1,1,1,1,1,1,1,1,1,1,1,1,3,1),(3,3),(-0.00386434085558721,0.,0.00193217042779361,0.00386434085558721,0.00772868171117442,0.0115930225667616,0.0154573634223488,0.0193217042779361,0.0231860451335233,0.0270503859891105,0.0289825564169041,0.0309147268446977,0.0328468972724913,0.0347790677002849,0.0386434085558721,0.0425077494114593,0.0463720902670465,0.0502364311226338,0.054100771978221,0.0579651128338082,0.0618294536893954,0.063761624117189),(0.,1.),.UNSPECIFIED.)
BOUNDED_SURFACE()
GEOMETRIC_REPRESENTATION_ITEM()
RATIONAL_B_SPLINE_SURFACE(((1.,0.707106781186548,1.),(1.,0.707106781186548,
1.),(1.,0.707106781186547,1.),(1.,0.707106781186547,1.),(1.,0.707106781186548,
1.),(1.,0.707106781186547,1.),(1.,0.707106781186548,1.),(1.,0.707106781186547,
1.),(1.,0.707106781186548,1.),(1.,0.707106781186548,1.),(1.,0.707106781186548,
1.),(1.,0.707106781186548,1.),(1.,0.707106781186548,1.),(1.,0.707106781186545,
1.),(1.,0.707106781186548,1.),(1.,0.707106781186547,1.),(1.,0.707106781186548,
1.),(1.,0.707106781186547,1.),(1.,0.707106781186548,1.),(1.,0.707106781186547,
1.),(1.,0.707106781186548,1.),(1.,0.707106781186548,1.)))
REPRESENTATION_ITEM('')
SURFACE()
);
#18=B_SPLINE_SURFACE_WITH_KNOTS('',3,1,((#3103,#3104),(#3105,#3106),(#3107,
#3108),(#3109,#3110),(#3111,#3112),(#3113,#3114),(#3115,#3116),(#3117,#3118),(#3119,#3120),(#3121,#3122),(#3123,#3124),(#3125,#3126),(#3127,#3128),(#3129,
#3130),(#3131,#3132),(#3133,#3134),(#3135,#3136),(#3137,#3138),(#3139,#3140)),.SURF_OF_LINEAR_EXTRUSION.,.T.,.F.,.F.,(1,1,1,1,1,1,1,1,1,1,1,1,1,1,1,1,1,1,1,1,1,1,1),(2,2),(-1.17809724509617,-0.785398163397448,-0.392699081698725,0.,0.392699081698724,0.785398163397448,1.17809724509617,1.5707963267949,1.96349540849362,2.35619449019234,2.74889357189107,3.14159265358979,3.53429173528852,3.92699081698724,4.31968989868597,4.71238898038469,5.10508806208341,5.49778714378214,5.89048622548086,6.28318530717959,6.67588438887831,7.06858347057703,7.46128255227576),(0.,1.),.UNSPECIFIED.);
#19=B_SPLINE_SURFACE_WITH_KNOTS('',3,1,((#3165,#3166),(#3167,#3168),(#3169,
#3170),(#3171,#3172),(#3173,#3174),(#3175,#3176),(#3177,#3178),(#3179,#3180),(#3181,#3182),(#3183,#3184),(#3185,#3186),(#3187,#3188),(#3189,#3190),(#3191,
#3192),(#3193,#3194),(#3195,#3196),(#3197,#3198),(#3199,#3200),(#3201,#3202)),.SURF_OF_LINEAR_EXTRUSION.,.T.,.F.,.F.,(1,1,1,1,1,1,1,1,1,1,1,1,1,1,1,1,1,1,1,1,1,1,1),(2,2),(-1.17809724509617,-0.785398163397448,-0.392699081698725,0.,0.392699081698724,0.785398163397448,1.17809724509617,1.5707963267949,1.96349540849362,2.35619449019234,2.74889357189107,3.14159265358979,3.53429173528852,3.92699081698724,4.31968989868597,4.71238898038469,5.10508806208341,5.49778714378214,5.89048622548086,6.28318530717959,6.67588438887831,7.06858347057703,7.46128255227576),(0.,1.),.UNSPECIFIED.);
#20=B_SPLINE_SURFACE_WITH_KNOTS('',3,1,((#3298,#3299),(#3300,#3301),(#3302,
#3303),(#3304,#3305),(#3306,#3307),(#3308,#3309),(#3310,#3311),(#3312,#3313),(#3314,#3315),(#3316,#3317),(#3318,#3319),(#3320,#3321),(#3322,#3323),(#3324,
#3325),(#3326,#3327),(#3328,#3329),(#3330,#3331),(#3332,#3333),(#3334,#3335)),.SURF_OF_LINEAR_EXTRUSION.,.T.,.F.,.F.,(1,1,1,1,1,1,1,1,1,1,1,1,1,1,1,1,1,1,1,1,1,1,1),(2,2),(-1.17809724509617,-0.785398163397448,-0.392699081698725,0.,0.392699081698724,0.785398163397448,1.17809724509617,1.5707963267949,1.96349540849362,2.35619449019234,2.74889357189107,3.14159265358979,3.53429173528852,3.92699081698724,4.31968989868597,4.71238898038469,5.10508806208341,5.49778714378214,5.89048622548086,6.28318530717959,6.67588438887831,7.06858347057703,7.46128255227576),(0.,1.),.UNSPECIFIED.);
#21=B_SPLINE_SURFACE_WITH_KNOTS('',3,1,((#3383,#3384),(#3385,#3386),(#3387,
#3388),(#3389,#3390),(#3391,#3392),(#3393,#3394),(#3395,#3396),(#3397,#3398),(#3399,#3400),(#3401,#3402),(#3403,#3404),(#3405,#3406),(#3407,#3408),(#3409,
#3410),(#3411,#3412),(#3413,#3414),(#3415,#3416),(#3417,#3418),(#3419,#3420)),.SURF_OF_LINEAR_EXTRUSION.,.T.,.F.,.F.,(1,1,1,1,1,1,1,1,1,1,1,1,1,1,1,1,1,1,1,1,1,1,1),(2,2),(-1.17809724509617,-0.785398163397448,-0.392699081698725,0.,0.392699081698724,0.785398163397448,1.17809724509617,1.5707963267949,1.96349540849362,2.35619449019234,2.74889357189107,3.14159265358979,3.53429173528852,3.92699081698724,4.31968989868597,4.71238898038469,5.10508806208341,5.49778714378214,5.89048622548086,6.28318530717959,6.67588438887831,7.06858347057703,7.46128255227576),(0.,1.),.UNSPECIFIED.);
#22=B_SPLINE_SURFACE_WITH_KNOTS('',3,1,((#3883,#3884),(#3885,#3886),(#3887,
#3888),(#3889,#3890),(#3891,#3892),(#3893,#3894),(#3895,#3896),(#3897,#3898),(#3899,#3900),(#3901,#3902),(#3903,#3904)),.SURF_OF_LINEAR_EXTRUSION.,.T.,.F.,.F.,(1,1,1,1,1,1,1,1,1,1,1,1,1,1,1),(2,2),(-2.35619449019234,-1.5707963267949,-0.785398163397448,0.,0.785398163397448,1.5707963267949,2.35619449019234,3.14159265358979,3.92699081698724,4.71238898038469,5.49778714378214,6.28318530717959,7.06858347057703,7.85398163397448,8.63937979737193),(0.,1.),.UNSPECIFIED.);
#23=B_SPLINE_SURFACE_WITH_KNOTS('',3,1,((#3905,#3906),(#3907,#3908),(#3909,
#3910),(#3911,#3912),(#3913,#3914),(#3915,#3916),(#3917,#3918),(#3919,#3920),(#3921,#3922),(#3923,#3924),(#3925,#3926)),.SURF_OF_LINEAR_EXTRUSION.,.T.,.F.,.F.,(1,1,1,1,1,1,1,1,1,1,1,1,1,1,1),(2,2),(-2.35619449019234,-1.5707963267949,-0.785398163397448,0.,0.785398163397448,1.5707963267949,2.35619449019234,3.14159265358979,3.92699081698724,4.71238898038469,5.49778714378214,6.28318530717959,7.06858347057703,7.85398163397448,8.63937979737193),(0.,1.),.UNSPECIFIED.);
#24=SPHERICAL_SURFACE('',#2041,6.);
#25=SPHERICAL_SURFACE('',#2043,6.);
#26=SPHERICAL_SURFACE('',#2053,6.);
#27=SPHERICAL_SURFACE('',#2055,6.);
#28=SPHERICAL_SURFACE('',#2069,2.);
#29=SPHERICAL_SURFACE('',#2071,2.);
#30=SPHERICAL_SURFACE('',#2081,2.);
#31=SPHERICAL_SURFACE('',#2083,2.);
#32=CYLINDRICAL_SURFACE('',#2034,6.);
#33=CYLINDRICAL_SURFACE('',#2036,6.);
#34=CYLINDRICAL_SURFACE('',#2038,6.);
#35=CYLINDRICAL_SURFACE('',#2045,6.);
#36=CYLINDRICAL_SURFACE('',#2047,6.);
#37=CYLINDRICAL_SURFACE('',#2049,6.);
#38=CYLINDRICAL_SURFACE('',#2051,6.);
#39=CYLINDRICAL_SURFACE('',#2057,6.);
#40=CYLINDRICAL_SURFACE('',#2062,2.);
#41=CYLINDRICAL_SURFACE('',#2064,2.);
#42=CYLINDRICAL_SURFACE('',#2066,2.);
#43=CYLINDRICAL_SURFACE('',#2073,2.);
#44=CYLINDRICAL_SURFACE('',#2075,2.);
#45=CYLINDRICAL_SURFACE('',#2077,2.);
#46=CYLINDRICAL_SURFACE('',#2079,2.);
#47=CYLINDRICAL_SURFACE('',#2085,2.);
#48=CYLINDRICAL_SURFACE('',#2088,1.25);
#49=CYLINDRICAL_SURFACE('',#2091,1.25);
#50=CYLINDRICAL_SURFACE('',#2094,1.25);
#51=CYLINDRICAL_SURFACE('',#2097,1.25);
#52=CYLINDRICAL_SURFACE('',#2100,1.25);
#53=CYLINDRICAL_SURFACE('',#2103,1.25);
#54=CIRCLE('',#2016,1.25);
#55=CIRCLE('',#2017,1.25);
#56=CIRCLE('',#2018,1.25);
#57=CIRCLE('',#2019,1.25);
#58=CIRCLE('',#2020,1.25);
#59=CIRCLE('',#2021,1.25);
#60=CIRCLE('',#2022,2.);
#61=CIRCLE('',#2023,2.);
#62=CIRCLE('',#2024,2.);
#63=CIRCLE('',#2025,2.);
#64=CIRCLE('',#2026,6.);
#65=CIRCLE('',#2027,6.);
#66=CIRCLE('',#2028,6.);
#67=CIRCLE('',#2029,6.);
#68=CIRCLE('',#2035,6.);
#69=CIRCLE('',#2037,6.);
#70=CIRCLE('',#2039,6.);
#71=CIRCLE('',#2040,6.);
#72=CIRCLE('',#2042,6.);
#73=CIRCLE('',#2044,6.);
#74=CIRCLE('',#2046,6.);
#75=CIRCLE('',#2048,6.);
#76=CIRCLE('',#2050,6.);
#77=CIRCLE('',#2052,6.);
#78=CIRCLE('',#2054,6.);
#79=CIRCLE('',#2056,6.);
#80=CIRCLE('',#2063,2.);
#81=CIRCLE('',#2065,2.);
#82=CIRCLE('',#2067,2.);
#83=CIRCLE('',#2068,2.);
#84=CIRCLE('',#2070,2.);
#85=CIRCLE('',#2072,2.);
#86=CIRCLE('',#2074,2.);
#87=CIRCLE('',#2076,2.);
#88=CIRCLE('',#2078,2.);
#89=CIRCLE('',#2080,2.);
#90=CIRCLE('',#2082,2.);
#91=CIRCLE('',#2084,2.);
#92=CIRCLE('',#2087,1.25);
#93=CIRCLE('',#2090,1.25);
#94=CIRCLE('',#2093,1.25);
#95=CIRCLE('',#2096,1.25);
#96=CIRCLE('',#2099,1.25);
#97=CIRCLE('',#2102,1.25);
#98=B_SPLINE_CURVE_WITH_KNOTS('',3,(#2860,#2861,#2862,#2863,#2864,#2865,#2866,#2867,#2868,#2869,#2870,#2871,#2872,#2873,#2874,#2875,#2876,#2877,#2878,#2879,#2880,#2881,#2882),.UNSPECIFIED.,.T.,.F.,(1,1,1,1,1,1,1,1,1,1,1,1,1,1,1,1,1,1,1,1,1,1,1,1,1,1,1),(-0.00925279164352112,-0.00462639582176057,-0.00231319791088029,0.,0.00231319791088028,0.00462639582176056,0.00693959373264084,0.00925279164352112,0.0138791874652817,0.0185055832870422,0.0231319791088028,0.0277583749305634,0.0323847707523239,0.0370111665740845,0.0393243644849648,0.041637562395845,0.0462639582176056,0.0508903540393662,0.0555167498611267,0.0601431456828873,0.0647695415046478,0.0693959373264084,0.0717091352372887,0.074022333148169,0.0763355310590492,0.0786487289699295,0.0809619268808098),.UNSPECIFIED.);
#99=B_SPLINE_CURVE_WITH_KNOTS('',3,(#2884,#2885,#2886,#2887,#2888,#2889,#2890,#2891,#2892,#2893,#2894,#2895,#2896,#2897,#2898,#2899,#2900,#2901,#2902,#2903,#2904,#2905,#2906),.UNSPECIFIED.,.T.,.F.,(1,1,1,1,1,1,1,1,1,1,1,1,1,1,1,1,1,1,1,1,1,1,1,1,1,1,1),(-0.00925279164352111,-0.00462639582176055,-0.00231319791088028,0.,0.00231319791088028,0.00462639582176056,0.00693959373264083,0.00925279164352111,0.0138791874652817,0.0185055832870422,0.0231319791088028,0.0277583749305633,0.0323847707523239,0.0370111665740844,0.0393243644849647,0.041637562395845,0.0462639582176056,0.0508903540393661,0.0555167498611267,0.0601431456828872,0.0647695415046478,0.0693959373264083,0.0717091352372886,0.0740223331481689,0.0763355310590492,0.0786487289699294,0.0809619268808097),.UNSPECIFIED.);
#100=B_SPLINE_CURVE_WITH_KNOTS('',3,(#3141,#3142,#3143,#3144,#3145,#3146,#3147,#3148,#3149,#3150,#3151,#3152,#3153,#3154,#3155,#3156,#3157,#3158,#3159,#3160,#3161),.UNSPECIFIED.,.T.,.F.,(1,1,1,1,1,1,1,1,1,1,1,1,1,1,1,1,1,1,1,1,1,1,1,1,1),(-0.00698237270230589,-0.00349118635115295,-0.00174559317557647,0.,0.00349118635115295,0.0069823727023059,0.0104735590534588,0.0139647454046118,0.0174559317557647,0.0209471181069177,0.0244383044580706,0.0261838976336471,0.0279294908092236,0.0314206771603765,0.0349118635115295,0.0384030498626824,0.0418942362138354,0.0453854225649883,0.0488766089161413,0.0523677952672942,0.0541133884428707,0.0558589816184472,0.0593501679696001,0.0628413543207531,0.066332540671906),.UNSPECIFIED.);
#101=B_SPLINE_CURVE_WITH_KNOTS('',3,(#3203,#3204,#3205,#3206,#3207,#3208,#3209,#3210,#3211,#3212,#3213,#3214,#3215,#3216,#3217,#3218,#3219,#3220,#3221,#3222,#3223,#3224,#3225),.UNSPECIFIED.,.T.,.F.,(1,1,1,1,1,1,1,1,1,1,1,1,1,1,1,1,1,1,1,1,1,1,1,1,1,1,1),(-0.00639521040843617,-0.00426347360562411,-0.00213173680281205,0.,0.00213173680281206,0.00426347360562411,0.00852694721124823,0.0127904208168723,0.0170538944224965,0.0213173680281206,0.0255808416337447,0.0298443152393688,0.0319760520421809,0.0341077888449929,0.038371262450617,0.0426347360562411,0.0468982096618653,0.0511616832674894,0.0554251568731135,0.0596886304787376,0.0618203672815497,0.0639521040843617,0.0660838408871738,0.0682155776899858,0.0703473144927979,0.0724790512956099,0.0767425249012341),.UNSPECIFIED.);
#102=B_SPLINE_CURVE_WITH_KNOTS('',3,(#3227,#3228,#3229,#3230,#3231,#3232,#3233,#3234,#3235,#3236,#3237,#3238,#3239,#3240,#3241,#3242,#3243,#3244,#3245,#3246,#3247,#3248),.UNSPECIFIED.,.T.,.F.,(1,1,1,1,1,1,1,1,1,1,1,1,1,1,1,1,1,1,1,1,1,1,1,1,1,1),(-0.00854299764325921,-0.00427149882162961,-0.00213574941081481,0.,0.0021357494108148,0.00427149882162961,0.00854299764325922,0.0128144964648888,0.0170859952865184,0.021357494108148,0.0234932435189628,0.0256289929297776,0.0299004917514073,0.0341719905730369,0.0384434893946665,0.0427149882162961,0.0469864870379257,0.0512579858595553,0.0555294846811849,0.0598009835028145,0.0640724823244441,0.0662082317352589,0.0683439811460737,0.0704797305568885,0.0726154799677033,0.0768869787893329),.UNSPECIFIED.);
#103=B_SPLINE_CURVE_WITH_KNOTS('',3,(#3251,#3252,#3253,#3254,#3255,#3256,#3257,#3258,#3259,#3260,#3261,#3262,#3263,#3264,#3265,#3266,#3267,#3268,#3269,#3270,#3271),.UNSPECIFIED.,.T.,.F.,(1,1,1,1,1,1,1,1,1,1,1,1,1,1,1,1,1,1,1,1,1,1,1,1,1),(-0.0114648334486641,-0.00764322229910937,-0.00382161114955468,0.,0.00191080557477734,0.00382161114955469,0.00764322229910937,0.0114648334486641,0.0152864445982187,0.0191080557477734,0.0229296668973281,0.0267512780468828,0.0305728891964375,0.0324836947712148,0.0343945003459922,0.0382161114955469,0.0420377226451015,0.0458593337946562,0.0496809449442109,0.0535025560937656,0.0573241672433203,0.061145778392875,0.0630565839676523,0.0649673895424297,0.0687890006919843),.UNSPECIFIED.);
#104=B_SPLINE_CURVE_WITH_KNOTS('',3,(#3273,#3274,#3275,#3276,#3277,#3278,#3279,#3280,#3281,#3282,#3283,#3284,#3285,#3286,#3287,#3288,#3289,#3290,#3291,#3292,#3293),.UNSPECIFIED.,.T.,.F.,(1,1,1,1,1,1,1,1,1,1,1,1,1,1,1,1,1,1,1,1,1,1,1,1,1),(-0.00782638897861199,-0.00391319448930599,-0.001956597244653,0.,0.001956597244653,0.00391319448930599,0.00782638897861198,0.011739583467918,0.015652777957224,0.01956597244653,0.023479166935836,0.0273923614251419,0.0313055559144479,0.0352187504037539,0.0391319448930599,0.0430451393823659,0.0469583338716719,0.0508715283609779,0.0547847228502839,0.0586979173395899,0.0606545145842429,0.0626111118288959,0.0645677090735489,0.0665243063182019,0.0704375008075079),.UNSPECIFIED.);
#105=B_SPLINE_CURVE_WITH_KNOTS('',3,(#3336,#3337,#3338,#3339,#3340,#3341,#3342,#3343,#3344,#3345,#3346,#3347,#3348,#3349,#3350,#3351,#3352,#3353,#3354,#3355,#3356,#3357,#3358),.UNSPECIFIED.,.T.,.F.,(1,1,1,1,1,1,1,1,1,1,1,1,1,1,1,1,1,1,1,1,1,1,1,1,1,1,1),(-0.00639521040843617,-0.00426347360562411,-0.00213173680281205,0.,0.00213173680281205,0.00426347360562411,0.00852694721124822,0.0127904208168723,0.0170538944224964,0.0213173680281205,0.0255808416337447,0.0298443152393688,0.0319760520421808,0.0341077888449929,0.038371262450617,0.0426347360562411,0.0468982096618652,0.0511616832674893,0.0554251568731134,0.0596886304787375,0.0618203672815496,0.0639521040843616,0.0660838408871737,0.0682155776899857,0.0703473144927978,0.0724790512956099,0.076742524901234),.UNSPECIFIED.);
#106=B_SPLINE_CURVE_WITH_KNOTS('',3,(#3360,#3361,#3362,#3363,#3364,#3365,#3366,#3367,#3368,#3369,#3370,#3371,#3372,#3373,#3374,#3375,#3376,#3377,#3378,#3379,#3380,#3381),.UNSPECIFIED.,.T.,.F.,(1,1,1,1,1,1,1,1,1,1,1,1,1,1,1,1,1,1,1,1,1,1,1,1,1,1),(-0.00854299764325921,-0.00427149882162961,-0.00213574941081481,0.,0.0021357494108148,0.00427149882162961,0.00854299764325922,0.0128144964648888,0.0170859952865184,0.021357494108148,0.0234932435189628,0.0256289929297776,0.0299004917514073,0.0341719905730369,0.0384434893946665,0.0427149882162961,0.0469864870379257,0.0512579858595553,0.0555294846811849,0.0598009835028145,0.0640724823244441,0.0662082317352589,0.0683439811460737,0.0704797305568885,0.0726154799677033,0.0768869787893329),.UNSPECIFIED.);
#107=B_SPLINE_CURVE_WITH_KNOTS('',3,(#3421,#3422,#3423,#3424,#3425,#3426,#3427,#3428,#3429,#3430,#3431,#3432,#3433,#3434,#3435,#3436,#3437,#3438,#3439,#3440,#3441),.UNSPECIFIED.,.T.,.F.,(1,1,1,1,1,1,1,1,1,1,1,1,1,1,1,1,1,1,1,1,1,1,1,1,1),(-0.0069823727023059,-0.00349118635115295,-0.00174559317557648,0.,0.00349118635115295,0.0069823727023059,0.0104735590534589,0.0139647454046118,0.0174559317557648,0.0209471181069177,0.0244383044580707,0.0261838976336471,0.0279294908092236,0.0314206771603766,0.0349118635115295,0.0384030498626824,0.0418942362138354,0.0453854225649884,0.0488766089161413,0.0523677952672943,0.0541133884428707,0.0558589816184472,0.0593501679696002,0.0628413543207531,0.0663325406719061),.UNSPECIFIED.);
#108=B_SPLINE_CURVE_WITH_KNOTS('',3,(#3446,#3447,#3448,#3449,#3450,#3451,#3452,#3453,#3454,#3455,#3456,#3457,#3458,#3459,#3460,#3461,#3462,#3463,#3464,#3465,#3466),.UNSPECIFIED.,.T.,.F.,(1,1,1,1,1,1,1,1,1,1,1,1,1,1,1,1,1,1,1,1,1,1,1,1,1),(-0.0114648334486641,-0.00764322229910937,-0.00382161114955468,0.,0.00191080557477734,0.00382161114955469,0.00764322229910937,0.0114648334486641,0.0152864445982187,0.0191080557477734,0.0229296668973281,0.0267512780468828,0.0305728891964375,0.0324836947712148,0.0343945003459922,0.0382161114955469,0.0420377226451015,0.0458593337946562,0.0496809449442109,0.0535025560937656,0.0573241672433203,0.061145778392875,0.0630565839676523,0.0649673895424297,0.0687890006919843),.UNSPECIFIED.);
#109=B_SPLINE_CURVE_WITH_KNOTS('',3,(#3468,#3469,#3470,#3471,#3472,#3473,#3474,#3475,#3476,#3477,#3478,#3479,#3480,#3481,#3482,#3483,#3484,#3485,#3486,#3487,#3488),.UNSPECIFIED.,.T.,.F.,(1,1,1,1,1,1,1,1,1,1,1,1,1,1,1,1,1,1,1,1,1,1,1,1,1),(-0.00782638897861199,-0.00391319448930599,-0.001956597244653,0.,0.001956597244653,0.00391319448930599,0.00782638897861199,0.011739583467918,0.015652777957224,0.01956597244653,0.023479166935836,0.027392361425142,0.0313055559144479,0.0352187504037539,0.0391319448930599,0.0430451393823659,0.0469583338716719,0.0508715283609779,0.0547847228502839,0.0586979173395899,0.0606545145842429,0.0626111118288959,0.0645677090735489,0.0665243063182019,0.0704375008075079),.UNSPECIFIED.);
#110=ELLIPSE('',#2012,9.,6.5);
#111=ELLIPSE('',#2013,9.,6.5);
#112=ELLIPSE('',#2104,10.,7.5);
#113=ELLIPSE('',#2107,9.,6.5);
#114=ELLIPSE('',#2108,10.,7.5);
#115=ELLIPSE('',#2111,9.,6.5);
#116=ORIENTED_EDGE('',*,*,#656,.T.);
#117=ORIENTED_EDGE('',*,*,#657,.T.);
#118=ORIENTED_EDGE('',*,*,#658,.F.);
#119=ORIENTED_EDGE('',*,*,#659,.F.);
#120=ORIENTED_EDGE('',*,*,#660,.T.);
#121=ORIENTED_EDGE('',*,*,#661,.T.);
#122=ORIENTED_EDGE('',*,*,#662,.F.);
#123=ORIENTED_EDGE('',*,*,#663,.F.);
#124=ORIENTED_EDGE('',*,*,#664,.T.);
#125=ORIENTED_EDGE('',*,*,#665,.T.);
#126=ORIENTED_EDGE('',*,*,#666,.T.);
#127=ORIENTED_EDGE('',*,*,#667,.F.);
#128=ORIENTED_EDGE('',*,*,#668,.T.);
#129=ORIENTED_EDGE('',*,*,#669,.T.);
#130=ORIENTED_EDGE('',*,*,#670,.T.);
#131=ORIENTED_EDGE('',*,*,#671,.F.);
#132=ORIENTED_EDGE('',*,*,#672,.T.);
#133=ORIENTED_EDGE('',*,*,#673,.T.);
#134=ORIENTED_EDGE('',*,*,#674,.T.);
#135=ORIENTED_EDGE('',*,*,#675,.F.);
#136=ORIENTED_EDGE('',*,*,#676,.T.);
#137=ORIENTED_EDGE('',*,*,#677,.T.);
#138=ORIENTED_EDGE('',*,*,#678,.T.);
#139=ORIENTED_EDGE('',*,*,#679,.F.);
#140=ORIENTED_EDGE('',*,*,#680,.T.);
#141=ORIENTED_EDGE('',*,*,#681,.T.);
#142=ORIENTED_EDGE('',*,*,#682,.T.);
#143=ORIENTED_EDGE('',*,*,#683,.F.);
#144=ORIENTED_EDGE('',*,*,#684,.T.);
#145=ORIENTED_EDGE('',*,*,#685,.T.);
#146=ORIENTED_EDGE('',*,*,#686,.F.);
#147=ORIENTED_EDGE('',*,*,#687,.F.);
#148=ORIENTED_EDGE('',*,*,#688,.T.);
#149=ORIENTED_EDGE('',*,*,#689,.T.);
#150=ORIENTED_EDGE('',*,*,#690,.F.);
#151=ORIENTED_EDGE('',*,*,#691,.F.);
#152=ORIENTED_EDGE('',*,*,#692,.T.);
#153=ORIENTED_EDGE('',*,*,#693,.F.);
#154=ORIENTED_EDGE('',*,*,#694,.F.);
#155=ORIENTED_EDGE('',*,*,#695,.F.);
#156=ORIENTED_EDGE('',*,*,#696,.T.);
#157=ORIENTED_EDGE('',*,*,#697,.T.);
#158=ORIENTED_EDGE('',*,*,#698,.F.);
#159=ORIENTED_EDGE('',*,*,#699,.F.);
#160=ORIENTED_EDGE('',*,*,#700,.F.);
#161=ORIENTED_EDGE('',*,*,#701,.F.);
#162=ORIENTED_EDGE('',*,*,#702,.T.);
#163=ORIENTED_EDGE('',*,*,#703,.F.);
#164=ORIENTED_EDGE('',*,*,#704,.F.);
#165=ORIENTED_EDGE('',*,*,#705,.F.);
#166=ORIENTED_EDGE('',*,*,#706,.T.);
#167=ORIENTED_EDGE('',*,*,#707,.T.);
#168=ORIENTED_EDGE('',*,*,#708,.F.);
#169=ORIENTED_EDGE('',*,*,#709,.F.);
#170=ORIENTED_EDGE('',*,*,#710,.T.);
#171=ORIENTED_EDGE('',*,*,#711,.T.);
#172=ORIENTED_EDGE('',*,*,#712,.F.);
#173=ORIENTED_EDGE('',*,*,#713,.F.);
#174=ORIENTED_EDGE('',*,*,#714,.F.);
#175=ORIENTED_EDGE('',*,*,#715,.F.);
#176=ORIENTED_EDGE('',*,*,#716,.T.);
#177=ORIENTED_EDGE('',*,*,#717,.F.);
#178=ORIENTED_EDGE('',*,*,#718,.F.);
#179=ORIENTED_EDGE('',*,*,#719,.T.);
#180=ORIENTED_EDGE('',*,*,#720,.T.);
#181=ORIENTED_EDGE('',*,*,#721,.F.);
#182=ORIENTED_EDGE('',*,*,#722,.F.);
#183=ORIENTED_EDGE('',*,*,#723,.T.);
#184=ORIENTED_EDGE('',*,*,#724,.T.);
#185=ORIENTED_EDGE('',*,*,#725,.T.);
#186=ORIENTED_EDGE('',*,*,#726,.T.);
#187=ORIENTED_EDGE('',*,*,#727,.T.);
#188=ORIENTED_EDGE('',*,*,#728,.F.);
#189=ORIENTED_EDGE('',*,*,#729,.T.);
#190=ORIENTED_EDGE('',*,*,#730,.T.);
#191=ORIENTED_EDGE('',*,*,#731,.T.);
#192=ORIENTED_EDGE('',*,*,#732,.F.);
#193=ORIENTED_EDGE('',*,*,#733,.T.);
#194=ORIENTED_EDGE('',*,*,#734,.T.);
#195=ORIENTED_EDGE('',*,*,#735,.F.);
#196=ORIENTED_EDGE('',*,*,#736,.F.);
#197=ORIENTED_EDGE('',*,*,#737,.T.);
#198=ORIENTED_EDGE('',*,*,#738,.T.);
#199=ORIENTED_EDGE('',*,*,#739,.T.);
#200=ORIENTED_EDGE('',*,*,#740,.T.);
#201=ORIENTED_EDGE('',*,*,#741,.T.);
#202=ORIENTED_EDGE('',*,*,#742,.F.);
#203=ORIENTED_EDGE('',*,*,#743,.T.);
#204=ORIENTED_EDGE('',*,*,#744,.T.);
#205=ORIENTED_EDGE('',*,*,#745,.F.);
#206=ORIENTED_EDGE('',*,*,#746,.T.);
#207=ORIENTED_EDGE('',*,*,#747,.T.);
#208=ORIENTED_EDGE('',*,*,#748,.T.);
#209=ORIENTED_EDGE('',*,*,#749,.T.);
#210=ORIENTED_EDGE('',*,*,#750,.T.);
#211=ORIENTED_EDGE('',*,*,#751,.T.);
#212=ORIENTED_EDGE('',*,*,#752,.T.);
#213=ORIENTED_EDGE('',*,*,#753,.T.);
#214=ORIENTED_EDGE('',*,*,#754,.T.);
#215=ORIENTED_EDGE('',*,*,#755,.T.);
#216=ORIENTED_EDGE('',*,*,#756,.F.);
#217=ORIENTED_EDGE('',*,*,#757,.F.);
#218=ORIENTED_EDGE('',*,*,#758,.F.);
#219=ORIENTED_EDGE('',*,*,#759,.F.);
#220=ORIENTED_EDGE('',*,*,#760,.T.);
#221=ORIENTED_EDGE('',*,*,#761,.F.);
#222=ORIENTED_EDGE('',*,*,#762,.T.);
#223=ORIENTED_EDGE('',*,*,#763,.F.);
#224=ORIENTED_EDGE('',*,*,#764,.F.);
#225=ORIENTED_EDGE('',*,*,#765,.F.);
#226=ORIENTED_EDGE('',*,*,#766,.T.);
#227=ORIENTED_EDGE('',*,*,#767,.T.);
#228=ORIENTED_EDGE('',*,*,#768,.F.);
#229=ORIENTED_EDGE('',*,*,#769,.T.);
#230=ORIENTED_EDGE('',*,*,#770,.F.);
#231=ORIENTED_EDGE('',*,*,#771,.T.);
#232=ORIENTED_EDGE('',*,*,#772,.T.);
#233=ORIENTED_EDGE('',*,*,#773,.T.);
#234=ORIENTED_EDGE('',*,*,#772,.F.);
#235=ORIENTED_EDGE('',*,*,#774,.T.);
#236=ORIENTED_EDGE('',*,*,#775,.T.);
#237=ORIENTED_EDGE('',*,*,#776,.T.);
#238=ORIENTED_EDGE('',*,*,#777,.T.);
#239=ORIENTED_EDGE('',*,*,#770,.T.);
#240=ORIENTED_EDGE('',*,*,#778,.T.);
#241=ORIENTED_EDGE('',*,*,#779,.T.);
#242=ORIENTED_EDGE('',*,*,#780,.T.);
#243=ORIENTED_EDGE('',*,*,#768,.T.);
#244=ORIENTED_EDGE('',*,*,#781,.T.);
#245=ORIENTED_EDGE('',*,*,#782,.T.);
#246=ORIENTED_EDGE('',*,*,#783,.F.);
#247=ORIENTED_EDGE('',*,*,#754,.F.);
#248=ORIENTED_EDGE('',*,*,#784,.T.);
#249=ORIENTED_EDGE('',*,*,#785,.T.);
#250=ORIENTED_EDGE('',*,*,#786,.T.);
#251=ORIENTED_EDGE('',*,*,#766,.F.);
#252=ORIENTED_EDGE('',*,*,#787,.T.);
#253=ORIENTED_EDGE('',*,*,#788,.F.);
#254=ORIENTED_EDGE('',*,*,#771,.F.);
#255=ORIENTED_EDGE('',*,*,#777,.F.);
#256=ORIENTED_EDGE('',*,*,#789,.F.);
#257=ORIENTED_EDGE('',*,*,#774,.F.);
#258=ORIENTED_EDGE('',*,*,#769,.F.);
#259=ORIENTED_EDGE('',*,*,#780,.F.);
#260=ORIENTED_EDGE('',*,*,#790,.F.);
#261=ORIENTED_EDGE('',*,*,#778,.F.);
#262=ORIENTED_EDGE('',*,*,#791,.F.);
#263=ORIENTED_EDGE('',*,*,#779,.F.);
#264=ORIENTED_EDGE('',*,*,#792,.F.);
#265=ORIENTED_EDGE('',*,*,#738,.F.);
#266=ORIENTED_EDGE('',*,*,#789,.T.);
#267=ORIENTED_EDGE('',*,*,#791,.T.);
#268=ORIENTED_EDGE('',*,*,#793,.F.);
#269=ORIENTED_EDGE('',*,*,#792,.T.);
#270=ORIENTED_EDGE('',*,*,#790,.T.);
#271=ORIENTED_EDGE('',*,*,#794,.F.);
#272=ORIENTED_EDGE('',*,*,#793,.T.);
#273=ORIENTED_EDGE('',*,*,#737,.F.);
#274=ORIENTED_EDGE('',*,*,#795,.F.);
#275=ORIENTED_EDGE('',*,*,#733,.F.);
#276=ORIENTED_EDGE('',*,*,#796,.F.);
#277=ORIENTED_EDGE('',*,*,#729,.F.);
#278=ORIENTED_EDGE('',*,*,#797,.F.);
#279=ORIENTED_EDGE('',*,*,#725,.F.);
#280=ORIENTED_EDGE('',*,*,#798,.F.);
#281=ORIENTED_EDGE('',*,*,#775,.F.);
#282=ORIENTED_EDGE('',*,*,#773,.F.);
#283=ORIENTED_EDGE('',*,*,#776,.F.);
#284=ORIENTED_EDGE('',*,*,#799,.F.);
#285=ORIENTED_EDGE('',*,*,#784,.F.);
#286=ORIENTED_EDGE('',*,*,#767,.F.);
#287=ORIENTED_EDGE('',*,*,#786,.F.);
#288=ORIENTED_EDGE('',*,*,#800,.F.);
#289=ORIENTED_EDGE('',*,*,#781,.F.);
#290=ORIENTED_EDGE('',*,*,#794,.T.);
#291=ORIENTED_EDGE('',*,*,#782,.F.);
#292=ORIENTED_EDGE('',*,*,#801,.F.);
#293=ORIENTED_EDGE('',*,*,#723,.F.);
#294=ORIENTED_EDGE('',*,*,#802,.F.);
#295=ORIENTED_EDGE('',*,*,#719,.F.);
#296=ORIENTED_EDGE('',*,*,#803,.F.);
#297=ORIENTED_EDGE('',*,*,#743,.F.);
#298=ORIENTED_EDGE('',*,*,#804,.F.);
#299=ORIENTED_EDGE('',*,*,#739,.F.);
#300=ORIENTED_EDGE('',*,*,#799,.T.);
#301=ORIENTED_EDGE('',*,*,#798,.T.);
#302=ORIENTED_EDGE('',*,*,#805,.F.);
#303=ORIENTED_EDGE('',*,*,#801,.T.);
#304=ORIENTED_EDGE('',*,*,#800,.T.);
#305=ORIENTED_EDGE('',*,*,#806,.F.);
#306=ORIENTED_EDGE('',*,*,#805,.T.);
#307=ORIENTED_EDGE('',*,*,#724,.F.);
#308=ORIENTED_EDGE('',*,*,#806,.T.);
#309=ORIENTED_EDGE('',*,*,#785,.F.);
#310=ORIENTED_EDGE('',*,*,#758,.T.);
#311=ORIENTED_EDGE('',*,*,#807,.F.);
#312=ORIENTED_EDGE('',*,*,#808,.F.);
#313=ORIENTED_EDGE('',*,*,#809,.F.);
#314=ORIENTED_EDGE('',*,*,#810,.F.);
#315=ORIENTED_EDGE('',*,*,#811,.F.);
#316=ORIENTED_EDGE('',*,*,#812,.F.);
#317=ORIENTED_EDGE('',*,*,#760,.F.);
#318=ORIENTED_EDGE('',*,*,#813,.F.);
#319=ORIENTED_EDGE('',*,*,#814,.F.);
#320=ORIENTED_EDGE('',*,*,#815,.F.);
#321=ORIENTED_EDGE('',*,*,#762,.F.);
#322=ORIENTED_EDGE('',*,*,#756,.T.);
#323=ORIENTED_EDGE('',*,*,#816,.T.);
#324=ORIENTED_EDGE('',*,*,#817,.T.);
#325=ORIENTED_EDGE('',*,*,#818,.F.);
#326=ORIENTED_EDGE('',*,*,#764,.T.);
#327=ORIENTED_EDGE('',*,*,#819,.F.);
#328=ORIENTED_EDGE('',*,*,#820,.F.);
#329=ORIENTED_EDGE('',*,*,#821,.F.);
#330=ORIENTED_EDGE('',*,*,#759,.T.);
#331=ORIENTED_EDGE('',*,*,#809,.T.);
#332=ORIENTED_EDGE('',*,*,#822,.T.);
#333=ORIENTED_EDGE('',*,*,#810,.T.);
#334=ORIENTED_EDGE('',*,*,#761,.T.);
#335=ORIENTED_EDGE('',*,*,#812,.T.);
#336=ORIENTED_EDGE('',*,*,#823,.T.);
#337=ORIENTED_EDGE('',*,*,#813,.T.);
#338=ORIENTED_EDGE('',*,*,#824,.T.);
#339=ORIENTED_EDGE('',*,*,#714,.T.);
#340=ORIENTED_EDGE('',*,*,#825,.T.);
#341=ORIENTED_EDGE('',*,*,#811,.T.);
#342=ORIENTED_EDGE('',*,*,#822,.F.);
#343=ORIENTED_EDGE('',*,*,#826,.T.);
#344=ORIENTED_EDGE('',*,*,#824,.F.);
#345=ORIENTED_EDGE('',*,*,#825,.F.);
#346=ORIENTED_EDGE('',*,*,#827,.T.);
#347=ORIENTED_EDGE('',*,*,#823,.F.);
#348=ORIENTED_EDGE('',*,*,#826,.F.);
#349=ORIENTED_EDGE('',*,*,#808,.T.);
#350=ORIENTED_EDGE('',*,*,#828,.T.);
#351=ORIENTED_EDGE('',*,*,#699,.T.);
#352=ORIENTED_EDGE('',*,*,#829,.T.);
#353=ORIENTED_EDGE('',*,*,#695,.T.);
#354=ORIENTED_EDGE('',*,*,#830,.T.);
#355=ORIENTED_EDGE('',*,*,#691,.T.);
#356=ORIENTED_EDGE('',*,*,#831,.T.);
#357=ORIENTED_EDGE('',*,*,#715,.T.);
#358=ORIENTED_EDGE('',*,*,#757,.T.);
#359=ORIENTED_EDGE('',*,*,#821,.T.);
#360=ORIENTED_EDGE('',*,*,#832,.T.);
#361=ORIENTED_EDGE('',*,*,#807,.T.);
#362=ORIENTED_EDGE('',*,*,#763,.T.);
#363=ORIENTED_EDGE('',*,*,#815,.T.);
#364=ORIENTED_EDGE('',*,*,#833,.T.);
#365=ORIENTED_EDGE('',*,*,#819,.T.);
#366=ORIENTED_EDGE('',*,*,#827,.F.);
#367=ORIENTED_EDGE('',*,*,#713,.T.);
#368=ORIENTED_EDGE('',*,*,#834,.T.);
#369=ORIENTED_EDGE('',*,*,#709,.T.);
#370=ORIENTED_EDGE('',*,*,#835,.T.);
#371=ORIENTED_EDGE('',*,*,#705,.T.);
#372=ORIENTED_EDGE('',*,*,#836,.T.);
#373=ORIENTED_EDGE('',*,*,#701,.T.);
#374=ORIENTED_EDGE('',*,*,#837,.T.);
#375=ORIENTED_EDGE('',*,*,#814,.T.);
#376=ORIENTED_EDGE('',*,*,#832,.F.);
#377=ORIENTED_EDGE('',*,*,#838,.T.);
#378=ORIENTED_EDGE('',*,*,#828,.F.);
#379=ORIENTED_EDGE('',*,*,#837,.F.);
#380=ORIENTED_EDGE('',*,*,#839,.T.);
#381=ORIENTED_EDGE('',*,*,#833,.F.);
#382=ORIENTED_EDGE('',*,*,#838,.F.);
#383=ORIENTED_EDGE('',*,*,#820,.T.);
#384=ORIENTED_EDGE('',*,*,#839,.F.);
#385=ORIENTED_EDGE('',*,*,#700,.T.);
#386=ORIENTED_EDGE('',*,*,#840,.F.);
#387=ORIENTED_EDGE('',*,*,#840,.T.);
#388=ORIENTED_EDGE('',*,*,#753,.F.);
#389=ORIENTED_EDGE('',*,*,#841,.F.);
#390=ORIENTED_EDGE('',*,*,#841,.T.);
#391=ORIENTED_EDGE('',*,*,#752,.F.);
#392=ORIENTED_EDGE('',*,*,#842,.F.);
#393=ORIENTED_EDGE('',*,*,#842,.T.);
#394=ORIENTED_EDGE('',*,*,#751,.F.);
#395=ORIENTED_EDGE('',*,*,#843,.F.);
#396=ORIENTED_EDGE('',*,*,#843,.T.);
#397=ORIENTED_EDGE('',*,*,#750,.F.);
#398=ORIENTED_EDGE('',*,*,#844,.F.);
#399=ORIENTED_EDGE('',*,*,#844,.T.);
#400=ORIENTED_EDGE('',*,*,#749,.F.);
#401=ORIENTED_EDGE('',*,*,#845,.F.);
#402=ORIENTED_EDGE('',*,*,#845,.T.);
#403=ORIENTED_EDGE('',*,*,#748,.F.);
#404=ORIENTED_EDGE('',*,*,#846,.T.);
#405=ORIENTED_EDGE('',*,*,#847,.F.);
#406=ORIENTED_EDGE('',*,*,#848,.T.);
#407=ORIENTED_EDGE('',*,*,#849,.T.);
#408=ORIENTED_EDGE('',*,*,#850,.T.);
#409=ORIENTED_EDGE('',*,*,#851,.T.);
#410=ORIENTED_EDGE('',*,*,#852,.F.);
#411=ORIENTED_EDGE('',*,*,#847,.T.);
#412=ORIENTED_EDGE('',*,*,#853,.T.);
#413=ORIENTED_EDGE('',*,*,#854,.T.);
#414=ORIENTED_EDGE('',*,*,#855,.T.);
#415=ORIENTED_EDGE('',*,*,#856,.F.);
#416=ORIENTED_EDGE('',*,*,#857,.T.);
#417=ORIENTED_EDGE('',*,*,#858,.T.);
#418=ORIENTED_EDGE('',*,*,#859,.F.);
#419=ORIENTED_EDGE('',*,*,#856,.T.);
#420=ORIENTED_EDGE('',*,*,#850,.F.);
#421=ORIENTED_EDGE('',*,*,#846,.F.);
#422=ORIENTED_EDGE('',*,*,#746,.F.);
#423=ORIENTED_EDGE('',*,*,#848,.F.);
#424=ORIENTED_EDGE('',*,*,#849,.F.);
#425=ORIENTED_EDGE('',*,*,#851,.F.);
#426=ORIENTED_EDGE('',*,*,#857,.F.);
#427=ORIENTED_EDGE('',*,*,#855,.F.);
#428=ORIENTED_EDGE('',*,*,#747,.F.);
#429=ORIENTED_EDGE('',*,*,#853,.F.);
#430=ORIENTED_EDGE('',*,*,#854,.F.);
#431=ORIENTED_EDGE('',*,*,#858,.F.);
#432=ORIENTED_EDGE('',*,*,#859,.T.);
#433=ORIENTED_EDGE('',*,*,#689,.F.);
#434=ORIENTED_EDGE('',*,*,#852,.T.);
#435=ORIENTED_EDGE('',*,*,#688,.F.);
#436=ORIENTED_EDGE('',*,*,#726,.F.);
#437=ORIENTED_EDGE('',*,*,#860,.F.);
#438=ORIENTED_EDGE('',*,*,#861,.T.);
#439=ORIENTED_EDGE('',*,*,#862,.T.);
#440=ORIENTED_EDGE('',*,*,#797,.T.);
#441=ORIENTED_EDGE('',*,*,#863,.F.);
#442=ORIENTED_EDGE('',*,*,#864,.F.);
#443=ORIENTED_EDGE('',*,*,#865,.F.);
#444=ORIENTED_EDGE('',*,*,#829,.F.);
#445=ORIENTED_EDGE('',*,*,#866,.T.);
#446=ORIENTED_EDGE('',*,*,#867,.F.);
#447=ORIENTED_EDGE('',*,*,#860,.T.);
#448=ORIENTED_EDGE('',*,*,#728,.T.);
#449=ORIENTED_EDGE('',*,*,#868,.F.);
#450=ORIENTED_EDGE('',*,*,#869,.F.);
#451=ORIENTED_EDGE('',*,*,#863,.T.);
#452=ORIENTED_EDGE('',*,*,#727,.F.);
#453=ORIENTED_EDGE('',*,*,#862,.F.);
#454=ORIENTED_EDGE('',*,*,#870,.T.);
#455=ORIENTED_EDGE('',*,*,#868,.T.);
#456=ORIENTED_EDGE('',*,*,#871,.F.);
#457=ORIENTED_EDGE('',*,*,#864,.T.);
#458=ORIENTED_EDGE('',*,*,#869,.T.);
#459=ORIENTED_EDGE('',*,*,#870,.F.);
#460=ORIENTED_EDGE('',*,*,#861,.F.);
#461=ORIENTED_EDGE('',*,*,#867,.T.);
#462=ORIENTED_EDGE('',*,*,#872,.T.);
#463=ORIENTED_EDGE('',*,*,#873,.F.);
#464=ORIENTED_EDGE('',*,*,#740,.F.);
#465=ORIENTED_EDGE('',*,*,#874,.F.);
#466=ORIENTED_EDGE('',*,*,#663,.T.);
#467=ORIENTED_EDGE('',*,*,#875,.T.);
#468=ORIENTED_EDGE('',*,*,#804,.T.);
#469=ORIENTED_EDGE('',*,*,#876,.F.);
#470=ORIENTED_EDGE('',*,*,#660,.F.);
#471=ORIENTED_EDGE('',*,*,#877,.F.);
#472=ORIENTED_EDGE('',*,*,#834,.F.);
#473=ORIENTED_EDGE('',*,*,#878,.T.);
#474=ORIENTED_EDGE('',*,*,#656,.F.);
#475=ORIENTED_EDGE('',*,*,#874,.T.);
#476=ORIENTED_EDGE('',*,*,#742,.T.);
#477=ORIENTED_EDGE('',*,*,#879,.F.);
#478=ORIENTED_EDGE('',*,*,#661,.F.);
#479=ORIENTED_EDGE('',*,*,#876,.T.);
#480=ORIENTED_EDGE('',*,*,#741,.F.);
#481=ORIENTED_EDGE('',*,*,#875,.F.);
#482=ORIENTED_EDGE('',*,*,#662,.T.);
#483=ORIENTED_EDGE('',*,*,#879,.T.);
#484=ORIENTED_EDGE('',*,*,#720,.F.);
#485=ORIENTED_EDGE('',*,*,#880,.F.);
#486=ORIENTED_EDGE('',*,*,#671,.T.);
#487=ORIENTED_EDGE('',*,*,#881,.T.);
#488=ORIENTED_EDGE('',*,*,#802,.T.);
#489=ORIENTED_EDGE('',*,*,#882,.F.);
#490=ORIENTED_EDGE('',*,*,#668,.F.);
#491=ORIENTED_EDGE('',*,*,#883,.F.);
#492=ORIENTED_EDGE('',*,*,#836,.F.);
#493=ORIENTED_EDGE('',*,*,#884,.T.);
#494=ORIENTED_EDGE('',*,*,#664,.F.);
#495=ORIENTED_EDGE('',*,*,#880,.T.);
#496=ORIENTED_EDGE('',*,*,#722,.T.);
#497=ORIENTED_EDGE('',*,*,#885,.F.);
#498=ORIENTED_EDGE('',*,*,#669,.F.);
#499=ORIENTED_EDGE('',*,*,#882,.T.);
#500=ORIENTED_EDGE('',*,*,#721,.T.);
#501=ORIENTED_EDGE('',*,*,#881,.F.);
#502=ORIENTED_EDGE('',*,*,#670,.F.);
#503=ORIENTED_EDGE('',*,*,#885,.T.);
#504=ORIENTED_EDGE('',*,*,#803,.T.);
#505=ORIENTED_EDGE('',*,*,#886,.F.);
#506=ORIENTED_EDGE('',*,*,#887,.F.);
#507=ORIENTED_EDGE('',*,*,#888,.F.);
#508=ORIENTED_EDGE('',*,*,#835,.F.);
#509=ORIENTED_EDGE('',*,*,#889,.T.);
#510=ORIENTED_EDGE('',*,*,#890,.F.);
#511=ORIENTED_EDGE('',*,*,#891,.T.);
#512=ORIENTED_EDGE('',*,*,#718,.T.);
#513=ORIENTED_EDGE('',*,*,#892,.F.);
#514=ORIENTED_EDGE('',*,*,#893,.F.);
#515=ORIENTED_EDGE('',*,*,#886,.T.);
#516=ORIENTED_EDGE('',*,*,#745,.T.);
#517=ORIENTED_EDGE('',*,*,#894,.F.);
#518=ORIENTED_EDGE('',*,*,#895,.F.);
#519=ORIENTED_EDGE('',*,*,#892,.T.);
#520=ORIENTED_EDGE('',*,*,#744,.F.);
#521=ORIENTED_EDGE('',*,*,#891,.F.);
#522=ORIENTED_EDGE('',*,*,#896,.T.);
#523=ORIENTED_EDGE('',*,*,#894,.T.);
#524=ORIENTED_EDGE('',*,*,#897,.F.);
#525=ORIENTED_EDGE('',*,*,#887,.T.);
#526=ORIENTED_EDGE('',*,*,#893,.T.);
#527=ORIENTED_EDGE('',*,*,#895,.T.);
#528=ORIENTED_EDGE('',*,*,#896,.F.);
#529=ORIENTED_EDGE('',*,*,#890,.T.);
#530=ORIENTED_EDGE('',*,*,#898,.T.);
#531=ORIENTED_EDGE('',*,*,#899,.F.);
#532=ORIENTED_EDGE('',*,*,#734,.F.);
#533=ORIENTED_EDGE('',*,*,#900,.F.);
#534=ORIENTED_EDGE('',*,*,#679,.T.);
#535=ORIENTED_EDGE('',*,*,#901,.T.);
#536=ORIENTED_EDGE('',*,*,#795,.T.);
#537=ORIENTED_EDGE('',*,*,#902,.F.);
#538=ORIENTED_EDGE('',*,*,#676,.F.);
#539=ORIENTED_EDGE('',*,*,#903,.F.);
#540=ORIENTED_EDGE('',*,*,#831,.F.);
#541=ORIENTED_EDGE('',*,*,#904,.T.);
#542=ORIENTED_EDGE('',*,*,#672,.F.);
#543=ORIENTED_EDGE('',*,*,#900,.T.);
#544=ORIENTED_EDGE('',*,*,#736,.T.);
#545=ORIENTED_EDGE('',*,*,#905,.F.);
#546=ORIENTED_EDGE('',*,*,#677,.F.);
#547=ORIENTED_EDGE('',*,*,#902,.T.);
#548=ORIENTED_EDGE('',*,*,#735,.T.);
#549=ORIENTED_EDGE('',*,*,#901,.F.);
#550=ORIENTED_EDGE('',*,*,#678,.F.);
#551=ORIENTED_EDGE('',*,*,#905,.T.);
#552=ORIENTED_EDGE('',*,*,#730,.F.);
#553=ORIENTED_EDGE('',*,*,#906,.F.);
#554=ORIENTED_EDGE('',*,*,#687,.T.);
#555=ORIENTED_EDGE('',*,*,#907,.T.);
#556=ORIENTED_EDGE('',*,*,#796,.T.);
#557=ORIENTED_EDGE('',*,*,#908,.F.);
#558=ORIENTED_EDGE('',*,*,#684,.F.);
#559=ORIENTED_EDGE('',*,*,#909,.F.);
#560=ORIENTED_EDGE('',*,*,#830,.F.);
#561=ORIENTED_EDGE('',*,*,#910,.T.);
#562=ORIENTED_EDGE('',*,*,#680,.F.);
#563=ORIENTED_EDGE('',*,*,#906,.T.);
#564=ORIENTED_EDGE('',*,*,#732,.T.);
#565=ORIENTED_EDGE('',*,*,#911,.F.);
#566=ORIENTED_EDGE('',*,*,#685,.F.);
#567=ORIENTED_EDGE('',*,*,#908,.T.);
#568=ORIENTED_EDGE('',*,*,#731,.F.);
#569=ORIENTED_EDGE('',*,*,#907,.F.);
#570=ORIENTED_EDGE('',*,*,#686,.T.);
#571=ORIENTED_EDGE('',*,*,#911,.T.);
#572=ORIENTED_EDGE('',*,*,#912,.T.);
#573=ORIENTED_EDGE('',*,*,#658,.T.);
#574=ORIENTED_EDGE('',*,*,#913,.F.);
#575=ORIENTED_EDGE('',*,*,#711,.F.);
#576=ORIENTED_EDGE('',*,*,#712,.T.);
#577=ORIENTED_EDGE('',*,*,#913,.T.);
#578=ORIENTED_EDGE('',*,*,#657,.F.);
#579=ORIENTED_EDGE('',*,*,#878,.F.);
#580=ORIENTED_EDGE('',*,*,#877,.T.);
#581=ORIENTED_EDGE('',*,*,#659,.T.);
#582=ORIENTED_EDGE('',*,*,#912,.F.);
#583=ORIENTED_EDGE('',*,*,#710,.F.);
#584=ORIENTED_EDGE('',*,*,#914,.T.);
#585=ORIENTED_EDGE('',*,*,#899,.T.);
#586=ORIENTED_EDGE('',*,*,#915,.F.);
#587=ORIENTED_EDGE('',*,*,#707,.F.);
#588=ORIENTED_EDGE('',*,*,#888,.T.);
#589=ORIENTED_EDGE('',*,*,#897,.T.);
#590=ORIENTED_EDGE('',*,*,#914,.F.);
#591=ORIENTED_EDGE('',*,*,#706,.F.);
#592=ORIENTED_EDGE('',*,*,#708,.T.);
#593=ORIENTED_EDGE('',*,*,#915,.T.);
#594=ORIENTED_EDGE('',*,*,#898,.F.);
#595=ORIENTED_EDGE('',*,*,#889,.F.);
#596=ORIENTED_EDGE('',*,*,#703,.T.);
#597=ORIENTED_EDGE('',*,*,#916,.T.);
#598=ORIENTED_EDGE('',*,*,#666,.F.);
#599=ORIENTED_EDGE('',*,*,#917,.F.);
#600=ORIENTED_EDGE('',*,*,#704,.T.);
#601=ORIENTED_EDGE('',*,*,#917,.T.);
#602=ORIENTED_EDGE('',*,*,#665,.F.);
#603=ORIENTED_EDGE('',*,*,#884,.F.);
#604=ORIENTED_EDGE('',*,*,#883,.T.);
#605=ORIENTED_EDGE('',*,*,#667,.T.);
#606=ORIENTED_EDGE('',*,*,#916,.F.);
#607=ORIENTED_EDGE('',*,*,#702,.F.);
#608=ORIENTED_EDGE('',*,*,#918,.T.);
#609=ORIENTED_EDGE('',*,*,#873,.T.);
#610=ORIENTED_EDGE('',*,*,#919,.F.);
#611=ORIENTED_EDGE('',*,*,#697,.F.);
#612=ORIENTED_EDGE('',*,*,#865,.T.);
#613=ORIENTED_EDGE('',*,*,#871,.T.);
#614=ORIENTED_EDGE('',*,*,#918,.F.);
#615=ORIENTED_EDGE('',*,*,#696,.F.);
#616=ORIENTED_EDGE('',*,*,#698,.T.);
#617=ORIENTED_EDGE('',*,*,#919,.T.);
#618=ORIENTED_EDGE('',*,*,#872,.F.);
#619=ORIENTED_EDGE('',*,*,#866,.F.);
#620=ORIENTED_EDGE('',*,*,#693,.T.);
#621=ORIENTED_EDGE('',*,*,#920,.T.);
#622=ORIENTED_EDGE('',*,*,#682,.F.);
#623=ORIENTED_EDGE('',*,*,#921,.F.);
#624=ORIENTED_EDGE('',*,*,#694,.T.);
#625=ORIENTED_EDGE('',*,*,#921,.T.);
#626=ORIENTED_EDGE('',*,*,#681,.F.);
#627=ORIENTED_EDGE('',*,*,#910,.F.);
#628=ORIENTED_EDGE('',*,*,#909,.T.);
#629=ORIENTED_EDGE('',*,*,#683,.T.);
#630=ORIENTED_EDGE('',*,*,#920,.F.);
#631=ORIENTED_EDGE('',*,*,#692,.F.);
#632=ORIENTED_EDGE('',*,*,#717,.T.);
#633=ORIENTED_EDGE('',*,*,#922,.T.);
#634=ORIENTED_EDGE('',*,*,#674,.F.);
#635=ORIENTED_EDGE('',*,*,#923,.F.);
#636=ORIENTED_EDGE('',*,*,#690,.T.);
#637=ORIENTED_EDGE('',*,*,#923,.T.);
#638=ORIENTED_EDGE('',*,*,#673,.F.);
#639=ORIENTED_EDGE('',*,*,#904,.F.);
#640=ORIENTED_EDGE('',*,*,#903,.T.);
#641=ORIENTED_EDGE('',*,*,#675,.T.);
#642=ORIENTED_EDGE('',*,*,#922,.F.);
#643=ORIENTED_EDGE('',*,*,#716,.F.);
#644=ORIENTED_EDGE('',*,*,#788,.T.);
#645=ORIENTED_EDGE('',*,*,#924,.F.);
#646=ORIENTED_EDGE('',*,*,#817,.F.);
#647=ORIENTED_EDGE('',*,*,#925,.T.);
#648=ORIENTED_EDGE('',*,*,#783,.T.);
#649=ORIENTED_EDGE('',*,*,#925,.F.);
#650=ORIENTED_EDGE('',*,*,#816,.F.);
#651=ORIENTED_EDGE('',*,*,#755,.F.);
#652=ORIENTED_EDGE('',*,*,#765,.T.);
#653=ORIENTED_EDGE('',*,*,#818,.T.);
#654=ORIENTED_EDGE('',*,*,#924,.T.);
#655=ORIENTED_EDGE('',*,*,#787,.F.);
#656=EDGE_CURVE('',#926,#927,#1100,.T.);
#657=EDGE_CURVE('',#927,#928,#1101,.T.);
#658=EDGE_CURVE('',#929,#928,#1102,.T.);
#659=EDGE_CURVE('',#930,#929,#1103,.T.);
#660=EDGE_CURVE('',#930,#931,#1104,.T.);
#661=EDGE_CURVE('',#931,#932,#1105,.T.);
#662=EDGE_CURVE('',#933,#932,#1106,.T.);
#663=EDGE_CURVE('',#926,#933,#1107,.T.);
#664=EDGE_CURVE('',#934,#935,#1108,.T.);
#665=EDGE_CURVE('',#935,#936,#1109,.T.);
#666=EDGE_CURVE('',#936,#937,#1110,.T.);
#667=EDGE_CURVE('',#938,#937,#1111,.T.);
#668=EDGE_CURVE('',#938,#939,#1112,.T.);
#669=EDGE_CURVE('',#939,#940,#1113,.T.);
#670=EDGE_CURVE('',#940,#941,#1114,.T.);
#671=EDGE_CURVE('',#934,#941,#1115,.T.);
#672=EDGE_CURVE('',#942,#943,#1116,.F.);
#673=EDGE_CURVE('',#943,#944,#1117,.T.);
#674=EDGE_CURVE('',#944,#945,#1118,.T.);
#675=EDGE_CURVE('',#946,#945,#1119,.T.);
#676=EDGE_CURVE('',#946,#947,#1120,.F.);
#677=EDGE_CURVE('',#947,#948,#1121,.T.);
#678=EDGE_CURVE('',#948,#949,#1122,.T.);
#679=EDGE_CURVE('',#942,#949,#1123,.T.);
#680=EDGE_CURVE('',#950,#951,#1124,.F.);
#681=EDGE_CURVE('',#951,#952,#1125,.T.);
#682=EDGE_CURVE('',#952,#953,#1126,.T.);
#683=EDGE_CURVE('',#954,#953,#1127,.T.);
#684=EDGE_CURVE('',#954,#955,#1128,.F.);
#685=EDGE_CURVE('',#955,#956,#1129,.T.);
#686=EDGE_CURVE('',#957,#956,#1130,.T.);
#687=EDGE_CURVE('',#950,#957,#1131,.T.);
#688=EDGE_CURVE('',#958,#958,#110,.T.);
#689=EDGE_CURVE('',#959,#959,#111,.T.);
#690=EDGE_CURVE('',#960,#961,#1132,.T.);
#691=EDGE_CURVE('',#962,#960,#1133,.F.);
#692=EDGE_CURVE('',#962,#963,#1134,.T.);
#693=EDGE_CURVE('',#964,#963,#1135,.T.);
#694=EDGE_CURVE('',#965,#964,#1136,.T.);
#695=EDGE_CURVE('',#966,#965,#1137,.F.);
#696=EDGE_CURVE('',#966,#967,#1138,.T.);
#697=EDGE_CURVE('',#967,#968,#1139,.T.);
#698=EDGE_CURVE('',#969,#968,#1140,.T.);
#699=EDGE_CURVE('',#970,#969,#1141,.F.);
#700=EDGE_CURVE('',#971,#970,#1142,.F.);
#701=EDGE_CURVE('',#972,#971,#1143,.T.);
#702=EDGE_CURVE('',#972,#973,#1144,.T.);
#703=EDGE_CURVE('',#974,#973,#1145,.T.);
#704=EDGE_CURVE('',#975,#974,#1146,.T.);
#705=EDGE_CURVE('',#976,#975,#1147,.T.);
#706=EDGE_CURVE('',#976,#977,#1148,.T.);
#707=EDGE_CURVE('',#977,#978,#1149,.T.);
#708=EDGE_CURVE('',#979,#978,#1150,.T.);
#709=EDGE_CURVE('',#980,#979,#1151,.T.);
#710=EDGE_CURVE('',#980,#981,#1152,.T.);
#711=EDGE_CURVE('',#981,#982,#1153,.T.);
#712=EDGE_CURVE('',#983,#982,#1154,.T.);
#713=EDGE_CURVE('',#984,#983,#1155,.T.);
#714=EDGE_CURVE('',#985,#984,#1156,.T.);
#715=EDGE_CURVE('',#986,#985,#1157,.F.);
#716=EDGE_CURVE('',#986,#987,#1158,.T.);
#717=EDGE_CURVE('',#961,#987,#1159,.T.);
#718=EDGE_CURVE('',#988,#989,#1160,.T.);
#719=EDGE_CURVE('',#988,#990,#1161,.T.);
#720=EDGE_CURVE('',#990,#991,#1162,.T.);
#721=EDGE_CURVE('',#992,#991,#1163,.T.);
#722=EDGE_CURVE('',#993,#992,#1164,.T.);
#723=EDGE_CURVE('',#993,#994,#1165,.T.);
#724=EDGE_CURVE('',#994,#995,#1166,.F.);
#725=EDGE_CURVE('',#995,#996,#1167,.F.);
#726=EDGE_CURVE('',#996,#997,#1168,.T.);
#727=EDGE_CURVE('',#997,#998,#1169,.T.);
#728=EDGE_CURVE('',#999,#998,#1170,.T.);
#729=EDGE_CURVE('',#999,#1000,#1171,.F.);
#730=EDGE_CURVE('',#1000,#1001,#1172,.T.);
#731=EDGE_CURVE('',#1001,#1002,#1173,.T.);
#732=EDGE_CURVE('',#1003,#1002,#1174,.T.);
#733=EDGE_CURVE('',#1003,#1004,#1175,.F.);
#734=EDGE_CURVE('',#1004,#1005,#1176,.T.);
#735=EDGE_CURVE('',#1006,#1005,#1177,.T.);
#736=EDGE_CURVE('',#1007,#1006,#1178,.T.);
#737=EDGE_CURVE('',#1007,#1008,#1179,.F.);
#738=EDGE_CURVE('',#1008,#1009,#1180,.T.);
#739=EDGE_CURVE('',#1009,#1010,#1181,.T.);
#740=EDGE_CURVE('',#1010,#1011,#1182,.T.);
#741=EDGE_CURVE('',#1011,#1012,#1183,.T.);
#742=EDGE_CURVE('',#1013,#1012,#1184,.T.);
#743=EDGE_CURVE('',#1013,#1014,#1185,.T.);
#744=EDGE_CURVE('',#1014,#1015,#1186,.T.);
#745=EDGE_CURVE('',#989,#1015,#1187,.T.);
#746=EDGE_CURVE('',#1016,#1016,#98,.T.);
#747=EDGE_CURVE('',#1017,#1017,#99,.T.);
#748=EDGE_CURVE('',#1018,#1018,#54,.T.);
#749=EDGE_CURVE('',#1019,#1019,#55,.T.);
#750=EDGE_CURVE('',#1020,#1020,#56,.T.);
#751=EDGE_CURVE('',#1021,#1021,#57,.T.);
#752=EDGE_CURVE('',#1022,#1022,#58,.T.);
#753=EDGE_CURVE('',#1023,#1023,#59,.T.);
#754=EDGE_CURVE('',#1024,#1025,#1188,.T.);
#755=EDGE_CURVE('',#1025,#1026,#1189,.T.);
#756=EDGE_CURVE('',#1027,#1026,#1190,.T.);
#757=EDGE_CURVE('',#1028,#1027,#60,.F.);
#758=EDGE_CURVE('',#1029,#1028,#1191,.T.);
#759=EDGE_CURVE('',#1030,#1029,#61,.F.);
#760=EDGE_CURVE('',#1030,#1031,#1192,.T.);
#761=EDGE_CURVE('',#1032,#1031,#62,.F.);
#762=EDGE_CURVE('',#1032,#1033,#1193,.T.);
#763=EDGE_CURVE('',#1034,#1033,#63,.F.);
#764=EDGE_CURVE('',#1035,#1034,#1194,.T.);
#765=EDGE_CURVE('',#1036,#1035,#1195,.T.);
#766=EDGE_CURVE('',#1036,#1037,#1196,.T.);
#767=EDGE_CURVE('',#1037,#1038,#64,.F.);
#768=EDGE_CURVE('',#1039,#1038,#1197,.T.);
#769=EDGE_CURVE('',#1039,#1040,#65,.F.);
#770=EDGE_CURVE('',#1041,#1040,#1198,.T.);
#771=EDGE_CURVE('',#1041,#1042,#66,.F.);
#772=EDGE_CURVE('',#1042,#1043,#1199,.T.);
#773=EDGE_CURVE('',#1043,#1024,#67,.F.);
#774=EDGE_CURVE('',#1042,#1044,#1200,.F.);
#775=EDGE_CURVE('',#1044,#1045,#1201,.T.);
#776=EDGE_CURVE('',#1045,#1043,#1202,.T.);
#777=EDGE_CURVE('',#1046,#1041,#1203,.T.);
#778=EDGE_CURVE('',#1040,#1047,#1204,.F.);
#779=EDGE_CURVE('',#1047,#1046,#1205,.F.);
#780=EDGE_CURVE('',#1048,#1039,#1206,.T.);
#781=EDGE_CURVE('',#1038,#1049,#1207,.F.);
#782=EDGE_CURVE('',#1049,#1048,#1208,.F.);
#783=EDGE_CURVE('',#1025,#1050,#1209,.T.);
#784=EDGE_CURVE('',#1024,#1051,#1210,.F.);
#785=EDGE_CURVE('',#1051,#1052,#1211,.T.);
#786=EDGE_CURVE('',#1052,#1037,#1212,.T.);
#787=EDGE_CURVE('',#1036,#1053,#1213,.T.);
#788=EDGE_CURVE('',#1050,#1053,#1214,.T.);
#789=EDGE_CURVE('',#1044,#1046,#68,.T.);
#790=EDGE_CURVE('',#1047,#1048,#69,.T.);
#791=EDGE_CURVE('',#1046,#1008,#70,.T.);
#792=EDGE_CURVE('',#1009,#1047,#71,.T.);
#793=EDGE_CURVE('',#1044,#1008,#72,.F.);
#794=EDGE_CURVE('',#1009,#1048,#73,.F.);
#795=EDGE_CURVE('',#1004,#1007,#1215,.F.);
#796=EDGE_CURVE('',#1000,#1003,#1216,.F.);
#797=EDGE_CURVE('',#996,#999,#1217,.F.);
#798=EDGE_CURVE('',#1045,#995,#74,.T.);
#799=EDGE_CURVE('',#1051,#1045,#75,.T.);
#800=EDGE_CURVE('',#1049,#1052,#76,.T.);
#801=EDGE_CURVE('',#994,#1049,#77,.T.);
#802=EDGE_CURVE('',#990,#993,#1218,.T.);
#803=EDGE_CURVE('',#1014,#988,#1219,.T.);
#804=EDGE_CURVE('',#1010,#1013,#1220,.T.);
#805=EDGE_CURVE('',#1051,#995,#78,.F.);
#806=EDGE_CURVE('',#994,#1052,#79,.F.);
#807=EDGE_CURVE('',#1054,#1028,#1221,.F.);
#808=EDGE_CURVE('',#1055,#1054,#1222,.F.);
#809=EDGE_CURVE('',#1029,#1055,#1223,.T.);
#810=EDGE_CURVE('',#1056,#1030,#1224,.F.);
#811=EDGE_CURVE('',#1057,#1056,#1225,.F.);
#812=EDGE_CURVE('',#1031,#1057,#1226,.T.);
#813=EDGE_CURVE('',#1058,#1032,#1227,.F.);
#814=EDGE_CURVE('',#1059,#1058,#1228,.T.);
#815=EDGE_CURVE('',#1033,#1059,#1229,.T.);
#816=EDGE_CURVE('',#1026,#1060,#1230,.T.);
#817=EDGE_CURVE('',#1060,#1061,#1231,.T.);
#818=EDGE_CURVE('',#1035,#1061,#1232,.T.);
#819=EDGE_CURVE('',#1062,#1034,#1233,.F.);
#820=EDGE_CURVE('',#1063,#1062,#1234,.T.);
#821=EDGE_CURVE('',#1027,#1063,#1235,.T.);
#822=EDGE_CURVE('',#1055,#1056,#80,.T.);
#823=EDGE_CURVE('',#1057,#1058,#81,.F.);
#824=EDGE_CURVE('',#1056,#985,#82,.F.);
#825=EDGE_CURVE('',#984,#1057,#83,.T.);
#826=EDGE_CURVE('',#1055,#985,#84,.T.);
#827=EDGE_CURVE('',#984,#1058,#85,.F.);
#828=EDGE_CURVE('',#1054,#970,#86,.F.);
#829=EDGE_CURVE('',#969,#966,#1236,.F.);
#830=EDGE_CURVE('',#965,#962,#1237,.F.);
#831=EDGE_CURVE('',#960,#986,#1238,.F.);
#832=EDGE_CURVE('',#1063,#1054,#87,.T.);
#833=EDGE_CURVE('',#1059,#1062,#88,.F.);
#834=EDGE_CURVE('',#983,#980,#1239,.T.);
#835=EDGE_CURVE('',#979,#976,#1240,.T.);
#836=EDGE_CURVE('',#975,#972,#1241,.T.);
#837=EDGE_CURVE('',#971,#1059,#89,.T.);
#838=EDGE_CURVE('',#1063,#970,#90,.T.);
#839=EDGE_CURVE('',#971,#1062,#91,.F.);
#840=EDGE_CURVE('',#1064,#1064,#92,.T.);
#841=EDGE_CURVE('',#1065,#1065,#93,.T.);
#842=EDGE_CURVE('',#1066,#1066,#94,.T.);
#843=EDGE_CURVE('',#1067,#1067,#95,.T.);
#844=EDGE_CURVE('',#1068,#1068,#96,.T.);
#845=EDGE_CURVE('',#1069,#1069,#97,.T.);
#846=EDGE_CURVE('',#1070,#1070,#100,.T.);
#847=EDGE_CURVE('',#1071,#1071,#112,.T.);
#848=EDGE_CURVE('',#1072,#1072,#101,.T.);
#849=EDGE_CURVE('',#1073,#1073,#102,.T.);
#850=EDGE_CURVE('',#1074,#1074,#103,.T.);
#851=EDGE_CURVE('',#1075,#1075,#104,.T.);
#852=EDGE_CURVE('',#1076,#1076,#113,.T.);
#853=EDGE_CURVE('',#1077,#1077,#105,.T.);
#854=EDGE_CURVE('',#1078,#1078,#106,.T.);
#855=EDGE_CURVE('',#1079,#1079,#107,.T.);
#856=EDGE_CURVE('',#1080,#1080,#114,.T.);
#857=EDGE_CURVE('',#1081,#1081,#108,.T.);
#858=EDGE_CURVE('',#1082,#1082,#109,.T.);
#859=EDGE_CURVE('',#1083,#1083,#115,.T.);
#860=EDGE_CURVE('',#1084,#996,#1242,.T.);
#861=EDGE_CURVE('',#1084,#1085,#1243,.T.);
#862=EDGE_CURVE('',#1085,#997,#1244,.T.);
#863=EDGE_CURVE('',#1086,#999,#1245,.T.);
#864=EDGE_CURVE('',#1087,#1086,#1246,.F.);
#865=EDGE_CURVE('',#966,#1087,#1247,.T.);
#866=EDGE_CURVE('',#969,#1088,#1248,.T.);
#867=EDGE_CURVE('',#1084,#1088,#1249,.F.);
#868=EDGE_CURVE('',#1089,#998,#1250,.T.);
#869=EDGE_CURVE('',#1086,#1089,#1251,.T.);
#870=EDGE_CURVE('',#1085,#1089,#1252,.T.);
#871=EDGE_CURVE('',#1087,#1090,#1253,.T.);
#872=EDGE_CURVE('',#1088,#1091,#1254,.T.);
#873=EDGE_CURVE('',#1090,#1091,#1255,.T.);
#874=EDGE_CURVE('',#926,#1010,#1256,.T.);
#875=EDGE_CURVE('',#933,#1011,#1257,.T.);
#876=EDGE_CURVE('',#931,#1013,#1258,.T.);
#877=EDGE_CURVE('',#980,#930,#1259,.T.);
#878=EDGE_CURVE('',#983,#927,#1260,.T.);
#879=EDGE_CURVE('',#932,#1012,#1261,.T.);
#880=EDGE_CURVE('',#934,#990,#1262,.T.);
#881=EDGE_CURVE('',#941,#991,#1263,.T.);
#882=EDGE_CURVE('',#939,#993,#1264,.T.);
#883=EDGE_CURVE('',#972,#938,#1265,.T.);
#884=EDGE_CURVE('',#975,#935,#1266,.T.);
#885=EDGE_CURVE('',#940,#992,#1267,.T.);
#886=EDGE_CURVE('',#1092,#988,#1268,.T.);
#887=EDGE_CURVE('',#1093,#1092,#1269,.T.);
#888=EDGE_CURVE('',#976,#1093,#1270,.T.);
#889=EDGE_CURVE('',#979,#1094,#1271,.T.);
#890=EDGE_CURVE('',#1095,#1094,#1272,.T.);
#891=EDGE_CURVE('',#1095,#1014,#1273,.T.);
#892=EDGE_CURVE('',#1096,#989,#1274,.T.);
#893=EDGE_CURVE('',#1092,#1096,#1275,.T.);
#894=EDGE_CURVE('',#1097,#1015,#1276,.T.);
#895=EDGE_CURVE('',#1096,#1097,#1277,.T.);
#896=EDGE_CURVE('',#1095,#1097,#1278,.T.);
#897=EDGE_CURVE('',#1093,#1098,#1279,.T.);
#898=EDGE_CURVE('',#1094,#1099,#1280,.T.);
#899=EDGE_CURVE('',#1098,#1099,#1281,.T.);
#900=EDGE_CURVE('',#942,#1004,#1282,.T.);
#901=EDGE_CURVE('',#949,#1005,#1283,.T.);
#902=EDGE_CURVE('',#947,#1007,#1284,.T.);
#903=EDGE_CURVE('',#986,#946,#1285,.T.);
#904=EDGE_CURVE('',#960,#943,#1286,.T.);
#905=EDGE_CURVE('',#948,#1006,#1287,.T.);
#906=EDGE_CURVE('',#950,#1000,#1288,.T.);
#907=EDGE_CURVE('',#957,#1001,#1289,.T.);
#908=EDGE_CURVE('',#955,#1003,#1290,.T.);
#909=EDGE_CURVE('',#962,#954,#1291,.T.);
#910=EDGE_CURVE('',#965,#951,#1292,.T.);
#911=EDGE_CURVE('',#956,#1002,#1293,.T.);
#912=EDGE_CURVE('',#981,#929,#1294,.T.);
#913=EDGE_CURVE('',#982,#928,#1295,.T.);
#914=EDGE_CURVE('',#977,#1098,#1296,.T.);
#915=EDGE_CURVE('',#978,#1099,#1297,.T.);
#916=EDGE_CURVE('',#973,#937,#1298,.T.);
#917=EDGE_CURVE('',#974,#936,#1299,.T.);
#918=EDGE_CURVE('',#967,#1090,#1300,.T.);
#919=EDGE_CURVE('',#968,#1091,#1301,.T.);
#920=EDGE_CURVE('',#963,#953,#1302,.T.);
#921=EDGE_CURVE('',#964,#952,#1303,.T.);
#922=EDGE_CURVE('',#987,#945,#1304,.T.);
#923=EDGE_CURVE('',#961,#944,#1305,.T.);
#924=EDGE_CURVE('',#1061,#1053,#1306,.T.);
#925=EDGE_CURVE('',#1060,#1050,#1307,.T.);
#926=VERTEX_POINT('',#2676);
#927=VERTEX_POINT('',#2677);
#928=VERTEX_POINT('',#2679);
#929=VERTEX_POINT('',#2681);
#930=VERTEX_POINT('',#2683);
#931=VERTEX_POINT('',#2685);
#932=VERTEX_POINT('',#2687);
#933=VERTEX_POINT('',#2689);
#934=VERTEX_POINT('',#2693);
#935=VERTEX_POINT('',#2694);
#936=VERTEX_POINT('',#2696);
#937=VERTEX_POINT('',#2698);
#938=VERTEX_POINT('',#2700);
#939=VERTEX_POINT('',#2702);
#940=VERTEX_POINT('',#2704);
#941=VERTEX_POINT('',#2706);
#942=VERTEX_POINT('',#2710);
#943=VERTEX_POINT('',#2711);
#944=VERTEX_POINT('',#2713);
#945=VERTEX_POINT('',#2715);
#946=VERTEX_POINT('',#2717);
#947=VERTEX_POINT('',#2719);
#948=VERTEX_POINT('',#2721);
#949=VERTEX_POINT('',#2723);
#950=VERTEX_POINT('',#2727);
#951=VERTEX_POINT('',#2728);
#952=VERTEX_POINT('',#2730);
#953=VERTEX_POINT('',#2732);
#954=VERTEX_POINT('',#2734);
#955=VERTEX_POINT('',#2736);
#956=VERTEX_POINT('',#2738);
#957=VERTEX_POINT('',#2740);
#958=VERTEX_POINT('',#2744);
#959=VERTEX_POINT('',#2746);
#960=VERTEX_POINT('',#2748);
#961=VERTEX_POINT('',#2749);
#962=VERTEX_POINT('',#2751);
#963=VERTEX_POINT('',#2753);
#964=VERTEX_POINT('',#2755);
#965=VERTEX_POINT('',#2757);
#966=VERTEX_POINT('',#2759);
#967=VERTEX_POINT('',#2761);
#968=VERTEX_POINT('',#2763);
#969=VERTEX_POINT('',#2765);
#970=VERTEX_POINT('',#2767);
#971=VERTEX_POINT('',#2769);
#972=VERTEX_POINT('',#2771);
#973=VERTEX_POINT('',#2773);
#974=VERTEX_POINT('',#2775);
#975=VERTEX_POINT('',#2777);
#976=VERTEX_POINT('',#2779);
#977=VERTEX_POINT('',#2781);
#978=VERTEX_POINT('',#2783);
#979=VERTEX_POINT('',#2785);
#980=VERTEX_POINT('',#2787);
#981=VERTEX_POINT('',#2789);
#982=VERTEX_POINT('',#2791);
#983=VERTEX_POINT('',#2793);
#984=VERTEX_POINT('',#2795);
#985=VERTEX_POINT('',#2797);
#986=VERTEX_POINT('',#2799);
#987=VERTEX_POINT('',#2801);
#988=VERTEX_POINT('',#2805);
#989=VERTEX_POINT('',#2806);
#990=VERTEX_POINT('',#2808);
#991=VERTEX_POINT('',#2810);
#992=VERTEX_POINT('',#2812);
#993=VERTEX_POINT('',#2814);
#994=VERTEX_POINT('',#2816);
#995=VERTEX_POINT('',#2818);
#996=VERTEX_POINT('',#2820);
#997=VERTEX_POINT('',#2822);
#998=VERTEX_POINT('',#2824);
#999=VERTEX_POINT('',#2826);
#1000=VERTEX_POINT('',#2828);
#1001=VERTEX_POINT('',#2830);
#1002=VERTEX_POINT('',#2832);
#1003=VERTEX_POINT('',#2834);
#1004=VERTEX_POINT('',#2836);
#1005=VERTEX_POINT('',#2838);
#1006=VERTEX_POINT('',#2840);
#1007=VERTEX_POINT('',#2842);
#1008=VERTEX_POINT('',#2844);
#1009=VERTEX_POINT('',#2846);
#1010=VERTEX_POINT('',#2848);
#1011=VERTEX_POINT('',#2850);
#1012=VERTEX_POINT('',#2852);
#1013=VERTEX_POINT('',#2854);
#1014=VERTEX_POINT('',#2856);
#1015=VERTEX_POINT('',#2858);
#1016=VERTEX_POINT('',#2883);
#1017=VERTEX_POINT('',#2907);
#1018=VERTEX_POINT('',#2910);
#1019=VERTEX_POINT('',#2912);
#1020=VERTEX_POINT('',#2914);
#1021=VERTEX_POINT('',#2916);
#1022=VERTEX_POINT('',#2918);
#1023=VERTEX_POINT('',#2920);
#1024=VERTEX_POINT('',#2922);
#1025=VERTEX_POINT('',#2923);
#1026=VERTEX_POINT('',#2925);
#1027=VERTEX_POINT('',#2927);
#1028=VERTEX_POINT('',#2929);
#1029=VERTEX_POINT('',#2931);
#1030=VERTEX_POINT('',#2933);
#1031=VERTEX_POINT('',#2935);
#1032=VERTEX_POINT('',#2937);
#1033=VERTEX_POINT('',#2939);
#1034=VERTEX_POINT('',#2941);
#1035=VERTEX_POINT('',#2943);
#1036=VERTEX_POINT('',#2945);
#1037=VERTEX_POINT('',#2947);
#1038=VERTEX_POINT('',#2949);
#1039=VERTEX_POINT('',#2951);
#1040=VERTEX_POINT('',#2953);
#1041=VERTEX_POINT('',#2955);
#1042=VERTEX_POINT('',#2957);
#1043=VERTEX_POINT('',#2959);
#1044=VERTEX_POINT('',#2963);
#1045=VERTEX_POINT('',#2965);
#1046=VERTEX_POINT('',#2969);
#1047=VERTEX_POINT('',#2971);
#1048=VERTEX_POINT('',#2975);
#1049=VERTEX_POINT('',#2977);
#1050=VERTEX_POINT('',#2981);
#1051=VERTEX_POINT('',#2983);
#1052=VERTEX_POINT('',#2985);
#1053=VERTEX_POINT('',#2988);
#1054=VERTEX_POINT('',#3022);
#1055=VERTEX_POINT('',#3024);
#1056=VERTEX_POINT('',#3028);
#1057=VERTEX_POINT('',#3030);
#1058=VERTEX_POINT('',#3034);
#1059=VERTEX_POINT('',#3036);
#1060=VERTEX_POINT('',#3040);
#1061=VERTEX_POINT('',#3042);
#1062=VERTEX_POINT('',#3045);
#1063=VERTEX_POINT('',#3047);
#1064=VERTEX_POINT('',#3081);
#1065=VERTEX_POINT('',#3085);
#1066=VERTEX_POINT('',#3089);
#1067=VERTEX_POINT('',#3093);
#1068=VERTEX_POINT('',#3097);
#1069=VERTEX_POINT('',#3101);
#1070=VERTEX_POINT('',#3162);
#1071=VERTEX_POINT('',#3164);
#1072=VERTEX_POINT('',#3226);
#1073=VERTEX_POINT('',#3249);
#1074=VERTEX_POINT('',#3272);
#1075=VERTEX_POINT('',#3294);
#1076=VERTEX_POINT('',#3297);
#1077=VERTEX_POINT('',#3359);
#1078=VERTEX_POINT('',#3382);
#1079=VERTEX_POINT('',#3442);
#1080=VERTEX_POINT('',#3444);
#1081=VERTEX_POINT('',#3467);
#1082=VERTEX_POINT('',#3489);
#1083=VERTEX_POINT('',#3492);
#1084=VERTEX_POINT('',#3929);
#1085=VERTEX_POINT('',#3931);
#1086=VERTEX_POINT('',#3935);
#1087=VERTEX_POINT('',#3937);
#1088=VERTEX_POINT('',#3940);
#1089=VERTEX_POINT('',#3944);
#1090=VERTEX_POINT('',#3950);
#1091=VERTEX_POINT('',#3952);
#1092=VERTEX_POINT('',#3976);
#1093=VERTEX_POINT('',#3978);
#1094=VERTEX_POINT('',#3981);
#1095=VERTEX_POINT('',#3983);
#1096=VERTEX_POINT('',#3987);
#1097=VERTEX_POINT('',#3991);
#1098=VERTEX_POINT('',#3997);
#1099=VERTEX_POINT('',#3999);
#1100=LINE('',#2675,#1308);
#1101=LINE('',#2678,#1309);
#1102=LINE('',#2680,#1310);
#1103=LINE('',#2682,#1311);
#1104=LINE('',#2684,#1312);
#1105=LINE('',#2686,#1313);
#1106=LINE('',#2688,#1314);
#1107=LINE('',#2690,#1315);
#1108=LINE('',#2692,#1316);
#1109=LINE('',#2695,#1317);
#1110=LINE('',#2697,#1318);
#1111=LINE('',#2699,#1319);
#1112=LINE('',#2701,#1320);
#1113=LINE('',#2703,#1321);
#1114=LINE('',#2705,#1322);
#1115=LINE('',#2707,#1323);
#1116=LINE('',#2709,#1324);
#1117=LINE('',#2712,#1325);
#1118=LINE('',#2714,#1326);
#1119=LINE('',#2716,#1327);
#1120=LINE('',#2718,#1328);
#1121=LINE('',#2720,#1329);
#1122=LINE('',#2722,#1330);
#1123=LINE('',#2724,#1331);
#1124=LINE('',#2726,#1332);
#1125=LINE('',#2729,#1333);
#1126=LINE('',#2731,#1334);
#1127=LINE('',#2733,#1335);
#1128=LINE('',#2735,#1336);
#1129=LINE('',#2737,#1337);
#1130=LINE('',#2739,#1338);
#1131=LINE('',#2741,#1339);
#1132=LINE('',#2747,#1340);
#1133=LINE('',#2750,#1341);
#1134=LINE('',#2752,#1342);
#1135=LINE('',#2754,#1343);
#1136=LINE('',#2756,#1344);
#1137=LINE('',#2758,#1345);
#1138=LINE('',#2760,#1346);
#1139=LINE('',#2762,#1347);
#1140=LINE('',#2764,#1348);
#1141=LINE('',#2766,#1349);
#1142=LINE('',#2768,#1350);
#1143=LINE('',#2770,#1351);
#1144=LINE('',#2772,#1352);
#1145=LINE('',#2774,#1353);
#1146=LINE('',#2776,#1354);
#1147=LINE('',#2778,#1355);
#1148=LINE('',#2780,#1356);
#1149=LINE('',#2782,#1357);
#1150=LINE('',#2784,#1358);
#1151=LINE('',#2786,#1359);
#1152=LINE('',#2788,#1360);
#1153=LINE('',#2790,#1361);
#1154=LINE('',#2792,#1362);
#1155=LINE('',#2794,#1363);
#1156=LINE('',#2796,#1364);
#1157=LINE('',#2798,#1365);
#1158=LINE('',#2800,#1366);
#1159=LINE('',#2802,#1367);
#1160=LINE('',#2804,#1368);
#1161=LINE('',#2807,#1369);
#1162=LINE('',#2809,#1370);
#1163=LINE('',#2811,#1371);
#1164=LINE('',#2813,#1372);
#1165=LINE('',#2815,#1373);
#1166=LINE('',#2817,#1374);
#1167=LINE('',#2819,#1375);
#1168=LINE('',#2821,#1376);
#1169=LINE('',#2823,#1377);
#1170=LINE('',#2825,#1378);
#1171=LINE('',#2827,#1379);
#1172=LINE('',#2829,#1380);
#1173=LINE('',#2831,#1381);
#1174=LINE('',#2833,#1382);
#1175=LINE('',#2835,#1383);
#1176=LINE('',#2837,#1384);
#1177=LINE('',#2839,#1385);
#1178=LINE('',#2841,#1386);
#1179=LINE('',#2843,#1387);
#1180=LINE('',#2845,#1388);
#1181=LINE('',#2847,#1389);
#1182=LINE('',#2849,#1390);
#1183=LINE('',#2851,#1391);
#1184=LINE('',#2853,#1392);
#1185=LINE('',#2855,#1393);
#1186=LINE('',#2857,#1394);
#1187=LINE('',#2859,#1395);
#1188=LINE('',#2921,#1396);
#1189=LINE('',#2924,#1397);
#1190=LINE('',#2926,#1398);
#1191=LINE('',#2930,#1399);
#1192=LINE('',#2934,#1400);
#1193=LINE('',#2938,#1401);
#1194=LINE('',#2942,#1402);
#1195=LINE('',#2944,#1403);
#1196=LINE('',#2946,#1404);
#1197=LINE('',#2950,#1405);
#1198=LINE('',#2954,#1406);
#1199=LINE('',#2958,#1407);
#1200=LINE('',#2962,#1408);
#1201=LINE('',#2964,#1409);
#1202=LINE('',#2966,#1410);
#1203=LINE('',#2968,#1411);
#1204=LINE('',#2970,#1412);
#1205=LINE('',#2972,#1413);
#1206=LINE('',#2974,#1414);
#1207=LINE('',#2976,#1415);
#1208=LINE('',#2978,#1416);
#1209=LINE('',#2980,#1417);
#1210=LINE('',#2982,#1418);
#1211=LINE('',#2984,#1419);
#1212=LINE('',#2986,#1420);
#1213=LINE('',#2987,#1421);
#1214=LINE('',#2989,#1422);
#1215=LINE('',#3002,#1423);
#1216=LINE('',#3003,#1424);
#1217=LINE('',#3004,#1425);
#1218=LINE('',#3012,#1426);
#1219=LINE('',#3013,#1427);
#1220=LINE('',#3014,#1428);
#1221=LINE('',#3021,#1429);
#1222=LINE('',#3023,#1430);
#1223=LINE('',#3025,#1431);
#1224=LINE('',#3027,#1432);
#1225=LINE('',#3029,#1433);
#1226=LINE('',#3031,#1434);
#1227=LINE('',#3033,#1435);
#1228=LINE('',#3035,#1436);
#1229=LINE('',#3037,#1437);
#1230=LINE('',#3039,#1438);
#1231=LINE('',#3041,#1439);
#1232=LINE('',#3043,#1440);
#1233=LINE('',#3044,#1441);
#1234=LINE('',#3046,#1442);
#1235=LINE('',#3048,#1443);
#1236=LINE('',#3062,#1444);
#1237=LINE('',#3063,#1445);
#1238=LINE('',#3064,#1446);
#1239=LINE('',#3070,#1447);
#1240=LINE('',#3071,#1448);
#1241=LINE('',#3072,#1449);
#1242=LINE('',#3928,#1450);
#1243=LINE('',#3930,#1451);
#1244=LINE('',#3932,#1452);
#1245=LINE('',#3934,#1453);
#1246=LINE('',#3936,#1454);
#1247=LINE('',#3938,#1455);
#1248=LINE('',#3939,#1456);
#1249=LINE('',#3941,#1457);
#1250=LINE('',#3943,#1458);
#1251=LINE('',#3945,#1459);
#1252=LINE('',#3947,#1460);
#1253=LINE('',#3949,#1461);
#1254=LINE('',#3951,#1462);
#1255=LINE('',#3953,#1463);
#1256=LINE('',#3955,#1464);
#1257=LINE('',#3956,#1465);
#1258=LINE('',#3958,#1466);
#1259=LINE('',#3959,#1467);
#1260=LINE('',#3960,#1468);
#1261=LINE('',#3962,#1469);
#1262=LINE('',#3965,#1470);
#1263=LINE('',#3966,#1471);
#1264=LINE('',#3968,#1472);
#1265=LINE('',#3969,#1473);
#1266=LINE('',#3970,#1474);
#1267=LINE('',#3972,#1475);
#1268=LINE('',#3975,#1476);
#1269=LINE('',#3977,#1477);
#1270=LINE('',#3979,#1478);
#1271=LINE('',#3980,#1479);
#1272=LINE('',#3982,#1480);
#1273=LINE('',#3984,#1481);
#1274=LINE('',#3986,#1482);
#1275=LINE('',#3988,#1483);
#1276=LINE('',#3990,#1484);
#1277=LINE('',#3992,#1485);
#1278=LINE('',#3994,#1486);
#1279=LINE('',#3996,#1487);
#1280=LINE('',#3998,#1488);
#1281=LINE('',#4000,#1489);
#1282=LINE('',#4002,#1490);
#1283=LINE('',#4003,#1491);
#1284=LINE('',#4005,#1492);
#1285=LINE('',#4006,#1493);
#1286=LINE('',#4007,#1494);
#1287=LINE('',#4009,#1495);
#1288=LINE('',#4012,#1496);
#1289=LINE('',#4013,#1497);
#1290=LINE('',#4015,#1498);
#1291=LINE('',#4016,#1499);
#1292=LINE('',#4017,#1500);
#1293=LINE('',#4019,#1501);
#1294=LINE('',#4022,#1502);
#1295=LINE('',#4023,#1503);
#1296=LINE('',#4027,#1504);
#1297=LINE('',#4028,#1505);
#1298=LINE('',#4032,#1506);
#1299=LINE('',#4033,#1507);
#1300=LINE('',#4037,#1508);
#1301=LINE('',#4038,#1509);
#1302=LINE('',#4042,#1510);
#1303=LINE('',#4043,#1511);
#1304=LINE('',#4047,#1512);
#1305=LINE('',#4048,#1513);
#1306=LINE('',#4052,#1514);
#1307=LINE('',#4053,#1515);
#1308=VECTOR('',#2163,1000.);
#1309=VECTOR('',#2164,1000.);
#1310=VECTOR('',#2165,1000.);
#1311=VECTOR('',#2166,1000.);
#1312=VECTOR('',#2167,1000.);
#1313=VECTOR('',#2168,1000.);
#1314=VECTOR('',#2169,1000.);
#1315=VECTOR('',#2170,1000.);
#1316=VECTOR('',#2173,1000.);
#1317=VECTOR('',#2174,1000.);
#1318=VECTOR('',#2175,1000.);
#1319=VECTOR('',#2176,1000.);
#1320=VECTOR('',#2177,1000.);
#1321=VECTOR('',#2178,1000.);
#1322=VECTOR('',#2179,1000.);
#1323=VECTOR('',#2180,1000.);
#1324=VECTOR('',#2183,1000.);
#1325=VECTOR('',#2184,1000.);
#1326=VECTOR('',#2185,1000.);
#1327=VECTOR('',#2186,1000.);
#1328=VECTOR('',#2187,1000.);
#1329=VECTOR('',#2188,1000.);
#1330=VECTOR('',#2189,1000.);
#1331=VECTOR('',#2190,1000.);
#1332=VECTOR('',#2193,1000.);
#1333=VECTOR('',#2194,1000.);
#1334=VECTOR('',#2195,1000.);
#1335=VECTOR('',#2196,1000.);
#1336=VECTOR('',#2197,1000.);
#1337=VECTOR('',#2198,1000.);
#1338=VECTOR('',#2199,1000.);
#1339=VECTOR('',#2200,1000.);
#1340=VECTOR('',#2207,1000.);
#1341=VECTOR('',#2208,1000.);
#1342=VECTOR('',#2209,1000.);
#1343=VECTOR('',#2210,1000.);
#1344=VECTOR('',#2211,1000.);
#1345=VECTOR('',#2212,1000.);
#1346=VECTOR('',#2213,1000.);
#1347=VECTOR('',#2214,1000.);
#1348=VECTOR('',#2215,1000.);
#1349=VECTOR('',#2216,1000.);
#1350=VECTOR('',#2217,1000.);
#1351=VECTOR('',#2218,1000.);
#1352=VECTOR('',#2219,1000.);
#1353=VECTOR('',#2220,1000.);
#1354=VECTOR('',#2221,1000.);
#1355=VECTOR('',#2222,1000.);
#1356=VECTOR('',#2223,1000.);
#1357=VECTOR('',#2224,1000.);
#1358=VECTOR('',#2225,1000.);
#1359=VECTOR('',#2226,1000.);
#1360=VECTOR('',#2227,1000.);
#1361=VECTOR('',#2228,1000.);
#1362=VECTOR('',#2229,1000.);
#1363=VECTOR('',#2230,1000.);
#1364=VECTOR('',#2231,1000.);
#1365=VECTOR('',#2232,1000.);
#1366=VECTOR('',#2233,1000.);
#1367=VECTOR('',#2234,1000.);
#1368=VECTOR('',#2237,1000.);
#1369=VECTOR('',#2238,1000.);
#1370=VECTOR('',#2239,1000.);
#1371=VECTOR('',#2240,1000.);
#1372=VECTOR('',#2241,1000.);
#1373=VECTOR('',#2242,1000.);
#1374=VECTOR('',#2243,1000.);
#1375=VECTOR('',#2244,1000.);
#1376=VECTOR('',#2245,1000.);
#1377=VECTOR('',#2246,1000.);
#1378=VECTOR('',#2247,1000.);
#1379=VECTOR('',#2248,1000.);
#1380=VECTOR('',#2249,1000.);
#1381=VECTOR('',#2250,1000.);
#1382=VECTOR('',#2251,1000.);
#1383=VECTOR('',#2252,1000.);
#1384=VECTOR('',#2253,1000.);
#1385=VECTOR('',#2254,1000.);
#1386=VECTOR('',#2255,1000.);
#1387=VECTOR('',#2256,1000.);
#1388=VECTOR('',#2257,1000.);
#1389=VECTOR('',#2258,1000.);
#1390=VECTOR('',#2259,1000.);
#1391=VECTOR('',#2260,1000.);
#1392=VECTOR('',#2261,1000.);
#1393=VECTOR('',#2262,1000.);
#1394=VECTOR('',#2263,1000.);
#1395=VECTOR('',#2264,1000.);
#1396=VECTOR('',#2279,1000.);
#1397=VECTOR('',#2280,1000.);
#1398=VECTOR('',#2281,1000.);
#1399=VECTOR('',#2284,1000.);
#1400=VECTOR('',#2287,1000.);
#1401=VECTOR('',#2290,1000.);
#1402=VECTOR('',#2293,1000.);
#1403=VECTOR('',#2294,1000.);
#1404=VECTOR('',#2295,1000.);
#1405=VECTOR('',#2298,1000.);
#1406=VECTOR('',#2301,1000.);
#1407=VECTOR('',#2304,1000.);
#1408=VECTOR('',#2309,1000.);
#1409=VECTOR('',#2310,1000.);
#1410=VECTOR('',#2311,1000.);
#1411=VECTOR('',#2314,1000.);
#1412=VECTOR('',#2315,1000.);
#1413=VECTOR('',#2316,1000.);
#1414=VECTOR('',#2319,1000.);
#1415=VECTOR('',#2320,1000.);
#1416=VECTOR('',#2321,1000.);
#1417=VECTOR('',#2324,1000.);
#1418=VECTOR('',#2325,1000.);
#1419=VECTOR('',#2326,1000.);
#1420=VECTOR('',#2327,1000.);
#1421=VECTOR('',#2328,1000.);
#1422=VECTOR('',#2329,1000.);
#1423=VECTOR('',#2354,1000.);
#1424=VECTOR('',#2355,1000.);
#1425=VECTOR('',#2356,1000.);
#1426=VECTOR('',#2371,1000.);
#1427=VECTOR('',#2372,1000.);
#1428=VECTOR('',#2373,1000.);
#1429=VECTOR('',#2386,1000.);
#1430=VECTOR('',#2387,1000.);
#1431=VECTOR('',#2388,1000.);
#1432=VECTOR('',#2391,1000.);
#1433=VECTOR('',#2392,1000.);
#1434=VECTOR('',#2393,1000.);
#1435=VECTOR('',#2396,1000.);
#1436=VECTOR('',#2397,1000.);
#1437=VECTOR('',#2398,1000.);
#1438=VECTOR('',#2401,1000.);
#1439=VECTOR('',#2402,1000.);
#1440=VECTOR('',#2403,1000.);
#1441=VECTOR('',#2404,1000.);
#1442=VECTOR('',#2405,1000.);
#1443=VECTOR('',#2406,1000.);
#1444=VECTOR('',#2433,1000.);
#1445=VECTOR('',#2434,1000.);
#1446=VECTOR('',#2435,1000.);
#1447=VECTOR('',#2446,1000.);
#1448=VECTOR('',#2447,1000.);
#1449=VECTOR('',#2448,1000.);
#1450=VECTOR('',#2515,1000.);
#1451=VECTOR('',#2516,1000.);
#1452=VECTOR('',#2517,1000.);
#1453=VECTOR('',#2520,1000.);
#1454=VECTOR('',#2521,1000.);
#1455=VECTOR('',#2522,1000.);
#1456=VECTOR('',#2523,1000.);
#1457=VECTOR('',#2524,1000.);
#1458=VECTOR('',#2527,1000.);
#1459=VECTOR('',#2528,1000.);
#1460=VECTOR('',#2531,1000.);
#1461=VECTOR('',#2534,1000.);
#1462=VECTOR('',#2535,1000.);
#1463=VECTOR('',#2536,1000.);
#1464=VECTOR('',#2539,1000.);
#1465=VECTOR('',#2540,1000.);
#1466=VECTOR('',#2543,1000.);
#1467=VECTOR('',#2544,1000.);
#1468=VECTOR('',#2545,1000.);
#1469=VECTOR('',#2548,1000.);
#1470=VECTOR('',#2553,1000.);
#1471=VECTOR('',#2554,1000.);
#1472=VECTOR('',#2557,1000.);
#1473=VECTOR('',#2558,1000.);
#1474=VECTOR('',#2559,1000.);
#1475=VECTOR('',#2562,1000.);
#1476=VECTOR('',#2567,1000.);
#1477=VECTOR('',#2568,1000.);
#1478=VECTOR('',#2569,1000.);
#1479=VECTOR('',#2570,1000.);
#1480=VECTOR('',#2571,1000.);
#1481=VECTOR('',#2572,1000.);
#1482=VECTOR('',#2575,1000.);
#1483=VECTOR('',#2576,1000.);
#1484=VECTOR('',#2579,1000.);
#1485=VECTOR('',#2580,1000.);
#1486=VECTOR('',#2583,1000.);
#1487=VECTOR('',#2586,1000.);
#1488=VECTOR('',#2587,1000.);
#1489=VECTOR('',#2588,1000.);
#1490=VECTOR('',#2591,1000.);
#1491=VECTOR('',#2592,1000.);
#1492=VECTOR('',#2595,1000.);
#1493=VECTOR('',#2596,1000.);
#1494=VECTOR('',#2597,1000.);
#1495=VECTOR('',#2600,1000.);
#1496=VECTOR('',#2605,1000.);
#1497=VECTOR('',#2606,1000.);
#1498=VECTOR('',#2609,1000.);
#1499=VECTOR('',#2610,1000.);
#1500=VECTOR('',#2611,1000.);
#1501=VECTOR('',#2614,1000.);
#1502=VECTOR('',#2619,1000.);
#1503=VECTOR('',#2620,1000.);
#1504=VECTOR('',#2627,1000.);
#1505=VECTOR('',#2628,1000.);
#1506=VECTOR('',#2635,1000.);
#1507=VECTOR('',#2636,1000.);
#1508=VECTOR('',#2643,1000.);
#1509=VECTOR('',#2644,1000.);
#1510=VECTOR('',#2651,1000.);
#1511=VECTOR('',#2652,1000.);
#1512=VECTOR('',#2659,1000.);
#1513=VECTOR('',#2660,1000.);
#1514=VECTOR('',#2667,1000.);
#1515=VECTOR('',#2668,1000.);
#1516=EDGE_LOOP('',(#116,#117,#118,#119,#120,#121,#122,#123));
#1517=EDGE_LOOP('',(#124,#125,#126,#127,#128,#129,#130,#131));
#1518=EDGE_LOOP('',(#132,#133,#134,#135,#136,#137,#138,#139));
#1519=EDGE_LOOP('',(#140,#141,#142,#143,#144,#145,#146,#147));
#1520=EDGE_LOOP('',(#148));
#1521=EDGE_LOOP('',(#149));
#1522=EDGE_LOOP('',(#150,#151,#152,#153,#154,#155,#156,#157,#158,#159,#160,#161,#162,#163,#164,#165,#166,#167,#168,#169,#170,#171,#172,#173,#174,#175,#176,#177));
#1523=EDGE_LOOP('',(#178,#179,#180,#181,#182,#183,#184,#185,#186,#187,#188,#189,#190,#191,#192,#193,#194,#195,#196,#197,#198,#199,#200,#201,#202,#203,#204,#205));
#1524=EDGE_LOOP('',(#206));
#1525=EDGE_LOOP('',(#207));
#1526=EDGE_LOOP('',(#208));
#1527=EDGE_LOOP('',(#209));
#1528=EDGE_LOOP('',(#210));
#1529=EDGE_LOOP('',(#211));
#1530=EDGE_LOOP('',(#212));
#1531=EDGE_LOOP('',(#213));
#1532=EDGE_LOOP('',(#214,#215,#216,#217,#218,#219,#220,#221,#222,#223,#224,#225,#226,#227,#228,#229,#230,#231,#232,#233));
#1533=EDGE_LOOP('',(#234,#235,#236,#237));
#1534=EDGE_LOOP('',(#238,#239,#240,#241));
#1535=EDGE_LOOP('',(#242,#243,#244,#245));
#1536=EDGE_LOOP('',(#246,#247,#248,#249,#250,#251,#252,#253));
#1537=EDGE_LOOP('',(#254,#255,#256,#257));
#1538=EDGE_LOOP('',(#258,#259,#260,#261));
#1539=EDGE_LOOP('',(#262,#263,#264,#265));
#1540=EDGE_LOOP('',(#266,#267,#268));
#1541=EDGE_LOOP('',(#269,#270,#271));
#1542=EDGE_LOOP('',(#272,#273,#274,#275,#276,#277,#278,#279,#280,#281));
#1543=EDGE_LOOP('',(#282,#283,#284,#285));
#1544=EDGE_LOOP('',(#286,#287,#288,#289));
#1545=EDGE_LOOP('',(#290,#291,#292,#293,#294,#295,#296,#297,#298,#299));
#1546=EDGE_LOOP('',(#300,#301,#302));
#1547=EDGE_LOOP('',(#303,#304,#305));
#1548=EDGE_LOOP('',(#306,#307,#308,#309));
#1549=EDGE_LOOP('',(#310,#311,#312,#313));
#1550=EDGE_LOOP('',(#314,#315,#316,#317));
#1551=EDGE_LOOP('',(#318,#319,#320,#321));
#1552=EDGE_LOOP('',(#322,#323,#324,#325,#326,#327,#328,#329));
#1553=EDGE_LOOP('',(#330,#331,#332,#333));
#1554=EDGE_LOOP('',(#334,#335,#336,#337));
#1555=EDGE_LOOP('',(#338,#339,#340,#341));
#1556=EDGE_LOOP('',(#342,#343,#344));
#1557=EDGE_LOOP('',(#345,#346,#347));
#1558=EDGE_LOOP('',(#348,#349,#350,#351,#352,#353,#354,#355,#356,#357));
#1559=EDGE_LOOP('',(#358,#359,#360,#361));
#1560=EDGE_LOOP('',(#362,#363,#364,#365));
#1561=EDGE_LOOP('',(#366,#367,#368,#369,#370,#371,#372,#373,#374,#375));
#1562=EDGE_LOOP('',(#376,#377,#378));
#1563=EDGE_LOOP('',(#379,#380,#381));
#1564=EDGE_LOOP('',(#382,#383,#384,#385));
#1565=EDGE_LOOP('',(#386));
#1566=EDGE_LOOP('',(#387));
#1567=EDGE_LOOP('',(#388));
#1568=EDGE_LOOP('',(#389));
#1569=EDGE_LOOP('',(#390));
#1570=EDGE_LOOP('',(#391));
#1571=EDGE_LOOP('',(#392));
#1572=EDGE_LOOP('',(#393));
#1573=EDGE_LOOP('',(#394));
#1574=EDGE_LOOP('',(#395));
#1575=EDGE_LOOP('',(#396));
#1576=EDGE_LOOP('',(#397));
#1577=EDGE_LOOP('',(#398));
#1578=EDGE_LOOP('',(#399));
#1579=EDGE_LOOP('',(#400));
#1580=EDGE_LOOP('',(#401));
#1581=EDGE_LOOP('',(#402));
#1582=EDGE_LOOP('',(#403));
#1583=EDGE_LOOP('',(#404));
#1584=EDGE_LOOP('',(#405));
#1585=EDGE_LOOP('',(#406));
#1586=EDGE_LOOP('',(#407));
#1587=EDGE_LOOP('',(#408));
#1588=EDGE_LOOP('',(#409));
#1589=EDGE_LOOP('',(#410));
#1590=EDGE_LOOP('',(#411));
#1591=EDGE_LOOP('',(#412));
#1592=EDGE_LOOP('',(#413));
#1593=EDGE_LOOP('',(#414));
#1594=EDGE_LOOP('',(#415));
#1595=EDGE_LOOP('',(#416));
#1596=EDGE_LOOP('',(#417));
#1597=EDGE_LOOP('',(#418));
#1598=EDGE_LOOP('',(#419));
#1599=EDGE_LOOP('',(#420));
#1600=EDGE_LOOP('',(#421));
#1601=EDGE_LOOP('',(#422));
#1602=EDGE_LOOP('',(#423));
#1603=EDGE_LOOP('',(#424));
#1604=EDGE_LOOP('',(#425));
#1605=EDGE_LOOP('',(#426));
#1606=EDGE_LOOP('',(#427));
#1607=EDGE_LOOP('',(#428));
#1608=EDGE_LOOP('',(#429));
#1609=EDGE_LOOP('',(#430));
#1610=EDGE_LOOP('',(#431));
#1611=EDGE_LOOP('',(#432));
#1612=EDGE_LOOP('',(#433));
#1613=EDGE_LOOP('',(#434));
#1614=EDGE_LOOP('',(#435));
#1615=EDGE_LOOP('',(#436,#437,#438,#439));
#1616=EDGE_LOOP('',(#440,#441,#442,#443,#444,#445,#446,#447));
#1617=EDGE_LOOP('',(#448,#449,#450,#451));
#1618=EDGE_LOOP('',(#452,#453,#454,#455));
#1619=EDGE_LOOP('',(#456,#457,#458,#459,#460,#461,#462,#463));
#1620=EDGE_LOOP('',(#464,#465,#466,#467));
#1621=EDGE_LOOP('',(#468,#469,#470,#471,#472,#473,#474,#475));
#1622=EDGE_LOOP('',(#476,#477,#478,#479));
#1623=EDGE_LOOP('',(#480,#481,#482,#483));
#1624=EDGE_LOOP('',(#484,#485,#486,#487));
#1625=EDGE_LOOP('',(#488,#489,#490,#491,#492,#493,#494,#495));
#1626=EDGE_LOOP('',(#496,#497,#498,#499));
#1627=EDGE_LOOP('',(#500,#501,#502,#503));
#1628=EDGE_LOOP('',(#504,#505,#506,#507,#508,#509,#510,#511));
#1629=EDGE_LOOP('',(#512,#513,#514,#515));
#1630=EDGE_LOOP('',(#516,#517,#518,#519));
#1631=EDGE_LOOP('',(#520,#521,#522,#523));
#1632=EDGE_LOOP('',(#524,#525,#526,#527,#528,#529,#530,#531));
#1633=EDGE_LOOP('',(#532,#533,#534,#535));
#1634=EDGE_LOOP('',(#536,#537,#538,#539,#540,#541,#542,#543));
#1635=EDGE_LOOP('',(#544,#545,#546,#547));
#1636=EDGE_LOOP('',(#548,#549,#550,#551));
#1637=EDGE_LOOP('',(#552,#553,#554,#555));
#1638=EDGE_LOOP('',(#556,#557,#558,#559,#560,#561,#562,#563));
#1639=EDGE_LOOP('',(#564,#565,#566,#567));
#1640=EDGE_LOOP('',(#568,#569,#570,#571));
#1641=EDGE_LOOP('',(#572,#573,#574,#575));
#1642=EDGE_LOOP('',(#576,#577,#578,#579));
#1643=EDGE_LOOP('',(#580,#581,#582,#583));
#1644=EDGE_LOOP('',(#584,#585,#586,#587));
#1645=EDGE_LOOP('',(#588,#589,#590,#591));
#1646=EDGE_LOOP('',(#592,#593,#594,#595));
#1647=EDGE_LOOP('',(#596,#597,#598,#599));
#1648=EDGE_LOOP('',(#600,#601,#602,#603));
#1649=EDGE_LOOP('',(#604,#605,#606,#607));
#1650=EDGE_LOOP('',(#608,#609,#610,#611));
#1651=EDGE_LOOP('',(#612,#613,#614,#615));
#1652=EDGE_LOOP('',(#616,#617,#618,#619));
#1653=EDGE_LOOP('',(#620,#621,#622,#623));
#1654=EDGE_LOOP('',(#624,#625,#626,#627));
#1655=EDGE_LOOP('',(#628,#629,#630,#631));
#1656=EDGE_LOOP('',(#632,#633,#634,#635));
#1657=EDGE_LOOP('',(#636,#637,#638,#639));
#1658=EDGE_LOOP('',(#640,#641,#642,#643));
#1659=EDGE_LOOP('',(#644,#645,#646,#647));
#1660=EDGE_LOOP('',(#648,#649,#650,#651));
#1661=EDGE_LOOP('',(#652,#653,#654,#655));
#1662=FACE_BOUND('',#1516,.T.);
#1663=FACE_BOUND('',#1517,.T.);
#1664=FACE_BOUND('',#1518,.T.);
#1665=FACE_BOUND('',#1519,.T.);
#1666=FACE_BOUND('',#1520,.T.);
#1667=FACE_BOUND('',#1521,.T.);
#1668=FACE_BOUND('',#1522,.T.);
#1669=FACE_BOUND('',#1523,.T.);
#1670=FACE_BOUND('',#1524,.T.);
#1671=FACE_BOUND('',#1525,.T.);
#1672=FACE_BOUND('',#1526,.T.);
#1673=FACE_BOUND('',#1527,.T.);
#1674=FACE_BOUND('',#1528,.T.);
#1675=FACE_BOUND('',#1529,.T.);
#1676=FACE_BOUND('',#1530,.T.);
#1677=FACE_BOUND('',#1531,.T.);
#1678=FACE_BOUND('',#1532,.T.);
#1679=FACE_BOUND('',#1533,.T.);
#1680=FACE_BOUND('',#1534,.T.);
#1681=FACE_BOUND('',#1535,.T.);
#1682=FACE_BOUND('',#1536,.T.);
#1683=FACE_BOUND('',#1537,.T.);
#1684=FACE_BOUND('',#1538,.T.);
#1685=FACE_BOUND('',#1539,.T.);
#1686=FACE_BOUND('',#1540,.T.);
#1687=FACE_BOUND('',#1541,.T.);
#1688=FACE_BOUND('',#1542,.T.);
#1689=FACE_BOUND('',#1543,.T.);
#1690=FACE_BOUND('',#1544,.T.);
#1691=FACE_BOUND('',#1545,.T.);
#1692=FACE_BOUND('',#1546,.T.);
#1693=FACE_BOUND('',#1547,.T.);
#1694=FACE_BOUND('',#1548,.T.);
#1695=FACE_BOUND('',#1549,.T.);
#1696=FACE_BOUND('',#1550,.T.);
#1697=FACE_BOUND('',#1551,.T.);
#1698=FACE_BOUND('',#1552,.T.);
#1699=FACE_BOUND('',#1553,.T.);
#1700=FACE_BOUND('',#1554,.T.);
#1701=FACE_BOUND('',#1555,.T.);
#1702=FACE_BOUND('',#1556,.T.);
#1703=FACE_BOUND('',#1557,.T.);
#1704=FACE_BOUND('',#1558,.T.);
#1705=FACE_BOUND('',#1559,.T.);
#1706=FACE_BOUND('',#1560,.T.);
#1707=FACE_BOUND('',#1561,.T.);
#1708=FACE_BOUND('',#1562,.T.);
#1709=FACE_BOUND('',#1563,.T.);
#1710=FACE_BOUND('',#1564,.T.);
#1711=FACE_BOUND('',#1565,.T.);
#1712=FACE_BOUND('',#1566,.T.);
#1713=FACE_BOUND('',#1567,.T.);
#1714=FACE_BOUND('',#1568,.T.);
#1715=FACE_BOUND('',#1569,.T.);
#1716=FACE_BOUND('',#1570,.T.);
#1717=FACE_BOUND('',#1571,.T.);
#1718=FACE_BOUND('',#1572,.T.);
#1719=FACE_BOUND('',#1573,.T.);
#1720=FACE_BOUND('',#1574,.T.);
#1721=FACE_BOUND('',#1575,.T.);
#1722=FACE_BOUND('',#1576,.T.);
#1723=FACE_BOUND('',#1577,.T.);
#1724=FACE_BOUND('',#1578,.T.);
#1725=FACE_BOUND('',#1579,.T.);
#1726=FACE_BOUND('',#1580,.T.);
#1727=FACE_BOUND('',#1581,.T.);
#1728=FACE_BOUND('',#1582,.T.);
#1729=FACE_BOUND('',#1583,.T.);
#1730=FACE_BOUND('',#1584,.T.);
#1731=FACE_BOUND('',#1585,.T.);
#1732=FACE_BOUND('',#1586,.T.);
#1733=FACE_BOUND('',#1587,.T.);
#1734=FACE_BOUND('',#1588,.T.);
#1735=FACE_BOUND('',#1589,.T.);
#1736=FACE_BOUND('',#1590,.T.);
#1737=FACE_BOUND('',#1591,.T.);
#1738=FACE_BOUND('',#1592,.T.);
#1739=FACE_BOUND('',#1593,.T.);
#1740=FACE_BOUND('',#1594,.T.);
#1741=FACE_BOUND('',#1595,.T.);
#1742=FACE_BOUND('',#1596,.T.);
#1743=FACE_BOUND('',#1597,.T.);
#1744=FACE_BOUND('',#1598,.T.);
#1745=FACE_BOUND('',#1599,.T.);
#1746=FACE_BOUND('',#1600,.T.);
#1747=FACE_BOUND('',#1601,.T.);
#1748=FACE_BOUND('',#1602,.T.);
#1749=FACE_BOUND('',#1603,.T.);
#1750=FACE_BOUND('',#1604,.T.);
#1751=FACE_BOUND('',#1605,.T.);
#1752=FACE_BOUND('',#1606,.T.);
#1753=FACE_BOUND('',#1607,.T.);
#1754=FACE_BOUND('',#1608,.T.);
#1755=FACE_BOUND('',#1609,.T.);
#1756=FACE_BOUND('',#1610,.T.);
#1757=FACE_BOUND('',#1611,.T.);
#1758=FACE_BOUND('',#1612,.T.);
#1759=FACE_BOUND('',#1613,.T.);
#1760=FACE_BOUND('',#1614,.T.);
#1761=FACE_BOUND('',#1615,.T.);
#1762=FACE_BOUND('',#1616,.T.);
#1763=FACE_BOUND('',#1617,.T.);
#1764=FACE_BOUND('',#1618,.T.);
#1765=FACE_BOUND('',#1619,.T.);
#1766=FACE_BOUND('',#1620,.T.);
#1767=FACE_BOUND('',#1621,.T.);
#1768=FACE_BOUND('',#1622,.T.);
#1769=FACE_BOUND('',#1623,.T.);
#1770=FACE_BOUND('',#1624,.T.);
#1771=FACE_BOUND('',#1625,.T.);
#1772=FACE_BOUND('',#1626,.T.);
#1773=FACE_BOUND('',#1627,.T.);
#1774=FACE_BOUND('',#1628,.T.);
#1775=FACE_BOUND('',#1629,.T.);
#1776=FACE_BOUND('',#1630,.T.);
#1777=FACE_BOUND('',#1631,.T.);
#1778=FACE_BOUND('',#1632,.T.);
#1779=FACE_BOUND('',#1633,.T.);
#1780=FACE_BOUND('',#1634,.T.);
#1781=FACE_BOUND('',#1635,.T.);
#1782=FACE_BOUND('',#1636,.T.);
#1783=FACE_BOUND('',#1637,.T.);
#1784=FACE_BOUND('',#1638,.T.);
#1785=FACE_BOUND('',#1639,.T.);
#1786=FACE_BOUND('',#1640,.T.);
#1787=FACE_BOUND('',#1641,.T.);
#1788=FACE_BOUND('',#1642,.T.);
#1789=FACE_BOUND('',#1643,.T.);
#1790=FACE_BOUND('',#1644,.T.);
#1791=FACE_BOUND('',#1645,.T.);
#1792=FACE_BOUND('',#1646,.T.);
#1793=FACE_BOUND('',#1647,.T.);
#1794=FACE_BOUND('',#1648,.T.);
#1795=FACE_BOUND('',#1649,.T.);
#1796=FACE_BOUND('',#1650,.T.);
#1797=FACE_BOUND('',#1651,.T.);
#1798=FACE_BOUND('',#1652,.T.);
#1799=FACE_BOUND('',#1653,.T.);
#1800=FACE_BOUND('',#1654,.T.);
#1801=FACE_BOUND('',#1655,.T.);
#1802=FACE_BOUND('',#1656,.T.);
#1803=FACE_BOUND('',#1657,.T.);
#1804=FACE_BOUND('',#1658,.T.);
#1805=FACE_BOUND('',#1659,.T.);
#1806=FACE_BOUND('',#1660,.T.);
#1807=FACE_BOUND('',#1661,.T.);
#1808=PLANE('',#2007);
#1809=PLANE('',#2008);
#1810=PLANE('',#2009);
#1811=PLANE('',#2010);
#1812=PLANE('',#2011);
#1813=PLANE('',#2014);
#1814=PLANE('',#2015);
#1815=PLANE('',#2030);
#1816=PLANE('',#2031);
#1817=PLANE('',#2032);
#1818=PLANE('',#2033);
#1819=PLANE('',#2058);
#1820=PLANE('',#2059);
#1821=PLANE('',#2060);
#1822=PLANE('',#2061);
#1823=PLANE('',#2086);
#1824=PLANE('',#2089);
#1825=PLANE('',#2092);
#1826=PLANE('',#2095);
#1827=PLANE('',#2098);
#1828=PLANE('',#2101);
#1829=PLANE('',#2105);
#1830=PLANE('',#2106);
#1831=PLANE('',#2109);
#1832=PLANE('',#2110);
#1833=PLANE('',#2112);
#1834=PLANE('',#2113);
#1835=PLANE('',#2114);
#1836=PLANE('',#2115);
#1837=PLANE('',#2116);
#1838=PLANE('',#2117);
#1839=PLANE('',#2118);
#1840=PLANE('',#2119);
#1841=PLANE('',#2120);
#1842=PLANE('',#2121);
#1843=PLANE('',#2122);
#1844=PLANE('',#2123);
#1845=PLANE('',#2124);
#1846=PLANE('',#2125);
#1847=PLANE('',#2126);
#1848=PLANE('',#2127);
#1849=PLANE('',#2128);
#1850=PLANE('',#2129);
#1851=PLANE('',#2130);
#1852=PLANE('',#2131);
#1853=PLANE('',#2132);
#1854=PLANE('',#2133);
#1855=PLANE('',#2134);
#1856=PLANE('',#2135);
#1857=PLANE('',#2136);
#1858=PLANE('',#2137);
#1859=PLANE('',#2138);
#1860=PLANE('',#2139);
#1861=PLANE('',#2140);
#1862=PLANE('',#2141);
#1863=PLANE('',#2142);
#1864=PLANE('',#2143);
#1865=PLANE('',#2144);
#1866=PLANE('',#2145);
#1867=PLANE('',#2146);
#1868=PLANE('',#2147);
#1869=PLANE('',#2148);
#1870=PLANE('',#2149);
#1871=PLANE('',#2150);
#1872=PLANE('',#2151);
#1873=PLANE('',#2152);
#1874=PLANE('',#2153);
#1875=PLANE('',#2154);
#1876=PLANE('',#2155);
#1877=PLANE('',#2156);
#1878=PLANE('',#2157);
#1879=PLANE('',#2158);
#1880=ADVANCED_FACE('',(#1662),#1808,.T.);
#1881=ADVANCED_FACE('',(#1663),#1809,.T.);
#1882=ADVANCED_FACE('',(#1664),#1810,.T.);
#1883=ADVANCED_FACE('',(#1665),#1811,.T.);
#1884=ADVANCED_FACE('',(#1666,#1667,#1668),#1812,.F.);
#1885=ADVANCED_FACE('',(#1669,#1670,#1671),#1813,.T.);
#1886=ADVANCED_FACE('',(#1672,#1673,#1674,#1675,#1676,#1677,#1678),#1814,.F.);
#1887=ADVANCED_FACE('',(#1679),#1815,.T.);
#1888=ADVANCED_FACE('',(#1680),#1816,.F.);
#1889=ADVANCED_FACE('',(#1681),#1817,.F.);
#1890=ADVANCED_FACE('',(#1682),#1818,.T.);
#1891=ADVANCED_FACE('',(#1683),#32,.T.);
#1892=ADVANCED_FACE('',(#1684),#33,.T.);
#1893=ADVANCED_FACE('',(#1685),#34,.T.);
#1894=ADVANCED_FACE('',(#1686),#24,.T.);
#1895=ADVANCED_FACE('',(#1687),#25,.T.);
#1896=ADVANCED_FACE('',(#1688),#35,.T.);
#1897=ADVANCED_FACE('',(#1689),#36,.T.);
#1898=ADVANCED_FACE('',(#1690),#37,.T.);
#1899=ADVANCED_FACE('',(#1691),#38,.T.);
#1900=ADVANCED_FACE('',(#1692),#26,.T.);
#1901=ADVANCED_FACE('',(#1693),#27,.T.);
#1902=ADVANCED_FACE('',(#1694),#39,.T.);
#1903=ADVANCED_FACE('',(#1695),#1819,.F.);
#1904=ADVANCED_FACE('',(#1696),#1820,.T.);
#1905=ADVANCED_FACE('',(#1697),#1821,.T.);
#1906=ADVANCED_FACE('',(#1698),#1822,.F.);
#1907=ADVANCED_FACE('',(#1699),#40,.F.);
#1908=ADVANCED_FACE('',(#1700),#41,.F.);
#1909=ADVANCED_FACE('',(#1701),#42,.F.);
#1910=ADVANCED_FACE('',(#1702),#28,.F.);
#1911=ADVANCED_FACE('',(#1703),#29,.F.);
#1912=ADVANCED_FACE('',(#1704),#43,.F.);
#1913=ADVANCED_FACE('',(#1705),#44,.F.);
#1914=ADVANCED_FACE('',(#1706),#45,.F.);
#1915=ADVANCED_FACE('',(#1707),#46,.F.);
#1916=ADVANCED_FACE('',(#1708),#30,.F.);
#1917=ADVANCED_FACE('',(#1709),#31,.F.);
#1918=ADVANCED_FACE('',(#1710),#47,.F.);
#1919=ADVANCED_FACE('',(#1711),#1823,.T.);
#1920=ADVANCED_FACE('',(#1712,#1713),#48,.F.);
#1921=ADVANCED_FACE('',(#1714),#1824,.T.);
#1922=ADVANCED_FACE('',(#1715,#1716),#49,.F.);
#1923=ADVANCED_FACE('',(#1717),#1825,.T.);
#1924=ADVANCED_FACE('',(#1718,#1719),#50,.F.);
#1925=ADVANCED_FACE('',(#1720),#1826,.T.);
#1926=ADVANCED_FACE('',(#1721,#1722),#51,.F.);
#1927=ADVANCED_FACE('',(#1723),#1827,.T.);
#1928=ADVANCED_FACE('',(#1724,#1725),#52,.F.);
#1929=ADVANCED_FACE('',(#1726),#1828,.T.);
#1930=ADVANCED_FACE('',(#1727,#1728),#53,.F.);
#1931=ADVANCED_FACE('',(#1729,#1730),#18,.T.);
#1932=ADVANCED_FACE('',(#1731,#1732),#19,.F.);
#1933=ADVANCED_FACE('',(#1733,#1734),#1829,.T.);
#1934=ADVANCED_FACE('',(#1735,#1736),#1830,.T.);
#1935=ADVANCED_FACE('',(#1737,#1738),#20,.F.);
#1936=ADVANCED_FACE('',(#1739,#1740),#21,.T.);
#1937=ADVANCED_FACE('',(#1741,#1742),#1831,.T.);
#1938=ADVANCED_FACE('',(#1743,#1744),#1832,.T.);
#1939=ADVANCED_FACE('',(#1745,#1746),#12,.T.);
#1940=ADVANCED_FACE('',(#1747,#1748),#13,.F.);
#1941=ADVANCED_FACE('',(#1749,#1750),#14,.T.);
#1942=ADVANCED_FACE('',(#1751,#1752),#15,.T.);
#1943=ADVANCED_FACE('',(#1753,#1754),#16,.F.);
#1944=ADVANCED_FACE('',(#1755,#1756),#17,.T.);
#1945=ADVANCED_FACE('',(#1757,#1758),#22,.F.);
#1946=ADVANCED_FACE('',(#1759,#1760),#23,.F.);
#1947=ADVANCED_FACE('',(#1761),#1833,.T.);
#1948=ADVANCED_FACE('',(#1762),#1834,.F.);
#1949=ADVANCED_FACE('',(#1763),#1835,.F.);
#1950=ADVANCED_FACE('',(#1764),#1836,.T.);
#1951=ADVANCED_FACE('',(#1765),#1837,.T.);
#1952=ADVANCED_FACE('',(#1766),#1838,.T.);
#1953=ADVANCED_FACE('',(#1767),#1839,.F.);
#1954=ADVANCED_FACE('',(#1768),#1840,.F.);
#1955=ADVANCED_FACE('',(#1769),#1841,.T.);
#1956=ADVANCED_FACE('',(#1770),#1842,.T.);
#1957=ADVANCED_FACE('',(#1771),#1843,.F.);
#1958=ADVANCED_FACE('',(#1772),#1844,.F.);
#1959=ADVANCED_FACE('',(#1773),#1845,.F.);
#1960=ADVANCED_FACE('',(#1774),#1846,.F.);
#1961=ADVANCED_FACE('',(#1775),#1847,.F.);
#1962=ADVANCED_FACE('',(#1776),#1848,.F.);
#1963=ADVANCED_FACE('',(#1777),#1849,.T.);
#1964=ADVANCED_FACE('',(#1778),#1850,.T.);
#1965=ADVANCED_FACE('',(#1779),#1851,.T.);
#1966=ADVANCED_FACE('',(#1780),#1852,.F.);
#1967=ADVANCED_FACE('',(#1781),#1853,.F.);
#1968=ADVANCED_FACE('',(#1782),#1854,.F.);
#1969=ADVANCED_FACE('',(#1783),#1855,.T.);
#1970=ADVANCED_FACE('',(#1784),#1856,.F.);
#1971=ADVANCED_FACE('',(#1785),#1857,.F.);
#1972=ADVANCED_FACE('',(#1786),#1858,.T.);
#1973=ADVANCED_FACE('',(#1787),#1859,.F.);
#1974=ADVANCED_FACE('',(#1788),#1860,.T.);
#1975=ADVANCED_FACE('',(#1789),#1861,.F.);
#1976=ADVANCED_FACE('',(#1790),#1862,.F.);
#1977=ADVANCED_FACE('',(#1791),#1863,.F.);
#1978=ADVANCED_FACE('',(#1792),#1864,.T.);
#1979=ADVANCED_FACE('',(#1793),#1865,.T.);
#1980=ADVANCED_FACE('',(#1794),#1866,.T.);
#1981=ADVANCED_FACE('',(#1795),#1867,.F.);
#1982=ADVANCED_FACE('',(#1796),#1868,.F.);
#1983=ADVANCED_FACE('',(#1797),#1869,.F.);
#1984=ADVANCED_FACE('',(#1798),#1870,.T.);
#1985=ADVANCED_FACE('',(#1799),#1871,.T.);
#1986=ADVANCED_FACE('',(#1800),#1872,.T.);
#1987=ADVANCED_FACE('',(#1801),#1873,.F.);
#1988=ADVANCED_FACE('',(#1802),#1874,.T.);
#1989=ADVANCED_FACE('',(#1803),#1875,.T.);
#1990=ADVANCED_FACE('',(#1804),#1876,.F.);
#1991=ADVANCED_FACE('',(#1805),#1877,.F.);
#1992=ADVANCED_FACE('',(#1806),#1878,.F.);
#1993=ADVANCED_FACE('',(#1807),#1879,.T.);
#1994=CLOSED_SHELL('',(#1880,#1881,#1882,#1883,#1884,#1885,#1886,#1887,#1888,#1889,#1890,#1891,#1892,#1893,#1894,#1895,#1896,#1897,#1898,#1899,#1900,#1901,#1902,#1903,#1904,#1905,#1906,#1907,#1908,#1909,#1910,#1911,#1912,#1913,#1914,#1915,#1916,#1917,#1918,#1919,#1920,#1921,#1922,#1923,#1924,#1925,#1926,#1927,#1928,#1929,#1930,#1931,#1932,#1933,#1934,#1935,#1936,#1937,#1938,#1939,#1940,#1941,#1942,#1943,#1944,#1945,#1946,#1947,#1948,#1949,#1950,#1951,#1952,#1953,#1954,#1955,#1956,#1957,#1958,#1959,#1960,#1961,#1962,#1963,#1964,#1965,#1966,#1967,#1968,#1969,#1970,#1971,#1972,#1973,#1974,#1975,#1976,#1977,#1978,#1979,#1980,#1981,#1982,#1983,#1984,#1985,#1986,#1987,#1988,#1989,#1990,#1991,#1992,#1993));
#1995=STYLED_ITEM('',(#1996),#2003);
#1996=PRESENTATION_STYLE_ASSIGNMENT((#1997));
#1997=SURFACE_STYLE_USAGE(.BOTH.,#1998);
#1998=SURFACE_SIDE_STYLE('',(#1999));
#1999=SURFACE_STYLE_FILL_AREA(#2000);
#2000=FILL_AREA_STYLE('',(#2001));
#2001=FILL_AREA_STYLE_COLOUR('',#2002);
#2002=COLOUR_RGB('',0.615686274509804,0.811764705882353,0.929411764705882);
#2003=MANIFOLD_SOLID_BREP('Part 2',#1994);
#2004=SHAPE_DEFINITION_REPRESENTATION(#4062,#2005);
#2005=SHAPE_REPRESENTATION('Part 2',(#2006),#4057);
#2006=AXIS2_PLACEMENT_3D('',#2673,#2159,#2160);
#2007=AXIS2_PLACEMENT_3D('',#2674,#2161,#2162);
#2008=AXIS2_PLACEMENT_3D('',#2691,#2171,#2172);
#2009=AXIS2_PLACEMENT_3D('',#2708,#2181,#2182);
#2010=AXIS2_PLACEMENT_3D('',#2725,#2191,#2192);
#2011=AXIS2_PLACEMENT_3D('',#2742,#2201,#2202);
#2012=AXIS2_PLACEMENT_3D('',#2743,#2203,#2204);
#2013=AXIS2_PLACEMENT_3D('',#2745,#2205,#2206);
#2014=AXIS2_PLACEMENT_3D('',#2803,#2235,#2236);
#2015=AXIS2_PLACEMENT_3D('',#2908,#2265,#2266);
#2016=AXIS2_PLACEMENT_3D('',#2909,#2267,#2268);
#2017=AXIS2_PLACEMENT_3D('',#2911,#2269,#2270);
#2018=AXIS2_PLACEMENT_3D('',#2913,#2271,#2272);
#2019=AXIS2_PLACEMENT_3D('',#2915,#2273,#2274);
#2020=AXIS2_PLACEMENT_3D('',#2917,#2275,#2276);
#2021=AXIS2_PLACEMENT_3D('',#2919,#2277,#2278);
#2022=AXIS2_PLACEMENT_3D('',#2928,#2282,#2283);
#2023=AXIS2_PLACEMENT_3D('',#2932,#2285,#2286);
#2024=AXIS2_PLACEMENT_3D('',#2936,#2288,#2289);
#2025=AXIS2_PLACEMENT_3D('',#2940,#2291,#2292);
#2026=AXIS2_PLACEMENT_3D('',#2948,#2296,#2297);
#2027=AXIS2_PLACEMENT_3D('',#2952,#2299,#2300);
#2028=AXIS2_PLACEMENT_3D('',#2956,#2302,#2303);
#2029=AXIS2_PLACEMENT_3D('',#2960,#2305,#2306);
#2030=AXIS2_PLACEMENT_3D('',#2961,#2307,#2308);
#2031=AXIS2_PLACEMENT_3D('',#2967,#2312,#2313);
#2032=AXIS2_PLACEMENT_3D('',#2973,#2317,#2318);
#2033=AXIS2_PLACEMENT_3D('',#2979,#2322,#2323);
#2034=AXIS2_PLACEMENT_3D('',#2990,#2330,#2331);
#2035=AXIS2_PLACEMENT_3D('',#2991,#2332,#2333);
#2036=AXIS2_PLACEMENT_3D('',#2992,#2334,#2335);
#2037=AXIS2_PLACEMENT_3D('',#2993,#2336,#2337);
#2038=AXIS2_PLACEMENT_3D('',#2994,#2338,#2339);
#2039=AXIS2_PLACEMENT_3D('',#2995,#2340,#2341);
#2040=AXIS2_PLACEMENT_3D('',#2996,#2342,#2343);
#2041=AXIS2_PLACEMENT_3D('',#2997,#2344,#2345);
#2042=AXIS2_PLACEMENT_3D('',#2998,#2346,#2347);
#2043=AXIS2_PLACEMENT_3D('',#2999,#2348,#2349);
#2044=AXIS2_PLACEMENT_3D('',#3000,#2350,#2351);
#2045=AXIS2_PLACEMENT_3D('',#3001,#2352,#2353);
#2046=AXIS2_PLACEMENT_3D('',#3005,#2357,#2358);
#2047=AXIS2_PLACEMENT_3D('',#3006,#2359,#2360);
#2048=AXIS2_PLACEMENT_3D('',#3007,#2361,#2362);
#2049=AXIS2_PLACEMENT_3D('',#3008,#2363,#2364);
#2050=AXIS2_PLACEMENT_3D('',#3009,#2365,#2366);
#2051=AXIS2_PLACEMENT_3D('',#3010,#2367,#2368);
#2052=AXIS2_PLACEMENT_3D('',#3011,#2369,#2370);
#2053=AXIS2_PLACEMENT_3D('',#3015,#2374,#2375);
#2054=AXIS2_PLACEMENT_3D('',#3016,#2376,#2377);
#2055=AXIS2_PLACEMENT_3D('',#3017,#2378,#2379);
#2056=AXIS2_PLACEMENT_3D('',#3018,#2380,#2381);
#2057=AXIS2_PLACEMENT_3D('',#3019,#2382,#2383);
#2058=AXIS2_PLACEMENT_3D('',#3020,#2384,#2385);
#2059=AXIS2_PLACEMENT_3D('',#3026,#2389,#2390);
#2060=AXIS2_PLACEMENT_3D('',#3032,#2394,#2395);
#2061=AXIS2_PLACEMENT_3D('',#3038,#2399,#2400);
#2062=AXIS2_PLACEMENT_3D('',#3049,#2407,#2408);
#2063=AXIS2_PLACEMENT_3D('',#3050,#2409,#2410);
#2064=AXIS2_PLACEMENT_3D('',#3051,#2411,#2412);
#2065=AXIS2_PLACEMENT_3D('',#3052,#2413,#2414);
#2066=AXIS2_PLACEMENT_3D('',#3053,#2415,#2416);
#2067=AXIS2_PLACEMENT_3D('',#3054,#2417,#2418);
#2068=AXIS2_PLACEMENT_3D('',#3055,#2419,#2420);
#2069=AXIS2_PLACEMENT_3D('',#3056,#2421,#2422);
#2070=AXIS2_PLACEMENT_3D('',#3057,#2423,#2424);
#2071=AXIS2_PLACEMENT_3D('',#3058,#2425,#2426);
#2072=AXIS2_PLACEMENT_3D('',#3059,#2427,#2428);
#2073=AXIS2_PLACEMENT_3D('',#3060,#2429,#2430);
#2074=AXIS2_PLACEMENT_3D('',#3061,#2431,#2432);
#2075=AXIS2_PLACEMENT_3D('',#3065,#2436,#2437);
#2076=AXIS2_PLACEMENT_3D('',#3066,#2438,#2439);
#2077=AXIS2_PLACEMENT_3D('',#3067,#2440,#2441);
#2078=AXIS2_PLACEMENT_3D('',#3068,#2442,#2443);
#2079=AXIS2_PLACEMENT_3D('',#3069,#2444,#2445);
#2080=AXIS2_PLACEMENT_3D('',#3073,#2449,#2450);
#2081=AXIS2_PLACEMENT_3D('',#3074,#2451,#2452);
#2082=AXIS2_PLACEMENT_3D('',#3075,#2453,#2454);
#2083=AXIS2_PLACEMENT_3D('',#3076,#2455,#2456);
#2084=AXIS2_PLACEMENT_3D('',#3077,#2457,#2458);
#2085=AXIS2_PLACEMENT_3D('',#3078,#2459,#2460);
#2086=AXIS2_PLACEMENT_3D('',#3079,#2461,#2462);
#2087=AXIS2_PLACEMENT_3D('',#3080,#2463,#2464);
#2088=AXIS2_PLACEMENT_3D('',#3082,#2465,#2466);
#2089=AXIS2_PLACEMENT_3D('',#3083,#2467,#2468);
#2090=AXIS2_PLACEMENT_3D('',#3084,#2469,#2470);
#2091=AXIS2_PLACEMENT_3D('',#3086,#2471,#2472);
#2092=AXIS2_PLACEMENT_3D('',#3087,#2473,#2474);
#2093=AXIS2_PLACEMENT_3D('',#3088,#2475,#2476);
#2094=AXIS2_PLACEMENT_3D('',#3090,#2477,#2478);
#2095=AXIS2_PLACEMENT_3D('',#3091,#2479,#2480);
#2096=AXIS2_PLACEMENT_3D('',#3092,#2481,#2482);
#2097=AXIS2_PLACEMENT_3D('',#3094,#2483,#2484);
#2098=AXIS2_PLACEMENT_3D('',#3095,#2485,#2486);
#2099=AXIS2_PLACEMENT_3D('',#3096,#2487,#2488);
#2100=AXIS2_PLACEMENT_3D('',#3098,#2489,#2490);
#2101=AXIS2_PLACEMENT_3D('',#3099,#2491,#2492);
#2102=AXIS2_PLACEMENT_3D('',#3100,#2493,#2494);
#2103=AXIS2_PLACEMENT_3D('',#3102,#2495,#2496);
#2104=AXIS2_PLACEMENT_3D('',#3163,#2497,#2498);
#2105=AXIS2_PLACEMENT_3D('',#3250,#2499,#2500);
#2106=AXIS2_PLACEMENT_3D('',#3295,#2501,#2502);
#2107=AXIS2_PLACEMENT_3D('',#3296,#2503,#2504);
#2108=AXIS2_PLACEMENT_3D('',#3443,#2505,#2506);
#2109=AXIS2_PLACEMENT_3D('',#3445,#2507,#2508);
#2110=AXIS2_PLACEMENT_3D('',#3490,#2509,#2510);
#2111=AXIS2_PLACEMENT_3D('',#3491,#2511,#2512);
#2112=AXIS2_PLACEMENT_3D('',#3927,#2513,#2514);
#2113=AXIS2_PLACEMENT_3D('',#3933,#2518,#2519);
#2114=AXIS2_PLACEMENT_3D('',#3942,#2525,#2526);
#2115=AXIS2_PLACEMENT_3D('',#3946,#2529,#2530);
#2116=AXIS2_PLACEMENT_3D('',#3948,#2532,#2533);
#2117=AXIS2_PLACEMENT_3D('',#3954,#2537,#2538);
#2118=AXIS2_PLACEMENT_3D('',#3957,#2541,#2542);
#2119=AXIS2_PLACEMENT_3D('',#3961,#2546,#2547);
#2120=AXIS2_PLACEMENT_3D('',#3963,#2549,#2550);
#2121=AXIS2_PLACEMENT_3D('',#3964,#2551,#2552);
#2122=AXIS2_PLACEMENT_3D('',#3967,#2555,#2556);
#2123=AXIS2_PLACEMENT_3D('',#3971,#2560,#2561);
#2124=AXIS2_PLACEMENT_3D('',#3973,#2563,#2564);
#2125=AXIS2_PLACEMENT_3D('',#3974,#2565,#2566);
#2126=AXIS2_PLACEMENT_3D('',#3985,#2573,#2574);
#2127=AXIS2_PLACEMENT_3D('',#3989,#2577,#2578);
#2128=AXIS2_PLACEMENT_3D('',#3993,#2581,#2582);
#2129=AXIS2_PLACEMENT_3D('',#3995,#2584,#2585);
#2130=AXIS2_PLACEMENT_3D('',#4001,#2589,#2590);
#2131=AXIS2_PLACEMENT_3D('',#4004,#2593,#2594);
#2132=AXIS2_PLACEMENT_3D('',#4008,#2598,#2599);
#2133=AXIS2_PLACEMENT_3D('',#4010,#2601,#2602);
#2134=AXIS2_PLACEMENT_3D('',#4011,#2603,#2604);
#2135=AXIS2_PLACEMENT_3D('',#4014,#2607,#2608);
#2136=AXIS2_PLACEMENT_3D('',#4018,#2612,#2613);
#2137=AXIS2_PLACEMENT_3D('',#4020,#2615,#2616);
#2138=AXIS2_PLACEMENT_3D('',#4021,#2617,#2618);
#2139=AXIS2_PLACEMENT_3D('',#4024,#2621,#2622);
#2140=AXIS2_PLACEMENT_3D('',#4025,#2623,#2624);
#2141=AXIS2_PLACEMENT_3D('',#4026,#2625,#2626);
#2142=AXIS2_PLACEMENT_3D('',#4029,#2629,#2630);
#2143=AXIS2_PLACEMENT_3D('',#4030,#2631,#2632);
#2144=AXIS2_PLACEMENT_3D('',#4031,#2633,#2634);
#2145=AXIS2_PLACEMENT_3D('',#4034,#2637,#2638);
#2146=AXIS2_PLACEMENT_3D('',#4035,#2639,#2640);
#2147=AXIS2_PLACEMENT_3D('',#4036,#2641,#2642);
#2148=AXIS2_PLACEMENT_3D('',#4039,#2645,#2646);
#2149=AXIS2_PLACEMENT_3D('',#4040,#2647,#2648);
#2150=AXIS2_PLACEMENT_3D('',#4041,#2649,#2650);
#2151=AXIS2_PLACEMENT_3D('',#4044,#2653,#2654);
#2152=AXIS2_PLACEMENT_3D('',#4045,#2655,#2656);
#2153=AXIS2_PLACEMENT_3D('',#4046,#2657,#2658);
#2154=AXIS2_PLACEMENT_3D('',#4049,#2661,#2662);
#2155=AXIS2_PLACEMENT_3D('',#4050,#2663,#2664);
#2156=AXIS2_PLACEMENT_3D('',#4051,#2665,#2666);
#2157=AXIS2_PLACEMENT_3D('',#4054,#2669,#2670);
#2158=AXIS2_PLACEMENT_3D('',#4055,#2671,#2672);
#2159=DIRECTION('',(0.,0.,1.));
#2160=DIRECTION('',(1.,0.,0.));
#2161=DIRECTION('',(0.,1.,0.));
#2162=DIRECTION('',(1.,0.,0.));
#2163=DIRECTION('',(-1.4685489743719E-16,0.,-1.));
#2164=DIRECTION('',(-1.,0.,0.));
#2165=DIRECTION('',(0.,0.,1.));
#2166=DIRECTION('',(-1.,0.,0.));
#2167=DIRECTION('',(-1.4685489743719E-16,0.,-1.));
#2168=DIRECTION('',(-1.,0.,0.));
#2169=DIRECTION('',(0.,0.,-1.));
#2170=DIRECTION('',(-1.,0.,0.));
#2171=DIRECTION('',(0.,1.,0.));
#2172=DIRECTION('',(1.,0.,0.));
#2173=DIRECTION('',(-1.4685489743719E-16,0.,-1.));
#2174=DIRECTION('',(-1.,0.,0.));
#2175=DIRECTION('',(0.,0.,-1.));
#2176=DIRECTION('',(-1.,0.,0.));
#2177=DIRECTION('',(-1.4685489743719E-16,0.,-1.));
#2178=DIRECTION('',(-1.,0.,0.));
#2179=DIRECTION('',(0.,0.,1.));
#2180=DIRECTION('',(-1.,0.,0.));
#2181=DIRECTION('',(0.,1.,0.));
#2182=DIRECTION('',(1.,0.,0.));
#2183=DIRECTION('',(-1.4685489743719E-16,0.,-1.));
#2184=DIRECTION('',(1.,0.,0.));
#2185=DIRECTION('',(0.,0.,1.));
#2186=DIRECTION('',(1.,0.,0.));
#2187=DIRECTION('',(-1.4685489743719E-16,0.,-1.));
#2188=DIRECTION('',(1.,0.,0.));
#2189=DIRECTION('',(0.,0.,-1.));
#2190=DIRECTION('',(1.,0.,0.));
#2191=DIRECTION('',(0.,1.,0.));
#2192=DIRECTION('',(1.,0.,0.));
#2193=DIRECTION('',(-1.4685489743719E-16,0.,-1.));
#2194=DIRECTION('',(1.,0.,0.));
#2195=DIRECTION('',(0.,0.,1.));
#2196=DIRECTION('',(1.,0.,0.));
#2197=DIRECTION('',(-1.4685489743719E-16,0.,-1.));
#2198=DIRECTION('',(1.,0.,0.));
#2199=DIRECTION('',(0.,0.,1.));
#2200=DIRECTION('',(1.,0.,0.));
#2201=DIRECTION('',(0.,1.,0.));
#2202=DIRECTION('',(1.,0.,0.));
#2203=DIRECTION('',(0.,1.,0.));
#2204=DIRECTION('',(-1.,0.,0.));
#2205=DIRECTION('',(0.,1.,0.));
#2206=DIRECTION('',(-1.,0.,0.));
#2207=DIRECTION('',(1.,0.,0.));
#2208=DIRECTION('',(0.,0.,-1.));
#2209=DIRECTION('',(1.,0.,0.));
#2210=DIRECTION('',(0.,0.,1.));
#2211=DIRECTION('',(1.,0.,0.));
#2212=DIRECTION('',(0.,0.,-1.));
#2213=DIRECTION('',(1.,0.,0.));
#2214=DIRECTION('',(0.,0.,-1.));
#2215=DIRECTION('',(1.,0.,0.));
#2216=DIRECTION('',(0.,0.,-1.));
#2217=DIRECTION('',(1.,0.,0.));
#2218=DIRECTION('',(0.,0.,-1.));
#2219=DIRECTION('',(-1.,0.,0.));
#2220=DIRECTION('',(0.,0.,-1.));
#2221=DIRECTION('',(-1.,0.,0.));
#2222=DIRECTION('',(0.,0.,-1.));
#2223=DIRECTION('',(-1.,0.,0.));
#2224=DIRECTION('',(0.,0.,1.));
#2225=DIRECTION('',(-1.,0.,0.));
#2226=DIRECTION('',(0.,0.,-1.));
#2227=DIRECTION('',(-1.,0.,0.));
#2228=DIRECTION('',(0.,0.,1.));
#2229=DIRECTION('',(-1.,0.,0.));
#2230=DIRECTION('',(0.,0.,-1.));
#2231=DIRECTION('',(1.,0.,0.));
#2232=DIRECTION('',(0.,0.,-1.));
#2233=DIRECTION('',(1.,0.,0.));
#2234=DIRECTION('',(0.,0.,1.));
#2235=DIRECTION('',(0.,1.,0.));
#2236=DIRECTION('',(1.,0.,0.));
#2237=DIRECTION('',(-1.,0.,0.));
#2238=DIRECTION('',(-1.4685489743719E-16,0.,-1.));
#2239=DIRECTION('',(-1.,0.,0.));
#2240=DIRECTION('',(0.,0.,1.));
#2241=DIRECTION('',(-1.,0.,0.));
#2242=DIRECTION('',(-1.4685489743719E-16,0.,-1.));
#2243=DIRECTION('',(1.,0.,0.));
#2244=DIRECTION('',(-1.4685489743719E-16,0.,-1.));
#2245=DIRECTION('',(1.,0.,0.));
#2246=DIRECTION('',(0.,0.,1.));
#2247=DIRECTION('',(1.,0.,0.));
#2248=DIRECTION('',(-1.4685489743719E-16,0.,-1.));
#2249=DIRECTION('',(1.,0.,0.));
#2250=DIRECTION('',(0.,0.,1.));
#2251=DIRECTION('',(1.,0.,0.));
#2252=DIRECTION('',(-1.4685489743719E-16,0.,-1.));
#2253=DIRECTION('',(1.,0.,0.));
#2254=DIRECTION('',(0.,0.,-1.));
#2255=DIRECTION('',(1.,0.,0.));
#2256=DIRECTION('',(-1.4685489743719E-16,0.,-1.));
#2257=DIRECTION('',(1.,0.,0.));
#2258=DIRECTION('',(-1.4685489743719E-16,0.,-1.));
#2259=DIRECTION('',(-1.,0.,0.));
#2260=DIRECTION('',(0.,0.,-1.));
#2261=DIRECTION('',(-1.,0.,0.));
#2262=DIRECTION('',(-1.4685489743719E-16,0.,-1.));
#2263=DIRECTION('',(-1.,0.,0.));
#2264=DIRECTION('',(0.,0.,1.));
#2265=DIRECTION('',(0.,1.,0.));
#2266=DIRECTION('',(1.,0.,0.));
#2267=DIRECTION('',(0.,1.,0.));
#2268=DIRECTION('',(1.,0.,0.));
#2269=DIRECTION('',(0.,1.,0.));
#2270=DIRECTION('',(1.,0.,0.));
#2271=DIRECTION('',(0.,1.,0.));
#2272=DIRECTION('',(1.,0.,0.));
#2273=DIRECTION('',(0.,1.,0.));
#2274=DIRECTION('',(1.,0.,0.));
#2275=DIRECTION('',(0.,1.,0.));
#2276=DIRECTION('',(1.,0.,0.));
#2277=DIRECTION('',(0.,1.,0.));
#2278=DIRECTION('',(1.,0.,0.));
#2279=DIRECTION('',(1.,0.,0.));
#2280=DIRECTION('',(0.,0.,1.));
#2281=DIRECTION('',(1.,0.,0.));
#2282=DIRECTION('',(0.,1.,0.));
#2283=DIRECTION('',(1.,0.,0.));
#2284=DIRECTION('',(-1.4685489743719E-16,0.,-1.));
#2285=DIRECTION('',(0.,1.,0.));
#2286=DIRECTION('',(1.,0.,0.));
#2287=DIRECTION('',(1.,0.,0.));
#2288=DIRECTION('',(0.,1.,0.));
#2289=DIRECTION('',(1.,0.,0.));
#2290=DIRECTION('',(-1.4685489743719E-16,0.,-1.));
#2291=DIRECTION('',(0.,1.,0.));
#2292=DIRECTION('',(1.,0.,0.));
#2293=DIRECTION('',(1.,0.,0.));
#2294=DIRECTION('',(0.,0.,1.));
#2295=DIRECTION('',(1.,0.,0.));
#2296=DIRECTION('',(0.,1.,0.));
#2297=DIRECTION('',(1.,0.,0.));
#2298=DIRECTION('',(-1.4685489743719E-16,0.,-1.));
#2299=DIRECTION('',(0.,1.,0.));
#2300=DIRECTION('',(1.,0.,0.));
#2301=DIRECTION('',(1.,0.,0.));
#2302=DIRECTION('',(0.,1.,0.));
#2303=DIRECTION('',(1.,0.,0.));
#2304=DIRECTION('',(-1.4685489743719E-16,0.,-1.));
#2305=DIRECTION('',(0.,1.,0.));
#2306=DIRECTION('',(1.,0.,0.));
#2307=DIRECTION('',(-1.,0.,1.4685489743719E-16));
#2308=DIRECTION('',(1.4685489743719E-16,0.,1.));
#2309=DIRECTION('',(0.,-1.,0.));
#2310=DIRECTION('',(-1.4685489743719E-16,0.,-1.));
#2311=DIRECTION('',(0.,-1.,0.));
#2312=DIRECTION('',(0.,0.,-1.));
#2313=DIRECTION('',(0.,1.,0.));
#2314=DIRECTION('',(0.,-1.,0.));
#2315=DIRECTION('',(0.,-1.,0.));
#2316=DIRECTION('',(1.,0.,0.));
#2317=DIRECTION('',(-1.,0.,1.4685489743719E-16));
#2318=DIRECTION('',(1.4685489743719E-16,0.,1.));
#2319=DIRECTION('',(0.,-1.,0.));
#2320=DIRECTION('',(0.,-1.,0.));
#2321=DIRECTION('',(-1.4685489743719E-16,0.,-1.));
#2322=DIRECTION('',(0.,0.,-1.));
#2323=DIRECTION('',(0.,1.,0.));
#2324=DIRECTION('',(3.25260651745651E-16,1.,0.));
#2325=DIRECTION('',(0.,-1.,0.));
#2326=DIRECTION('',(1.,0.,0.));
#2327=DIRECTION('',(0.,-1.,0.));
#2328=DIRECTION('',(4.33680868994202E-16,1.,0.));
#2329=DIRECTION('',(1.,0.,0.));
#2330=DIRECTION('',(0.,1.,0.));
#2331=DIRECTION('',(1.,0.,0.));
#2332=DIRECTION('',(0.,1.,0.));
#2333=DIRECTION('',(1.,0.,0.));
#2334=DIRECTION('',(0.,-1.,0.));
#2335=DIRECTION('',(-1.,0.,0.));
#2336=DIRECTION('',(0.,1.,0.));
#2337=DIRECTION('',(1.,0.,0.));
#2338=DIRECTION('',(-1.,0.,0.));
#2339=DIRECTION('',(0.,1.,0.));
#2340=DIRECTION('',(-1.,0.,0.));
#2341=DIRECTION('',(0.,1.,0.));
#2342=DIRECTION('',(1.,0.,0.));
#2343=DIRECTION('',(0.,-1.,0.));
#2344=DIRECTION('',(0.,0.,1.));
#2345=DIRECTION('',(0.,-1.,0.));
#2346=DIRECTION('',(0.,0.,1.));
#2347=DIRECTION('',(0.,-1.,0.));
#2348=DIRECTION('',(0.,0.,1.));
#2349=DIRECTION('',(0.,-1.,0.));
#2350=DIRECTION('',(0.,0.,1.));
#2351=DIRECTION('',(0.,-1.,0.));
#2352=DIRECTION('',(-1.4685489743719E-16,0.,-1.));
#2353=DIRECTION('',(-1.,0.,1.4685489743719E-16));
#2354=DIRECTION('',(-1.4685489743719E-16,0.,-1.));
#2355=DIRECTION('',(-1.4685489743719E-16,0.,-1.));
#2356=DIRECTION('',(-1.4685489743719E-16,0.,-1.));
#2357=DIRECTION('',(0.,0.,-1.));
#2358=DIRECTION('',(0.,1.,0.));
#2359=DIRECTION('',(0.,-1.,0.));
#2360=DIRECTION('',(-1.,0.,0.));
#2361=DIRECTION('',(0.,1.,0.));
#2362=DIRECTION('',(1.,0.,0.));
#2363=DIRECTION('',(0.,1.,0.));
#2364=DIRECTION('',(1.,0.,0.));
#2365=DIRECTION('',(0.,1.,0.));
#2366=DIRECTION('',(1.,0.,0.));
#2367=DIRECTION('',(1.4685489743719E-16,0.,1.));
#2368=DIRECTION('',(1.,0.,-1.4685489743719E-16));
#2369=DIRECTION('',(0.,0.,-1.));
#2370=DIRECTION('',(0.,1.,0.));
#2371=DIRECTION('',(-1.4685489743719E-16,0.,-1.));
#2372=DIRECTION('',(-1.4685489743719E-16,0.,-1.));
#2373=DIRECTION('',(-1.4685489743719E-16,0.,-1.));
#2374=DIRECTION('',(-1.,0.,0.));
#2375=DIRECTION('',(0.,1.,0.));
#2376=DIRECTION('',(-1.,0.,0.));
#2377=DIRECTION('',(0.,1.,0.));
#2378=DIRECTION('',(1.,0.,0.));
#2379=DIRECTION('',(0.,-1.,0.));
#2380=DIRECTION('',(1.,0.,0.));
#2381=DIRECTION('',(0.,-1.,0.));
#2382=DIRECTION('',(1.,0.,0.));
#2383=DIRECTION('',(0.,-1.,0.));
#2384=DIRECTION('',(-1.,0.,1.4685489743719E-16));
#2385=DIRECTION('',(1.4685489743719E-16,0.,1.));
#2386=DIRECTION('',(0.,1.,0.));
#2387=DIRECTION('',(1.4685489743719E-16,0.,1.));
#2388=DIRECTION('',(0.,1.,0.));
#2389=DIRECTION('',(0.,0.,-1.));
#2390=DIRECTION('',(0.,1.,0.));
#2391=DIRECTION('',(0.,1.,0.));
#2392=DIRECTION('',(1.,0.,0.));
#2393=DIRECTION('',(0.,1.,0.));
#2394=DIRECTION('',(-1.,0.,1.4685489743719E-16));
#2395=DIRECTION('',(1.4685489743719E-16,0.,1.));
#2396=DIRECTION('',(0.,1.,0.));
#2397=DIRECTION('',(1.4685489743719E-16,0.,1.));
#2398=DIRECTION('',(0.,1.,0.));
#2399=DIRECTION('',(0.,0.,-1.));
#2400=DIRECTION('',(0.,1.,0.));
#2401=DIRECTION('',(3.25260651745651E-16,1.,0.));
#2402=DIRECTION('',(1.,0.,0.));
#2403=DIRECTION('',(4.33680868994202E-16,1.,0.));
#2404=DIRECTION('',(0.,1.,0.));
#2405=DIRECTION('',(1.,0.,0.));
#2406=DIRECTION('',(0.,1.,0.));
#2407=DIRECTION('',(0.,1.,0.));
#2408=DIRECTION('',(1.,0.,0.));
#2409=DIRECTION('',(1.83697019872103E-16,1.,0.));
#2410=DIRECTION('',(1.,-1.83697019872103E-16,0.));
#2411=DIRECTION('',(0.,-1.,0.));
#2412=DIRECTION('',(-1.,0.,0.));
#2413=DIRECTION('',(-6.12323399573677E-17,-1.,0.));
#2414=DIRECTION('',(-1.,6.12323399573677E-17,0.));
#2415=DIRECTION('',(-1.,0.,0.));
#2416=DIRECTION('',(0.,1.,0.));
#2417=DIRECTION('',(1.,-1.22464679914735E-16,0.));
#2418=DIRECTION('',(-1.22464679914735E-16,-1.,0.));
#2419=DIRECTION('',(1.,-1.22464679914735E-16,0.));
#2420=DIRECTION('',(-1.22464679914735E-16,-1.,0.));
#2421=DIRECTION('',(0.,0.,1.));
#2422=DIRECTION('',(0.,-1.,0.));
#2423=DIRECTION('',(-1.4685489743719E-16,0.,-1.));
#2424=DIRECTION('',(-1.,0.,1.4685489743719E-16));
#2425=DIRECTION('',(0.,0.,1.));
#2426=DIRECTION('',(0.,-1.,0.));
#2427=DIRECTION('',(1.4685489743719E-16,0.,1.));
#2428=DIRECTION('',(1.,0.,-1.4685489743719E-16));
#2429=DIRECTION('',(-1.4685489743719E-16,0.,-1.));
#2430=DIRECTION('',(-1.,0.,1.4685489743719E-16));
#2431=DIRECTION('',(0.,0.,1.));
#2432=DIRECTION('',(0.,-1.,0.));
#2433=DIRECTION('',(0.,0.,-1.));
#2434=DIRECTION('',(0.,0.,-1.));
#2435=DIRECTION('',(0.,0.,-1.));
#2436=DIRECTION('',(0.,-1.,0.));
#2437=DIRECTION('',(-1.,0.,0.));
#2438=DIRECTION('',(0.,1.,6.12323399573677E-17));
#2439=DIRECTION('',(0.,-6.12323399573677E-17,1.));
#2440=DIRECTION('',(0.,1.,0.));
#2441=DIRECTION('',(1.,0.,0.));
#2442=DIRECTION('',(0.,-1.,6.12323399573677E-17));
#2443=DIRECTION('',(0.,-6.12323399573677E-17,-1.));
#2444=DIRECTION('',(1.4685489743719E-16,0.,1.));
#2445=DIRECTION('',(1.,0.,-1.4685489743719E-16));
#2446=DIRECTION('',(0.,0.,-1.));
#2447=DIRECTION('',(0.,0.,-1.));
#2448=DIRECTION('',(0.,0.,-1.));
#2449=DIRECTION('',(0.,-1.22464679914735E-16,-1.));
#2450=DIRECTION('',(0.,1.,-1.22464679914735E-16));
#2451=DIRECTION('',(-1.,0.,0.));
#2452=DIRECTION('',(0.,1.,0.));
#2453=DIRECTION('',(1.,0.,0.));
#2454=DIRECTION('',(0.,-1.,0.));
#2455=DIRECTION('',(1.,0.,0.));
#2456=DIRECTION('',(0.,-1.,0.));
#2457=DIRECTION('',(1.,0.,0.));
#2458=DIRECTION('',(0.,-1.,0.));
#2459=DIRECTION('',(1.,0.,0.));
#2460=DIRECTION('',(0.,-1.,0.));
#2461=DIRECTION('',(0.,-1.,0.));
#2462=DIRECTION('',(-1.,0.,0.));
#2463=DIRECTION('',(0.,1.,0.));
#2464=DIRECTION('',(1.,0.,0.));
#2465=DIRECTION('',(0.,1.,0.));
#2466=DIRECTION('',(1.,0.,0.));
#2467=DIRECTION('',(0.,-1.,0.));
#2468=DIRECTION('',(-1.,0.,0.));
#2469=DIRECTION('',(0.,1.,0.));
#2470=DIRECTION('',(1.,0.,0.));
#2471=DIRECTION('',(0.,1.,0.));
#2472=DIRECTION('',(1.,0.,0.));
#2473=DIRECTION('',(0.,-1.,0.));
#2474=DIRECTION('',(-1.,0.,0.));
#2475=DIRECTION('',(0.,1.,0.));
#2476=DIRECTION('',(1.,0.,0.));
#2477=DIRECTION('',(0.,1.,0.));
#2478=DIRECTION('',(1.,0.,0.));
#2479=DIRECTION('',(0.,-1.,0.));
#2480=DIRECTION('',(-1.,0.,0.));
#2481=DIRECTION('',(0.,1.,0.));
#2482=DIRECTION('',(1.,0.,0.));
#2483=DIRECTION('',(0.,1.,0.));
#2484=DIRECTION('',(1.,0.,0.));
#2485=DIRECTION('',(0.,-1.,0.));
#2486=DIRECTION('',(-1.,0.,0.));
#2487=DIRECTION('',(0.,1.,0.));
#2488=DIRECTION('',(1.,0.,0.));
#2489=DIRECTION('',(0.,1.,0.));
#2490=DIRECTION('',(1.,0.,0.));
#2491=DIRECTION('',(0.,-1.,0.));
#2492=DIRECTION('',(-1.,0.,0.));
#2493=DIRECTION('',(0.,1.,0.));
#2494=DIRECTION('',(1.,0.,0.));
#2495=DIRECTION('',(0.,1.,0.));
#2496=DIRECTION('',(1.,0.,0.));
#2497=DIRECTION('',(0.,1.,0.));
#2498=DIRECTION('',(-1.,0.,0.));
#2499=DIRECTION('',(0.,1.,0.));
#2500=DIRECTION('',(1.,0.,0.));
#2501=DIRECTION('',(0.,1.,0.));
#2502=DIRECTION('',(1.,0.,0.));
#2503=DIRECTION('',(0.,1.,0.));
#2504=DIRECTION('',(-1.,0.,0.));
#2505=DIRECTION('',(0.,1.,0.));
#2506=DIRECTION('',(1.,0.,0.));
#2507=DIRECTION('',(0.,1.,0.));
#2508=DIRECTION('',(1.,0.,0.));
#2509=DIRECTION('',(0.,1.,0.));
#2510=DIRECTION('',(1.,0.,0.));
#2511=DIRECTION('',(0.,1.,0.));
#2512=DIRECTION('',(-1.,0.,0.));
#2513=DIRECTION('',(0.,0.,1.));
#2514=DIRECTION('',(0.,-1.,0.));
#2515=DIRECTION('',(0.,1.,0.));
#2516=DIRECTION('',(1.,0.,0.));
#2517=DIRECTION('',(0.,1.,0.));
#2518=DIRECTION('',(-1.,0.,1.4685489743719E-16));
#2519=DIRECTION('',(1.4685489743719E-16,0.,1.));
#2520=DIRECTION('',(0.,1.,0.));
#2521=DIRECTION('',(-1.4685489743719E-16,0.,-1.));
#2522=DIRECTION('',(0.,1.,0.));
#2523=DIRECTION('',(0.,1.,0.));
#2524=DIRECTION('',(-1.4685489743719E-16,0.,-1.));
#2525=DIRECTION('',(0.,0.,1.));
#2526=DIRECTION('',(0.,-1.,0.));
#2527=DIRECTION('',(0.,1.,0.));
#2528=DIRECTION('',(1.,0.,0.));
#2529=DIRECTION('',(-1.,0.,0.));
#2530=DIRECTION('',(0.,1.,0.));
#2531=DIRECTION('',(0.,0.,1.));
#2532=DIRECTION('',(0.,1.,0.));
#2533=DIRECTION('',(1.,0.,0.));
#2534=DIRECTION('',(1.,0.,0.));
#2535=DIRECTION('',(1.,0.,0.));
#2536=DIRECTION('',(0.,0.,-1.));
#2537=DIRECTION('',(0.,0.,-1.));
#2538=DIRECTION('',(0.,1.,0.));
#2539=DIRECTION('',(0.,1.,0.));
#2540=DIRECTION('',(0.,1.,0.));
#2541=DIRECTION('',(1.,0.,-1.4685489743719E-16));
#2542=DIRECTION('',(-1.4685489743719E-16,0.,-1.));
#2543=DIRECTION('',(0.,1.,0.));
#2544=DIRECTION('',(0.,1.,0.));
#2545=DIRECTION('',(0.,1.,0.));
#2546=DIRECTION('',(0.,0.,-1.));
#2547=DIRECTION('',(0.,1.,0.));
#2548=DIRECTION('',(0.,1.,0.));
#2549=DIRECTION('',(1.,0.,0.));
#2550=DIRECTION('',(0.,-1.,0.));
#2551=DIRECTION('',(0.,0.,-1.));
#2552=DIRECTION('',(0.,1.,0.));
#2553=DIRECTION('',(0.,1.,0.));
#2554=DIRECTION('',(0.,1.,0.));
#2555=DIRECTION('',(1.,0.,-1.4685489743719E-16));
#2556=DIRECTION('',(-1.4685489743719E-16,0.,-1.));
#2557=DIRECTION('',(0.,1.,0.));
#2558=DIRECTION('',(0.,1.,0.));
#2559=DIRECTION('',(0.,1.,0.));
#2560=DIRECTION('',(0.,0.,-1.));
#2561=DIRECTION('',(0.,1.,0.));
#2562=DIRECTION('',(0.,1.,0.));
#2563=DIRECTION('',(-1.,0.,0.));
#2564=DIRECTION('',(0.,1.,0.));
#2565=DIRECTION('',(1.,0.,-1.4685489743719E-16));
#2566=DIRECTION('',(-1.4685489743719E-16,0.,-1.));
#2567=DIRECTION('',(0.,1.,0.));
#2568=DIRECTION('',(-1.4685489743719E-16,0.,-1.));
#2569=DIRECTION('',(0.,1.,0.));
#2570=DIRECTION('',(0.,1.,0.));
#2571=DIRECTION('',(-1.4685489743719E-16,0.,-1.));
#2572=DIRECTION('',(0.,1.,0.));
#2573=DIRECTION('',(0.,0.,-1.));
#2574=DIRECTION('',(0.,1.,0.));
#2575=DIRECTION('',(0.,1.,0.));
#2576=DIRECTION('',(-1.,0.,0.));
#2577=DIRECTION('',(-1.,0.,0.));
#2578=DIRECTION('',(0.,1.,0.));
#2579=DIRECTION('',(0.,1.,0.));
#2580=DIRECTION('',(0.,0.,1.));
#2581=DIRECTION('',(0.,0.,-1.));
#2582=DIRECTION('',(0.,1.,0.));
#2583=DIRECTION('',(-1.,0.,0.));
#2584=DIRECTION('',(0.,1.,0.));
#2585=DIRECTION('',(1.,0.,0.));
#2586=DIRECTION('',(-1.,0.,0.));
#2587=DIRECTION('',(-1.,0.,0.));
#2588=DIRECTION('',(0.,0.,1.));
#2589=DIRECTION('',(0.,0.,1.));
#2590=DIRECTION('',(0.,-1.,0.));
#2591=DIRECTION('',(0.,1.,0.));
#2592=DIRECTION('',(0.,1.,0.));
#2593=DIRECTION('',(-1.,0.,1.4685489743719E-16));
#2594=DIRECTION('',(1.4685489743719E-16,0.,1.));
#2595=DIRECTION('',(0.,1.,0.));
#2596=DIRECTION('',(0.,1.,0.));
#2597=DIRECTION('',(0.,1.,0.));
#2598=DIRECTION('',(0.,0.,1.));
#2599=DIRECTION('',(0.,-1.,0.));
#2600=DIRECTION('',(0.,1.,0.));
#2601=DIRECTION('',(1.,0.,0.));
#2602=DIRECTION('',(0.,-1.,0.));
#2603=DIRECTION('',(0.,0.,1.));
#2604=DIRECTION('',(0.,-1.,0.));
#2605=DIRECTION('',(0.,1.,0.));
#2606=DIRECTION('',(0.,1.,0.));
#2607=DIRECTION('',(-1.,0.,1.4685489743719E-16));
#2608=DIRECTION('',(1.4685489743719E-16,0.,1.));
#2609=DIRECTION('',(0.,1.,0.));
#2610=DIRECTION('',(0.,1.,0.));
#2611=DIRECTION('',(0.,1.,0.));
#2612=DIRECTION('',(0.,0.,1.));
#2613=DIRECTION('',(0.,-1.,0.));
#2614=DIRECTION('',(0.,1.,0.));
#2615=DIRECTION('',(-1.,0.,0.));
#2616=DIRECTION('',(0.,1.,0.));
#2617=DIRECTION('',(-1.,0.,0.));
#2618=DIRECTION('',(0.,1.,0.));
#2619=DIRECTION('',(0.,1.,0.));
#2620=DIRECTION('',(0.,1.,0.));
#2621=DIRECTION('',(0.,0.,-1.));
#2622=DIRECTION('',(0.,1.,0.));
#2623=DIRECTION('',(0.,0.,-1.));
#2624=DIRECTION('',(0.,1.,0.));
#2625=DIRECTION('',(-1.,0.,0.));
#2626=DIRECTION('',(0.,1.,0.));
#2627=DIRECTION('',(0.,1.,0.));
#2628=DIRECTION('',(0.,1.,0.));
#2629=DIRECTION('',(0.,0.,-1.));
#2630=DIRECTION('',(0.,1.,0.));
#2631=DIRECTION('',(0.,0.,-1.));
#2632=DIRECTION('',(0.,1.,0.));
#2633=DIRECTION('',(1.,0.,0.));
#2634=DIRECTION('',(0.,-1.,0.));
#2635=DIRECTION('',(0.,1.,0.));
#2636=DIRECTION('',(0.,1.,0.));
#2637=DIRECTION('',(0.,0.,-1.));
#2638=DIRECTION('',(0.,1.,0.));
#2639=DIRECTION('',(0.,0.,-1.));
#2640=DIRECTION('',(0.,1.,0.));
#2641=DIRECTION('',(1.,0.,0.));
#2642=DIRECTION('',(0.,-1.,0.));
#2643=DIRECTION('',(0.,1.,0.));
#2644=DIRECTION('',(0.,1.,0.));
#2645=DIRECTION('',(0.,0.,1.));
#2646=DIRECTION('',(0.,-1.,0.));
#2647=DIRECTION('',(0.,0.,1.));
#2648=DIRECTION('',(0.,-1.,0.));
#2649=DIRECTION('',(-1.,0.,0.));
#2650=DIRECTION('',(0.,1.,0.));
#2651=DIRECTION('',(0.,1.,0.));
#2652=DIRECTION('',(0.,1.,0.));
#2653=DIRECTION('',(0.,0.,1.));
#2654=DIRECTION('',(0.,-1.,0.));
#2655=DIRECTION('',(0.,0.,1.));
#2656=DIRECTION('',(0.,-1.,0.));
#2657=DIRECTION('',(-1.,0.,0.));
#2658=DIRECTION('',(0.,1.,0.));
#2659=DIRECTION('',(0.,1.,0.));
#2660=DIRECTION('',(0.,1.,0.));
#2661=DIRECTION('',(0.,0.,1.));
#2662=DIRECTION('',(0.,-1.,0.));
#2663=DIRECTION('',(0.,0.,1.));
#2664=DIRECTION('',(0.,-1.,0.));
#2665=DIRECTION('',(0.,1.,0.));
#2666=DIRECTION('',(1.,0.,0.));
#2667=DIRECTION('',(0.,0.,-1.));
#2668=DIRECTION('',(0.,0.,-1.));
#2669=DIRECTION('',(-1.,3.25260651745651E-16,0.));
#2670=DIRECTION('',(3.25260651745651E-16,1.,0.));
#2671=DIRECTION('',(-1.,4.33680868994202E-16,0.));
#2672=DIRECTION('',(4.33680868994202E-16,1.,0.));
#2673=CARTESIAN_POINT('',(0.,0.,0.));
#2674=CARTESIAN_POINT('',(-1.417,22.,-6.93889390390723E-15));
#2675=CARTESIAN_POINT('',(33.583,22.,-47.25));
#2676=CARTESIAN_POINT('',(33.583,22.,30.9375));
#2677=CARTESIAN_POINT('',(33.583,22.,28.4375));
#2678=CARTESIAN_POINT('',(32.583,22.,28.4375));
#2679=CARTESIAN_POINT('',(31.583,22.,28.4375));
#2680=CARTESIAN_POINT('',(31.583,22.,25.4375));
#2681=CARTESIAN_POINT('',(31.583,22.,22.4375));
#2682=CARTESIAN_POINT('',(32.583,22.,22.4375));
#2683=CARTESIAN_POINT('',(33.583,22.,22.4375));
#2684=CARTESIAN_POINT('',(33.583,22.,-47.25));
#2685=CARTESIAN_POINT('',(33.583,22.,19.9375));
#2686=CARTESIAN_POINT('',(26.083,22.,19.9375));
#2687=CARTESIAN_POINT('',(18.583,22.,19.9375));
#2688=CARTESIAN_POINT('',(18.583,22.,25.4375));
#2689=CARTESIAN_POINT('',(18.583,22.,30.9375));
#2690=CARTESIAN_POINT('',(26.083,22.,30.9375));
#2691=CARTESIAN_POINT('',(-1.417,22.,-6.93889390390723E-15));
#2692=CARTESIAN_POINT('',(33.583,22.,-47.25));
#2693=CARTESIAN_POINT('',(33.583,22.,-19.9375));
#2694=CARTESIAN_POINT('',(33.583,22.,-22.4375));
#2695=CARTESIAN_POINT('',(32.583,22.,-22.4375));
#2696=CARTESIAN_POINT('',(31.583,22.,-22.4375));
#2697=CARTESIAN_POINT('',(31.583,22.,-25.4375));
#2698=CARTESIAN_POINT('',(31.583,22.,-28.4375));
#2699=CARTESIAN_POINT('',(32.583,22.,-28.4375));
#2700=CARTESIAN_POINT('',(33.583,22.,-28.4375));
#2701=CARTESIAN_POINT('',(33.583,22.,-47.25));
#2702=CARTESIAN_POINT('',(33.583,22.,-30.9375));
#2703=CARTESIAN_POINT('',(26.083,22.,-30.9375));
#2704=CARTESIAN_POINT('',(18.583,22.,-30.9375));
#2705=CARTESIAN_POINT('',(18.583,22.,-25.4375));
#2706=CARTESIAN_POINT('',(18.583,22.,-19.9375));
#2707=CARTESIAN_POINT('',(26.083,22.,-19.9375));
#2708=CARTESIAN_POINT('',(-1.417,22.,-6.93889390390723E-15));
#2709=CARTESIAN_POINT('',(-36.417,22.,-1.79897249360558E-15));
#2710=CARTESIAN_POINT('',(-36.417,22.,19.9375));
#2711=CARTESIAN_POINT('',(-36.417,22.,22.4375));
#2712=CARTESIAN_POINT('',(-35.417,22.,22.4375));
#2713=CARTESIAN_POINT('',(-34.417,22.,22.4375));
#2714=CARTESIAN_POINT('',(-34.417,22.,25.4375));
#2715=CARTESIAN_POINT('',(-34.417,22.,28.4375));
#2716=CARTESIAN_POINT('',(-35.417,22.,28.4375));
#2717=CARTESIAN_POINT('',(-36.417,22.,28.4375));
#2718=CARTESIAN_POINT('',(-36.417,22.,-1.79897249360558E-15));
#2719=CARTESIAN_POINT('',(-36.417,22.,30.9375));
#2720=CARTESIAN_POINT('',(-28.917,22.,30.9375));
#2721=CARTESIAN_POINT('',(-21.417,22.,30.9375));
#2722=CARTESIAN_POINT('',(-21.417,22.,25.4375));
#2723=CARTESIAN_POINT('',(-21.417,22.,19.9375));
#2724=CARTESIAN_POINT('',(-28.917,22.,19.9375));
#2725=CARTESIAN_POINT('',(-1.417,22.,-6.93889390390723E-15));
#2726=CARTESIAN_POINT('',(-36.417,22.,-1.79897249360558E-15));
#2727=CARTESIAN_POINT('',(-36.417,22.,-5.5));
#2728=CARTESIAN_POINT('',(-36.417,22.,-3.));
#2729=CARTESIAN_POINT('',(-35.417,22.,-3.));
#2730=CARTESIAN_POINT('',(-34.417,22.,-3.));
#2731=CARTESIAN_POINT('',(-34.417,22.,0.));
#2732=CARTESIAN_POINT('',(-34.417,22.,3.));
#2733=CARTESIAN_POINT('',(-35.417,22.,3.));
#2734=CARTESIAN_POINT('',(-36.417,22.,3.));
#2735=CARTESIAN_POINT('',(-36.417,22.,-1.79897249360558E-15));
#2736=CARTESIAN_POINT('',(-36.417,22.,5.5));
#2737=CARTESIAN_POINT('',(-28.917,22.,5.5));
#2738=CARTESIAN_POINT('',(-21.417,22.,5.5));
#2739=CARTESIAN_POINT('',(-21.417,22.,0.));
#2740=CARTESIAN_POINT('',(-21.417,22.,-5.5));
#2741=CARTESIAN_POINT('',(-28.917,22.,-5.5));
#2742=CARTESIAN_POINT('',(-1.417,21.,-6.93889390390723E-15));
#2743=CARTESIAN_POINT('',(-1.417,21.,22.5));
#2744=CARTESIAN_POINT('',(-10.417,21.,22.5));
#2745=CARTESIAN_POINT('',(-1.417,21.,-22.5));
#2746=CARTESIAN_POINT('',(-10.417,21.,-22.5));
#2747=CARTESIAN_POINT('',(-1.417,21.,22.4375));
#2748=CARTESIAN_POINT('',(-36.417,21.,22.4375));
#2749=CARTESIAN_POINT('',(-34.417,21.,22.4375));
#2750=CARTESIAN_POINT('',(-36.417,21.,-6.93889390390723E-15));
#2751=CARTESIAN_POINT('',(-36.417,21.,3.));
#2752=CARTESIAN_POINT('',(-1.417,21.,3.));
#2753=CARTESIAN_POINT('',(-34.417,21.,3.));
#2754=CARTESIAN_POINT('',(-34.417,21.,-6.93889390390723E-15));
#2755=CARTESIAN_POINT('',(-34.417,21.,-3.));
#2756=CARTESIAN_POINT('',(-1.417,21.,-3.));
#2757=CARTESIAN_POINT('',(-36.417,21.,-3.));
#2758=CARTESIAN_POINT('',(-36.417,21.,-6.93889390390723E-15));
#2759=CARTESIAN_POINT('',(-36.417,21.,-22.4375));
#2760=CARTESIAN_POINT('',(-1.417,21.,-22.4375));
#2761=CARTESIAN_POINT('',(-34.417,21.,-22.4375));
#2762=CARTESIAN_POINT('',(-34.417,21.,-6.93889390390723E-15));
#2763=CARTESIAN_POINT('',(-34.417,21.,-28.4375));
#2764=CARTESIAN_POINT('',(-1.417,21.,-28.4375));
#2765=CARTESIAN_POINT('',(-36.417,21.,-28.4375));
#2766=CARTESIAN_POINT('',(-36.417,21.,-6.93889390390723E-15));
#2767=CARTESIAN_POINT('',(-36.417,21.,-41.25));
#2768=CARTESIAN_POINT('',(-1.417,21.,-41.25));
#2769=CARTESIAN_POINT('',(33.583,21.,-41.25));
#2770=CARTESIAN_POINT('',(33.583,21.,-6.93889390390723E-15));
#2771=CARTESIAN_POINT('',(33.583,21.,-28.4375));
#2772=CARTESIAN_POINT('',(-1.417,21.,-28.4375));
#2773=CARTESIAN_POINT('',(31.583,21.,-28.4375));
#2774=CARTESIAN_POINT('',(31.583,21.,-6.93889390390723E-15));
#2775=CARTESIAN_POINT('',(31.583,21.,-22.4375));
#2776=CARTESIAN_POINT('',(-1.417,21.,-22.4375));
#2777=CARTESIAN_POINT('',(33.583,21.,-22.4375));
#2778=CARTESIAN_POINT('',(33.583,21.,-6.93889390390723E-15));
#2779=CARTESIAN_POINT('',(33.583,21.,-3.));
#2780=CARTESIAN_POINT('',(-1.417,21.,-3.));
#2781=CARTESIAN_POINT('',(31.583,21.,-3.));
#2782=CARTESIAN_POINT('',(31.583,21.,-6.93889390390723E-15));
#2783=CARTESIAN_POINT('',(31.583,21.,3.));
#2784=CARTESIAN_POINT('',(-1.417,21.,3.));
#2785=CARTESIAN_POINT('',(33.583,21.,3.));
#2786=CARTESIAN_POINT('',(33.583,21.,-6.93889390390723E-15));
#2787=CARTESIAN_POINT('',(33.583,21.,22.4375));
#2788=CARTESIAN_POINT('',(-1.417,21.,22.4375));
#2789=CARTESIAN_POINT('',(31.583,21.,22.4375));
#2790=CARTESIAN_POINT('',(31.583,21.,-6.93889390390723E-15));
#2791=CARTESIAN_POINT('',(31.583,21.,28.4375));
#2792=CARTESIAN_POINT('',(-1.417,21.,28.4375));
#2793=CARTESIAN_POINT('',(33.583,21.,28.4375));
#2794=CARTESIAN_POINT('',(33.583,21.,-6.93889390390723E-15));
#2795=CARTESIAN_POINT('',(33.583,21.,41.25));
#2796=CARTESIAN_POINT('',(-1.417,21.,41.25));
#2797=CARTESIAN_POINT('',(-36.417,21.,41.25));
#2798=CARTESIAN_POINT('',(-36.417,21.,-6.93889390390723E-15));
#2799=CARTESIAN_POINT('',(-36.417,21.,28.4375));
#2800=CARTESIAN_POINT('',(-1.417,21.,28.4375));
#2801=CARTESIAN_POINT('',(-34.417,21.,28.4375));
#2802=CARTESIAN_POINT('',(-34.417,21.,-6.93889390390723E-15));
#2803=CARTESIAN_POINT('',(-1.417,25.,-6.93889390390723E-15));
#2804=CARTESIAN_POINT('',(26.083,25.,-5.5));
#2805=CARTESIAN_POINT('',(33.583,25.,-5.5));
#2806=CARTESIAN_POINT('',(18.583,25.,-5.5));
#2807=CARTESIAN_POINT('',(33.583,25.,-47.25));
#2808=CARTESIAN_POINT('',(33.583,25.,-19.9375));
#2809=CARTESIAN_POINT('',(26.083,25.,-19.9375));
#2810=CARTESIAN_POINT('',(18.583,25.,-19.9375));
#2811=CARTESIAN_POINT('',(18.583,25.,-25.4375));
#2812=CARTESIAN_POINT('',(18.583,25.,-30.9375));
#2813=CARTESIAN_POINT('',(26.083,25.,-30.9375));
#2814=CARTESIAN_POINT('',(33.583,25.,-30.9375));
#2815=CARTESIAN_POINT('',(33.583,25.,-47.25));
#2816=CARTESIAN_POINT('',(33.583,25.,-41.25));
#2817=CARTESIAN_POINT('',(-1.417,25.,-41.25));
#2818=CARTESIAN_POINT('',(-36.417,25.,-41.25));
#2819=CARTESIAN_POINT('',(-36.417,25.,-1.79897249360558E-15));
#2820=CARTESIAN_POINT('',(-36.417,25.,-30.9375));
#2821=CARTESIAN_POINT('',(-28.917,25.,-30.9375));
#2822=CARTESIAN_POINT('',(-21.417,25.,-30.9375));
#2823=CARTESIAN_POINT('',(-21.417,25.,-25.4375));
#2824=CARTESIAN_POINT('',(-21.417,25.,-19.9375));
#2825=CARTESIAN_POINT('',(-28.917,25.,-19.9375));
#2826=CARTESIAN_POINT('',(-36.417,25.,-19.9375));
#2827=CARTESIAN_POINT('',(-36.417,25.,-1.79897249360558E-15));
#2828=CARTESIAN_POINT('',(-36.417,25.,-5.5));
#2829=CARTESIAN_POINT('',(-28.917,25.,-5.5));
#2830=CARTESIAN_POINT('',(-21.417,25.,-5.5));
#2831=CARTESIAN_POINT('',(-21.417,25.,0.));
#2832=CARTESIAN_POINT('',(-21.417,25.,5.5));
#2833=CARTESIAN_POINT('',(-28.917,25.,5.5));
#2834=CARTESIAN_POINT('',(-36.417,25.,5.5));
#2835=CARTESIAN_POINT('',(-36.417,25.,-1.79897249360558E-15));
#2836=CARTESIAN_POINT('',(-36.417,25.,19.9375));
#2837=CARTESIAN_POINT('',(-28.917,25.,19.9375));
#2838=CARTESIAN_POINT('',(-21.417,25.,19.9375));
#2839=CARTESIAN_POINT('',(-21.417,25.,25.4375));
#2840=CARTESIAN_POINT('',(-21.417,25.,30.9375));
#2841=CARTESIAN_POINT('',(-28.917,25.,30.9375));
#2842=CARTESIAN_POINT('',(-36.417,25.,30.9375));
#2843=CARTESIAN_POINT('',(-36.417,25.,-1.79897249360558E-15));
#2844=CARTESIAN_POINT('',(-36.417,25.,41.25));
#2845=CARTESIAN_POINT('',(39.583,25.,41.25));
#2846=CARTESIAN_POINT('',(33.583,25.,41.25));
#2847=CARTESIAN_POINT('',(33.583,25.,-47.25));
#2848=CARTESIAN_POINT('',(33.583,25.,30.9375));
#2849=CARTESIAN_POINT('',(26.083,25.,30.9375));
#2850=CARTESIAN_POINT('',(18.583,25.,30.9375));
#2851=CARTESIAN_POINT('',(18.583,25.,25.4375));
#2852=CARTESIAN_POINT('',(18.583,25.,19.9375));
#2853=CARTESIAN_POINT('',(26.083,25.,19.9375));
#2854=CARTESIAN_POINT('',(33.583,25.,19.9375));
#2855=CARTESIAN_POINT('',(33.583,25.,-47.25));
#2856=CARTESIAN_POINT('',(33.583,25.,5.5));
#2857=CARTESIAN_POINT('',(26.083,25.,5.5));
#2858=CARTESIAN_POINT('',(18.583,25.,5.5));
#2859=CARTESIAN_POINT('',(18.583,25.,0.));
#2860=CARTESIAN_POINT('',(-14.1017470606194,25.,24.8094198597227));
#2861=CARTESIAN_POINT('',(-14.425539941386,25.,22.5033662276486));
#2862=CARTESIAN_POINT('',(-14.0980931738369,25.,20.177115229683));
#2863=CARTESIAN_POINT('',(-13.1986436936538,25.,18.071175658169));
#2864=CARTESIAN_POINT('',(-11.8060011896634,25.,16.2057318339793));
#2865=CARTESIAN_POINT('',(-9.48687752730387,25.,14.1852337902795));
#2866=CARTESIAN_POINT('',(-5.98053369626729,25.,12.5282765521574));
#2867=CARTESIAN_POINT('',(-1.41507928602471,25.,11.8841287980183));
#2868=CARTESIAN_POINT('',(3.17622217433916,25.,12.5352155035888));
#2869=CARTESIAN_POINT('',(7.38588163174815,25.,14.5352371732237));
#2870=CARTESIAN_POINT('',(10.6251627741941,25.,17.9523841425409));
#2871=CARTESIAN_POINT('',(11.7001043684118,25.,21.7498745891012));
#2872=CARTESIAN_POINT('',(11.2636987955737,25.,24.8236373361236));
#2873=CARTESIAN_POINT('',(10.0515080959591,25.,27.655972145883));
#2874=CARTESIAN_POINT('',(7.35135552702678,25.,30.4882472500031));
#2875=CARTESIAN_POINT('',(3.1577499479287,25.,32.4666257356495));
#2876=CARTESIAN_POINT('',(-1.41065286451562,25.,33.116297678854));
#2877=CARTESIAN_POINT('',(-5.99190009696543,25.,32.4681802433099));
#2878=CARTESIAN_POINT('',(-10.1933020790294,25.,30.4832736818278));
#2879=CARTESIAN_POINT('',(-12.8922522716074,25.,27.6473000260372));
#2880=CARTESIAN_POINT('',(-14.1017470606194,25.,24.8094198597227));
#2881=CARTESIAN_POINT('',(-14.425539941386,25.,22.5033662276486));
#2882=CARTESIAN_POINT('',(-14.0980931738369,25.,20.177115229683));
#2883=CARTESIAN_POINT('',(-14.317,25.,22.5));
#2884=CARTESIAN_POINT('',(11.2677470606194,25.,-24.8094198597227));
#2885=CARTESIAN_POINT('',(11.5915399413859,25.,-22.5033662276486));
#2886=CARTESIAN_POINT('',(11.2640931738369,25.,-20.177115229683));
#2887=CARTESIAN_POINT('',(10.3646436936538,25.,-18.0711756581691));
#2888=CARTESIAN_POINT('',(8.97200118966339,25.,-16.2057318339793));
#2889=CARTESIAN_POINT('',(6.65287752730387,25.,-14.1852337902795));
#2890=CARTESIAN_POINT('',(3.14653369626729,25.,-12.5282765521574));
#2891=CARTESIAN_POINT('',(-1.41892071397527,25.,-11.8841287980183));
#2892=CARTESIAN_POINT('',(-6.01022217433917,25.,-12.5352155035888));
#2893=CARTESIAN_POINT('',(-10.2198816317481,25.,-14.5352371732237));
#2894=CARTESIAN_POINT('',(-13.4591627741941,25.,-17.9523841425409));
#2895=CARTESIAN_POINT('',(-14.5341043684117,25.,-21.7498745891012));
#2896=CARTESIAN_POINT('',(-14.0976987955737,25.,-24.8236373361235));
#2897=CARTESIAN_POINT('',(-12.8855080959591,25.,-27.655972145883));
#2898=CARTESIAN_POINT('',(-10.1853555270268,25.,-30.4882472500031));
#2899=CARTESIAN_POINT('',(-5.99174994792872,25.,-32.4666257356495));
#2900=CARTESIAN_POINT('',(-1.42334713548438,25.,-33.116297678854));
#2901=CARTESIAN_POINT('',(3.15790009696541,25.,-32.4681802433099));
#2902=CARTESIAN_POINT('',(7.35930207902944,25.,-30.4832736818278));
#2903=CARTESIAN_POINT('',(10.0582522716074,25.,-27.6473000260372));
#2904=CARTESIAN_POINT('',(11.2677470606194,25.,-24.8094198597227));
#2905=CARTESIAN_POINT('',(11.5915399413859,25.,-22.5033662276486));
#2906=CARTESIAN_POINT('',(11.2640931738369,25.,-20.177115229683));
#2907=CARTESIAN_POINT('',(11.483,25.,-22.5));
#2908=CARTESIAN_POINT('',(-1.417,6.25,0.));
#2909=CARTESIAN_POINT('',(-40.417,6.25,-3.46944695195361E-15));
#2910=CARTESIAN_POINT('',(-39.167,6.25,-3.46944695195361E-15));
#2911=CARTESIAN_POINT('',(-40.417,6.25,-27.5));
#2912=CARTESIAN_POINT('',(-39.167,6.25,-27.5));
#2913=CARTESIAN_POINT('',(37.583,6.25,27.5));
#2914=CARTESIAN_POINT('',(38.833,6.25,27.5));
#2915=CARTESIAN_POINT('',(37.583,6.25,-3.46944695195361E-15));
#2916=CARTESIAN_POINT('',(38.833,6.25,-3.46944695195361E-15));
#2917=CARTESIAN_POINT('',(37.583,6.25,-27.5));
#2918=CARTESIAN_POINT('',(38.833,6.25,-27.5));
#2919=CARTESIAN_POINT('',(-40.417,6.25,27.5));
#2920=CARTESIAN_POINT('',(-39.167,6.25,27.5));
#2921=CARTESIAN_POINT('',(-1.417,6.25,-47.25));
#2922=CARTESIAN_POINT('',(-36.417,6.25,-47.25));
#2923=CARTESIAN_POINT('',(5.583,6.25,-47.25));
#2924=CARTESIAN_POINT('',(5.583,6.25,0.));
#2925=CARTESIAN_POINT('',(5.583,6.25,-43.25));
#2926=CARTESIAN_POINT('',(-1.417,6.25,-43.25));
#2927=CARTESIAN_POINT('',(-36.417,6.25,-43.25));
#2928=CARTESIAN_POINT('',(-36.417,6.25,-41.25));
#2929=CARTESIAN_POINT('',(-38.417,6.25,-41.25));
#2930=CARTESIAN_POINT('',(-38.417,6.25,-5.8741958974876E-16));
#2931=CARTESIAN_POINT('',(-38.417,6.25,41.25));
#2932=CARTESIAN_POINT('',(-36.417,6.25,41.25));
#2933=CARTESIAN_POINT('',(-36.417,6.25,43.25));
#2934=CARTESIAN_POINT('',(-1.417,6.25,43.25));
#2935=CARTESIAN_POINT('',(33.583,6.25,43.25));
#2936=CARTESIAN_POINT('',(33.583,6.25,41.25));
#2937=CARTESIAN_POINT('',(35.583,6.25,41.25));
#2938=CARTESIAN_POINT('',(35.583,6.25,-6.35147431415847E-15));
#2939=CARTESIAN_POINT('',(35.583,6.25,-41.25));
#2940=CARTESIAN_POINT('',(33.583,6.25,-41.25));
#2941=CARTESIAN_POINT('',(33.583,6.25,-43.25));
#2942=CARTESIAN_POINT('',(-1.417,6.25,-43.25));
#2943=CARTESIAN_POINT('',(15.583,6.25,-43.25));
#2944=CARTESIAN_POINT('',(15.583,6.25,0.));
#2945=CARTESIAN_POINT('',(15.583,6.25,-47.25));
#2946=CARTESIAN_POINT('',(-1.417,6.25,-47.25));
#2947=CARTESIAN_POINT('',(33.583,6.25,-47.25));
#2948=CARTESIAN_POINT('',(33.583,6.25,-41.25));
#2949=CARTESIAN_POINT('',(39.583,6.25,-41.25));
#2950=CARTESIAN_POINT('',(39.583,6.25,-6.93889390390723E-15));
#2951=CARTESIAN_POINT('',(39.583,6.25,41.25));
#2952=CARTESIAN_POINT('',(33.583,6.25,41.25));
#2953=CARTESIAN_POINT('',(33.583,6.25,47.25));
#2954=CARTESIAN_POINT('',(-1.417,6.25,47.25));
#2955=CARTESIAN_POINT('',(-36.417,6.25,47.25));
#2956=CARTESIAN_POINT('',(-36.417,6.25,41.25));
#2957=CARTESIAN_POINT('',(-42.417,6.25,41.25));
#2958=CARTESIAN_POINT('',(-42.417,6.25,0.));
#2959=CARTESIAN_POINT('',(-42.417,6.25,-41.25));
#2960=CARTESIAN_POINT('',(-36.417,6.25,-41.25));
#2961=CARTESIAN_POINT('',(-42.417,25.,0.));
#2962=CARTESIAN_POINT('',(-42.417,25.,41.25));
#2963=CARTESIAN_POINT('',(-42.417,19.,41.25));
#2964=CARTESIAN_POINT('',(-42.417,19.,0.));
#2965=CARTESIAN_POINT('',(-42.417,19.,-41.25));
#2966=CARTESIAN_POINT('',(-42.417,25.,-41.25));
#2967=CARTESIAN_POINT('',(-1.417,25.,47.25));
#2968=CARTESIAN_POINT('',(-36.417,0.,47.25));
#2969=CARTESIAN_POINT('',(-36.417,19.,47.25));
#2970=CARTESIAN_POINT('',(33.583,25.,47.25));
#2971=CARTESIAN_POINT('',(33.583,19.,47.25));
#2972=CARTESIAN_POINT('',(-42.417,19.,47.25));
#2973=CARTESIAN_POINT('',(39.583,25.,-6.93889390390723E-15));
#2974=CARTESIAN_POINT('',(39.583,25.,41.25));
#2975=CARTESIAN_POINT('',(39.583,19.,41.25));
#2976=CARTESIAN_POINT('',(39.583,25.,-41.25));
#2977=CARTESIAN_POINT('',(39.583,19.,-41.25));
#2978=CARTESIAN_POINT('',(39.583,19.,47.25));
#2979=CARTESIAN_POINT('',(-1.417,25.,-47.25));
#2980=CARTESIAN_POINT('',(5.583,25.,-47.25));
#2981=CARTESIAN_POINT('',(5.583,12.,-47.25));
#2982=CARTESIAN_POINT('',(-36.417,25.,-47.25));
#2983=CARTESIAN_POINT('',(-36.417,19.,-47.25));
#2984=CARTESIAN_POINT('',(-1.417,19.,-47.25));
#2985=CARTESIAN_POINT('',(33.583,19.,-47.25));
#2986=CARTESIAN_POINT('',(33.583,0.,-47.25));
#2987=CARTESIAN_POINT('',(15.583,25.,-47.25));
#2988=CARTESIAN_POINT('',(15.583,12.,-47.25));
#2989=CARTESIAN_POINT('',(-1.417,12.,-47.25));
#2990=CARTESIAN_POINT('',(-36.417,25.,41.25));
#2991=CARTESIAN_POINT('',(-36.417,19.,41.25));
#2992=CARTESIAN_POINT('',(33.583,25.,41.25));
#2993=CARTESIAN_POINT('',(33.583,19.,41.25));
#2994=CARTESIAN_POINT('',(-1.417,19.,41.25));
#2995=CARTESIAN_POINT('',(-36.417,19.,41.25));
#2996=CARTESIAN_POINT('',(33.583,19.,41.25));
#2997=CARTESIAN_POINT('',(-36.417,19.,41.25));
#2998=CARTESIAN_POINT('',(-36.417,19.,41.25));
#2999=CARTESIAN_POINT('',(33.583,19.,41.25));
#3000=CARTESIAN_POINT('',(33.583,19.,41.25));
#3001=CARTESIAN_POINT('',(-36.417,19.,-8.8112938462314E-16));
#3002=CARTESIAN_POINT('',(-36.417,25.,-1.79897249360558E-15));
#3003=CARTESIAN_POINT('',(-36.417,25.,-1.79897249360558E-15));
#3004=CARTESIAN_POINT('',(-36.417,25.,-1.79897249360558E-15));
#3005=CARTESIAN_POINT('',(-36.417,19.,-41.25));
#3006=CARTESIAN_POINT('',(-36.417,25.,-41.25));
#3007=CARTESIAN_POINT('',(-36.417,19.,-41.25));
#3008=CARTESIAN_POINT('',(33.583,25.,-41.25));
#3009=CARTESIAN_POINT('',(33.583,19.,-41.25));
#3010=CARTESIAN_POINT('',(33.583,19.,-1.20788153142089E-14));
#3011=CARTESIAN_POINT('',(33.583,19.,-41.25));
#3012=CARTESIAN_POINT('',(33.583,25.,-47.25));
#3013=CARTESIAN_POINT('',(33.583,25.,-47.25));
#3014=CARTESIAN_POINT('',(33.583,25.,-47.25));
#3015=CARTESIAN_POINT('',(-36.417,19.,-41.25));
#3016=CARTESIAN_POINT('',(-36.417,19.,-41.25));
#3017=CARTESIAN_POINT('',(33.583,19.,-41.25));
#3018=CARTESIAN_POINT('',(33.583,19.,-41.25));
#3019=CARTESIAN_POINT('',(-1.417,19.,-41.25));
#3020=CARTESIAN_POINT('',(-38.417,25.,-5.8741958974876E-16));
#3021=CARTESIAN_POINT('',(-38.417,25.,-41.25));
#3022=CARTESIAN_POINT('',(-38.417,19.,-41.25));
#3023=CARTESIAN_POINT('',(-38.417,19.,-5.8741958974876E-16));
#3024=CARTESIAN_POINT('',(-38.417,19.,41.25));
#3025=CARTESIAN_POINT('',(-38.417,25.,41.25));
#3026=CARTESIAN_POINT('',(-1.417,25.,43.25));
#3027=CARTESIAN_POINT('',(-36.417,25.,43.25));
#3028=CARTESIAN_POINT('',(-36.417,19.,43.25));
#3029=CARTESIAN_POINT('',(-1.417,19.,43.25));
#3030=CARTESIAN_POINT('',(33.583,19.,43.25));
#3031=CARTESIAN_POINT('',(33.583,25.,43.25));
#3032=CARTESIAN_POINT('',(35.583,25.,-6.35147431415847E-15));
#3033=CARTESIAN_POINT('',(35.583,25.,41.25));
#3034=CARTESIAN_POINT('',(35.583,19.,41.25));
#3035=CARTESIAN_POINT('',(35.583,19.,-6.35147431415847E-15));
#3036=CARTESIAN_POINT('',(35.583,19.,-41.25));
#3037=CARTESIAN_POINT('',(35.583,25.,-41.25));
#3038=CARTESIAN_POINT('',(-1.417,25.,-43.25));
#3039=CARTESIAN_POINT('',(5.583,25.,-43.25));
#3040=CARTESIAN_POINT('',(5.583,12.,-43.25));
#3041=CARTESIAN_POINT('',(-1.417,12.,-43.25));
#3042=CARTESIAN_POINT('',(15.583,12.,-43.25));
#3043=CARTESIAN_POINT('',(15.583,25.,-43.25));
#3044=CARTESIAN_POINT('',(33.583,25.,-43.25));
#3045=CARTESIAN_POINT('',(33.583,19.,-43.25));
#3046=CARTESIAN_POINT('',(-1.417,19.,-43.25));
#3047=CARTESIAN_POINT('',(-36.417,19.,-43.25));
#3048=CARTESIAN_POINT('',(-36.417,25.,-43.25));
#3049=CARTESIAN_POINT('',(-36.417,25.,41.25));
#3050=CARTESIAN_POINT('',(-36.417,19.,41.25));
#3051=CARTESIAN_POINT('',(33.583,25.,41.25));
#3052=CARTESIAN_POINT('',(33.583,19.,41.25));
#3053=CARTESIAN_POINT('',(-1.417,19.,41.25));
#3054=CARTESIAN_POINT('',(-36.417,19.,41.25));
#3055=CARTESIAN_POINT('',(33.583,19.,41.25));
#3056=CARTESIAN_POINT('',(-36.417,19.,41.25));
#3057=CARTESIAN_POINT('',(-36.417,19.,41.25));
#3058=CARTESIAN_POINT('',(33.583,19.,41.25));
#3059=CARTESIAN_POINT('',(33.583,19.,41.25));
#3060=CARTESIAN_POINT('',(-36.417,19.,-8.8112938462314E-16));
#3061=CARTESIAN_POINT('',(-36.417,19.,-41.25));
#3062=CARTESIAN_POINT('',(-36.417,21.,-6.93889390390723E-15));
#3063=CARTESIAN_POINT('',(-36.417,21.,-6.93889390390723E-15));
#3064=CARTESIAN_POINT('',(-36.417,21.,-6.93889390390723E-15));
#3065=CARTESIAN_POINT('',(-36.417,25.,-41.25));
#3066=CARTESIAN_POINT('',(-36.417,19.,-41.25));
#3067=CARTESIAN_POINT('',(33.583,25.,-41.25));
#3068=CARTESIAN_POINT('',(33.583,19.,-41.25));
#3069=CARTESIAN_POINT('',(33.583,19.,-1.20788153142089E-14));
#3070=CARTESIAN_POINT('',(33.583,21.,-6.93889390390723E-15));
#3071=CARTESIAN_POINT('',(33.583,21.,-6.93889390390723E-15));
#3072=CARTESIAN_POINT('',(33.583,21.,-6.93889390390723E-15));
#3073=CARTESIAN_POINT('',(33.583,19.,-41.25));
#3074=CARTESIAN_POINT('',(-36.417,19.,-41.25));
#3075=CARTESIAN_POINT('',(-36.417,19.,-41.25));
#3076=CARTESIAN_POINT('',(33.583,19.,-41.25));
#3077=CARTESIAN_POINT('',(33.583,19.,-41.25));
#3078=CARTESIAN_POINT('',(-1.417,19.,-41.25));
#3079=CARTESIAN_POINT('',(-39.167,11.25,27.5));
#3080=CARTESIAN_POINT('',(-40.417,11.25,27.5));
#3081=CARTESIAN_POINT('',(-39.167,11.25,27.5));
#3082=CARTESIAN_POINT('',(-40.417,6.25,27.5));
#3083=CARTESIAN_POINT('',(38.833,11.25,-27.5));
#3084=CARTESIAN_POINT('',(37.583,11.25,-27.5));
#3085=CARTESIAN_POINT('',(38.833,11.25,-27.5));
#3086=CARTESIAN_POINT('',(37.583,6.25,-27.5));
#3087=CARTESIAN_POINT('',(38.833,11.25,-3.46944695195361E-15));
#3088=CARTESIAN_POINT('',(37.583,11.25,-3.46944695195361E-15));
#3089=CARTESIAN_POINT('',(38.833,11.25,-3.46944695195361E-15));
#3090=CARTESIAN_POINT('',(37.583,6.25,-3.46944695195361E-15));
#3091=CARTESIAN_POINT('',(38.833,11.25,27.5));
#3092=CARTESIAN_POINT('',(37.583,11.25,27.5));
#3093=CARTESIAN_POINT('',(38.833,11.25,27.5));
#3094=CARTESIAN_POINT('',(37.583,6.25,27.5));
#3095=CARTESIAN_POINT('',(-39.167,11.25,-27.5));
#3096=CARTESIAN_POINT('',(-40.417,11.25,-27.5));
#3097=CARTESIAN_POINT('',(-39.167,11.25,-27.5));
#3098=CARTESIAN_POINT('',(-40.417,6.25,-27.5));
#3099=CARTESIAN_POINT('',(-39.167,11.25,-3.46944695195361E-15));
#3100=CARTESIAN_POINT('',(-40.417,11.25,-3.46944695195361E-15));
#3101=CARTESIAN_POINT('',(-39.167,11.25,-3.46944695195361E-15));
#3102=CARTESIAN_POINT('',(-40.417,6.25,-3.46944695195361E-15));
#3103=CARTESIAN_POINT('',(-10.8963187158205,27.1,19.5551532193875));
#3104=CARTESIAN_POINT('',(-10.8963187158205,25.,19.5551532193875));
#3105=CARTESIAN_POINT('',(-11.6773406420898,27.1,22.5));
#3106=CARTESIAN_POINT('',(-11.6773406420898,25.,22.5));
#3107=CARTESIAN_POINT('',(-10.8963187158205,27.1,25.4448467806125));
#3108=CARTESIAN_POINT('',(-10.8963187158205,25.,25.4448467806125));
#3109=CARTESIAN_POINT('',(-8.67215644530562,27.1,27.9413673339792));
#3110=CARTESIAN_POINT('',(-8.67215644530562,25.,27.9413673339792));
#3111=CARTESIAN_POINT('',(-5.34346237414994,27.1,29.6094890368653));
#3112=CARTESIAN_POINT('',(-5.34346237414994,25.,29.6094890368653));
#3113=CARTESIAN_POINT('',(-1.417,27.1,30.1952554815673));
#3114=CARTESIAN_POINT('',(-1.417,25.,30.1952554815673));
#3115=CARTESIAN_POINT('',(2.50946237414995,27.1,29.6094890368653));
#3116=CARTESIAN_POINT('',(2.50946237414995,25.,29.6094890368653));
#3117=CARTESIAN_POINT('',(5.83815644530563,27.1,27.9413673339792));
#3118=CARTESIAN_POINT('',(5.83815644530563,25.,27.9413673339792));
#3119=CARTESIAN_POINT('',(8.06231871582044,27.1,25.4448467806125));
#3120=CARTESIAN_POINT('',(8.06231871582044,25.,25.4448467806125));
#3121=CARTESIAN_POINT('',(8.84334064208977,27.1,22.5));
#3122=CARTESIAN_POINT('',(8.84334064208977,25.,22.5));
#3123=CARTESIAN_POINT('',(8.06231871582047,27.1,19.5551532193876));
#3124=CARTESIAN_POINT('',(8.06231871582047,25.,19.5551532193876));
#3125=CARTESIAN_POINT('',(5.8381564453056,27.1,17.0586326660208));
#3126=CARTESIAN_POINT('',(5.8381564453056,25.,17.0586326660208));
#3127=CARTESIAN_POINT('',(2.50946237414997,27.1,15.3905109631347));
#3128=CARTESIAN_POINT('',(2.50946237414997,25.,15.3905109631347));
#3129=CARTESIAN_POINT('',(-1.41700000000004,27.1,14.8047445184327));
#3130=CARTESIAN_POINT('',(-1.41700000000004,25.,14.8047445184327));
#3131=CARTESIAN_POINT('',(-5.34346237414991,27.1,15.3905109631347));
#3132=CARTESIAN_POINT('',(-5.34346237414991,25.,15.3905109631347));
#3133=CARTESIAN_POINT('',(-8.67215644530559,27.1,17.0586326660208));
#3134=CARTESIAN_POINT('',(-8.67215644530559,25.,17.0586326660208));
#3135=CARTESIAN_POINT('',(-10.8963187158205,27.1,19.5551532193875));
#3136=CARTESIAN_POINT('',(-10.8963187158205,25.,19.5551532193875));
#3137=CARTESIAN_POINT('',(-11.6773406420898,27.1,22.5));
#3138=CARTESIAN_POINT('',(-11.6773406420898,25.,22.5));
#3139=CARTESIAN_POINT('',(-10.8963187158205,27.1,25.4448467806125));
#3140=CARTESIAN_POINT('',(-10.8963187158205,25.,25.4448467806125));
#3141=CARTESIAN_POINT('',(-11.2323213131008,27.1,20.7568733039661));
#3142=CARTESIAN_POINT('',(-11.6037762690501,27.1,23.0860058914005));
#3143=CARTESIAN_POINT('',(-10.6594070130452,27.1,25.9415804575648));
#3144=CARTESIAN_POINT('',(-8.0680800793116,27.1,28.3394708887975));
#3145=CARTESIAN_POINT('',(-4.87174664830148,27.1,29.7028771639842));
#3146=CARTESIAN_POINT('',(-1.42316331481218,27.1,30.1474513138345));
#3147=CARTESIAN_POINT('',(2.01696388182415,27.1,29.7073046779732));
#3148=CARTESIAN_POINT('',(5.21798568855411,27.1,28.3520429285741));
#3149=CARTESIAN_POINT('',(7.37539590932604,27.1,26.3537774721568));
#3150=CARTESIAN_POINT('',(8.39345188672649,27.1,24.2562346116556));
#3151=CARTESIAN_POINT('',(8.76944841384725,27.1,21.9522021216763));
#3152=CARTESIAN_POINT('',(7.8515490424992,27.1,19.0906415985616));
#3153=CARTESIAN_POINT('',(5.24718230004422,27.1,16.6666426425638));
#3154=CARTESIAN_POINT('',(2.05058803574619,27.1,15.2999878055031));
#3155=CARTESIAN_POINT('',(-1.41191399334878,27.1,14.8522667778098));
#3156=CARTESIAN_POINT('',(-4.84227431300931,27.1,15.290969620724));
#3157=CARTESIAN_POINT('',(-8.05732225801977,27.1,16.6474771657874));
#3158=CARTESIAN_POINT('',(-10.2220906866104,27.1,18.663654843359));
#3159=CARTESIAN_POINT('',(-11.2323213131008,27.1,20.7568733039661));
#3160=CARTESIAN_POINT('',(-11.6037762690501,27.1,23.0860058914005));
#3161=CARTESIAN_POINT('',(-10.6594070130452,27.1,25.9415804575648));
#3162=CARTESIAN_POINT('',(-11.417,27.1,22.5));
#3163=CARTESIAN_POINT('',(-1.417,25.,22.5));
#3164=CARTESIAN_POINT('',(-11.417,25.,22.5));
#3165=CARTESIAN_POINT('',(-12.7921824589846,27.1,18.7698607445576));
#3166=CARTESIAN_POINT('',(-12.7921824589846,25.9,18.7698607445576));
#3167=CARTESIAN_POINT('',(-13.7294087705077,27.1,22.5));
#3168=CARTESIAN_POINT('',(-13.7294087705077,25.9,22.5));
#3169=CARTESIAN_POINT('',(-12.7921824589845,27.1,26.2301392554425));
#3170=CARTESIAN_POINT('',(-12.7921824589845,25.9,26.2301392554425));
#3171=CARTESIAN_POINT('',(-10.1231877343667,27.1,29.3923986230403));
#3172=CARTESIAN_POINT('',(-10.1231877343667,25.9,29.3923986230403));
#3173=CARTESIAN_POINT('',(-6.12875484897992,27.1,31.5053527800294));
#3174=CARTESIAN_POINT('',(-6.12875484897992,25.9,31.5053527800294));
#3175=CARTESIAN_POINT('',(-1.417,27.1,32.2473236099853));
#3176=CARTESIAN_POINT('',(-1.417,25.9,32.2473236099853));
#3177=CARTESIAN_POINT('',(3.29475484897994,27.1,31.5053527800294));
#3178=CARTESIAN_POINT('',(3.29475484897994,25.9,31.5053527800294));
#3179=CARTESIAN_POINT('',(7.28918773436675,27.1,29.3923986230403));
#3180=CARTESIAN_POINT('',(7.28918773436675,25.9,29.3923986230403));
#3181=CARTESIAN_POINT('',(9.95818245898453,27.1,26.2301392554425));
#3182=CARTESIAN_POINT('',(9.95818245898453,25.9,26.2301392554425));
#3183=CARTESIAN_POINT('',(10.8954087705077,27.1,22.5));
#3184=CARTESIAN_POINT('',(10.8954087705077,25.9,22.5));
#3185=CARTESIAN_POINT('',(9.95818245898456,27.1,18.7698607445576));
#3186=CARTESIAN_POINT('',(9.95818245898456,25.9,18.7698607445576));
#3187=CARTESIAN_POINT('',(7.28918773436672,27.1,15.6076013769597));
#3188=CARTESIAN_POINT('',(7.28918773436672,25.9,15.6076013769597));
#3189=CARTESIAN_POINT('',(3.29475484897997,27.1,13.4946472199706));
#3190=CARTESIAN_POINT('',(3.29475484897997,25.9,13.4946472199706));
#3191=CARTESIAN_POINT('',(-1.41700000000005,27.1,12.7526763900147));
#3192=CARTESIAN_POINT('',(-1.41700000000005,25.9,12.7526763900147));
#3193=CARTESIAN_POINT('',(-6.1287548489799,27.1,13.4946472199706));
#3194=CARTESIAN_POINT('',(-6.1287548489799,25.9,13.4946472199706));
#3195=CARTESIAN_POINT('',(-10.1231877343667,27.1,15.6076013769596));
#3196=CARTESIAN_POINT('',(-10.1231877343667,25.9,15.6076013769596));
#3197=CARTESIAN_POINT('',(-12.7921824589846,27.1,18.7698607445576));
#3198=CARTESIAN_POINT('',(-12.7921824589846,25.9,18.7698607445576));
#3199=CARTESIAN_POINT('',(-13.7294087705077,27.1,22.5));
#3200=CARTESIAN_POINT('',(-13.7294087705077,25.9,22.5));
#3201=CARTESIAN_POINT('',(-12.7921824589845,27.1,26.2301392554425));
#3202=CARTESIAN_POINT('',(-12.7921824589845,25.9,26.2301392554425));
#3203=CARTESIAN_POINT('',(-13.2071473443316,25.9,20.3537638979965));
#3204=CARTESIAN_POINT('',(-13.5208379928116,25.9,22.5037966163889));
#3205=CARTESIAN_POINT('',(-13.2115006844221,25.9,24.6310496364479));
#3206=CARTESIAN_POINT('',(-12.0622519220263,25.9,27.2397024694678));
#3207=CARTESIAN_POINT('',(-9.53235141425289,25.9,29.8167920601072));
#3208=CARTESIAN_POINT('',(-5.63893331928556,25.9,31.6106147610426));
#3209=CARTESIAN_POINT('',(-1.41152119972126,25.9,32.195074732719));
#3210=CARTESIAN_POINT('',(2.80552825646181,25.9,31.6090835223693));
#3211=CARTESIAN_POINT('',(6.69097181564069,25.9,29.8211706239557));
#3212=CARTESIAN_POINT('',(9.22193038633179,25.9,27.2476441438261));
#3213=CARTESIAN_POINT('',(10.3739352140891,25.9,24.6434899902602));
#3214=CARTESIAN_POINT('',(10.7904832926652,25.9,21.8066643991161));
#3215=CARTESIAN_POINT('',(9.7606228749259,25.9,18.304153845612));
#3216=CARTESIAN_POINT('',(6.71939738319576,25.9,15.1974780738515));
#3217=CARTESIAN_POINT('',(2.81877492004087,25.9,13.391624014112));
#3218=CARTESIAN_POINT('',(-1.41886057380813,25.9,12.8051988746606));
#3219=CARTESIAN_POINT('',(-5.63211050827432,25.9,13.3875814483748));
#3220=CARTESIAN_POINT('',(-8.87985055785227,25.9,14.8841301241524));
#3221=CARTESIAN_POINT('',(-11.0478391833008,25.9,16.7227750276098));
#3222=CARTESIAN_POINT('',(-12.3551763083865,25.9,18.4245185676141));
#3223=CARTESIAN_POINT('',(-13.2071473443316,25.9,20.3537638979965));
#3224=CARTESIAN_POINT('',(-13.5208379928116,25.9,22.5037966163889));
#3225=CARTESIAN_POINT('',(-13.2115006844221,25.9,24.6310496364479));
#3226=CARTESIAN_POINT('',(-13.417,25.9,22.5));
#3227=CARTESIAN_POINT('',(-13.2099036156449,27.1,24.6399454885281));
#3228=CARTESIAN_POINT('',(-13.5201289130298,27.1,22.4983429886843));
#3229=CARTESIAN_POINT('',(-13.2115807322361,27.1,20.3666825567347));
#3230=CARTESIAN_POINT('',(-12.0579341229973,27.1,17.7535273002394));
#3231=CARTESIAN_POINT('',(-9.52556729350526,27.1,15.1793520657408));
#3232=CARTESIAN_POINT('',(-5.63979523509645,27.1,13.3909926141861));
#3233=CARTESIAN_POINT('',(-1.41609569531029,27.1,12.8027145067139));
#3234=CARTESIAN_POINT('',(2.12021026119778,27.1,13.2989131479072));
#3235=CARTESIAN_POINT('',(4.73310506445238,27.1,14.2796659160061));
#3236=CARTESIAN_POINT('',(7.20405357899992,27.1,15.6963194185681));
#3237=CARTESIAN_POINT('',(9.7316148325329,27.1,18.2608503228097));
#3238=CARTESIAN_POINT('',(11.0029038308074,27.1,22.4741053279266));
#3239=CARTESIAN_POINT('',(9.75457646783588,27.1,26.7106216026333));
#3240=CARTESIAN_POINT('',(6.71302157245188,27.1,29.8030651468341));
#3241=CARTESIAN_POINT('',(2.83349730514274,27.1,31.6033207854056));
#3242=CARTESIAN_POINT('',(-1.40787519782785,27.1,32.1957730674189));
#3243=CARTESIAN_POINT('',(-5.62297778764921,27.1,31.613550857915));
#3244=CARTESIAN_POINT('',(-9.51900685735299,27.1,29.8279911751011));
#3245=CARTESIAN_POINT('',(-12.0588515323204,27.1,27.2432240345465));
#3246=CARTESIAN_POINT('',(-13.2099036156449,27.1,24.6399454885281));
#3247=CARTESIAN_POINT('',(-13.5201289130298,27.1,22.4983429886843));
#3248=CARTESIAN_POINT('',(-13.2115807322361,27.1,20.3666825567347));
#3249=CARTESIAN_POINT('',(-13.417,27.1,22.5));
#3250=CARTESIAN_POINT('',(-1.417,28.,-6.93889390390723E-15));
#3251=CARTESIAN_POINT('',(-11.5276155518858,28.,26.3013278977332));
#3252=CARTESIAN_POINT('',(-12.5120800344024,28.,23.1449048661533));
#3253=CARTESIAN_POINT('',(-12.1237328276986,28.,20.5789056613773));
#3254=CARTESIAN_POINT('',(-11.0614797433839,28.,18.2585851219809));
#3255=CARTESIAN_POINT('',(-8.72206915217177,28.,15.9740307137862));
#3256=CARTESIAN_POINT('',(-5.19616339013441,28.,14.4325088135563));
#3257=CARTESIAN_POINT('',(-1.41323812609446,28.,13.931542611068));
#3258=CARTESIAN_POINT('',(2.40412737685404,28.,14.4413397720883));
#3259=CARTESIAN_POINT('',(5.91184756544143,28.,15.9946865841365));
#3260=CARTESIAN_POINT('',(8.72025650456255,28.,18.7335254181385));
#3261=CARTESIAN_POINT('',(9.67718203327864,28.,21.8933273077612));
#3262=CARTESIAN_POINT('',(9.28582334604986,28.,24.4332811108522));
#3263=CARTESIAN_POINT('',(8.21147472263548,28.,26.7650537727289));
#3264=CARTESIAN_POINT('',(5.8838203480696,28.,29.0236653769547));
#3265=CARTESIAN_POINT('',(2.37009066353499,28.,30.5663442629232));
#3266=CARTESIAN_POINT('',(-1.42154809639573,28.,31.0678840135969));
#3267=CARTESIAN_POINT('',(-5.2240103767645,28.,30.5621111784024));
#3268=CARTESIAN_POINT('',(-8.73280372658891,28.,29.0114640874915));
#3269=CARTESIAN_POINT('',(-11.5276155518858,28.,26.3013278977332));
#3270=CARTESIAN_POINT('',(-12.5120800344024,28.,23.1449048661533));
#3271=CARTESIAN_POINT('',(-12.1237328276986,28.,20.5789056613773));
#3272=CARTESIAN_POINT('',(-12.317,28.,22.5));
#3273=CARTESIAN_POINT('',(-12.3206089602126,28.,20.5451493232104));
#3274=CARTESIAN_POINT('',(-12.6159443784752,28.,22.497840014455));
#3275=CARTESIAN_POINT('',(-12.3176135258867,28.,24.4634906189695));
#3276=CARTESIAN_POINT('',(-11.2352082491814,28.,26.8198918398207));
#3277=CARTESIAN_POINT('',(-8.85693244830063,28.,29.1614538191794));
#3278=CARTESIAN_POINT('',(-5.27409780238603,28.,30.7535272230595));
#3279=CARTESIAN_POINT('',(-1.40993316241475,28.,31.2750434814511));
#3280=CARTESIAN_POINT('',(2.47681560524197,28.,30.7462741684882));
#3281=CARTESIAN_POINT('',(6.04671505170501,28.,29.1376819113923));
#3282=CARTESIAN_POINT('',(8.88856804957955,28.,26.3558908950243));
#3283=CARTESIAN_POINT('',(10.0848336281304,28.,22.4759304392871));
#3284=CARTESIAN_POINT('',(8.8699147151484,28.,18.6198995753852));
#3285=CARTESIAN_POINT('',(6.022652338422,28.,15.8467991127131));
#3286=CARTESIAN_POINT('',(2.46192150557448,28.,14.2513502688447));
#3287=CARTESIAN_POINT('',(-1.41370286351603,28.,13.7249495829339));
#3288=CARTESIAN_POINT('',(-5.28857774520518,28.,14.2488538634092));
#3289=CARTESIAN_POINT('',(-8.86395638799243,28.,15.8486003559254));
#3290=CARTESIAN_POINT('',(-11.2261810339129,28.,18.1635109259831));
#3291=CARTESIAN_POINT('',(-12.3206089602126,28.,20.5451493232104));
#3292=CARTESIAN_POINT('',(-12.6159443784752,28.,22.497840014455));
#3293=CARTESIAN_POINT('',(-12.3176135258867,28.,24.4634906189695));
#3294=CARTESIAN_POINT('',(-12.517,28.,22.5));
#3295=CARTESIAN_POINT('',(-1.417,25.,-6.93889390390723E-15));
#3296=CARTESIAN_POINT('',(-1.417,25.,22.5));
#3297=CARTESIAN_POINT('',(-10.417,25.,22.5));
#3298=CARTESIAN_POINT('',(9.95818245898455,27.1,-18.7698607445576));
#3299=CARTESIAN_POINT('',(9.95818245898455,25.9,-18.7698607445576));
#3300=CARTESIAN_POINT('',(10.8954087705077,27.1,-22.5));
#3301=CARTESIAN_POINT('',(10.8954087705077,25.9,-22.5));
#3302=CARTESIAN_POINT('',(9.95818245898455,27.1,-26.2301392554425));
#3303=CARTESIAN_POINT('',(9.95818245898455,25.9,-26.2301392554425));
#3304=CARTESIAN_POINT('',(7.28918773436674,27.1,-29.3923986230403));
#3305=CARTESIAN_POINT('',(7.28918773436674,25.9,-29.3923986230403));
#3306=CARTESIAN_POINT('',(3.29475484897992,27.1,-31.5053527800294));
#3307=CARTESIAN_POINT('',(3.29475484897992,25.9,-31.5053527800294));
#3308=CARTESIAN_POINT('',(-1.417,27.1,-32.2473236099853));
#3309=CARTESIAN_POINT('',(-1.417,25.9,-32.2473236099853));
#3310=CARTESIAN_POINT('',(-6.12875484897994,27.1,-31.5053527800294));
#3311=CARTESIAN_POINT('',(-6.12875484897994,25.9,-31.5053527800294));
#3312=CARTESIAN_POINT('',(-10.1231877343668,27.1,-29.3923986230403));
#3313=CARTESIAN_POINT('',(-10.1231877343668,25.9,-29.3923986230403));
#3314=CARTESIAN_POINT('',(-12.7921824589845,27.1,-26.2301392554425));
#3315=CARTESIAN_POINT('',(-12.7921824589845,25.9,-26.2301392554425));
#3316=CARTESIAN_POINT('',(-13.7294087705077,27.1,-22.5));
#3317=CARTESIAN_POINT('',(-13.7294087705077,25.9,-22.5));
#3318=CARTESIAN_POINT('',(-12.7921824589846,27.1,-18.7698607445576));
#3319=CARTESIAN_POINT('',(-12.7921824589846,25.9,-18.7698607445576));
#3320=CARTESIAN_POINT('',(-10.1231877343667,27.1,-15.6076013769597));
#3321=CARTESIAN_POINT('',(-10.1231877343667,25.9,-15.6076013769597));
#3322=CARTESIAN_POINT('',(-6.12875484897997,27.1,-13.4946472199706));
#3323=CARTESIAN_POINT('',(-6.12875484897997,25.9,-13.4946472199706));
#3324=CARTESIAN_POINT('',(-1.41699999999995,27.1,-12.7526763900147));
#3325=CARTESIAN_POINT('',(-1.41699999999995,25.9,-12.7526763900147));
#3326=CARTESIAN_POINT('',(3.2947548489799,27.1,-13.4946472199706));
#3327=CARTESIAN_POINT('',(3.2947548489799,25.9,-13.4946472199706));
#3328=CARTESIAN_POINT('',(7.28918773436671,27.1,-15.6076013769596));
#3329=CARTESIAN_POINT('',(7.28918773436671,25.9,-15.6076013769596));
#3330=CARTESIAN_POINT('',(9.95818245898455,27.1,-18.7698607445576));
#3331=CARTESIAN_POINT('',(9.95818245898455,25.9,-18.7698607445576));
#3332=CARTESIAN_POINT('',(10.8954087705077,27.1,-22.5));
#3333=CARTESIAN_POINT('',(10.8954087705077,25.9,-22.5));
#3334=CARTESIAN_POINT('',(9.95818245898455,27.1,-26.2301392554425));
#3335=CARTESIAN_POINT('',(9.95818245898455,25.9,-26.2301392554425));
#3336=CARTESIAN_POINT('',(10.3731473443316,25.9,-20.3537638979965));
#3337=CARTESIAN_POINT('',(10.6868379928116,25.9,-22.5037966163889));
#3338=CARTESIAN_POINT('',(10.3775006844221,25.9,-24.6310496364478));
#3339=CARTESIAN_POINT('',(9.22825192202633,25.9,-27.2397024694678));
#3340=CARTESIAN_POINT('',(6.6983514142529,25.9,-29.8167920601072));
#3341=CARTESIAN_POINT('',(2.80493331928556,25.9,-31.6106147610426));
#3342=CARTESIAN_POINT('',(-1.42247880027874,25.9,-32.195074732719));
#3343=CARTESIAN_POINT('',(-5.63952825646175,25.9,-31.6090835223693));
#3344=CARTESIAN_POINT('',(-9.52497181564071,25.9,-29.8211706239557));
#3345=CARTESIAN_POINT('',(-12.0559303863318,25.9,-27.2476441438261));
#3346=CARTESIAN_POINT('',(-13.2079352140891,25.9,-24.6434899902602));
#3347=CARTESIAN_POINT('',(-13.6244832926652,25.9,-21.8066643991161));
#3348=CARTESIAN_POINT('',(-12.5946228749259,25.9,-18.3041538456119));
#3349=CARTESIAN_POINT('',(-9.55339738319584,25.9,-15.1974780738515));
#3350=CARTESIAN_POINT('',(-5.65277492004087,25.9,-13.391624014112));
#3351=CARTESIAN_POINT('',(-1.41513942619186,25.9,-12.8051988746606));
#3352=CARTESIAN_POINT('',(2.79811050827429,25.9,-13.3875814483748));
#3353=CARTESIAN_POINT('',(6.04585055785227,25.9,-14.8841301241524));
#3354=CARTESIAN_POINT('',(8.21383918330078,25.9,-16.7227750276097));
#3355=CARTESIAN_POINT('',(9.52117630838655,25.9,-18.4245185676141));
#3356=CARTESIAN_POINT('',(10.3731473443316,25.9,-20.3537638979965));
#3357=CARTESIAN_POINT('',(10.6868379928116,25.9,-22.5037966163889));
#3358=CARTESIAN_POINT('',(10.3775006844221,25.9,-24.6310496364478));
#3359=CARTESIAN_POINT('',(10.583,25.9,-22.5));
#3360=CARTESIAN_POINT('',(10.3759036156449,27.1,-24.6399454885281));
#3361=CARTESIAN_POINT('',(10.6861289130298,27.1,-22.4983429886843));
#3362=CARTESIAN_POINT('',(10.3775807322361,27.1,-20.3666825567347));
#3363=CARTESIAN_POINT('',(9.22393412299734,27.1,-17.7535273002394));
#3364=CARTESIAN_POINT('',(6.69156729350526,27.1,-15.1793520657408));
#3365=CARTESIAN_POINT('',(2.80579523509646,27.1,-13.3909926141861));
#3366=CARTESIAN_POINT('',(-1.41790430468973,27.1,-12.8027145067139));
#3367=CARTESIAN_POINT('',(-4.95421026119779,27.1,-13.2989131479072));
#3368=CARTESIAN_POINT('',(-7.5671050644524,27.1,-14.2796659160061));
#3369=CARTESIAN_POINT('',(-10.0380535789999,27.1,-15.6963194185681));
#3370=CARTESIAN_POINT('',(-12.5656148325329,27.1,-18.2608503228097));
#3371=CARTESIAN_POINT('',(-13.8369038308075,27.1,-22.4741053279266));
#3372=CARTESIAN_POINT('',(-12.5885764678359,27.1,-26.7106216026333));
#3373=CARTESIAN_POINT('',(-9.54702157245187,27.1,-29.8030651468341));
#3374=CARTESIAN_POINT('',(-5.66749730514272,27.1,-31.6033207854056));
#3375=CARTESIAN_POINT('',(-1.42612480217213,27.1,-32.1957730674189));
#3376=CARTESIAN_POINT('',(2.78897778764922,27.1,-31.613550857915));
#3377=CARTESIAN_POINT('',(6.68500685735299,27.1,-29.8279911751011));
#3378=CARTESIAN_POINT('',(9.22485153232036,27.1,-27.2432240345465));
#3379=CARTESIAN_POINT('',(10.3759036156449,27.1,-24.6399454885281));
#3380=CARTESIAN_POINT('',(10.6861289130298,27.1,-22.4983429886843));
#3381=CARTESIAN_POINT('',(10.3775807322361,27.1,-20.3666825567347));
#3382=CARTESIAN_POINT('',(10.583,27.1,-22.5));
#3383=CARTESIAN_POINT('',(8.06231871582046,27.1,-19.5551532193875));
#3384=CARTESIAN_POINT('',(8.06231871582046,25.,-19.5551532193875));
#3385=CARTESIAN_POINT('',(8.84334064208977,27.1,-22.5));
#3386=CARTESIAN_POINT('',(8.84334064208977,25.,-22.5));
#3387=CARTESIAN_POINT('',(8.06231871582045,27.1,-25.4448467806125));
#3388=CARTESIAN_POINT('',(8.06231871582045,25.,-25.4448467806125));
#3389=CARTESIAN_POINT('',(5.83815644530562,27.1,-27.9413673339792));
#3390=CARTESIAN_POINT('',(5.83815644530562,25.,-27.9413673339792));
#3391=CARTESIAN_POINT('',(2.50946237414994,27.1,-29.6094890368653));
#3392=CARTESIAN_POINT('',(2.50946237414994,25.,-29.6094890368653));
#3393=CARTESIAN_POINT('',(-1.417,27.1,-30.1952554815673));
#3394=CARTESIAN_POINT('',(-1.417,25.,-30.1952554815673));
#3395=CARTESIAN_POINT('',(-5.34346237414995,27.1,-29.6094890368653));
#3396=CARTESIAN_POINT('',(-5.34346237414995,25.,-29.6094890368653));
#3397=CARTESIAN_POINT('',(-8.67215644530563,27.1,-27.9413673339792));
#3398=CARTESIAN_POINT('',(-8.67215644530563,25.,-27.9413673339792));
#3399=CARTESIAN_POINT('',(-10.8963187158204,27.1,-25.4448467806125));
#3400=CARTESIAN_POINT('',(-10.8963187158204,25.,-25.4448467806125));
#3401=CARTESIAN_POINT('',(-11.6773406420898,27.1,-22.5));
#3402=CARTESIAN_POINT('',(-11.6773406420898,25.,-22.5));
#3403=CARTESIAN_POINT('',(-10.8963187158205,27.1,-19.5551532193876));
#3404=CARTESIAN_POINT('',(-10.8963187158205,25.,-19.5551532193876));
#3405=CARTESIAN_POINT('',(-8.6721564453056,27.1,-17.0586326660208));
#3406=CARTESIAN_POINT('',(-8.6721564453056,25.,-17.0586326660208));
#3407=CARTESIAN_POINT('',(-5.34346237414997,27.1,-15.3905109631347));
#3408=CARTESIAN_POINT('',(-5.34346237414997,25.,-15.3905109631347));
#3409=CARTESIAN_POINT('',(-1.41699999999996,27.1,-14.8047445184327));
#3410=CARTESIAN_POINT('',(-1.41699999999996,25.,-14.8047445184327));
#3411=CARTESIAN_POINT('',(2.50946237414991,27.1,-15.3905109631347));
#3412=CARTESIAN_POINT('',(2.50946237414991,25.,-15.3905109631347));
#3413=CARTESIAN_POINT('',(5.83815644530559,27.1,-17.0586326660208));
#3414=CARTESIAN_POINT('',(5.83815644530559,25.,-17.0586326660208));
#3415=CARTESIAN_POINT('',(8.06231871582046,27.1,-19.5551532193875));
#3416=CARTESIAN_POINT('',(8.06231871582046,25.,-19.5551532193875));
#3417=CARTESIAN_POINT('',(8.84334064208977,27.1,-22.5));
#3418=CARTESIAN_POINT('',(8.84334064208977,25.,-22.5));
#3419=CARTESIAN_POINT('',(8.06231871582045,27.1,-25.4448467806125));
#3420=CARTESIAN_POINT('',(8.06231871582045,25.,-25.4448467806125));
#3421=CARTESIAN_POINT('',(8.39832131310083,27.1,-20.7568733039661));
#3422=CARTESIAN_POINT('',(8.76977626905008,27.1,-23.0860058914005));
#3423=CARTESIAN_POINT('',(7.82540701304518,27.1,-25.9415804575648));
#3424=CARTESIAN_POINT('',(5.2340800793116,27.1,-28.3394708887975));
#3425=CARTESIAN_POINT('',(2.03774664830148,27.1,-29.7028771639842));
#3426=CARTESIAN_POINT('',(-1.41083668518782,27.1,-30.1474513138345));
#3427=CARTESIAN_POINT('',(-4.85096388182415,27.1,-29.7073046779732));
#3428=CARTESIAN_POINT('',(-8.0519856885541,27.1,-28.3520429285741));
#3429=CARTESIAN_POINT('',(-10.209395909326,27.1,-26.3537774721568));
#3430=CARTESIAN_POINT('',(-11.2274518867265,27.1,-24.2562346116556));
#3431=CARTESIAN_POINT('',(-11.6034484138472,27.1,-21.9522021216763));
#3432=CARTESIAN_POINT('',(-10.6855490424992,27.1,-19.0906415985616));
#3433=CARTESIAN_POINT('',(-8.08118230004422,27.1,-16.6666426425638));
#3434=CARTESIAN_POINT('',(-4.8845880357462,27.1,-15.2999878055031));
#3435=CARTESIAN_POINT('',(-1.42208600665123,27.1,-14.8522667778098));
#3436=CARTESIAN_POINT('',(2.00827431300932,27.1,-15.290969620724));
#3437=CARTESIAN_POINT('',(5.22332225801976,27.1,-16.6474771657874));
#3438=CARTESIAN_POINT('',(7.38809068661036,27.1,-18.663654843359));
#3439=CARTESIAN_POINT('',(8.39832131310083,27.1,-20.7568733039661));
#3440=CARTESIAN_POINT('',(8.76977626905008,27.1,-23.0860058914005));
#3441=CARTESIAN_POINT('',(7.82540701304518,27.1,-25.9415804575648));
#3442=CARTESIAN_POINT('',(8.583,27.1,-22.5));
#3443=CARTESIAN_POINT('',(-1.417,25.,-22.5));
#3444=CARTESIAN_POINT('',(8.583,25.,-22.5));
#3445=CARTESIAN_POINT('',(-1.417,28.,-6.93889390390723E-15));
#3446=CARTESIAN_POINT('',(8.69361555188575,28.,-26.3013278977332));
#3447=CARTESIAN_POINT('',(9.67808003440238,28.,-23.1449048661533));
#3448=CARTESIAN_POINT('',(9.28973282769857,28.,-20.5789056613773));
#3449=CARTESIAN_POINT('',(8.22747974338393,28.,-18.2585851219809));
#3450=CARTESIAN_POINT('',(5.88806915217177,28.,-15.9740307137862));
#3451=CARTESIAN_POINT('',(2.3621633901344,28.,-14.4325088135563));
#3452=CARTESIAN_POINT('',(-1.42076187390554,28.,-13.931542611068));
#3453=CARTESIAN_POINT('',(-5.23812737685402,28.,-14.4413397720883));
#3454=CARTESIAN_POINT('',(-8.74584756544143,28.,-15.9946865841365));
#3455=CARTESIAN_POINT('',(-11.5542565045625,28.,-18.7335254181384));
#3456=CARTESIAN_POINT('',(-12.5111820332786,28.,-21.8933273077612));
#3457=CARTESIAN_POINT('',(-12.1198233460499,28.,-24.4332811108521));
#3458=CARTESIAN_POINT('',(-11.0454747226355,28.,-26.7650537727289));
#3459=CARTESIAN_POINT('',(-8.7178203480696,28.,-29.0236653769547));
#3460=CARTESIAN_POINT('',(-5.20409066353498,28.,-30.5663442629232));
#3461=CARTESIAN_POINT('',(-1.41245190360426,28.,-31.0678840135969));
#3462=CARTESIAN_POINT('',(2.3900103767645,28.,-30.5621111784024));
#3463=CARTESIAN_POINT('',(5.89880372658891,28.,-29.0114640874915));
#3464=CARTESIAN_POINT('',(8.69361555188575,28.,-26.3013278977332));
#3465=CARTESIAN_POINT('',(9.67808003440238,28.,-23.1449048661533));
#3466=CARTESIAN_POINT('',(9.28973282769857,28.,-20.5789056613773));
#3467=CARTESIAN_POINT('',(9.483,28.,-22.5));
#3468=CARTESIAN_POINT('',(9.48660896021263,28.,-20.5451493232104));
#3469=CARTESIAN_POINT('',(9.78194437847517,28.,-22.497840014455));
#3470=CARTESIAN_POINT('',(9.4836135258867,28.,-24.4634906189695));
#3471=CARTESIAN_POINT('',(8.40120824918143,28.,-26.8198918398207));
#3472=CARTESIAN_POINT('',(6.02293244830062,28.,-29.1614538191795));
#3473=CARTESIAN_POINT('',(2.44009780238603,28.,-30.7535272230595));
#3474=CARTESIAN_POINT('',(-1.42406683758526,28.,-31.2750434814511));
#3475=CARTESIAN_POINT('',(-5.31081560524198,28.,-30.7462741684882));
#3476=CARTESIAN_POINT('',(-8.88071505170501,28.,-29.1376819113923));
#3477=CARTESIAN_POINT('',(-11.7225680495796,28.,-26.3558908950243));
#3478=CARTESIAN_POINT('',(-12.9188336281304,28.,-22.4759304392871));
#3479=CARTESIAN_POINT('',(-11.7039147151484,28.,-18.6198995753852));
#3480=CARTESIAN_POINT('',(-8.85665233842199,28.,-15.8467991127131));
#3481=CARTESIAN_POINT('',(-5.29592150557447,28.,-14.2513502688447));
#3482=CARTESIAN_POINT('',(-1.42029713648397,28.,-13.7249495829339));
#3483=CARTESIAN_POINT('',(2.45457774520518,28.,-14.2488538634092));
#3484=CARTESIAN_POINT('',(6.02995638799244,28.,-15.8486003559254));
#3485=CARTESIAN_POINT('',(8.3921810339129,28.,-18.1635109259831));
#3486=CARTESIAN_POINT('',(9.48660896021263,28.,-20.5451493232104));
#3487=CARTESIAN_POINT('',(9.78194437847517,28.,-22.497840014455));
#3488=CARTESIAN_POINT('',(9.4836135258867,28.,-24.4634906189695));
#3489=CARTESIAN_POINT('',(9.683,28.,-22.5));
#3490=CARTESIAN_POINT('',(-1.417,25.,-6.93889390390723E-15));
#3491=CARTESIAN_POINT('',(-1.417,25.,-22.5));
#3492=CARTESIAN_POINT('',(-10.417,25.,-22.5));
#3493=CARTESIAN_POINT('',(-12.0657499653132,28.,20.700125265653));
#3494=CARTESIAN_POINT('',(-11.1996710614442,28.,20.9448850096329));
#3495=CARTESIAN_POINT('',(-11.1996710614443,27.1,20.9448850096329));
#3496=CARTESIAN_POINT('',(-12.4072272844116,28.,21.9202605109226));
#3497=CARTESIAN_POINT('',(-11.4982531069587,28.,22.0046020506666));
#3498=CARTESIAN_POINT('',(-11.4982531069587,27.1,22.0046020506666));
#3499=CARTESIAN_POINT('',(-12.3729693471486,28.,24.5683764658579));
#3500=CARTESIAN_POINT('',(-11.4693194260553,28.,24.2700745854911));
#3501=CARTESIAN_POINT('',(-11.4693194260553,27.1,24.270074585491));
#3502=CARTESIAN_POINT('',(-10.1999664860367,28.,27.8710350507205));
#3503=CARTESIAN_POINT('',(-9.56637031915017,28.,27.1960555038227));
#3504=CARTESIAN_POINT('',(-9.56637031915017,27.1,27.1960555038227));
#3505=CARTESIAN_POINT('',(-6.95691500295922,28.,29.9555452665374));
#3506=CARTESIAN_POINT('',(-6.5955034227676,28.,29.1165516565576));
#3507=CARTESIAN_POINT('',(-6.5955034227676,27.1,29.1165516565576));
#3508=CARTESIAN_POINT('',(-3.25804058417947,28.,30.9534292313891));
#3509=CARTESIAN_POINT('',(-3.14395752946728,28.,30.0498798931282));
#3510=CARTESIAN_POINT('',(-3.14395752946728,27.1,30.0498798931282));
#3511=CARTESIAN_POINT('',(0.582755514452251,28.,30.9296028490439));
#3512=CARTESIAN_POINT('',(0.458641664635274,28.,30.0275274794243));
#3513=CARTESIAN_POINT('',(0.45864166463528,27.1,30.0275274794243));
#3514=CARTESIAN_POINT('',(4.24292468064385,28.,29.9035809520226));
#3515=CARTESIAN_POINT('',(3.87276442169603,28.,29.0681245323426));
#3516=CARTESIAN_POINT('',(3.87276442169603,27.1,29.0681245323426));
#3517=CARTESIAN_POINT('',(7.47843660326844,28.,27.7636432285834));
#3518=CARTESIAN_POINT('',(6.83341038499694,28.,27.0985235003706));
#3519=CARTESIAN_POINT('',(6.83341038499694,27.1,27.0985235003706));
#3520=CARTESIAN_POINT('',(9.57832509816105,28.,24.436973426708));
#3521=CARTESIAN_POINT('',(8.66839093181456,28.,24.1568180059885));
#3522=CARTESIAN_POINT('',(8.66839093181456,27.1,24.1568180059885));
#3523=CARTESIAN_POINT('',(9.54983455558082,28.,20.4594096833248));
#3524=CARTESIAN_POINT('',(8.644586405054,28.,20.7539148740113));
#3525=CARTESIAN_POINT('',(8.644586405054,27.1,20.7539148740113));
#3526=CARTESIAN_POINT('',(7.38380507187298,28.,17.1454404489625));
#3527=CARTESIAN_POINT('',(6.74843344672549,28.,17.8189951361684));
#3528=CARTESIAN_POINT('',(6.74843344672549,27.1,17.8189951361684));
#3529=CARTESIAN_POINT('',(4.14141391959207,28.,15.050754055753));
#3530=CARTESIAN_POINT('',(3.77870923294211,28.,15.8893231455096));
#3531=CARTESIAN_POINT('',(3.77870923294211,27.1,15.8893231455096));
#3532=CARTESIAN_POINT('',(0.426790329201589,28.,14.0470207238065));
#3533=CARTESIAN_POINT('',(0.312572400956883,28.,14.9505387134188));
#3534=CARTESIAN_POINT('',(0.312572400956883,27.1,14.9505387134188));
#3535=CARTESIAN_POINT('',(-3.40877020247484,28.,14.0671615310843));
#3536=CARTESIAN_POINT('',(-3.28523685722228,28.,14.9694737101675));
#3537=CARTESIAN_POINT('',(-3.28523685722229,27.1,14.9694737101675));
#3538=CARTESIAN_POINT('',(-7.10573406153837,28.,15.1080840593636));
#3539=CARTESIAN_POINT('',(-6.73349672394988,28.,15.9426780276166));
#3540=CARTESIAN_POINT('',(-6.73349672394988,27.1,15.9426780276166));
#3541=CARTESIAN_POINT('',(-10.3241054325585,28.,17.2475649942401));
#3542=CARTESIAN_POINT('',(-9.67782715296839,28.,17.9117723392893));
#3543=CARTESIAN_POINT('',(-9.67782715296839,27.1,17.9117723392893));
#3544=CARTESIAN_POINT('',(-11.7242726462149,28.,19.4799900203834));
#3545=CARTESIAN_POINT('',(-10.9010890159298,28.,19.8851679685993));
#3546=CARTESIAN_POINT('',(-10.9010890159298,27.1,19.8851679685993));
#3547=CARTESIAN_POINT('',(-12.0657499653132,28.,20.700125265653));
#3548=CARTESIAN_POINT('',(-11.1996710614442,28.,20.9448850096329));
#3549=CARTESIAN_POINT('',(-11.1996710614443,27.1,20.9448850096329));
#3550=CARTESIAN_POINT('',(-13.2717731920491,25.9,21.0264889365353));
#3551=CARTESIAN_POINT('',(-13.2717731920491,25.,21.0264889365353));
#3552=CARTESIAN_POINT('',(-14.1545791763107,25.,20.8514072580195));
#3553=CARTESIAN_POINT('',(-13.5364643387381,25.9,22.3671662358159));
#3554=CARTESIAN_POINT('',(-13.5364643387381,25.,22.3671662358159));
#3555=CARTESIAN_POINT('',(-14.4489609563831,25.,22.3479738422503));
#3556=CARTESIAN_POINT('',(-13.3185416591255,25.9,25.1822953753384));
#3557=CARTESIAN_POINT('',(-13.3185416591255,25.,25.1822953753384));
#3558=CARTESIAN_POINT('',(-14.2020575461179,25.,25.5128906118287));
#3559=CARTESIAN_POINT('',(-10.8963169962106,25.9,28.7351505552313));
#3560=CARTESIAN_POINT('',(-10.8963169962106,25.,28.7351505552313));
#3561=CARTESIAN_POINT('',(-11.5240366582278,25.,29.4136258428693));
#3562=CARTESIAN_POINT('',(-7.22867327206309,25.9,31.0628458067233));
#3563=CARTESIAN_POINT('',(-7.22867327206309,25.,31.0628458067233));
#3564=CARTESIAN_POINT('',(-7.58106454368019,25.,31.9069990720502));
#3565=CARTESIAN_POINT('',(-2.99809346652538,25.9,32.1267956847119));
#3566=CARTESIAN_POINT('',(-2.99809346652537,25.,32.1267956847119));
#3567=CARTESIAN_POINT('',(-3.09001065579341,25.,33.034216691754));
#3568=CARTESIAN_POINT('',(0.655259157264625,25.9,31.9786787547999));
#3569=CARTESIAN_POINT('',(0.655259157264624,25.,31.9786787547999));
#3570=CARTESIAN_POINT('',(0.776739744085368,25.,32.8778098371932));
#3571=CARTESIAN_POINT('',(3.41132889202929,25.9,31.2560116818769));
#3572=CARTESIAN_POINT('',(3.41132889202929,25.,31.2560116818769));
#3573=CARTESIAN_POINT('',(3.70528545012304,25.,32.1104706732917));
#3574=CARTESIAN_POINT('',(5.40040617347721,25.9,30.3874572355353));
#3575=CARTESIAN_POINT('',(5.4004061734772,25.,30.3874572355353));
#3576=CARTESIAN_POINT('',(5.82944297772162,25.,31.183520816145));
#3577=CARTESIAN_POINT('',(7.1732165565244,25.9,29.2199111231656));
#3578=CARTESIAN_POINT('',(7.1732165565244,25.,29.2199111231655));
#3579=CARTESIAN_POINT('',(7.73726293331305,25.,29.9281706337211));
#3580=CARTESIAN_POINT('',(8.70138121410627,25.9,27.7308984696796));
#3581=CARTESIAN_POINT('',(8.70138121410626,25.,27.7308984696796));
#3582=CARTESIAN_POINT('',(9.39919613405504,25.,28.3107229677621));
#3583=CARTESIAN_POINT('',(9.84882120835902,25.9,25.9675231675593));
#3584=CARTESIAN_POINT('',(9.84882120835902,25.,25.9675231675593));
#3585=CARTESIAN_POINT('',(10.663410500935,25.,26.3709965268286));
#3586=CARTESIAN_POINT('',(10.5232391766779,25.9,24.0226448378978));
#3587=CARTESIAN_POINT('',(10.5232391766778,25.,24.0226448378978));
#3588=CARTESIAN_POINT('',(11.4157385991639,25.,24.2059806592946));
#3589=CARTESIAN_POINT('',(10.6557861312449,25.9,21.9283426423513));
#3590=CARTESIAN_POINT('',(10.6557861312448,25.,21.9283426423513));
#3591=CARTESIAN_POINT('',(11.5646303642503,25.,21.8590399161396));
#3592=CARTESIAN_POINT('',(10.2282083871879,25.9,19.9281160257029));
#3593=CARTESIAN_POINT('',(10.2282083871879,25.,19.9281160257029));
#3594=CARTESIAN_POINT('',(11.0855866667962,25.,19.6232022856744));
#3595=CARTESIAN_POINT('',(9.28342567468386,25.9,18.0487530389713));
#3596=CARTESIAN_POINT('',(9.28342567468385,25.,18.0487530389713));
#3597=CARTESIAN_POINT('',(10.0383456894263,25.,17.543685733512));
#3598=CARTESIAN_POINT('',(7.45915801685887,25.9,15.8868996811814));
#3599=CARTESIAN_POINT('',(7.45915801685887,25.,15.8868996811814));
#3600=CARTESIAN_POINT('',(8.04262651630845,25.,15.1823716506362));
#3601=CARTESIAN_POINT('',(4.40630911672722,25.9,13.9396752607987));
#3602=CARTESIAN_POINT('',(4.40630911672722,25.,13.9396752607987));
#3603=CARTESIAN_POINT('',(4.75913122767046,25.,13.0954017363107));
#3604=CARTESIAN_POINT('',(0.163547209023725,25.9,12.8745630813117));
#3605=CARTESIAN_POINT('',(0.163547209023725,25.,12.8745630813117));
#3606=CARTESIAN_POINT('',(0.25548527906239,25.,11.9672825188285));
#3607=CARTESIAN_POINT('',(-4.2041840287308,25.9,13.0455997700972));
#3608=CARTESIAN_POINT('',(-4.2041840287308,25.,13.0455997700972));
#3609=CARTESIAN_POINT('',(-4.36734826840459,25.,12.1478416719234));
#3610=CARTESIAN_POINT('',(-8.33032846755067,25.9,14.4565246776647));
#3611=CARTESIAN_POINT('',(-8.33032846755067,25.,14.4565246776647));
#3612=CARTESIAN_POINT('',(-8.75791248031629,25.,13.6460470572938));
#3613=CARTESIAN_POINT('',(-11.7303947789913,25.9,17.1382315796551));
#3614=CARTESIAN_POINT('',(-11.7303947789913,25.,17.1382315796551));
#3615=CARTESIAN_POINT('',(-12.4357668656831,25.,16.5334911064441));
#3616=CARTESIAN_POINT('',(-13.00708204536,25.9,19.6858116372548));
#3617=CARTESIAN_POINT('',(-13.00708204536,25.,19.6858116372548));
#3618=CARTESIAN_POINT('',(-13.8601973962382,25.,19.3548406737887));
#3619=CARTESIAN_POINT('',(-13.2717731920491,25.9,21.0264889365353));
#3620=CARTESIAN_POINT('',(-13.2717731920491,25.,21.0264889365353));
#3621=CARTESIAN_POINT('',(-14.1545791763107,25.,20.8514072580195));
#3622=CARTESIAN_POINT('',(-12.3718752854281,28.,23.8818654603548));
#3623=CARTESIAN_POINT('',(-13.2524170476559,28.,24.0680003710319));
#3624=CARTESIAN_POINT('',(-13.2524170476559,27.1,24.0680003710319));
#3625=CARTESIAN_POINT('',(-12.5064808125298,28.,23.250201093302));
#3626=CARTESIAN_POINT('',(-13.404587414285,28.,23.3532655209137));
#3627=CARTESIAN_POINT('',(-13.404587414285,27.1,23.3532655209138));
#3628=CARTESIAN_POINT('',(-12.5899240342666,28.,21.9462132676288));
#3629=CARTESIAN_POINT('',(-13.5002102288587,28.,21.8694414239866));
#3630=CARTESIAN_POINT('',(-13.5002102288587,27.1,21.8694414239866));
#3631=CARTESIAN_POINT('',(-11.9919851488399,28.,19.3866545694385));
#3632=CARTESIAN_POINT('',(-12.8197315018625,28.,18.9695986268908));
#3633=CARTESIAN_POINT('',(-12.8197315018625,27.1,18.9695986268908));
#3634=CARTESIAN_POINT('',(-10.0000062209726,28.,16.7003406136681));
#3635=CARTESIAN_POINT('',(-10.6025309389901,28.,16.0006142902115));
#3636=CARTESIAN_POINT('',(-10.6025309389901,27.1,16.0006142902115));
#3637=CARTESIAN_POINT('',(-6.62027171731722,28.,14.6955337932933));
#3638=CARTESIAN_POINT('',(-6.95532201521705,28.,13.8461567375339));
#3639=CARTESIAN_POINT('',(-6.95532201521705,27.1,13.8461567375339));
#3640=CARTESIAN_POINT('',(-2.81961817093665,28.,13.7912516164317));
#3641=CARTESIAN_POINT('',(-2.90639954347313,28.,12.8843778315956));
#3642=CARTESIAN_POINT('',(-2.90639954347313,27.1,12.8843778315956));
#3643=CARTESIAN_POINT('',(1.09384583999559,28.,13.9439452526447));
#3644=CARTESIAN_POINT('',(1.25034798955986,28.,13.0464647215306));
#3645=CARTESIAN_POINT('',(1.25034798955986,27.1,13.0464647215306));
#3646=CARTESIAN_POINT('',(4.78474174847718,28.,15.1367884583501));
#3647=CARTESIAN_POINT('',(5.19148311828969,28.,14.3170870793649));
#3648=CARTESIAN_POINT('',(5.19148311828969,27.1,14.3170870793649));
#3649=CARTESIAN_POINT('',(7.44739074413828,28.,17.0991524187438));
#3650=CARTESIAN_POINT('',(8.08456120088974,28.,16.4397131572473));
#3651=CARTESIAN_POINT('',(8.08456120088974,27.1,16.4397131572473));
#3652=CARTESIAN_POINT('',(8.94262495286578,28.,19.2369773936797));
#3653=CARTESIAN_POINT('',(9.74576733307927,28.,18.8093065597918));
#3654=CARTESIAN_POINT('',(9.74576733307927,27.1,18.8093065597918));
#3655=CARTESIAN_POINT('',(9.62599447045062,28.,21.0803373779515));
#3656=CARTESIAN_POINT('',(10.5176489840792,28.,20.8857295983719));
#3657=CARTESIAN_POINT('',(10.5176489840792,27.1,20.8857295983719));
#3658=CARTESIAN_POINT('',(9.7574718362155,28.,23.0415715192122));
#3659=CARTESIAN_POINT('',(10.6678975990176,28.,23.1164645077811));
#3660=CARTESIAN_POINT('',(10.6678975990176,27.1,23.1164645077811));
#3661=CARTESIAN_POINT('',(9.16439138467579,28.,25.5980716469865));
#3662=CARTESIAN_POINT('',(9.99302433776822,28.,26.0133518658738));
#3663=CARTESIAN_POINT('',(9.99302433776822,27.1,26.0133518658738));
#3664=CARTESIAN_POINT('',(7.18211326958023,28.,28.2851619748228));
#3665=CARTESIAN_POINT('',(7.78615932828942,28.,28.9836061267694));
#3666=CARTESIAN_POINT('',(7.78615932828942,27.1,28.9836061267694));
#3667=CARTESIAN_POINT('',(3.80546892714074,28.,30.2982195565026));
#3668=CARTESIAN_POINT('',(4.1418336228334,28.,31.1472207798321));
#3669=CARTESIAN_POINT('',(4.1418336228334,27.1,31.1472207798321));
#3670=CARTESIAN_POINT('',(-0.00828502902246022,28.,31.2080021272721));
#3671=CARTESIAN_POINT('',(0.0788319193357062,28.,32.1147701024092));
#3672=CARTESIAN_POINT('',(0.0788319193357053,27.1,32.1147701024092));
#3673=CARTESIAN_POINT('',(-3.91951733949886,28.,31.0601926183213));
#3674=CARTESIAN_POINT('',(-4.07536955882452,28.,31.958147766993));
#3675=CARTESIAN_POINT('',(-4.07536955882452,27.1,31.958147766993));
#3676=CARTESIAN_POINT('',(-7.6415917384419,28.,29.8503512636962));
#3677=CARTESIAN_POINT('',(-8.05019241337643,28.,30.668451321875));
#3678=CARTESIAN_POINT('',(-8.05019241337643,27.1,30.668451321875));
#3679=CARTESIAN_POINT('',(-10.8211707929516,28.,27.5092152963999));
#3680=CARTESIAN_POINT('',(-11.5045231731425,28.,28.1389918849773));
#3681=CARTESIAN_POINT('',(-11.5045231731425,27.1,28.1389918849773));
#3682=CARTESIAN_POINT('',(-12.1026642312247,28.,25.1451941944602));
#3683=CARTESIAN_POINT('',(-12.9480763143976,28.,25.4974700712682));
#3684=CARTESIAN_POINT('',(-12.9480763143976,27.1,25.4974700712682));
#3685=CARTESIAN_POINT('',(-12.3718752854281,28.,23.8818654603548));
#3686=CARTESIAN_POINT('',(-13.2524170476559,28.,24.0680003710319));
#3687=CARTESIAN_POINT('',(-13.2524170476559,27.1,24.0680003710319));
#3688=CARTESIAN_POINT('',(9.23174996531322,28.,-20.700125265653));
#3689=CARTESIAN_POINT('',(8.36567106144425,28.,-20.9448850096329));
#3690=CARTESIAN_POINT('',(8.36567106144425,27.1,-20.9448850096329));
#3691=CARTESIAN_POINT('',(9.57322728441156,28.,-21.9202605109226));
#3692=CARTESIAN_POINT('',(8.66425310695873,28.,-22.0046020506666));
#3693=CARTESIAN_POINT('',(8.66425310695872,27.1,-22.0046020506666));
#3694=CARTESIAN_POINT('',(9.53896934714856,28.,-24.5683764658579));
#3695=CARTESIAN_POINT('',(8.63531942605525,28.,-24.270074585491));
#3696=CARTESIAN_POINT('',(8.63531942605525,27.1,-24.2700745854911));
#3697=CARTESIAN_POINT('',(7.36596648603673,28.,-27.8710350507205));
#3698=CARTESIAN_POINT('',(6.73237031915016,28.,-27.1960555038227));
#3699=CARTESIAN_POINT('',(6.73237031915017,27.1,-27.1960555038227));
#3700=CARTESIAN_POINT('',(4.12291500295924,28.,-29.9555452665374));
#3701=CARTESIAN_POINT('',(3.76150342276762,28.,-29.1165516565576));
#3702=CARTESIAN_POINT('',(3.76150342276761,27.1,-29.1165516565576));
#3703=CARTESIAN_POINT('',(0.424040584179461,28.,-30.9534292313891));
#3704=CARTESIAN_POINT('',(0.309957529467274,28.,-30.0498798931282));
#3705=CARTESIAN_POINT('',(0.309957529467278,27.1,-30.0498798931282));
#3706=CARTESIAN_POINT('',(-3.41675551445226,28.,-30.9296028490439));
#3707=CARTESIAN_POINT('',(-3.29264166463528,28.,-30.0275274794243));
#3708=CARTESIAN_POINT('',(-3.29264166463529,27.1,-30.0275274794243));
#3709=CARTESIAN_POINT('',(-7.07692468064381,28.,-29.9035809520227));
#3710=CARTESIAN_POINT('',(-6.70676442169599,28.,-29.0681245323426));
#3711=CARTESIAN_POINT('',(-6.70676442169599,27.1,-29.0681245323426));
#3712=CARTESIAN_POINT('',(-10.3124366032685,28.,-27.7636432285834));
#3713=CARTESIAN_POINT('',(-9.66741038499695,28.,-27.0985235003706));
#3714=CARTESIAN_POINT('',(-9.66741038499695,27.1,-27.0985235003706));
#3715=CARTESIAN_POINT('',(-12.412325098161,28.,-24.436973426708));
#3716=CARTESIAN_POINT('',(-11.5023909318146,28.,-24.1568180059885));
#3717=CARTESIAN_POINT('',(-11.5023909318146,27.1,-24.1568180059885));
#3718=CARTESIAN_POINT('',(-12.3838345555808,28.,-20.4594096833248));
#3719=CARTESIAN_POINT('',(-11.478586405054,28.,-20.7539148740113));
#3720=CARTESIAN_POINT('',(-11.478586405054,27.1,-20.7539148740113));
#3721=CARTESIAN_POINT('',(-10.217805071873,28.,-17.1454404489625));
#3722=CARTESIAN_POINT('',(-9.58243344672549,28.,-17.8189951361684));
#3723=CARTESIAN_POINT('',(-9.58243344672549,27.1,-17.8189951361684));
#3724=CARTESIAN_POINT('',(-6.97541391959205,28.,-15.050754055753));
#3725=CARTESIAN_POINT('',(-6.61270923294209,28.,-15.8893231455096));
#3726=CARTESIAN_POINT('',(-6.61270923294209,27.1,-15.8893231455096));
#3727=CARTESIAN_POINT('',(-3.26079032920166,28.,-14.0470207238065));
#3728=CARTESIAN_POINT('',(-3.14657240095695,28.,-14.9505387134188));
#3729=CARTESIAN_POINT('',(-3.14657240095695,27.1,-14.9505387134188));
#3730=CARTESIAN_POINT('',(0.57477020247487,28.,-14.0671615310843));
#3731=CARTESIAN_POINT('',(0.451236857222313,28.,-14.9694737101675));
#3732=CARTESIAN_POINT('',(0.451236857222312,27.1,-14.9694737101675));
#3733=CARTESIAN_POINT('',(4.27173406153837,28.,-15.1080840593636));
#3734=CARTESIAN_POINT('',(3.89949672394988,28.,-15.9426780276166));
#3735=CARTESIAN_POINT('',(3.89949672394988,27.1,-15.9426780276166));
#3736=CARTESIAN_POINT('',(7.4901054325585,28.,-17.2475649942401));
#3737=CARTESIAN_POINT('',(6.8438271529684,28.,-17.9117723392893));
#3738=CARTESIAN_POINT('',(6.8438271529684,27.1,-17.9117723392893));
#3739=CARTESIAN_POINT('',(8.89027264621488,28.,-19.4799900203834));
#3740=CARTESIAN_POINT('',(8.06708901592977,28.,-19.8851679685993));
#3741=CARTESIAN_POINT('',(8.06708901592978,27.1,-19.8851679685993));
#3742=CARTESIAN_POINT('',(9.23174996531322,28.,-20.700125265653));
#3743=CARTESIAN_POINT('',(8.36567106144425,28.,-20.9448850096329));
#3744=CARTESIAN_POINT('',(8.36567106144425,27.1,-20.9448850096329));
#3745=CARTESIAN_POINT('',(10.4377731920491,25.9,-21.0264889365353));
#3746=CARTESIAN_POINT('',(10.4377731920491,25.,-21.0264889365353));
#3747=CARTESIAN_POINT('',(11.3205791763107,25.,-20.8514072580195));
#3748=CARTESIAN_POINT('',(10.7024643387381,25.9,-22.3671662358159));
#3749=CARTESIAN_POINT('',(10.7024643387381,25.,-22.3671662358159));
#3750=CARTESIAN_POINT('',(11.6149609563831,25.,-22.3479738422503));
#3751=CARTESIAN_POINT('',(10.4845416591255,25.9,-25.1822953753384));
#3752=CARTESIAN_POINT('',(10.4845416591255,25.,-25.1822953753384));
#3753=CARTESIAN_POINT('',(11.3680575461179,25.,-25.5128906118287));
#3754=CARTESIAN_POINT('',(8.06231699621057,25.9,-28.7351505552313));
#3755=CARTESIAN_POINT('',(8.06231699621057,25.,-28.7351505552313));
#3756=CARTESIAN_POINT('',(8.6900366582278,25.,-29.4136258428694));
#3757=CARTESIAN_POINT('',(4.39467327206308,25.9,-31.0628458067233));
#3758=CARTESIAN_POINT('',(4.39467327206308,25.,-31.0628458067233));
#3759=CARTESIAN_POINT('',(4.74706454368018,25.,-31.9069990720502));
#3760=CARTESIAN_POINT('',(0.164093466525373,25.9,-32.1267956847119));
#3761=CARTESIAN_POINT('',(0.164093466525372,25.,-32.1267956847119));
#3762=CARTESIAN_POINT('',(0.256010655793412,25.,-33.034216691754));
#3763=CARTESIAN_POINT('',(-3.48925915726462,25.9,-31.9786787547999));
#3764=CARTESIAN_POINT('',(-3.48925915726462,25.,-31.9786787547999));
#3765=CARTESIAN_POINT('',(-3.61073974408536,25.,-32.8778098371932));
#3766=CARTESIAN_POINT('',(-6.24532889202929,25.9,-31.2560116818769));
#3767=CARTESIAN_POINT('',(-6.24532889202929,25.,-31.2560116818769));
#3768=CARTESIAN_POINT('',(-6.53928545012305,25.,-32.1104706732917));
#3769=CARTESIAN_POINT('',(-8.23440617347721,25.9,-30.3874572355353));
#3770=CARTESIAN_POINT('',(-8.2344061734772,25.,-30.3874572355353));
#3771=CARTESIAN_POINT('',(-8.66344297772162,25.,-31.183520816145));
#3772=CARTESIAN_POINT('',(-10.0072165565244,25.9,-29.2199111231656));
#3773=CARTESIAN_POINT('',(-10.0072165565244,25.,-29.2199111231655));
#3774=CARTESIAN_POINT('',(-10.5712629333131,25.,-29.9281706337211));
#3775=CARTESIAN_POINT('',(-11.5353812141063,25.9,-27.7308984696796));
#3776=CARTESIAN_POINT('',(-11.5353812141063,25.,-27.7308984696796));
#3777=CARTESIAN_POINT('',(-12.233196134055,25.,-28.3107229677621));
#3778=CARTESIAN_POINT('',(-12.682821208359,25.9,-25.9675231675593));
#3779=CARTESIAN_POINT('',(-12.682821208359,25.,-25.9675231675593));
#3780=CARTESIAN_POINT('',(-13.497410500935,25.,-26.3709965268286));
#3781=CARTESIAN_POINT('',(-13.3572391766779,25.9,-24.0226448378978));
#3782=CARTESIAN_POINT('',(-13.3572391766779,25.,-24.0226448378978));
#3783=CARTESIAN_POINT('',(-14.2497385991639,25.,-24.2059806592946));
#3784=CARTESIAN_POINT('',(-13.4897861312449,25.9,-21.9283426423513));
#3785=CARTESIAN_POINT('',(-13.4897861312448,25.,-21.9283426423513));
#3786=CARTESIAN_POINT('',(-14.3986303642503,25.,-21.8590399161396));
#3787=CARTESIAN_POINT('',(-13.0622083871879,25.9,-19.9281160257029));
#3788=CARTESIAN_POINT('',(-13.0622083871879,25.,-19.9281160257029));
#3789=CARTESIAN_POINT('',(-13.9195866667962,25.,-19.6232022856744));
#3790=CARTESIAN_POINT('',(-12.1174256746839,25.9,-18.0487530389713));
#3791=CARTESIAN_POINT('',(-12.1174256746839,25.,-18.0487530389713));
#3792=CARTESIAN_POINT('',(-12.8723456894263,25.,-17.543685733512));
#3793=CARTESIAN_POINT('',(-10.2931580168589,25.9,-15.8868996811814));
#3794=CARTESIAN_POINT('',(-10.2931580168589,25.,-15.8868996811814));
#3795=CARTESIAN_POINT('',(-10.8766265163085,25.,-15.1823716506362));
#3796=CARTESIAN_POINT('',(-7.24030911672722,25.9,-13.9396752607987));
#3797=CARTESIAN_POINT('',(-7.24030911672722,25.,-13.9396752607987));
#3798=CARTESIAN_POINT('',(-7.59313122767046,25.,-13.0954017363107));
#3799=CARTESIAN_POINT('',(-2.99754720902373,25.9,-12.8745630813117));
#3800=CARTESIAN_POINT('',(-2.99754720902373,25.,-12.8745630813117));
#3801=CARTESIAN_POINT('',(-3.0894852790624,25.,-11.9672825188284));
#3802=CARTESIAN_POINT('',(1.37018402873081,25.9,-13.0455997700972));
#3803=CARTESIAN_POINT('',(1.37018402873081,25.,-13.0455997700972));
#3804=CARTESIAN_POINT('',(1.53334826840459,25.,-12.1478416719234));
#3805=CARTESIAN_POINT('',(5.49632846755066,25.9,-14.4565246776647));
#3806=CARTESIAN_POINT('',(5.49632846755066,25.,-14.4565246776647));
#3807=CARTESIAN_POINT('',(5.92391248031628,25.,-13.6460470572938));
#3808=CARTESIAN_POINT('',(8.89639477899131,25.9,-17.1382315796551));
#3809=CARTESIAN_POINT('',(8.8963947789913,25.,-17.1382315796551));
#3810=CARTESIAN_POINT('',(9.60176686568311,25.,-16.5334911064441));
#3811=CARTESIAN_POINT('',(10.17308204536,25.9,-19.6858116372548));
#3812=CARTESIAN_POINT('',(10.17308204536,25.,-19.6858116372548));
#3813=CARTESIAN_POINT('',(11.0261973962382,25.,-19.3548406737887));
#3814=CARTESIAN_POINT('',(10.4377731920491,25.9,-21.0264889365353));
#3815=CARTESIAN_POINT('',(10.4377731920491,25.,-21.0264889365353));
#3816=CARTESIAN_POINT('',(11.3205791763107,25.,-20.8514072580195));
#3817=CARTESIAN_POINT('',(9.5378752854281,28.,-23.8818654603548));
#3818=CARTESIAN_POINT('',(10.4184170476559,28.,-24.0680003710319));
#3819=CARTESIAN_POINT('',(10.4184170476559,27.1,-24.0680003710319));
#3820=CARTESIAN_POINT('',(9.6724808125298,28.,-23.250201093302));
#3821=CARTESIAN_POINT('',(10.570587414285,28.,-23.3532655209137));
#3822=CARTESIAN_POINT('',(10.570587414285,27.1,-23.3532655209138));
#3823=CARTESIAN_POINT('',(9.7559240342666,28.,-21.9462132676288));
#3824=CARTESIAN_POINT('',(10.6662102288587,28.,-21.8694414239866));
#3825=CARTESIAN_POINT('',(10.6662102288587,27.1,-21.8694414239866));
#3826=CARTESIAN_POINT('',(9.15798514883992,28.,-19.3866545694385));
#3827=CARTESIAN_POINT('',(9.98573150186248,28.,-18.9695986268909));
#3828=CARTESIAN_POINT('',(9.98573150186248,27.1,-18.9695986268909));
#3829=CARTESIAN_POINT('',(7.16600622097264,28.,-16.7003406136681));
#3830=CARTESIAN_POINT('',(7.76853093899008,28.,-16.0006142902115));
#3831=CARTESIAN_POINT('',(7.76853093899009,27.1,-16.0006142902115));
#3832=CARTESIAN_POINT('',(3.78627171731722,28.,-14.6955337932933));
#3833=CARTESIAN_POINT('',(4.12132201521705,28.,-13.846156737534));
#3834=CARTESIAN_POINT('',(4.12132201521705,27.1,-13.8461567375339));
#3835=CARTESIAN_POINT('',(-0.0143818290633538,28.,-13.7912516164317));
#3836=CARTESIAN_POINT('',(0.0723995434731294,28.,-12.8843778315956));
#3837=CARTESIAN_POINT('',(0.072399543473129,27.1,-12.8843778315956));
#3838=CARTESIAN_POINT('',(-3.92784583999558,28.,-13.9439452526447));
#3839=CARTESIAN_POINT('',(-4.08434798955984,28.,-13.0464647215305));
#3840=CARTESIAN_POINT('',(-4.08434798955984,27.1,-13.0464647215305));
#3841=CARTESIAN_POINT('',(-7.61874174847719,28.,-15.1367884583501));
#3842=CARTESIAN_POINT('',(-8.02548311828969,28.,-14.3170870793649));
#3843=CARTESIAN_POINT('',(-8.0254831182897,27.1,-14.3170870793649));
#3844=CARTESIAN_POINT('',(-10.2813907441383,28.,-17.0991524187438));
#3845=CARTESIAN_POINT('',(-10.9185612008897,28.,-16.4397131572473));
#3846=CARTESIAN_POINT('',(-10.9185612008897,27.1,-16.4397131572473));
#3847=CARTESIAN_POINT('',(-11.7766249528658,28.,-19.2369773936797));
#3848=CARTESIAN_POINT('',(-12.5797673330793,28.,-18.8093065597918));
#3849=CARTESIAN_POINT('',(-12.5797673330793,27.1,-18.8093065597918));
#3850=CARTESIAN_POINT('',(-12.4599944704506,28.,-21.0803373779515));
#3851=CARTESIAN_POINT('',(-13.3516489840792,28.,-20.8857295983719));
#3852=CARTESIAN_POINT('',(-13.3516489840792,27.1,-20.8857295983719));
#3853=CARTESIAN_POINT('',(-12.5914718362155,28.,-23.0415715192122));
#3854=CARTESIAN_POINT('',(-13.5018975990176,28.,-23.1164645077811));
#3855=CARTESIAN_POINT('',(-13.5018975990176,27.1,-23.1164645077811));
#3856=CARTESIAN_POINT('',(-11.9983913846758,28.,-25.5980716469865));
#3857=CARTESIAN_POINT('',(-12.8270243377682,28.,-26.0133518658738));
#3858=CARTESIAN_POINT('',(-12.8270243377682,27.1,-26.0133518658738));
#3859=CARTESIAN_POINT('',(-10.0161132695802,28.,-28.2851619748227));
#3860=CARTESIAN_POINT('',(-10.6201593282894,28.,-28.9836061267694));
#3861=CARTESIAN_POINT('',(-10.6201593282894,27.1,-28.9836061267694));
#3862=CARTESIAN_POINT('',(-6.63946892714076,28.,-30.2982195565026));
#3863=CARTESIAN_POINT('',(-6.97583362283342,28.,-31.1472207798321));
#3864=CARTESIAN_POINT('',(-6.97583362283342,27.1,-31.1472207798321));
#3865=CARTESIAN_POINT('',(-2.82571497097753,28.,-31.2080021272721));
#3866=CARTESIAN_POINT('',(-2.9128319193357,28.,-32.1147701024092));
#3867=CARTESIAN_POINT('',(-2.9128319193357,27.1,-32.1147701024092));
#3868=CARTESIAN_POINT('',(1.08551733949885,28.,-31.0601926183213));
#3869=CARTESIAN_POINT('',(1.24136955882451,28.,-31.9581477669931));
#3870=CARTESIAN_POINT('',(1.24136955882451,27.1,-31.958147766993));
#3871=CARTESIAN_POINT('',(4.80759173844189,28.,-29.8503512636962));
#3872=CARTESIAN_POINT('',(5.21619241337643,28.,-30.668451321875));
#3873=CARTESIAN_POINT('',(5.21619241337643,27.1,-30.668451321875));
#3874=CARTESIAN_POINT('',(7.98717079295156,28.,-27.5092152963999));
#3875=CARTESIAN_POINT('',(8.67052317314252,28.,-28.1389918849773));
#3876=CARTESIAN_POINT('',(8.67052317314252,27.1,-28.1389918849773));
#3877=CARTESIAN_POINT('',(9.26866423122471,28.,-25.1451941944602));
#3878=CARTESIAN_POINT('',(10.1140763143976,28.,-25.4974700712682));
#3879=CARTESIAN_POINT('',(10.1140763143976,27.1,-25.4974700712682));
#3880=CARTESIAN_POINT('',(9.5378752854281,28.,-23.8818654603548));
#3881=CARTESIAN_POINT('',(10.4184170476559,28.,-24.0680003710319));
#3882=CARTESIAN_POINT('',(10.4184170476559,27.1,-24.0680003710319));
#3883=CARTESIAN_POINT('',(-8.46950462402098,21.,-27.593475561793));
#3884=CARTESIAN_POINT('',(-8.46950462402098,25.,-27.593475561793));
#3885=CARTESIAN_POINT('',(-11.3907476879895,21.,-22.5));
#3886=CARTESIAN_POINT('',(-11.3907476879895,25.,-22.5));
#3887=CARTESIAN_POINT('',(-8.46950462402102,21.,-17.4065244382071));
#3888=CARTESIAN_POINT('',(-8.46950462402102,25.,-17.4065244382071));
#3889=CARTESIAN_POINT('',(-1.417,21.,-15.2967377808965));
#3890=CARTESIAN_POINT('',(-1.417,25.,-15.2967377808965));
#3891=CARTESIAN_POINT('',(5.63550462402103,21.,-17.406524438207));
#3892=CARTESIAN_POINT('',(5.63550462402103,25.,-17.406524438207));
#3893=CARTESIAN_POINT('',(8.55674768798949,21.,-22.5));
#3894=CARTESIAN_POINT('',(8.55674768798949,25.,-22.5));
#3895=CARTESIAN_POINT('',(5.63550462402102,21.,-27.593475561793));
#3896=CARTESIAN_POINT('',(5.63550462402102,25.,-27.593475561793));
#3897=CARTESIAN_POINT('',(-1.41700000000003,21.,-29.7032622191035));
#3898=CARTESIAN_POINT('',(-1.41700000000003,25.,-29.7032622191035));
#3899=CARTESIAN_POINT('',(-8.46950462402098,21.,-27.593475561793));
#3900=CARTESIAN_POINT('',(-8.46950462402098,25.,-27.593475561793));
#3901=CARTESIAN_POINT('',(-11.3907476879895,21.,-22.5));
#3902=CARTESIAN_POINT('',(-11.3907476879895,25.,-22.5));
#3903=CARTESIAN_POINT('',(-8.46950462402102,21.,-17.4065244382071));
#3904=CARTESIAN_POINT('',(-8.46950462402102,25.,-17.4065244382071));
#3905=CARTESIAN_POINT('',(-8.46950462402098,21.,17.406524438207));
#3906=CARTESIAN_POINT('',(-8.46950462402098,25.,17.406524438207));
#3907=CARTESIAN_POINT('',(-11.3907476879895,21.,22.5));
#3908=CARTESIAN_POINT('',(-11.3907476879895,25.,22.5));
#3909=CARTESIAN_POINT('',(-8.46950462402102,21.,27.593475561793));
#3910=CARTESIAN_POINT('',(-8.46950462402102,25.,27.593475561793));
#3911=CARTESIAN_POINT('',(-1.417,21.,29.7032622191035));
#3912=CARTESIAN_POINT('',(-1.417,25.,29.7032622191035));
#3913=CARTESIAN_POINT('',(5.63550462402103,21.,27.593475561793));
#3914=CARTESIAN_POINT('',(5.63550462402103,25.,27.593475561793));
#3915=CARTESIAN_POINT('',(8.55674768798949,21.,22.5));
#3916=CARTESIAN_POINT('',(8.55674768798949,25.,22.5));
#3917=CARTESIAN_POINT('',(5.63550462402102,21.,17.406524438207));
#3918=CARTESIAN_POINT('',(5.63550462402102,25.,17.406524438207));
#3919=CARTESIAN_POINT('',(-1.41700000000003,21.,15.2967377808965));
#3920=CARTESIAN_POINT('',(-1.41700000000003,25.,15.2967377808965));
#3921=CARTESIAN_POINT('',(-8.46950462402098,21.,17.406524438207));
#3922=CARTESIAN_POINT('',(-8.46950462402098,25.,17.406524438207));
#3923=CARTESIAN_POINT('',(-11.3907476879895,21.,22.5));
#3924=CARTESIAN_POINT('',(-11.3907476879895,25.,22.5));
#3925=CARTESIAN_POINT('',(-8.46950462402102,21.,27.593475561793));
#3926=CARTESIAN_POINT('',(-8.46950462402102,25.,27.593475561793));
#3927=CARTESIAN_POINT('',(-28.917,22.,-30.9375));
#3928=CARTESIAN_POINT('',(-36.417,22.,-30.9375));
#3929=CARTESIAN_POINT('',(-36.417,22.,-30.9375));
#3930=CARTESIAN_POINT('',(-28.917,22.,-30.9375));
#3931=CARTESIAN_POINT('',(-21.417,22.,-30.9375));
#3932=CARTESIAN_POINT('',(-21.417,22.,-30.9375));
#3933=CARTESIAN_POINT('',(-36.417,22.,-1.79897249360558E-15));
#3934=CARTESIAN_POINT('',(-36.417,22.,-19.9375));
#3935=CARTESIAN_POINT('',(-36.417,22.,-19.9375));
#3936=CARTESIAN_POINT('',(-36.417,22.,-1.79897249360558E-15));
#3937=CARTESIAN_POINT('',(-36.417,22.,-22.4375));
#3938=CARTESIAN_POINT('',(-36.417,2.,-22.4375));
#3939=CARTESIAN_POINT('',(-36.417,2.,-28.4375));
#3940=CARTESIAN_POINT('',(-36.417,22.,-28.4375));
#3941=CARTESIAN_POINT('',(-36.417,22.,-1.79897249360558E-15));
#3942=CARTESIAN_POINT('',(-28.917,22.,-19.9375));
#3943=CARTESIAN_POINT('',(-21.417,22.,-19.9375));
#3944=CARTESIAN_POINT('',(-21.417,22.,-19.9375));
#3945=CARTESIAN_POINT('',(-28.917,22.,-19.9375));
#3946=CARTESIAN_POINT('',(-21.417,22.,-25.4375));
#3947=CARTESIAN_POINT('',(-21.417,22.,-25.4375));
#3948=CARTESIAN_POINT('',(-1.417,22.,-6.93889390390723E-15));
#3949=CARTESIAN_POINT('',(-35.417,22.,-22.4375));
#3950=CARTESIAN_POINT('',(-34.417,22.,-22.4375));
#3951=CARTESIAN_POINT('',(-35.417,22.,-28.4375));
#3952=CARTESIAN_POINT('',(-34.417,22.,-28.4375));
#3953=CARTESIAN_POINT('',(-34.417,22.,-25.4375));
#3954=CARTESIAN_POINT('',(26.083,22.,30.9375));
#3955=CARTESIAN_POINT('',(33.583,22.,30.9375));
#3956=CARTESIAN_POINT('',(18.583,22.,30.9375));
#3957=CARTESIAN_POINT('',(33.583,22.,-47.25));
#3958=CARTESIAN_POINT('',(33.583,22.,19.9375));
#3959=CARTESIAN_POINT('',(33.583,2.,22.4375));
#3960=CARTESIAN_POINT('',(33.583,2.,28.4375));
#3961=CARTESIAN_POINT('',(26.083,22.,19.9375));
#3962=CARTESIAN_POINT('',(18.583,22.,19.9375));
#3963=CARTESIAN_POINT('',(18.583,22.,25.4375));
#3964=CARTESIAN_POINT('',(26.083,22.,-19.9375));
#3965=CARTESIAN_POINT('',(33.583,22.,-19.9375));
#3966=CARTESIAN_POINT('',(18.583,22.,-19.9375));
#3967=CARTESIAN_POINT('',(33.583,22.,-47.25));
#3968=CARTESIAN_POINT('',(33.583,22.,-30.9375));
#3969=CARTESIAN_POINT('',(33.583,2.,-28.4375));
#3970=CARTESIAN_POINT('',(33.583,2.,-22.4375));
#3971=CARTESIAN_POINT('',(26.083,22.,-30.9375));
#3972=CARTESIAN_POINT('',(18.583,22.,-30.9375));
#3973=CARTESIAN_POINT('',(18.583,22.,-25.4375));
#3974=CARTESIAN_POINT('',(33.583,22.,-47.25));
#3975=CARTESIAN_POINT('',(33.583,22.,-5.5));
#3976=CARTESIAN_POINT('',(33.583,22.,-5.5));
#3977=CARTESIAN_POINT('',(33.583,22.,-47.25));
#3978=CARTESIAN_POINT('',(33.583,22.,-3.));
#3979=CARTESIAN_POINT('',(33.583,2.,-3.));
#3980=CARTESIAN_POINT('',(33.583,2.,3.));
#3981=CARTESIAN_POINT('',(33.583,22.,3.));
#3982=CARTESIAN_POINT('',(33.583,22.,-47.25));
#3983=CARTESIAN_POINT('',(33.583,22.,5.5));
#3984=CARTESIAN_POINT('',(33.583,22.,5.5));
#3985=CARTESIAN_POINT('',(26.083,22.,-5.5));
#3986=CARTESIAN_POINT('',(18.583,22.,-5.5));
#3987=CARTESIAN_POINT('',(18.583,22.,-5.5));
#3988=CARTESIAN_POINT('',(26.083,22.,-5.5));
#3989=CARTESIAN_POINT('',(18.583,22.,0.));
#3990=CARTESIAN_POINT('',(18.583,22.,5.5));
#3991=CARTESIAN_POINT('',(18.583,22.,5.5));
#3992=CARTESIAN_POINT('',(18.583,22.,0.));
#3993=CARTESIAN_POINT('',(26.083,22.,5.5));
#3994=CARTESIAN_POINT('',(26.083,22.,5.5));
#3995=CARTESIAN_POINT('',(-1.417,22.,-6.93889390390723E-15));
#3996=CARTESIAN_POINT('',(32.583,22.,-3.));
#3997=CARTESIAN_POINT('',(31.583,22.,-3.));
#3998=CARTESIAN_POINT('',(32.583,22.,3.));
#3999=CARTESIAN_POINT('',(31.583,22.,3.));
#4000=CARTESIAN_POINT('',(31.583,22.,0.));
#4001=CARTESIAN_POINT('',(-28.917,22.,19.9375));
#4002=CARTESIAN_POINT('',(-36.417,22.,19.9375));
#4003=CARTESIAN_POINT('',(-21.417,22.,19.9375));
#4004=CARTESIAN_POINT('',(-36.417,22.,-1.79897249360558E-15));
#4005=CARTESIAN_POINT('',(-36.417,22.,30.9375));
#4006=CARTESIAN_POINT('',(-36.417,2.,28.4375));
#4007=CARTESIAN_POINT('',(-36.417,2.,22.4375));
#4008=CARTESIAN_POINT('',(-28.917,22.,30.9375));
#4009=CARTESIAN_POINT('',(-21.417,22.,30.9375));
#4010=CARTESIAN_POINT('',(-21.417,22.,25.4375));
#4011=CARTESIAN_POINT('',(-28.917,22.,-5.5));
#4012=CARTESIAN_POINT('',(-36.417,22.,-5.5));
#4013=CARTESIAN_POINT('',(-21.417,22.,-5.5));
#4014=CARTESIAN_POINT('',(-36.417,22.,-1.79897249360558E-15));
#4015=CARTESIAN_POINT('',(-36.417,22.,5.5));
#4016=CARTESIAN_POINT('',(-36.417,2.,3.));
#4017=CARTESIAN_POINT('',(-36.417,2.,-3.));
#4018=CARTESIAN_POINT('',(-28.917,22.,5.5));
#4019=CARTESIAN_POINT('',(-21.417,22.,5.5));
#4020=CARTESIAN_POINT('',(-21.417,22.,0.));
#4021=CARTESIAN_POINT('',(31.583,2.,25.4375));
#4022=CARTESIAN_POINT('',(31.583,2.,22.4375));
#4023=CARTESIAN_POINT('',(31.583,2.,28.4375));
#4024=CARTESIAN_POINT('',(32.583,2.,28.4375));
#4025=CARTESIAN_POINT('',(32.583,2.,22.4375));
#4026=CARTESIAN_POINT('',(31.583,2.,0.));
#4027=CARTESIAN_POINT('',(31.583,2.,-3.));
#4028=CARTESIAN_POINT('',(31.583,2.,3.));
#4029=CARTESIAN_POINT('',(32.583,2.,-3.));
#4030=CARTESIAN_POINT('',(32.583,2.,3.));
#4031=CARTESIAN_POINT('',(31.583,2.,-25.4375));
#4032=CARTESIAN_POINT('',(31.583,2.,-28.4375));
#4033=CARTESIAN_POINT('',(31.583,2.,-22.4375));
#4034=CARTESIAN_POINT('',(32.583,2.,-22.4375));
#4035=CARTESIAN_POINT('',(32.583,2.,-28.4375));
#4036=CARTESIAN_POINT('',(-34.417,2.,-25.4375));
#4037=CARTESIAN_POINT('',(-34.417,2.,-22.4375));
#4038=CARTESIAN_POINT('',(-34.417,2.,-28.4375));
#4039=CARTESIAN_POINT('',(-35.417,2.,-22.4375));
#4040=CARTESIAN_POINT('',(-35.417,2.,-28.4375));
#4041=CARTESIAN_POINT('',(-34.417,2.,0.));
#4042=CARTESIAN_POINT('',(-34.417,2.,3.));
#4043=CARTESIAN_POINT('',(-34.417,2.,-3.));
#4044=CARTESIAN_POINT('',(-35.417,2.,-3.));
#4045=CARTESIAN_POINT('',(-35.417,2.,3.));
#4046=CARTESIAN_POINT('',(-34.417,2.,25.4375));
#4047=CARTESIAN_POINT('',(-34.417,2.,28.4375));
#4048=CARTESIAN_POINT('',(-34.417,2.,22.4375));
#4049=CARTESIAN_POINT('',(-35.417,2.,22.4375));
#4050=CARTESIAN_POINT('',(-35.417,2.,28.4375));
#4051=CARTESIAN_POINT('',(10.583,12.,-30.26));
#4052=CARTESIAN_POINT('',(15.583,12.,-30.26));
#4053=CARTESIAN_POINT('',(5.583,12.,-30.26));
#4054=CARTESIAN_POINT('',(5.583,8.,-30.26));
#4055=CARTESIAN_POINT('',(15.583,8.,-30.26));
#4056=MECHANICAL_DESIGN_GEOMETRIC_PRESENTATION_REPRESENTATION('',(#1995),#4057);
#4057=(
GEOMETRIC_REPRESENTATION_CONTEXT(3)
GLOBAL_UNCERTAINTY_ASSIGNED_CONTEXT((#4058))
GLOBAL_UNIT_ASSIGNED_CONTEXT((#4061,#4060,#4059))
REPRESENTATION_CONTEXT('Part 2','TOP_LEVEL_ASSEMBLY_PART')
);
#4058=UNCERTAINTY_MEASURE_WITH_UNIT(LENGTH_MEASURE(1.E-05),#4061,'DISTANCE_ACCURACY_VALUE','Maximum Tolerance applied to model');
#4059=(
NAMED_UNIT(*)
SI_UNIT($,.STERADIAN.)
SOLID_ANGLE_UNIT()
);
#4060=(
NAMED_UNIT(*)
PLANE_ANGLE_UNIT()
SI_UNIT($,.RADIAN.)
);
#4061=(
LENGTH_UNIT()
NAMED_UNIT(*)
SI_UNIT(.MILLI.,.METRE.)
);
#4062=PRODUCT_DEFINITION_SHAPE('','',#4063);
#4063=PRODUCT_DEFINITION('','',#4065,#4064);
#4064=PRODUCT_DEFINITION_CONTEXT('',#4071,'design');
#4065=PRODUCT_DEFINITION_FORMATION_WITH_SPECIFIED_SOURCE('','',#4067,.NOT_KNOWN.);
#4066=PRODUCT_RELATED_PRODUCT_CATEGORY('','',(#4067));
#4067=PRODUCT('Part 2','Part 2','Part 2',(#4069));
#4068=PRODUCT_CATEGORY('','');
#4069=PRODUCT_CONTEXT('',#4071,'mechanical');
#4070=APPLICATION_PROTOCOL_DEFINITION('international standard','ap242_managed_model_based_3d_engineering',2020,#4071);
#4071=APPLICATION_CONTEXT('managed model based 3d engineering');
#4072=COMPOSITE_SHAPE_ASPECT('hole_callout.FmEVPUV2cwYwVGS_1.JKH.0',$,#4062,$);
#4073=SHAPE_ASPECT('hole_callout.FmEVPUV2cwYwVGS_1.JKH.0',$,#4062,.T.);
#4074=GEOMETRIC_ITEM_SPECIFIC_USAGE('','',#4073,#11,#1930);
#4075=SHAPE_ASPECT_RELATIONSHIP('','',#4072,#4073);
#4076=SHAPE_ASPECT('hole_callout.FmEVPUV2cwYwVGS_1.JKH.0',$,#4062,.T.);
#4077=GEOMETRIC_ITEM_SPECIFIC_USAGE('','',#4076,#11,#1929);
#4078=SHAPE_ASPECT_RELATIONSHIP('','',#4072,#4076);
#4079=SHAPE_ASPECT('hole_callout.FmEVPUV2cwYwVGS_1.JKH.0',$,#4062,.T.);
#4080=GEOMETRIC_ITEM_SPECIFIC_USAGE('','',#4079,#11,#1926);
#4081=SHAPE_ASPECT_RELATIONSHIP('','',#4072,#4079);
#4082=SHAPE_ASPECT('hole_callout.FmEVPUV2cwYwVGS_1.JKH.0',$,#4062,.T.);
#4083=GEOMETRIC_ITEM_SPECIFIC_USAGE('','',#4082,#11,#1925);
#4084=SHAPE_ASPECT_RELATIONSHIP('','',#4072,#4082);
#4085=SHAPE_ASPECT('hole_callout.FmEVPUV2cwYwVGS_1.JKH.0',$,#4062,.T.);
#4086=GEOMETRIC_ITEM_SPECIFIC_USAGE('','',#4085,#11,#1928);
#4087=SHAPE_ASPECT_RELATIONSHIP('','',#4072,#4085);
#4088=SHAPE_ASPECT('hole_callout.FmEVPUV2cwYwVGS_1.JKH.0',$,#4062,.T.);
#4089=GEOMETRIC_ITEM_SPECIFIC_USAGE('','',#4088,#11,#1927);
#4090=SHAPE_ASPECT_RELATIONSHIP('','',#4072,#4088);
#4091=SHAPE_ASPECT('hole_callout.FmEVPUV2cwYwVGS_1.JKH.0',$,#4062,.T.);
#4092=GEOMETRIC_ITEM_SPECIFIC_USAGE('','',#4091,#11,#1924);
#4093=SHAPE_ASPECT_RELATIONSHIP('','',#4072,#4091);
#4094=SHAPE_ASPECT('hole_callout.FmEVPUV2cwYwVGS_1.JKH.0',$,#4062,.T.);
#4095=GEOMETRIC_ITEM_SPECIFIC_USAGE('','',#4094,#11,#1923);
#4096=SHAPE_ASPECT_RELATIONSHIP('','',#4072,#4094);
#4097=SHAPE_ASPECT('hole_callout.FmEVPUV2cwYwVGS_1.JKH.0',$,#4062,.T.);
#4098=GEOMETRIC_ITEM_SPECIFIC_USAGE('','',#4097,#11,#1920);
#4099=SHAPE_ASPECT_RELATIONSHIP('','',#4072,#4097);
#4100=SHAPE_ASPECT('hole_callout.FmEVPUV2cwYwVGS_1.JKH.0',$,#4062,.T.);
#4101=GEOMETRIC_ITEM_SPECIFIC_USAGE('','',#4100,#11,#1919);
#4102=SHAPE_ASPECT_RELATIONSHIP('','',#4072,#4100);
#4103=SHAPE_ASPECT('hole_callout.FmEVPUV2cwYwVGS_1.JKH.0',$,#4062,.T.);
#4104=GEOMETRIC_ITEM_SPECIFIC_USAGE('','',#4103,#11,#1922);
#4105=SHAPE_ASPECT_RELATIONSHIP('','',#4072,#4103);
#4106=SHAPE_ASPECT('hole_callout.FmEVPUV2cwYwVGS_1.JKH.0',$,#4062,.T.);
#4107=GEOMETRIC_ITEM_SPECIFIC_USAGE('','',#4106,#11,#1921);
#4108=SHAPE_ASPECT_RELATIONSHIP('','',#4072,#4106);
#4109=DIMENSIONAL_SIZE(#4072,'depth');
#4110=(
LENGTH_UNIT()
NAMED_UNIT(*)
SI_UNIT(.MILLI.,.METRE.)
);
#4112=PRECISION_QUALIFIER(3);
#4111=(
LENGTH_MEASURE_WITH_UNIT()
MEASURE_REPRESENTATION_ITEM()
MEASURE_WITH_UNIT(POSITIVE_LENGTH_MEASURE(5.),#4110)
QUALIFIED_REPRESENTATION_ITEM((#4112))
REPRESENTATION_ITEM('nominal value')
);
#4113=COMPOUND_REPRESENTATION_ITEM('modifiers',SET_REPRESENTATION_ITEM((#4114)));
#4114=DESCRIPTIVE_REPRESENTATION_ITEM('dimensional note','depth');
#4115=SHAPE_DIMENSION_REPRESENTATION('',(#4111,#4113),#4057);
#4116=DIMENSIONAL_CHARACTERISTIC_REPRESENTATION(#4109,#4115);
#4117=DIMENSIONAL_SIZE(#4072,'diameter');
#4118=(
LENGTH_UNIT()
NAMED_UNIT(*)
SI_UNIT(.MILLI.,.METRE.)
);
#4120=PRECISION_QUALIFIER(3);
#4119=(
LENGTH_MEASURE_WITH_UNIT()
MEASURE_REPRESENTATION_ITEM()
MEASURE_WITH_UNIT(POSITIVE_LENGTH_MEASURE(2.5),#4118)
QUALIFIED_REPRESENTATION_ITEM((#4120))
REPRESENTATION_ITEM('nominal value')
);
#4121=COMPOUND_REPRESENTATION_ITEM('modifiers',SET_REPRESENTATION_ITEM((#4122)));
#4122=DESCRIPTIVE_REPRESENTATION_ITEM('dimensional note','diameter');
#4123=SHAPE_DIMENSION_REPRESENTATION('',(#4119,#4121),#4057);
#4124=DIMENSIONAL_CHARACTERISTIC_REPRESENTATION(#4117,#4123);
#4125=DIMENSIONAL_SIZE(#4072,'depth');
#4126=(
LENGTH_UNIT()
NAMED_UNIT(*)
SI_UNIT(.MILLI.,.METRE.)
);
#4128=PRECISION_QUALIFIER(3);
#4127=(
LENGTH_MEASURE_WITH_UNIT()
MEASURE_REPRESENTATION_ITEM()
MEASURE_WITH_UNIT(POSITIVE_LENGTH_MEASURE(0.00999999999999959),#4126)
QUALIFIED_REPRESENTATION_ITEM((#4128))
REPRESENTATION_ITEM('nominal value')
);
#4129=COMPOUND_REPRESENTATION_ITEM('modifiers',SET_REPRESENTATION_ITEM((#4130)));
#4130=DESCRIPTIVE_REPRESENTATION_ITEM('dimensional note','depth');
#4131=SHAPE_DIMENSION_REPRESENTATION('',(#4127,#4129),#4057);
#4132=DIMENSIONAL_CHARACTERISTIC_REPRESENTATION(#4125,#4131);
#4133=PRESENTATION_STYLE_ASSIGNMENT((NULL_STYLE(.NULL.)));
#4134=CARTESIAN_POINT('',(-0.040417,0.00625,-3.46944695195361E-18));
#4135=DIRECTION('',(0.,-1.,0.));
#4136=DIRECTION('',(1.,0.,0.));
#4137=AXIS2_PLACEMENT_3D('',#4134,#4135,#4136);
#4138=PLANE('',#4137);
#4139=ANNOTATION_PLANE('',(#4133),#4138,(#4166));
#4140=CARTESIAN_POINT('',(0.,0.,0.));
#4141=DIRECTION('',(0.,0.,1.));
#4142=DIRECTION('',(1.,0.,0.));
#4143=AXIS2_PLACEMENT_3D('',#4140,#4141,#4142);
#4144=CARTESIAN_POINT('',(0.,0.,0.));
#4145=DIRECTION('',(0.,0.,1.));
#4146=DIRECTION('',(1.,0.,0.));
#4147=AXIS2_PLACEMENT_3D('',#4144,#4145,#4146);
#4148=SHAPE_REPRESENTATION('',(#4147,#2003),#4057);
#4149=REPRESENTATION_MAP(#4143,#4148);
#4150=MAPPED_ITEM('',#4149,#4143);
#4151=PRESENTATION_STYLE_ASSIGNMENT((NULL_STYLE(.NULL.)));
#4152=STYLED_ITEM('',(#4151),#4150);
#4153=DRAUGHTING_MODEL('',(#4139,#4143,#4150,#4152),#4057);
#4154=DRAUGHTING_PRE_DEFINED_CURVE_FONT('continuous');
#4155=COLOUR_RGB('',0.,0.,0.);
#4156=CURVE_STYLE('',#4154,POSITIVE_LENGTH_MEASURE(0.02),#4155);
#4157=PRESENTATION_STYLE_ASSIGNMENT((#4156));
#4158=COORDINATES_LIST('coordinates',4431,((-39.5331165,6.2500000,0.8838835),(-38.1189030,6.2500000,3.7123106),(-36.7046894,6.2500000,2.2980970),(-13.3693495,6.2500000,7.4593343),(-13.3640082,6.2500000,7.5917251),(-13.3640082,6.2500000,9.2818835),(-13.3693495,6.2500000,7.4593343),(-13.3640082,6.2500000,9.2818835),(-13.3693164,6.2500000,9.4125050),(-13.3693495,6.2500000,7.4593343),(-13.3693164,6.2500000,9.4125050),(-13.3852410,6.2500000,9.5371402),(-13.3693495,6.2500000,7.4593343),(-13.3852410,6.2500000,9.5371402),(-13.4117820,6.2500000,9.6557893),(-13.3693495,6.2500000,7.4593343),(-13.4117820,6.2500000,9.6557893),(-13.4489394,6.2500000,9.7684522),(-13.3693495,6.2500000,7.4593343),(-13.4489394,6.2500000,9.7684522),(-13.4967133,6.2500000,9.8751289),(-13.3693495,6.2500000,7.4593343),(-13.4967133,6.2500000,9.8751289),(-13.5551035,6.2500000,9.9758194),(-13.3693495,6.2500000,7.4593343),(-13.5551035,6.2500000,9.9758194),(-13.6241101,6.2500000,10.0705237),(-13.3693495,6.2500000,7.4593343),(-13.6241101,6.2500000,10.0705237),(-13.7037332,6.2500000,10.1592418),(-13.3693495,6.2500000,7.4593343),(-13.7037332,6.2500000,10.1592418),(-13.7804127,6.2500000,10.2309274),(-13.3693495,6.2500000,7.4593343),(-13.7804127,6.2500000,10.2309274),(-13.8601681,6.2500000,10.2930548),(-13.3693495,6.2500000,7.4593343),(-13.8601681,6.2500000,10.2930548),(-13.9429992,6.2500000,10.3456242),(-13.9429992,6.2500000,10.3456242),(-14.0289061,6.2500000,10.3886356),(-14.1178888,6.2500000,10.4220888),(-13.9429992,6.2500000,10.3456242),(-14.1178888,6.2500000,10.4220888),(-14.2099473,6.2500000,10.4459840),(-13.9429992,6.2500000,10.3456242),(-14.2099473,6.2500000,10.4459840),(-14.3050815,6.2500000,10.4603211),(-13.9429992,6.2500000,10.3456242),(-14.3050815,6.2500000,10.4603211),(-14.4032915,6.2500000,10.4651001),(-13.9429992,6.2500000,10.3456242),(-14.4032915,6.2500000,10.4651001),(-14.5003771,6.2500000,10.4603211),(-13.9429992,6.2500000,10.3456242),(-14.5003771,6.2500000,10.4603211),(-14.5947837,6.2500000,10.4459840),(-13.9429992,6.2500000,10.3456242),(-14.5947837,6.2500000,10.4459840),(-14.6865114,6.2500000,10.4220888),(-13.9429992,6.2500000,10.3456242),(-14.6865114,6.2500000,10.4220888),(-14.7755603,6.2500000,10.3886356),(-13.9429992,6.2500000,10.3456242),(-14.7755603,6.2500000,10.3886356),(-14.8619302,6.2500000,10.3456242),(-13.9429992,6.2500000,10.3456242),(-14.8619302,6.2500000,10.3456242),(-14.9456212,6.2500000,10.2930548),(-13.9429992,6.2500000,10.3456242),(-14.9456212,6.2500000,10.2930548),(-15.0266333,6.2500000,10.2309274),(-13.9429992,6.2500000,10.3456242),(-15.0266333,6.2500000,10.2309274),(-15.1049665,6.2500000,10.1592418),(-13.9429992,6.2500000,10.3456242),(-15.1049665,6.2500000,10.1592418),(-15.1845896,6.2500000,10.0722600),(-13.9429992,6.2500000,10.3456242),(-15.1845896,6.2500000,10.0722600),(-15.2535962,6.2500000,9.9790606),(-13.9429992,6.2500000,10.3456242),(-15.2535962,6.2500000,9.9790606),(-15.3119864,6.2500000,9.8796434),(-13.9429992,6.2500000,10.3456242),(-15.3119864,6.2500000,9.8796434),(-15.3597603,6.2500000,9.7740085),(-13.9429992,6.2500000,10.3456242),(-15.3597603,6.2500000,9.7740085),(-15.3969177,6.2500000,9.6621559),(-15.3969177,6.2500000,9.6621559),(-15.4234587,6.2500000,9.5440856),(-15.4393833,6.2500000,9.4197975),(-15.3969177,6.2500000,9.6621559),(-15.4393833,6.2500000,9.4197975),(-15.4446915,6.2500000,9.2892918),(-15.3969177,6.2500000,9.6621559),(-15.4446915,6.2500000,9.2892918),(-15.4446915,6.2500000,9.2818835),(-15.3969177,6.2500000,9.6621559),(-15.4446915,6.2500000,9.2818835),(-15.4446915,6.2500000,7.5874918),(-15.3969177,6.2500000,9.6621559),(-15.4446915,6.2500000,7.5874918),(-15.4393833,6.2500000,7.4561758),(-15.3969177,6.2500000,9.6621559),(-15.4393833,6.2500000,7.4561758),(-15.4234587,6.2500000,7.3310444),(-15.3969177,6.2500000,9.6621559),(-15.4234587,6.2500000,7.3310444),(-15.3969177,6.2500000,7.2120977),(-15.3969177,6.2500000,9.6621559),(-15.3969177,6.2500000,7.2120977),(-15.3597603,6.2500000,7.0993356),(-15.3969177,6.2500000,9.6621559),(-15.3597603,6.2500000,7.0993356),(-15.3119864,6.2500000,6.9927581),(-15.3969177,6.2500000,9.6621559),(-15.3119864,6.2500000,6.9927581),(-15.2535962,6.2500000,6.8923652),(-15.3969177,6.2500000,9.6621559),(-15.2535962,6.2500000,6.8923652),(-15.1845896,6.2500000,6.7981570),(-15.3969177,6.2500000,9.6621559),(-15.1845896,6.2500000,6.7981570),(-15.1049665,6.2500000,6.7101335),(-15.1049665,6.2500000,6.7101335),(-14.8012249,6.2500000,7.0064668),(-14.8952181,6.2500000,7.1228173),(-15.1049665,6.2500000,6.7101335),(-14.8952181,6.2500000,7.1228173),(-14.9623561,6.2500000,7.2591439),(-15.1049665,6.2500000,6.7101335),(-14.9623561,6.2500000,7.2591439),(-15.0026389,6.2500000,7.4154465),(-15.3969177,6.2500000,9.6621559),(-15.1049665,6.2500000,6.7101335),(-15.0026389,6.2500000,7.4154465),(-15.3969177,6.2500000,9.6621559),(-15.0026389,6.2500000,7.4154465),(-15.0127096,6.2500000,7.5010888),(-15.3969177,6.2500000,9.6621559),(-15.0127096,6.2500000,7.5010888),(-15.0160665,6.2500000,7.5917251),(-15.3969177,6.2500000,9.6621559),(-15.0160665,6.2500000,7.5917251),(-15.0160665,6.2500000,9.2892918),(-15.3969177,6.2500000,9.6621559),(-15.0160665,6.2500000,9.2892918),(-15.0127427,6.2500000,9.3775965),(-15.3969177,6.2500000,9.6621559),(-15.0127427,6.2500000,9.3775965),(-15.0027712,6.2500000,9.4610064),(-15.3969177,6.2500000,9.6621559),(-15.0027712,6.2500000,9.4610064),(-14.9861521,6.2500000,9.5395215),(-15.3969177,6.2500000,9.6621559),(-14.9861521,6.2500000,9.5395215),(-14.9628853,6.2500000,9.6131418),(-15.3969177,6.2500000,9.6621559),(-14.9628853,6.2500000,9.6131418),(-14.8964087,6.2500000,9.7456981),(-15.3969177,6.2500000,9.6621559),(-14.8964087,6.2500000,9.7456981),(-14.8033415,6.2500000,9.8586751),(-15.3969177,6.2500000,9.6621559),(-14.8033415,6.2500000,9.8586751),(-14.7080915,6.2500000,9.9373887),(-15.3969177,6.2500000,9.6621559),(-14.7080915,6.2500000,9.9373887),(-14.6096665,6.2500000,9.9936126),(-13.9429992,6.2500000,10.3456242),(-15.3969177,6.2500000,9.6621559),(-14.6096665,6.2500000,9.9936126),(-13.9429992,6.2500000,10.3456242),(-14.6096665,6.2500000,9.9936126),(-14.5080665,6.2500000,10.0273470),(-13.9429992,6.2500000,10.3456242),(-14.5080665,6.2500000,10.0273470),(-14.4032915,6.2500000,10.0385918),(-13.9429992,6.2500000,10.3456242),(-14.4032915,6.2500000,10.0385918),(-14.2942170,6.2500000,10.0273470),(-13.9429992,6.2500000,10.3456242),(-14.2942170,6.2500000,10.0273470),(-14.1913603,6.2500000,9.9936126),(-13.9429992,6.2500000,10.3456242),(-14.1913603,6.2500000,9.9936126),(-14.0947212,6.2500000,9.9373887),(-13.9429992,6.2500000,10.3456242),(-14.0947212,6.2500000,9.9373887),(-14.0042999,6.2500000,9.8586751),(-13.9429992,6.2500000,10.3456242),(-14.0042999,6.2500000,9.8586751),(-13.9112327,6.2500000,9.7400757),(-13.9429992,6.2500000,10.3456242),(-13.9112327,6.2500000,9.7400757),(-13.8447561,6.2500000,9.6044106),(-13.9429992,6.2500000,10.3456242),(-13.8447561,6.2500000,9.6044106),(-13.8048702,6.2500000,9.4516798),(-13.3693495,6.2500000,7.4593343),(-13.9429992,6.2500000,10.3456242),(-13.8048702,6.2500000,9.4516798),(-13.3693495,6.2500000,7.4593343),(-13.8048702,6.2500000,9.4516798),(-13.7948987,6.2500000,9.3689149),(-13.3693495,6.2500000,7.4593343),(-13.7948987,6.2500000,9.3689149),(-13.7915749,6.2500000,9.2818835),(-13.3693495,6.2500000,7.4593343),(-13.7915749,6.2500000,9.2818835),(-13.7915749,6.2500000,7.5917251),(-13.3693495,6.2500000,7.4593343),(-13.7915749,6.2500000,7.5917251),(-13.7948987,6.2500000,7.5020810),(-13.3693495,6.2500000,7.4593343),(-13.7948987,6.2500000,7.5020810),(-13.8048702,6.2500000,7.4172986),(-13.3693495,6.2500000,7.4593343),(-13.8048702,6.2500000,7.4172986),(-13.8214893,6.2500000,7.3373779),(-13.3693495,6.2500000,7.4593343),(-13.8214893,6.2500000,7.3373779),(-13.8447561,6.2500000,7.2623189),(-13.3693495,6.2500000,7.4593343),(-13.8447561,6.2500000,7.2623189),(-13.9112327,6.2500000,7.1267861),(-13.3693495,6.2500000,7.4593343),(-13.9112327,6.2500000,7.1267861),(-14.0042999,6.2500000,7.0107001),(-13.3693495,6.2500000,7.4593343),(-14.0042999,6.2500000,7.0107001),(-14.0955150,6.2500000,6.9329126),(-14.7096790,6.2500000,6.9305314),(-14.8012249,6.2500000,7.0064668),(-15.1049665,6.2500000,6.7101335),(-14.6128415,6.2500000,6.8762918),(-14.7096790,6.2500000,6.9305314),(-15.1049665,6.2500000,6.7101335),(-14.5107124,6.2500000,6.8437481),(-14.6128415,6.2500000,6.8762918),(-15.1049665,6.2500000,6.7101335),(-14.4032915,6.2500000,6.8329001),(-14.5107124,6.2500000,6.8437481),(-15.1049665,6.2500000,6.7101335),(-14.2950108,6.2500000,6.8440126),(-14.4032915,6.2500000,6.8329001),(-15.1049665,6.2500000,6.7101335),(-14.2950108,6.2500000,6.8440126),(-15.1049665,6.2500000,6.7101335),(-15.0280885,6.2500000,6.6394401),(-14.2950108,6.2500000,6.8440126),(-15.0280885,6.2500000,6.6394401),(-14.9482670,6.2500000,6.5781725),(-14.1924186,6.2500000,6.8773501),(-14.2950108,6.2500000,6.8440126),(-14.9482670,6.2500000,6.5781725),(-14.1924186,6.2500000,6.8773501),(-14.9482670,6.2500000,6.5781725),(-14.8655021,6.2500000,6.5263307),(-14.1924186,6.2500000,6.8773501),(-14.8655021,6.2500000,6.5263307),(-14.7797936,6.2500000,6.4839147),(-14.0955150,6.2500000,6.9329126),(-14.1924186,6.2500000,6.8773501),(-14.7797936,6.2500000,6.4839147),(-14.0955150,6.2500000,6.9329126),(-14.7797936,6.2500000,6.4839147),(-14.6911417,6.2500000,6.4509245),(-13.3693495,6.2500000,7.4593343),(-14.0955150,6.2500000,6.9329126),(-14.6911417,6.2500000,6.4509245),(-13.3693495,6.2500000,7.4593343),(-14.6911417,6.2500000,6.4509245),(-14.5995462,6.2500000,6.4273600),(-13.3693495,6.2500000,7.4593343),(-14.5995462,6.2500000,6.4273600),(-14.5050073,6.2500000,6.4132214),(-13.3693495,6.2500000,7.4593343),(-14.5050073,6.2500000,6.4132214),(-14.4075249,6.2500000,6.4085085),(-13.3693495,6.2500000,7.4593343),(-14.4075249,6.2500000,6.4085085),(-14.3083557,6.2500000,6.4131387),(-13.3693495,6.2500000,7.4593343),(-14.3083557,6.2500000,6.4131387),(-14.2124608,6.2500000,6.4270293),(-13.3693495,6.2500000,7.4593343),(-14.2124608,6.2500000,6.4270293),(-14.1198401,6.2500000,6.4501804),(-13.3693495,6.2500000,7.4593343),(-14.1198401,6.2500000,6.4501804),(-14.0304936,6.2500000,6.4825918),(-13.3693495,6.2500000,7.4593343),(-14.0304936,6.2500000,6.4825918),(-13.9444213,6.2500000,6.5242637),(-13.3693495,6.2500000,7.4593343),(-13.9444213,6.2500000,6.5242637),(-13.8616233,6.2500000,6.5751960),(-13.3693495,6.2500000,7.4593343),(-13.8616233,6.2500000,6.5751960),(-13.7820995,6.2500000,6.6353887),(-13.3693495,6.2500000,7.4593343),(-13.7820995,6.2500000,6.6353887),(-13.7058499,6.2500000,6.7048418),(-13.3693495,6.2500000,7.4593343),(-13.7058499,6.2500000,6.7048418),(-13.6257307,6.2500000,6.7941718),(-13.3693495,6.2500000,7.4593343),(-13.6257307,6.2500000,6.7941718),(-13.5562941,6.2500000,6.8896533),(-13.3693495,6.2500000,7.4593343),(-13.5562941,6.2500000,6.8896533),(-13.4975401,6.2500000,6.9912863),(-13.3693495,6.2500000,7.4593343),(-13.4975401,6.2500000,6.9912863),(-13.4494686,6.2500000,7.0990710),(-13.3693495,6.2500000,7.4593343),(-13.4494686,6.2500000,7.0990710),(-13.4120797,6.2500000,7.2130072),(-13.3693495,6.2500000,7.4593343),(-13.4120797,6.2500000,7.2130072),(-13.3853733,6.2500000,7.3330949),(-19.6685495,6.2500000,7.4593343),(-19.6632082,6.2500000,7.5917251),(-19.6632082,6.2500000,9.2818835),(-19.6685495,6.2500000,7.4593343),(-19.6632082,6.2500000,9.2818835),(-19.6685164,6.2500000,9.4125050),(-19.6685495,6.2500000,7.4593343),(-19.6685164,6.2500000,9.4125050),(-19.6844410,6.2500000,9.5371402),(-19.6685495,6.2500000,7.4593343),(-19.6844410,6.2500000,9.5371402),(-19.7109820,6.2500000,9.6557893),(-19.6685495,6.2500000,7.4593343),(-19.7109820,6.2500000,9.6557893),(-19.7481394,6.2500000,9.7684522),(-19.6685495,6.2500000,7.4593343),(-19.7481394,6.2500000,9.7684522),(-19.7959133,6.2500000,9.8751289),(-19.6685495,6.2500000,7.4593343),(-19.7959133,6.2500000,9.8751289),(-19.8543035,6.2500000,9.9758194),(-19.6685495,6.2500000,7.4593343),(-19.8543035,6.2500000,9.9758194),(-19.9233101,6.2500000,10.0705237),(-19.6685495,6.2500000,7.4593343),(-19.9233101,6.2500000,10.0705237),(-20.0029332,6.2500000,10.1592418),(-19.6685495,6.2500000,7.4593343),(-20.0029332,6.2500000,10.1592418),(-20.0796127,6.2500000,10.2309274),(-19.6685495,6.2500000,7.4593343),(-20.0796127,6.2500000,10.2309274),(-20.1593681,6.2500000,10.2930548),(-19.6685495,6.2500000,7.4593343),(-20.1593681,6.2500000,10.2930548),(-20.2421992,6.2500000,10.3456242),(-20.2421992,6.2500000,10.3456242),(-20.3281061,6.2500000,10.3886356),(-20.4170888,6.2500000,10.4220888),(-20.2421992,6.2500000,10.3456242),(-20.4170888,6.2500000,10.4220888),(-20.5091473,6.2500000,10.4459840),(-20.2421992,6.2500000,10.3456242),(-20.5091473,6.2500000,10.4459840),(-20.6042815,6.2500000,10.4603211),(-20.2421992,6.2500000,10.3456242),(-20.6042815,6.2500000,10.4603211),(-20.7024915,6.2500000,10.4651001),(-20.2421992,6.2500000,10.3456242),(-20.7024915,6.2500000,10.4651001),(-20.7995771,6.2500000,10.4603211),(-20.2421992,6.2500000,10.3456242),(-20.7995771,6.2500000,10.4603211),(-20.8939837,6.2500000,10.4459840),(-20.2421992,6.2500000,10.3456242),(-20.8939837,6.2500000,10.4459840),(-20.9857114,6.2500000,10.4220888),(-20.2421992,6.2500000,10.3456242),(-20.9857114,6.2500000,10.4220888),(-21.0747603,6.2500000,10.3886356),(-20.2421992,6.2500000,10.3456242),(-21.0747603,6.2500000,10.3886356),(-21.1611302,6.2500000,10.3456242),(-20.2421992,6.2500000,10.3456242),(-21.1611302,6.2500000,10.3456242),(-21.2448212,6.2500000,10.2930548),(-20.2421992,6.2500000,10.3456242),(-21.2448212,6.2500000,10.2930548),(-21.3258333,6.2500000,10.2309274),(-20.2421992,6.2500000,10.3456242),(-21.3258333,6.2500000,10.2309274),(-21.4041665,6.2500000,10.1592418),(-20.2421992,6.2500000,10.3456242),(-21.4041665,6.2500000,10.1592418),(-21.4837896,6.2500000,10.0722600),(-20.2421992,6.2500000,10.3456242),(-21.4837896,6.2500000,10.0722600),(-21.5527962,6.2500000,9.9790606),(-20.2421992,6.2500000,10.3456242),(-21.5527962,6.2500000,9.9790606),(-21.6111864,6.2500000,9.8796434),(-20.2421992,6.2500000,10.3456242),(-21.6111864,6.2500000,9.8796434),(-21.6589603,6.2500000,9.7740085),(-20.2421992,6.2500000,10.3456242),(-21.6589603,6.2500000,9.7740085),(-21.6961177,6.2500000,9.6621559),(-21.6961177,6.2500000,9.6621559),(-21.7226587,6.2500000,9.5440856),(-21.7385833,6.2500000,9.4197975),(-21.6961177,6.2500000,9.6621559),(-21.7385833,6.2500000,9.4197975),(-21.7438915,6.2500000,9.2892918),(-21.6961177,6.2500000,9.6621559),(-21.7438915,6.2500000,9.2892918),(-21.7438915,6.2500000,9.2818835),(-21.6961177,6.2500000,9.6621559),(-21.7438915,6.2500000,9.2818835),(-21.7438915,6.2500000,7.5874918),(-21.6961177,6.2500000,9.6621559),(-21.7438915,6.2500000,7.5874918),(-21.7385833,6.2500000,7.4561758),(-21.6961177,6.2500000,9.6621559),(-21.7385833,6.2500000,7.4561758),(-21.7226587,6.2500000,7.3310444),(-21.6961177,6.2500000,9.6621559),(-21.7226587,6.2500000,7.3310444),(-21.6961177,6.2500000,7.2120977),(-21.6961177,6.2500000,9.6621559),(-21.6961177,6.2500000,7.2120977),(-21.6589603,6.2500000,7.0993356),(-21.6961177,6.2500000,9.6621559),(-21.6589603,6.2500000,7.0993356),(-21.6111864,6.2500000,6.9927581),(-21.6961177,6.2500000,9.6621559),(-21.6111864,6.2500000,6.9927581),(-21.5527962,6.2500000,6.8923652),(-21.6961177,6.2500000,9.6621559),(-21.5527962,6.2500000,6.8923652),(-21.4837896,6.2500000,6.7981570),(-21.6961177,6.2500000,9.6621559),(-21.4837896,6.2500000,6.7981570),(-21.4041665,6.2500000,6.7101335),(-21.4041665,6.2500000,6.7101335),(-21.1004249,6.2500000,7.0064668),(-21.1944181,6.2500000,7.1228173),(-21.4041665,6.2500000,6.7101335),(-21.1944181,6.2500000,7.1228173),(-21.2615561,6.2500000,7.2591439),(-21.4041665,6.2500000,6.7101335),(-21.2615561,6.2500000,7.2591439),(-21.3018389,6.2500000,7.4154465),(-21.6961177,6.2500000,9.6621559),(-21.4041665,6.2500000,6.7101335),(-21.3018389,6.2500000,7.4154465),(-21.6961177,6.2500000,9.6621559),(-21.3018389,6.2500000,7.4154465),(-21.3119096,6.2500000,7.5010888),(-21.6961177,6.2500000,9.6621559),(-21.3119096,6.2500000,7.5010888),(-21.3152665,6.2500000,7.5917251),(-21.6961177,6.2500000,9.6621559),(-21.3152665,6.2500000,7.5917251),(-21.3152665,6.2500000,9.2892918),(-21.6961177,6.2500000,9.6621559),(-21.3152665,6.2500000,9.2892918),(-21.3119427,6.2500000,9.3775965),(-21.6961177,6.2500000,9.6621559),(-21.3119427,6.2500000,9.3775965),(-21.3019712,6.2500000,9.4610064),(-21.6961177,6.2500000,9.6621559),(-21.3019712,6.2500000,9.4610064),(-21.2853521,6.2500000,9.5395215),(-21.6961177,6.2500000,9.6621559),(-21.2853521,6.2500000,9.5395215),(-21.2620853,6.2500000,9.6131418),(-21.6961177,6.2500000,9.6621559),(-21.2620853,6.2500000,9.6131418),(-21.1956087,6.2500000,9.7456981),(-21.6961177,6.2500000,9.6621559),(-21.1956087,6.2500000,9.7456981),(-21.1025415,6.2500000,9.8586751),(-21.6961177,6.2500000,9.6621559),(-21.1025415,6.2500000,9.8586751),(-21.0072915,6.2500000,9.9373887),(-21.6961177,6.2500000,9.6621559),(-21.0072915,6.2500000,9.9373887),(-20.9088665,6.2500000,9.9936126),(-20.2421992,6.2500000,10.3456242),(-21.6961177,6.2500000,9.6621559),(-20.9088665,6.2500000,9.9936126),(-20.2421992,6.2500000,10.3456242),(-20.9088665,6.2500000,9.9936126),(-20.8072665,6.2500000,10.0273470),(-20.2421992,6.2500000,10.3456242),(-20.8072665,6.2500000,10.0273470),(-20.7024915,6.2500000,10.0385918),(-20.2421992,6.2500000,10.3456242),(-20.7024915,6.2500000,10.0385918),(-20.5934170,6.2500000,10.0273470),(-20.2421992,6.2500000,10.3456242),(-20.5934170,6.2500000,10.0273470),(-20.4905603,6.2500000,9.9936126),(-20.2421992,6.2500000,10.3456242),(-20.4905603,6.2500000,9.9936126),(-20.3939212,6.2500000,9.9373887),(-20.2421992,6.2500000,10.3456242),(-20.3939212,6.2500000,9.9373887),(-20.3034999,6.2500000,9.8586751),(-20.2421992,6.2500000,10.3456242),(-20.3034999,6.2500000,9.8586751),(-20.2104327,6.2500000,9.7400757),(-20.2421992,6.2500000,10.3456242),(-20.2104327,6.2500000,9.7400757),(-20.1439561,6.2500000,9.6044106),(-20.2421992,6.2500000,10.3456242),(-20.1439561,6.2500000,9.6044106),(-20.1040702,6.2500000,9.4516798),(-19.6685495,6.2500000,7.4593343),(-20.2421992,6.2500000,10.3456242),(-20.1040702,6.2500000,9.4516798),(-19.6685495,6.2500000,7.4593343),(-20.1040702,6.2500000,9.4516798),(-20.0940987,6.2500000,9.3689149),(-19.6685495,6.2500000,7.4593343),(-20.0940987,6.2500000,9.3689149),(-20.0907749,6.2500000,9.2818835),(-19.6685495,6.2500000,7.4593343),(-20.0907749,6.2500000,9.2818835),(-20.0907749,6.2500000,7.5917251),(-19.6685495,6.2500000,7.4593343),(-20.0907749,6.2500000,7.5917251),(-20.0940987,6.2500000,7.5020810),(-19.6685495,6.2500000,7.4593343),(-20.0940987,6.2500000,7.5020810),(-20.1040702,6.2500000,7.4172986),(-19.6685495,6.2500000,7.4593343),(-20.1040702,6.2500000,7.4172986),(-20.1206893,6.2500000,7.3373779),(-19.6685495,6.2500000,7.4593343),(-20.1206893,6.2500000,7.3373779),(-20.1439561,6.2500000,7.2623189),(-19.6685495,6.2500000,7.4593343),(-20.1439561,6.2500000,7.2623189),(-20.2104327,6.2500000,7.1267861),(-19.6685495,6.2500000,7.4593343),(-20.2104327,6.2500000,7.1267861),(-20.3034999,6.2500000,7.0107001),(-19.6685495,6.2500000,7.4593343),(-20.3034999,6.2500000,7.0107001),(-20.3947150,6.2500000,6.9329126),(-21.0088790,6.2500000,6.9305314),(-21.1004249,6.2500000,7.0064668),(-21.4041665,6.2500000,6.7101335),(-20.9120415,6.2500000,6.8762918),(-21.0088790,6.2500000,6.9305314),(-21.4041665,6.2500000,6.7101335),(-20.8099124,6.2500000,6.8437481),(-20.9120415,6.2500000,6.8762918),(-21.4041665,6.2500000,6.7101335),(-20.7024915,6.2500000,6.8329001),(-20.8099124,6.2500000,6.8437481),(-21.4041665,6.2500000,6.7101335),(-20.5942108,6.2500000,6.8440126),(-20.7024915,6.2500000,6.8329001),(-21.4041665,6.2500000,6.7101335),(-20.5942108,6.2500000,6.8440126),(-21.4041665,6.2500000,6.7101335),(-21.3272885,6.2500000,6.6394401),(-20.5942108,6.2500000,6.8440126),(-21.3272885,6.2500000,6.6394401),(-21.2474670,6.2500000,6.5781725),(-20.4916186,6.2500000,6.8773501),(-20.5942108,6.2500000,6.8440126),(-21.2474670,6.2500000,6.5781725),(-20.4916186,6.2500000,6.8773501),(-21.2474670,6.2500000,6.5781725),(-21.1647021,6.2500000,6.5263307),(-20.4916186,6.2500000,6.8773501),(-21.1647021,6.2500000,6.5263307),(-21.0789936,6.2500000,6.4839147),(-20.3947150,6.2500000,6.9329126),(-20.4916186,6.2500000,6.8773501),(-21.0789936,6.2500000,6.4839147),(-20.3947150,6.2500000,6.9329126),(-21.0789936,6.2500000,6.4839147),(-20.9903417,6.2500000,6.4509245),(-19.6685495,6.2500000,7.4593343),(-20.3947150,6.2500000,6.9329126),(-20.9903417,6.2500000,6.4509245),(-19.6685495,6.2500000,7.4593343),(-20.9903417,6.2500000,6.4509245),(-20.8987462,6.2500000,6.4273600),(-19.6685495,6.2500000,7.4593343),(-20.8987462,6.2500000,6.4273600),(-20.8042073,6.2500000,6.4132214),(-19.6685495,6.2500000,7.4593343),(-20.8042073,6.2500000,6.4132214),(-20.7067249,6.2500000,6.4085085),(-19.6685495,6.2500000,7.4593343),(-20.7067249,6.2500000,6.4085085),(-20.6075557,6.2500000,6.4131387),(-19.6685495,6.2500000,7.4593343),(-20.6075557,6.2500000,6.4131387),(-20.5116608,6.2500000,6.4270293),(-19.6685495,6.2500000,7.4593343),(-20.5116608,6.2500000,6.4270293),(-20.4190401,6.2500000,6.4501804),(-19.6685495,6.2500000,7.4593343),(-20.4190401,6.2500000,6.4501804),(-20.3296936,6.2500000,6.4825918),(-19.6685495,6.2500000,7.4593343),(-20.3296936,6.2500000,6.4825918),(-20.2436213,6.2500000,6.5242637),(-19.6685495,6.2500000,7.4593343),(-20.2436213,6.2500000,6.5242637),(-20.1608233,6.2500000,6.5751960),(-19.6685495,6.2500000,7.4593343),(-20.1608233,6.2500000,6.5751960),(-20.0812995,6.2500000,6.6353887),(-19.6685495,6.2500000,7.4593343),(-20.0812995,6.2500000,6.6353887),(-20.0050499,6.2500000,6.7048418),(-19.6685495,6.2500000,7.4593343),(-20.0050499,6.2500000,6.7048418),(-19.9249307,6.2500000,6.7941718),(-19.6685495,6.2500000,7.4593343),(-19.9249307,6.2500000,6.7941718),(-19.8554941,6.2500000,6.8896533),(-19.6685495,6.2500000,7.4593343),(-19.8554941,6.2500000,6.8896533),(-19.7967401,6.2500000,6.9912863),(-19.6685495,6.2500000,7.4593343),(-19.7967401,6.2500000,6.9912863),(-19.7486686,6.2500000,7.0990710),(-19.6685495,6.2500000,7.4593343),(-19.7486686,6.2500000,7.0990710),(-19.7112797,6.2500000,7.2130072),(-19.6685495,6.2500000,7.4593343),(-19.7112797,6.2500000,7.2130072),(-19.6845733,6.2500000,7.3330949),(-30.3756582,6.2500000,10.3328085),(-30.4497415,6.2500000,10.4259418),(-30.5799165,6.2500000,10.4608668),(-30.3756582,6.2500000,10.3328085),(-30.5799165,6.2500000,10.4608668),(-30.6569103,6.2500000,10.4457856),(-30.3756582,6.2500000,10.3328085),(-30.6569103,6.2500000,10.4457856),(-30.7227915,6.2500000,10.4005418),(-30.3756582,6.2500000,10.3328085),(-30.7227915,6.2500000,10.4005418),(-30.7680353,6.2500000,10.3320147),(-30.3756582,6.2500000,10.3328085),(-30.7680353,6.2500000,10.3320147),(-30.7831165,6.2500000,10.2470835),(-30.3756582,6.2500000,10.3328085),(-30.7831165,6.2500000,10.2470835),(-30.7831165,6.2500000,6.6201751),(-30.3756582,6.2500000,10.3328085),(-30.7831165,6.2500000,6.6201751),(-30.7667124,6.2500000,6.5378897),(-30.3756582,6.2500000,10.3328085),(-30.7667124,6.2500000,6.5378897),(-30.7174999,6.2500000,6.4688335),(-30.3756582,6.2500000,10.3328085),(-30.7174999,6.2500000,6.4688335),(-30.6500311,6.2500000,6.4235897),(-30.3756582,6.2500000,10.3328085),(-30.6500311,6.2500000,6.4235897),(-30.5682749,6.2500000,6.4085085),(-30.3756582,6.2500000,10.3328085),(-30.5682749,6.2500000,6.4085085),(-30.4865186,6.2500000,6.4235897),(-30.3756582,6.2500000,10.3328085),(-30.4865186,6.2500000,6.4235897),(-30.4190499,6.2500000,6.4688335),(-30.3756582,6.2500000,10.3328085),(-30.4190499,6.2500000,6.4688335),(-30.3722186,6.2500000,6.5378897),(-30.3756582,6.2500000,10.3328085),(-30.3722186,6.2500000,6.5378897),(-30.3566082,6.2500000,6.6201751),(-30.3756582,6.2500000,10.3328085),(-30.3566082,6.2500000,6.6201751),(-30.3566082,6.2500000,9.0850335),(-30.3756582,6.2500000,10.3328085),(-30.3566082,6.2500000,9.0850335),(-29.4538499,6.2500000,6.5386835),(-30.3756582,6.2500000,10.3328085),(-29.4538499,6.2500000,6.5386835),(-29.3816186,6.2500000,6.4410522),(-30.3756582,6.2500000,10.3328085),(-29.3816186,6.2500000,6.4410522),(-29.2580582,6.2500000,6.4085085),(-30.3756582,6.2500000,10.3328085),(-29.2580582,6.2500000,6.4085085),(-29.1344978,6.2500000,6.4410522),(-30.3756582,6.2500000,10.3328085),(-29.1344978,6.2500000,6.4410522),(-29.0622665,6.2500000,6.5386835),(-28.1595082,6.2500000,9.0850335),(-28.1595082,6.2500000,6.6201751),(-28.1438978,6.2500000,6.5066689),(-28.1595082,6.2500000,9.0850335),(-28.1438978,6.2500000,6.5066689),(-28.0970665,6.2500000,6.4688335),(-28.1595082,6.2500000,9.0850335),(-28.0970665,6.2500000,6.4688335),(-27.9488999,6.2500000,6.4085085),(-28.1595082,6.2500000,9.0850335),(-27.9488999,6.2500000,6.4085085),(-27.9160915,6.2500000,6.3968668),(-28.1595082,6.2500000,9.0850335),(-27.9160915,6.2500000,6.3968668),(-27.7964999,6.2500000,6.4688335),(-28.1595082,6.2500000,9.0850335),(-27.7964999,6.2500000,6.4688335),(-27.7512561,6.2500000,6.5368314),(-28.1595082,6.2500000,9.0850335),(-27.7512561,6.2500000,6.5368314),(-27.7361749,6.2500000,6.6201751),(-28.1595082,6.2500000,9.0850335),(-27.7361749,6.2500000,6.6201751),(-27.7361749,6.2500000,10.2470835),(-28.1595082,6.2500000,9.0850335),(-27.7361749,6.2500000,10.2470835),(-27.7512561,6.2500000,10.3280460),(-29.0622665,6.2500000,6.5386835),(-28.1595082,6.2500000,9.0850335),(-27.7512561,6.2500000,10.3280460),(-29.0622665,6.2500000,6.5386835),(-27.7512561,6.2500000,10.3280460),(-27.7964999,6.2500000,10.3952501),(-29.0622665,6.2500000,6.5386835),(-27.7964999,6.2500000,10.3952501),(-27.8629103,6.2500000,10.4444626),(-29.0622665,6.2500000,6.5386835),(-27.8629103,6.2500000,10.4444626),(-27.9372582,6.2500000,10.4608668),(-29.0622665,6.2500000,6.5386835),(-27.9372582,6.2500000,10.4608668),(-28.0642582,6.2500000,10.4259418),(-29.0622665,6.2500000,6.5386835),(-28.0642582,6.2500000,10.4259418),(-28.1436332,6.2500000,10.3285751),(-29.0622665,6.2500000,6.5386835),(-28.1436332,6.2500000,10.3285751),(-29.2591165,6.2500000,7.2774001),(-30.3756582,6.2500000,10.3328085),(-29.0622665,6.2500000,6.5386835),(-29.2591165,6.2500000,7.2774001),(-18.1148665,6.2500000,7.3282001),(-18.1127499,6.2500000,7.2795168),(-18.0888216,6.2500000,7.1874253),(-18.1148665,6.2500000,7.3282001),(-18.0888216,6.2500000,7.1874253),(-18.0609577,6.2500000,7.1011215),(-18.1148665,6.2500000,7.3282001),(-18.0609577,6.2500000,7.1011215),(-18.0291581,6.2500000,7.0206055),(-18.1148665,6.2500000,7.3282001),(-18.0291581,6.2500000,7.0206055),(-17.9934228,6.2500000,6.9458772),(-18.1148665,6.2500000,7.3282001),(-17.9934228,6.2500000,6.9458772),(-17.9537518,6.2500000,6.8769367),(-18.1148665,6.2500000,7.3282001),(-17.9537518,6.2500000,6.8769367),(-17.9101452,6.2500000,6.8137840),(-18.1148665,6.2500000,7.3282001),(-17.9101452,6.2500000,6.8137840),(-17.8111249,6.2500000,6.7048418),(-18.1148665,6.2500000,7.3282001),(-17.8111249,6.2500000,6.7048418),(-17.7301458,6.2500000,6.6353887),(-18.1148665,6.2500000,7.3282001),(-17.7301458,6.2500000,6.6353887),(-17.6470170,6.2500000,6.5751960),(-18.1148665,6.2500000,7.3282001),(-17.6470170,6.2500000,6.5751960),(-17.5617385,6.2500000,6.5242637),(-18.1148665,6.2500000,7.3282001),(-17.5617385,6.2500000,6.5242637),(-17.4743103,6.2500000,6.4825918),(-18.1148665,6.2500000,7.3282001),(-17.4743103,6.2500000,6.4825918),(-17.3847323,6.2500000,6.4501804),(-18.1148665,6.2500000,7.3282001),(-17.3847323,6.2500000,6.4501804),(-17.2930045,6.2500000,6.4270293),(-18.1148665,6.2500000,7.3282001),(-17.2930045,6.2500000,6.4270293),(-17.1991271,6.2500000,6.4131387),(-18.1148665,6.2500000,7.3282001),(-17.1991271,6.2500000,6.4131387),(-17.1030999,6.2500000,6.4085085),(-18.1148665,6.2500000,7.3282001),(-17.1030999,6.2500000,6.4085085),(-17.0078499,6.2500000,6.4132214),(-18.1148665,6.2500000,7.3282001),(-17.0078499,6.2500000,6.4132214),(-16.9152457,6.2500000,6.4273600),(-18.1148665,6.2500000,7.3282001),(-16.9152457,6.2500000,6.4273600),(-16.8252874,6.2500000,6.4509245),(-18.1148665,6.2500000,7.3282001),(-16.8252874,6.2500000,6.4509245),(-16.7379749,6.2500000,6.4839147),(-16.7379749,6.2500000,6.4839147),(-16.6533082,6.2500000,6.5263307),(-16.5712874,6.2500000,6.5781725),(-16.7379749,6.2500000,6.4839147),(-16.5712874,6.2500000,6.5781725),(-16.4919124,6.2500000,6.6394401),(-16.7379749,6.2500000,6.4839147),(-16.4919124,6.2500000,6.6394401),(-16.4151832,6.2500000,6.7101335),(-16.7379749,6.2500000,6.4839147),(-16.4151832,6.2500000,6.7101335),(-16.3350640,6.2500000,6.7983720),(-16.7379749,6.2500000,6.4839147),(-16.3350640,6.2500000,6.7983720),(-16.2656275,6.2500000,6.8932251),(-16.7379749,6.2500000,6.4839147),(-16.2656275,6.2500000,6.8932251),(-16.2068734,6.2500000,6.9946929),(-16.7379749,6.2500000,6.4839147),(-16.2068734,6.2500000,6.9946929),(-16.1588019,6.2500000,7.1027751),(-16.7379749,6.2500000,6.4839147),(-16.1588019,6.2500000,7.1027751),(-16.1214130,6.2500000,7.2174720),(-16.7379749,6.2500000,6.4839147),(-16.1214130,6.2500000,7.2174720),(-16.0947066,6.2500000,7.3387835),(-16.7379749,6.2500000,6.4839147),(-16.0947066,6.2500000,7.3387835),(-16.0786828,6.2500000,7.4667095),(-16.7379749,6.2500000,6.4839147),(-16.0786828,6.2500000,7.4667095),(-16.0733415,6.2500000,7.6012501),(-16.7379749,6.2500000,6.4839147),(-16.0733415,6.2500000,7.6012501),(-16.0746314,6.2500000,7.7045327),(-16.7379749,6.2500000,6.4839147),(-16.0746314,6.2500000,7.7045327),(-16.0785009,6.2500000,7.8037721),(-16.7379749,6.2500000,6.4839147),(-16.0785009,6.2500000,7.8037721),(-16.0849501,6.2500000,7.8989684),(-16.7379749,6.2500000,6.4839147),(-16.0849501,6.2500000,7.8989684),(-16.0939790,6.2500000,7.9901215),(-16.7379749,6.2500000,6.4839147),(-16.0939790,6.2500000,7.9901215),(-16.1055876,6.2500000,8.0772314),(-16.7379749,6.2500000,6.4839147),(-16.1055876,6.2500000,8.0772314),(-16.1197759,6.2500000,8.1602982),(-16.7379749,6.2500000,6.4839147),(-16.1197759,6.2500000,8.1602982),(-16.1365439,6.2500000,8.2393218),(-16.7379749,6.2500000,6.4839147),(-16.1365439,6.2500000,8.2393218),(-16.1558915,6.2500000,8.3143022),(-16.7379749,6.2500000,6.4839147),(-16.1558915,6.2500000,8.3143022),(-16.2023259,6.2500000,8.4521336),(-16.2023259,6.2500000,8.4521336),(-16.2590790,6.2500000,8.5737923),(-16.3261509,6.2500000,8.6792784),(-16.2023259,6.2500000,8.4521336),(-16.3261509,6.2500000,8.6792784),(-16.4035415,6.2500000,8.7685918),(-16.2023259,6.2500000,8.4521336),(-16.4035415,6.2500000,8.7685918),(-16.4830323,6.2500000,8.8380449),(-16.2023259,6.2500000,8.4521336),(-16.4830323,6.2500000,8.8380449),(-16.5648712,6.2500000,8.8982376),(-16.2023259,6.2500000,8.4521336),(-16.5648712,6.2500000,8.8982376),(-16.6490583,6.2500000,8.9491699),(-16.2023259,6.2500000,8.4521336),(-16.6490583,6.2500000,8.9491699),(-16.7355936,6.2500000,8.9908418),(-16.2023259,6.2500000,8.4521336),(-16.7355936,6.2500000,8.9908418),(-16.8244771,6.2500000,9.0232533),(-16.2023259,6.2500000,8.4521336),(-16.8244771,6.2500000,9.0232533),(-16.9157087,6.2500000,9.0464043),(-16.2023259,6.2500000,8.4521336),(-16.9157087,6.2500000,9.0464043),(-17.0092885,6.2500000,9.0602949),(-16.2023259,6.2500000,8.4521336),(-17.0092885,6.2500000,9.0602949),(-17.1052165,6.2500000,9.0649251),(-16.2023259,6.2500000,8.4521336),(-17.1052165,6.2500000,9.0649251),(-17.1905281,6.2500000,9.0616675),(-16.2023259,6.2500000,8.4521336),(-17.1905281,6.2500000,9.0616675),(-17.2728962,6.2500000,9.0518944),(-16.2023259,6.2500000,8.4521336),(-17.2728962,6.2500000,9.0518944),(-17.3523208,6.2500000,9.0356060),(-16.2023259,6.2500000,8.4521336),(-17.3523208,6.2500000,9.0356060),(-17.4288019,6.2500000,9.0128022),(-16.2023259,6.2500000,8.4521336),(-17.4288019,6.2500000,9.0128022),(-17.5729337,6.2500000,8.9476486),(-16.2023259,6.2500000,8.4521336),(-17.5729337,6.2500000,8.9476486),(-17.7052915,6.2500000,8.8564335),(-17.6629582,6.2500000,10.0343585),(-16.3876665,6.2500000,10.0343585),(-16.3061749,6.2500000,10.0502335),(-17.6629582,6.2500000,10.0343585),(-16.3061749,6.2500000,10.0502335),(-16.2373832,6.2500000,10.0978585),(-17.6629582,6.2500000,10.0343585),(-16.2373832,6.2500000,10.0978585),(-16.1905519,6.2500000,10.1671793),(-17.6629582,6.2500000,10.0343585),(-16.1905519,6.2500000,10.1671793),(-16.1749415,6.2500000,10.2481418),(-17.6629582,6.2500000,10.0343585),(-16.1749415,6.2500000,10.2481418),(-16.1905519,6.2500000,10.3288397),(-17.6629582,6.2500000,10.0343585),(-16.1905519,6.2500000,10.3288397),(-16.2373832,6.2500000,10.3973668),(-17.6629582,6.2500000,10.0343585),(-16.2373832,6.2500000,10.3973668),(-16.3061749,6.2500000,10.4449918),(-17.6629582,6.2500000,10.0343585),(-16.3061749,6.2500000,10.4449918),(-16.3876665,6.2500000,10.4608668),(-17.6629582,6.2500000,10.0343585),(-16.3876665,6.2500000,10.4608668),(-17.8598082,6.2500000,10.4608668),(-17.7052915,6.2500000,8.8564335),(-17.6629582,6.2500000,10.0343585),(-17.8598082,6.2500000,10.4608668),(-17.7052915,6.2500000,8.8564335),(-17.8598082,6.2500000,10.4608668),(-17.9402415,6.2500000,10.4468439),(-17.7052915,6.2500000,8.8564335),(-17.9402415,6.2500000,10.4468439),(-18.0100915,6.2500000,10.4047751),(-17.7052915,6.2500000,8.8564335),(-18.0100915,6.2500000,10.4047751),(-18.0577165,6.2500000,10.3396876),(-17.7052915,6.2500000,8.8564335),(-18.0577165,6.2500000,10.3396876),(-18.0735915,6.2500000,10.2608418),(-17.7052915,6.2500000,8.8564335),(-18.0735915,6.2500000,10.2608418),(-18.1540249,6.2500000,8.1960335),(-17.7052915,6.2500000,8.8564335),(-18.1540249,6.2500000,8.1960335),(-18.1407957,6.2500000,8.1166585),(-17.7052915,6.2500000,8.8564335),(-18.1407957,6.2500000,8.1166585),(-18.1011082,6.2500000,8.0457501),(-17.7052915,6.2500000,8.8564335),(-18.1011082,6.2500000,8.0457501),(-18.0360207,6.2500000,7.9917751),(-17.7052915,6.2500000,8.8564335),(-18.0360207,6.2500000,7.9917751),(-17.9529415,6.2500000,7.9737835),(-17.7052915,6.2500000,8.8564335),(-17.9529415,6.2500000,7.9737835),(-17.8717144,6.2500000,7.9872772),(-17.7052915,6.2500000,8.8564335),(-17.8717144,6.2500000,7.9872772),(-17.7994832,6.2500000,8.0277585),(-17.7052915,6.2500000,8.8564335),(-17.7994832,6.2500000,8.0277585),(-17.7370415,6.2500000,8.1293585),(-17.7052915,6.2500000,8.8564335),(-17.7370415,6.2500000,8.1293585),(-17.7030426,6.2500000,8.2144882),(-17.7052915,6.2500000,8.8564335),(-17.7030426,6.2500000,8.2144882),(-17.6539624,6.2500000,8.2984272),(-17.7052915,6.2500000,8.8564335),(-17.6539624,6.2500000,8.2984272),(-17.5898009,6.2500000,8.3811757),(-17.7052915,6.2500000,8.8564335),(-17.5898009,6.2500000,8.3811757),(-17.5105582,6.2500000,8.4627335),(-17.7052915,6.2500000,8.8564335),(-17.5105582,6.2500000,8.4627335),(-17.4149775,6.2500000,8.5405210),(-17.7052915,6.2500000,8.8564335),(-17.4149775,6.2500000,8.5405210),(-17.3155603,6.2500000,8.5960835),(-17.7052915,6.2500000,8.8564335),(-17.3155603,6.2500000,8.5960835),(-17.2123066,6.2500000,8.6294210),(-17.7052915,6.2500000,8.8564335),(-17.2123066,6.2500000,8.6294210),(-17.1052165,6.2500000,8.6405335),(-17.7052915,6.2500000,8.8564335),(-17.1052165,6.2500000,8.6405335),(-16.9987217,6.2500000,8.6294210),(-16.2023259,6.2500000,8.4521336),(-17.7052915,6.2500000,8.8564335),(-16.9987217,6.2500000,8.6294210),(-16.2023259,6.2500000,8.4521336),(-16.9987217,6.2500000,8.6294210),(-16.8961957,6.2500000,8.5960835),(-16.2023259,6.2500000,8.4521336),(-16.8961957,6.2500000,8.5960835),(-16.7976384,6.2500000,8.5405210),(-16.2023259,6.2500000,8.4521336),(-16.7976384,6.2500000,8.5405210),(-16.7030499,6.2500000,8.4627335),(-16.2023259,6.2500000,8.4521336),(-16.7030499,6.2500000,8.4627335),(-16.6127608,6.2500000,8.3341460),(-16.2023259,6.2500000,8.4521336),(-16.6127608,6.2500000,8.3341460),(-16.5772901,6.2500000,8.2480241),(-16.2023259,6.2500000,8.4521336),(-16.5772901,6.2500000,8.2480241),(-16.5482686,6.2500000,8.1473501),(-16.2023259,6.2500000,8.4521336),(-16.5482686,6.2500000,8.1473501),(-16.5256963,6.2500000,8.0321241),(-16.2023259,6.2500000,8.4521336),(-16.5256963,6.2500000,8.0321241),(-16.5095733,6.2500000,7.9023460),(-16.2023259,6.2500000,8.4521336),(-16.5095733,6.2500000,7.9023460),(-16.4998995,6.2500000,7.7580158),(-16.2023259,6.2500000,8.4521336),(-16.4998995,6.2500000,7.7580158),(-16.4966749,6.2500000,7.5991335),(-16.2023259,6.2500000,8.4521336),(-16.4966749,6.2500000,7.5991335),(-16.5001144,6.2500000,7.5076869),(-16.2023259,6.2500000,8.4521336),(-16.5001144,6.2500000,7.5076869),(-16.5104332,6.2500000,7.4212012),(-16.2023259,6.2500000,8.4521336),(-16.5104332,6.2500000,7.4212012),(-16.5276311,6.2500000,7.3396764),(-16.7379749,6.2500000,6.4839147),(-16.2023259,6.2500000,8.4521336),(-16.5276311,6.2500000,7.3396764),(-16.7379749,6.2500000,6.4839147),(-16.5276311,6.2500000,7.3396764),(-16.5517082,6.2500000,7.2631126),(-16.7379749,6.2500000,6.4839147),(-16.5517082,6.2500000,7.2631126),(-16.6204999,6.2500000,7.1248679),(-16.7379749,6.2500000,6.4839147),(-16.6204999,6.2500000,7.1248679),(-16.7168082,6.2500000,7.0064668),(-16.7379749,6.2500000,6.4839147),(-16.7168082,6.2500000,7.0064668),(-16.8080894,6.2500000,6.9305314),(-16.7379749,6.2500000,6.4839147),(-16.8080894,6.2500000,6.9305314),(-16.9041332,6.2500000,6.8762918),(-16.7379749,6.2500000,6.4839147),(-16.9041332,6.2500000,6.8762918),(-17.0049394,6.2500000,6.8437481),(-16.7379749,6.2500000,6.4839147),(-17.0049394,6.2500000,6.8437481),(-17.1105082,6.2500000,6.8329001),(-16.7379749,6.2500000,6.4839147),(-17.1105082,6.2500000,6.8329001),(-17.2131004,6.2500000,6.8441449),(-16.7379749,6.2500000,6.4839147),(-17.2131004,6.2500000,6.8441449),(-17.3155603,6.2500000,6.8778793),(-16.7379749,6.2500000,6.4839147),(-17.3155603,6.2500000,6.8778793),(-17.4178879,6.2500000,6.9341033),(-18.1148665,6.2500000,7.3282001),(-16.7379749,6.2500000,6.4839147),(-17.4178879,6.2500000,6.9341033),(-18.1148665,6.2500000,7.3282001),(-17.4178879,6.2500000,6.9341033),(-17.5200832,6.2500000,7.0128168),(-18.1148665,6.2500000,7.3282001),(-17.5200832,6.2500000,7.0128168),(-17.6222124,6.2500000,7.1556918),(-18.1148665,6.2500000,7.3282001),(-17.6222124,6.2500000,7.1556918),(-17.6617676,6.2500000,7.2557043),(-18.1148665,6.2500000,7.3282001),(-17.6617676,6.2500000,7.2557043),(-17.6936499,6.2500000,7.3747668),(-18.1148665,6.2500000,7.3282001),(-17.6936499,6.2500000,7.3747668),(-17.7377030,6.2500000,7.4474611),(-18.1148665,6.2500000,7.3282001),(-17.7377030,6.2500000,7.4474611),(-17.7862540,6.2500000,7.4993856),(-18.1148665,6.2500000,7.3282001),(-17.7862540,6.2500000,7.4993856),(-17.8968499,6.2500000,7.5409251),(-18.1148665,6.2500000,7.3282001),(-17.8968499,6.2500000,7.5409251),(-17.9042582,6.2500000,7.5409251),(-18.1148665,6.2500000,7.3282001),(-17.9042582,6.2500000,7.5409251),(-17.9781431,6.2500000,7.5252486),(-18.1148665,6.2500000,7.3282001),(-17.9781431,6.2500000,7.5252486),(-18.0378728,6.2500000,7.4845689),(-25.5369582,6.2500000,8.6966251),(-25.4893332,6.2500000,8.7453085),(-25.4332746,6.2500000,8.8228810),(-25.5369582,6.2500000,8.6966251),(-25.4332746,6.2500000,8.8228810),(-25.3846905,6.2500000,8.9042569),(-25.5369582,6.2500000,8.6966251),(-25.3846905,6.2500000,8.9042569),(-25.3435808,6.2500000,8.9894362),(-25.5369582,6.2500000,8.6966251),(-25.3435808,6.2500000,8.9894362),(-25.3099457,6.2500000,9.0784189),(-25.5369582,6.2500000,8.6966251),(-25.3099457,6.2500000,9.0784189),(-25.2837850,6.2500000,9.1712050),(-25.5369582,6.2500000,8.6966251),(-25.2837850,6.2500000,9.1712050),(-25.2650988,6.2500000,9.2677944),(-25.5369582,6.2500000,8.6966251),(-25.2650988,6.2500000,9.2677944),(-25.2538871,6.2500000,9.3681873),(-25.5369582,6.2500000,8.6966251),(-25.2538871,6.2500000,9.3681873),(-25.2501499,6.2500000,9.4723835),(-25.5369582,6.2500000,8.6966251),(-25.2501499,6.2500000,9.4723835),(-25.2538706,6.2500000,9.5764970),(-25.5369582,6.2500000,8.6966251),(-25.2538706,6.2500000,9.5764970),(-25.2650327,6.2500000,9.6761126),(-25.5369582,6.2500000,8.6966251),(-25.2650327,6.2500000,9.6761126),(-25.2836362,6.2500000,9.7712304),(-25.5369582,6.2500000,8.6966251),(-25.2836362,6.2500000,9.7712304),(-25.3096811,6.2500000,9.8618501),(-25.5369582,6.2500000,8.6966251),(-25.3096811,6.2500000,9.8618501),(-25.3431674,6.2500000,9.9479720),(-25.5369582,6.2500000,8.6966251),(-25.3431674,6.2500000,9.9479720),(-25.3840952,6.2500000,10.0295960),(-25.5369582,6.2500000,8.6966251),(-25.3840952,6.2500000,10.0295960),(-25.4324643,6.2500000,10.1067220),(-25.5369582,6.2500000,8.6966251),(-25.4324643,6.2500000,10.1067220),(-25.4882749,6.2500000,10.1793501),(-25.5369582,6.2500000,8.6966251),(-25.4882749,6.2500000,10.1793501),(-25.5500220,6.2500000,10.2453306),(-25.5369582,6.2500000,8.6966251),(-25.5500220,6.2500000,10.2453306),(-25.6167301,6.2500000,10.3025137),(-25.5369582,6.2500000,8.6966251),(-25.6167301,6.2500000,10.3025137),(-25.6883991,6.2500000,10.3508994),(-25.5369582,6.2500000,8.6966251),(-25.6883991,6.2500000,10.3508994),(-25.7650290,6.2500000,10.3904876),(-25.7650290,6.2500000,10.3904876),(-25.8466199,6.2500000,10.4212785),(-25.9331717,6.2500000,10.4432720),(-25.7650290,6.2500000,10.3904876),(-25.9331717,6.2500000,10.4432720),(-26.0246845,6.2500000,10.4564681),(-25.7650290,6.2500000,10.3904876),(-26.0246845,6.2500000,10.4564681),(-26.1211582,6.2500000,10.4608668),(-25.7650290,6.2500000,10.3904876),(-26.1211582,6.2500000,10.4608668),(-26.2166728,6.2500000,10.4564846),(-25.7650290,6.2500000,10.3904876),(-26.2166728,6.2500000,10.4564846),(-26.3079540,6.2500000,10.4433382),(-25.7650290,6.2500000,10.3904876),(-26.3079540,6.2500000,10.4433382),(-26.3950019,6.2500000,10.4214274),(-25.7650290,6.2500000,10.3904876),(-26.3950019,6.2500000,10.4214274),(-26.4778165,6.2500000,10.3907522),(-25.7650290,6.2500000,10.3904876),(-26.4778165,6.2500000,10.3907522),(-26.5563978,6.2500000,10.3513128),(-25.7650290,6.2500000,10.3904876),(-26.5563978,6.2500000,10.3513128),(-26.6307457,6.2500000,10.3031090),(-25.7650290,6.2500000,10.3904876),(-26.6307457,6.2500000,10.3031090),(-26.7008603,6.2500000,10.2461409),(-25.7650290,6.2500000,10.3904876),(-26.7008603,6.2500000,10.2461409),(-26.7667415,6.2500000,10.1804085),(-25.7650290,6.2500000,10.3904876),(-26.7667415,6.2500000,10.1804085),(-26.8265208,6.2500000,10.1079953),(-25.7650290,6.2500000,10.3904876),(-26.8265208,6.2500000,10.1079953),(-26.8783295,6.2500000,10.0309850),(-25.7650290,6.2500000,10.3904876),(-26.8783295,6.2500000,10.0309850),(-26.9221677,6.2500000,9.9493776),(-25.7650290,6.2500000,10.3904876),(-26.9221677,6.2500000,9.9493776),(-26.9580353,6.2500000,9.8631731),(-25.7650290,6.2500000,10.3904876),(-26.9580353,6.2500000,9.8631731),(-26.9859323,6.2500000,9.7723714),(-25.7650290,6.2500000,10.3904876),(-26.9859323,6.2500000,9.7723714),(-27.0058587,6.2500000,9.6769725),(-25.7650290,6.2500000,10.3904876),(-27.0058587,6.2500000,9.6769725),(-27.0178146,6.2500000,9.5769766),(-27.0178146,6.2500000,9.5769766),(-27.0217999,6.2500000,9.4723835),(-27.0064540,6.2500000,9.3900981),(-27.0178146,6.2500000,9.5769766),(-27.0064540,6.2500000,9.3900981),(-26.9604165,6.2500000,9.3210418),(-27.0178146,6.2500000,9.5769766),(-26.9604165,6.2500000,9.3210418),(-26.8921540,6.2500000,9.2742106),(-27.0178146,6.2500000,9.5769766),(-26.8921540,6.2500000,9.2742106),(-26.8101332,6.2500000,9.2586001),(-27.0178146,6.2500000,9.5769766),(-26.8101332,6.2500000,9.2586001),(-26.7273186,6.2500000,9.2742106),(-27.0178146,6.2500000,9.5769766),(-26.7273186,6.2500000,9.2742106),(-26.6587915,6.2500000,9.3210418),(-27.0178146,6.2500000,9.5769766),(-26.6587915,6.2500000,9.3210418),(-26.6127540,6.2500000,9.3900981),(-27.0178146,6.2500000,9.5769766),(-26.6127540,6.2500000,9.3900981),(-26.5974082,6.2500000,9.4723835),(-27.0178146,6.2500000,9.5769766),(-26.5974082,6.2500000,9.4723835),(-26.5887431,6.2500000,9.5986559),(-27.0178146,6.2500000,9.5769766),(-26.5887431,6.2500000,9.5986559),(-26.5627478,6.2500000,9.7097147),(-27.0178146,6.2500000,9.5769766),(-26.5627478,6.2500000,9.7097147),(-26.5194223,6.2500000,9.8055600),(-27.0178146,6.2500000,9.5769766),(-26.5194223,6.2500000,9.8055600),(-26.4587665,6.2500000,9.8861918),(-27.0178146,6.2500000,9.5769766),(-26.4587665,6.2500000,9.8861918),(-26.3872629,6.2500000,9.9510147),(-25.7650290,6.2500000,10.3904876),(-27.0178146,6.2500000,9.5769766),(-26.3872629,6.2500000,9.9510147),(-25.7650290,6.2500000,10.3904876),(-26.3872629,6.2500000,9.9510147),(-26.3071603,6.2500000,9.9973168),(-25.7650290,6.2500000,10.3904876),(-26.3071603,6.2500000,9.9973168),(-26.2184587,6.2500000,10.0250981),(-25.7650290,6.2500000,10.3904876),(-26.2184587,6.2500000,10.0250981),(-26.1211582,6.2500000,10.0343585),(-25.7650290,6.2500000,10.3904876),(-26.1211582,6.2500000,10.0343585),(-26.0272973,6.2500000,10.0251642),(-25.7650290,6.2500000,10.3904876),(-26.0272973,6.2500000,10.0251642),(-25.9425644,6.2500000,9.9975814),(-25.7650290,6.2500000,10.3904876),(-25.9425644,6.2500000,9.9975814),(-25.8669598,6.2500000,9.9516100),(-25.7650290,6.2500000,10.3904876),(-25.8669598,6.2500000,9.9516100),(-25.8004832,6.2500000,9.8872501),(-25.7650290,6.2500000,10.3904876),(-25.8004832,6.2500000,9.8872501),(-25.7463098,6.2500000,9.8061554),(-25.7650290,6.2500000,10.3904876),(-25.7463098,6.2500000,9.8061554),(-25.7076144,6.2500000,9.7099793),(-25.7650290,6.2500000,10.3904876),(-25.7076144,6.2500000,9.7099793),(-25.6843973,6.2500000,9.5987220),(-25.5369582,6.2500000,8.6966251),(-25.7650290,6.2500000,10.3904876),(-25.6843973,6.2500000,9.5987220),(-25.5369582,6.2500000,8.6966251),(-25.6843973,6.2500000,9.5987220),(-25.6766582,6.2500000,9.4723835),(-25.5369582,6.2500000,8.6966251),(-25.6766582,6.2500000,9.4723835),(-25.6843311,6.2500000,9.3443251),(-25.5369582,6.2500000,8.6966251),(-25.6843311,6.2500000,9.3443251),(-25.7073499,6.2500000,9.2289668),(-25.5369582,6.2500000,8.6966251),(-25.7073499,6.2500000,9.2289668),(-25.7457144,6.2500000,9.1263085),(-25.5369582,6.2500000,8.6966251),(-25.7457144,6.2500000,9.1263085),(-25.7994249,6.2500000,9.0363501),(-25.5369582,6.2500000,8.6966251),(-25.7994249,6.2500000,9.0363501),(-25.8616681,6.2500000,8.9715272),(-25.4525561,6.2500000,8.6204251),(-25.5369582,6.2500000,8.6966251),(-25.8616681,6.2500000,8.9715272),(-25.4525561,6.2500000,8.6204251),(-25.8616681,6.2500000,8.9715272),(-25.9309228,6.2500000,8.9252251),(-25.4525561,6.2500000,8.6204251),(-25.9309228,6.2500000,8.9252251),(-26.0071889,6.2500000,8.8974439),(-25.4525561,6.2500000,8.6204251),(-26.0071889,6.2500000,8.8974439),(-26.0904665,6.2500000,8.8881835),(-25.4525561,6.2500000,8.6204251),(-26.0904665,6.2500000,8.8881835),(-26.1327999,6.2500000,8.8881835),(-25.4525561,6.2500000,8.6204251),(-26.1327999,6.2500000,8.8881835),(-26.1994749,6.2500000,8.8881835),(-25.4525561,6.2500000,8.6204251),(-26.1994749,6.2500000,8.8881835),(-26.2809665,6.2500000,8.8725731),(-25.4525561,6.2500000,8.6204251),(-26.2809665,6.2500000,8.8725731),(-26.3497582,6.2500000,8.8257418),(-25.4525561,6.2500000,8.6204251),(-26.3497582,6.2500000,8.8257418),(-26.3965894,6.2500000,8.7572147),(-25.4525561,6.2500000,8.6204251),(-26.3965894,6.2500000,8.7572147),(-26.4121999,6.2500000,8.6765168),(-25.4525561,6.2500000,8.6204251),(-26.4121999,6.2500000,8.6765168),(-26.3965894,6.2500000,8.5955543),(-25.4525561,6.2500000,8.6204251),(-26.3965894,6.2500000,8.5955543),(-26.3497582,6.2500000,8.5262335),(-25.4525561,6.2500000,8.6204251),(-26.3497582,6.2500000,8.5262335),(-26.2809665,6.2500000,8.4786085),(-25.4525561,6.2500000,8.6204251),(-26.2809665,6.2500000,8.4786085),(-26.1994749,6.2500000,8.4627335),(-25.4525561,6.2500000,8.6204251),(-26.1994749,6.2500000,8.4627335),(-26.1327999,6.2500000,8.4627335),(-25.4525561,6.2500000,8.6204251),(-26.1327999,6.2500000,8.4627335),(-26.0024264,6.2500000,8.4487767),(-25.4525561,6.2500000,8.6204251),(-26.0024264,6.2500000,8.4487767),(-25.8843561,6.2500000,8.4069064),(-25.4525561,6.2500000,8.6204251),(-25.8843561,6.2500000,8.4069064),(-25.7785889,6.2500000,8.3371225),(-25.4525561,6.2500000,8.6204251),(-25.7785889,6.2500000,8.3371225),(-25.6851249,6.2500000,8.2394251),(-25.4525561,6.2500000,8.6204251),(-25.6851249,6.2500000,8.2394251),(-25.6082634,6.2500000,8.1182460),(-25.4525561,6.2500000,8.6204251),(-25.6082634,6.2500000,8.1182460),(-25.5533624,6.2500000,7.9780168),(-25.4525561,6.2500000,8.6204251),(-25.5533624,6.2500000,7.9780168),(-25.5204217,6.2500000,7.8187376),(-25.4525561,6.2500000,8.6204251),(-25.5204217,6.2500000,7.8187376),(-25.5121866,6.2500000,7.7319543),(-25.4525561,6.2500000,8.6204251),(-25.5121866,6.2500000,7.7319543),(-25.5094415,6.2500000,7.6404085),(-25.4525561,6.2500000,8.6204251),(-25.5094415,6.2500000,7.6404085),(-25.5122196,6.2500000,7.5497225),(-26.7312212,6.2500000,7.6049047),(-26.7339332,6.2500000,7.7049668),(-26.7498082,6.2500000,7.7869876),(-26.7230853,6.2500000,7.5105642),(-26.7312212,6.2500000,7.6049047),(-26.7498082,6.2500000,7.7869876),(-26.7230853,6.2500000,7.5105642),(-26.7498082,6.2500000,7.7869876),(-26.7974332,6.2500000,7.8552501),(-26.7095254,6.2500000,7.4219453),(-26.7230853,6.2500000,7.5105642),(-26.7974332,6.2500000,7.8552501),(-26.7095254,6.2500000,7.4219453),(-26.7974332,6.2500000,7.8552501),(-26.8667540,6.2500000,7.9012876),(-26.6905415,6.2500000,7.3390481),(-26.7095254,6.2500000,7.4219453),(-26.8667540,6.2500000,7.9012876),(-26.6905415,6.2500000,7.3390481),(-26.8667540,6.2500000,7.9012876),(-26.9498332,6.2500000,7.9166335),(-26.6363019,6.2500000,7.1904184),(-26.6905415,6.2500000,7.3390481),(-26.9498332,6.2500000,7.9166335),(-26.6363019,6.2500000,7.1904184),(-26.9498332,6.2500000,7.9166335),(-27.0326478,6.2500000,7.9012876),(-26.6363019,6.2500000,7.1904184),(-27.0326478,6.2500000,7.9012876),(-27.1011749,6.2500000,7.8552501),(-26.5603665,6.2500000,7.0646751),(-26.6363019,6.2500000,7.1904184),(-27.1011749,6.2500000,7.8552501),(-26.5603665,6.2500000,7.0646751),(-27.1011749,6.2500000,7.8552501),(-27.1472124,6.2500000,7.7869876),(-26.5603665,6.2500000,7.0646751),(-27.1472124,6.2500000,7.7869876),(-27.1625582,6.2500000,7.7049668),(-26.4698129,6.2500000,6.9651257),(-26.5603665,6.2500000,7.0646751),(-27.1625582,6.2500000,7.7049668),(-26.4698129,6.2500000,6.9651257),(-27.1625582,6.2500000,7.7049668),(-27.1581430,6.2500000,7.5679953),(-26.4698129,6.2500000,6.9651257),(-27.1581430,6.2500000,7.5679953),(-27.1448973,6.2500000,7.4370100),(-26.4698129,6.2500000,6.9651257),(-27.1448973,6.2500000,7.4370100),(-27.1228211,6.2500000,7.3120110),(-26.3664269,6.2500000,6.8940189),(-26.4698129,6.2500000,6.9651257),(-27.1228211,6.2500000,7.3120110),(-26.3664269,6.2500000,6.8940189),(-27.1228211,6.2500000,7.3120110),(-27.0919144,6.2500000,7.1929981),(-26.3664269,6.2500000,6.8940189),(-27.0919144,6.2500000,7.1929981),(-27.0521773,6.2500000,7.0799714),(-26.2502087,6.2500000,6.8513548),(-26.3664269,6.2500000,6.8940189),(-27.0521773,6.2500000,7.0799714),(-26.2502087,6.2500000,6.8513548),(-27.0521773,6.2500000,7.0799714),(-27.0036098,6.2500000,6.9729309),(-26.2502087,6.2500000,6.8513548),(-27.0036098,6.2500000,6.9729309),(-26.9462117,6.2500000,6.8718766),(-26.1211582,6.2500000,6.8371335),(-26.2502087,6.2500000,6.8513548),(-26.9462117,6.2500000,6.8718766),(-26.1211582,6.2500000,6.8371335),(-26.9462117,6.2500000,6.8718766),(-26.8799832,6.2500000,6.7768085),(-26.1211582,6.2500000,6.8371335),(-26.8799832,6.2500000,6.7768085),(-26.8079338,6.2500000,6.6912323),(-25.9975978,6.2500000,6.8505611),(-26.1211582,6.2500000,6.8371335),(-26.8079338,6.2500000,6.6912323),(-25.9975978,6.2500000,6.8505611),(-26.8079338,6.2500000,6.6912323),(-26.7293691,6.2500000,6.6170663),(-25.9975978,6.2500000,6.8505611),(-26.7293691,6.2500000,6.6170663),(-26.6442890,6.2500000,6.5543104),(-25.8840915,6.2500000,6.8908439),(-25.9975978,6.2500000,6.8505611),(-26.6442890,6.2500000,6.5543104),(-25.8840915,6.2500000,6.8908439),(-26.6442890,6.2500000,6.5543104),(-26.5526936,6.2500000,6.5029647),(-25.8840915,6.2500000,6.8908439),(-26.5526936,6.2500000,6.5029647),(-26.4545828,6.2500000,6.4630292),(-25.7806394,6.2500000,6.9579819),(-25.8840915,6.2500000,6.8908439),(-26.4545828,6.2500000,6.4630292),(-25.7806394,6.2500000,6.9579819),(-26.4545828,6.2500000,6.4630292),(-26.3499566,6.2500000,6.4345038),(-25.7806394,6.2500000,6.9579819),(-26.3499566,6.2500000,6.4345038),(-26.2388151,6.2500000,6.4173886),(-25.6872415,6.2500000,7.0519751),(-25.7806394,6.2500000,6.9579819),(-26.2388151,6.2500000,6.4173886),(-25.6872415,6.2500000,7.0519751),(-26.2388151,6.2500000,6.4173886),(-26.1211582,6.2500000,6.4116835),(-25.6872415,6.2500000,7.0519751),(-26.1211582,6.2500000,6.4116835),(-26.0080323,6.2500000,6.4171736),(-25.6094540,6.2500000,7.1697147),(-25.6872415,6.2500000,7.0519751),(-26.0080323,6.2500000,6.4171736),(-25.6094540,6.2500000,7.1697147),(-26.0080323,6.2500000,6.4171736),(-25.9004295,6.2500000,6.4336439),(-25.5538915,6.2500000,7.3070335),(-25.6094540,6.2500000,7.1697147),(-25.9004295,6.2500000,6.4336439),(-25.5538915,6.2500000,7.3070335),(-25.9004295,6.2500000,6.4336439),(-25.7983500,6.2500000,6.4610944),(-25.5538915,6.2500000,7.3070335),(-25.7983500,6.2500000,6.4610944),(-25.7017936,6.2500000,6.4995251),(-25.5344446,6.2500000,7.3830350),(-25.5538915,6.2500000,7.3070335),(-25.7017936,6.2500000,6.4995251),(-25.5344446,6.2500000,7.3830350),(-25.7017936,6.2500000,6.4995251),(-25.6107604,6.2500000,6.5489361),(-25.5205540,6.2500000,7.4639314),(-25.5344446,6.2500000,7.3830350),(-25.6107604,6.2500000,6.5489361),(-25.5205540,6.2500000,7.4639314),(-25.6107604,6.2500000,6.5489361),(-25.5252504,6.2500000,6.6093272),(-25.5122196,6.2500000,7.5497225),(-25.5205540,6.2500000,7.4639314),(-25.5252504,6.2500000,6.6093272),(-25.4525561,6.2500000,8.6204251),(-25.5122196,6.2500000,7.5497225),(-25.5252504,6.2500000,6.6093272),(-25.4525561,6.2500000,8.6204251),(-25.5252504,6.2500000,6.6093272),(-25.4452635,6.2500000,6.6806986),(-25.4525561,6.2500000,8.6204251),(-25.4452635,6.2500000,6.6806986),(-25.3707999,6.2500000,6.7630501),(-25.4525561,6.2500000,8.6204251),(-25.3707999,6.2500000,6.7630501),(-25.3030831,6.2500000,6.8543149),(-25.4525561,6.2500000,8.6204251),(-25.3030831,6.2500000,6.8543149),(-25.2443952,6.2500000,6.9508382),(-25.4525561,6.2500000,8.6204251),(-25.2443952,6.2500000,6.9508382),(-25.1947362,6.2500000,7.0526201),(-25.4525561,6.2500000,8.6204251),(-25.1947362,6.2500000,7.0526201),(-25.1541061,6.2500000,7.1596606),(-25.4525561,6.2500000,8.6204251),(-25.1541061,6.2500000,7.1596606),(-25.1225049,6.2500000,7.2719596),(-25.4525561,6.2500000,8.6204251),(-25.1225049,6.2500000,7.2719596),(-25.0999327,6.2500000,7.3895173),(-25.4525561,6.2500000,8.6204251),(-25.0999327,6.2500000,7.3895173),(-25.0863893,6.2500000,7.5123336),(-25.4525561,6.2500000,8.6204251),(-25.0863893,6.2500000,7.5123336),(-25.0818749,6.2500000,7.6404085),(-25.4525561,6.2500000,8.6204251),(-25.0818749,6.2500000,7.6404085),(-25.0863562,6.2500000,7.7697897),(-25.4525561,6.2500000,8.6204251),(-25.0863562,6.2500000,7.7697897),(-25.0998004,6.2500000,7.8938793),(-25.4525561,6.2500000,8.6204251),(-25.0998004,6.2500000,7.8938793),(-25.1222073,6.2500000,8.0126772),(-25.4525561,6.2500000,8.6204251),(-25.1222073,6.2500000,8.0126772),(-25.1535769,6.2500000,8.1261835),(-25.4525561,6.2500000,8.6204251),(-25.1535769,6.2500000,8.1261835),(-25.1939094,6.2500000,8.2343981),(-25.4525561,6.2500000,8.6204251),(-25.1939094,6.2500000,8.2343981),(-25.2432045,6.2500000,8.3373210),(-25.4525561,6.2500000,8.6204251),(-25.2432045,6.2500000,8.3373210),(-25.3014625,6.2500000,8.4349522),(-25.4525561,6.2500000,8.6204251),(-25.3014625,6.2500000,8.4349522),(-25.3686832,6.2500000,8.5272918),(-24.1931394,6.2500000,6.3833731),(-24.1314915,6.2500000,6.4392001),(-23.4118249,6.2500000,7.4350918),(-23.4118249,6.2500000,7.4350918),(-22.6942749,6.2500000,6.4392001),(-22.6320978,6.2500000,6.3833731),(-23.4118249,6.2500000,7.4350918),(-22.6320978,6.2500000,6.3833731),(-22.5535165,6.2500000,6.3555918),(-23.4118249,6.2500000,7.4350918),(-22.5535165,6.2500000,6.3555918),(-22.4709665,6.2500000,6.3579731),(-23.4118249,6.2500000,7.4350918),(-22.4709665,6.2500000,6.3579731),(-22.3968832,6.2500000,6.3926335),(-23.4118249,6.2500000,7.4350918),(-22.3968832,6.2500000,6.3926335),(-22.3402624,6.2500000,6.4524293),(-23.4118249,6.2500000,7.4350918),(-22.3402624,6.2500000,6.4524293),(-22.3122165,6.2500000,6.5302168),(-23.4118249,6.2500000,7.4350918),(-22.3122165,6.2500000,6.5302168),(-22.3138040,6.2500000,6.6132960),(-23.4118249,6.2500000,7.4350918),(-22.3138040,6.2500000,6.6132960),(-22.3460832,6.2500000,6.6889668),(-23.4118249,6.2500000,7.4350918),(-22.3460832,6.2500000,6.6889668),(-23.1504165,6.2500000,7.8002168),(-24.1931394,6.2500000,6.3833731),(-23.4118249,6.2500000,7.4350918),(-23.1504165,6.2500000,7.8002168),(-24.1931394,6.2500000,6.3833731),(-23.1504165,6.2500000,7.8002168),(-22.3460832,6.2500000,8.9093501),(-24.1931394,6.2500000,6.3833731),(-22.3460832,6.2500000,8.9093501),(-22.3138040,6.2500000,8.9834335),(-24.1931394,6.2500000,6.3833731),(-22.3138040,6.2500000,8.9834335),(-22.3122165,6.2500000,9.0659835),(-24.1931394,6.2500000,6.3833731),(-22.3122165,6.2500000,9.0659835),(-22.3402624,6.2500000,9.1440356),(-24.1931394,6.2500000,6.3833731),(-22.3402624,6.2500000,9.1440356),(-22.3968832,6.2500000,9.2046251),(-24.1931394,6.2500000,6.3833731),(-22.3968832,6.2500000,9.2046251),(-22.4709665,6.2500000,9.2400793),(-24.1931394,6.2500000,6.3833731),(-22.4709665,6.2500000,9.2400793),(-22.5535165,6.2500000,9.2427251),(-24.1931394,6.2500000,6.3833731),(-22.5535165,6.2500000,9.2427251),(-22.6320978,6.2500000,9.2144147),(-24.1931394,6.2500000,6.3833731),(-22.6320978,6.2500000,9.2144147),(-22.6942749,6.2500000,9.1570001),(-24.1931394,6.2500000,6.3833731),(-22.6942749,6.2500000,9.1570001),(-23.4118249,6.2500000,8.1611085),(-23.4118249,6.2500000,8.1611085),(-24.1314915,6.2500000,9.1570001),(-24.1926103,6.2500000,9.2154731),(-23.4118249,6.2500000,8.1611085),(-24.1926103,6.2500000,9.2154731),(-24.2701332,6.2500000,9.2427251),(-23.4118249,6.2500000,8.1611085),(-24.2701332,6.2500000,9.2427251),(-24.3566519,6.2500000,9.2403439),(-23.4118249,6.2500000,8.1611085),(-24.3566519,6.2500000,9.2403439),(-24.4299415,6.2500000,9.2056835),(-23.4118249,6.2500000,8.1611085),(-24.4299415,6.2500000,9.2056835),(-24.4857686,6.2500000,9.1450939),(-23.4118249,6.2500000,8.1611085),(-24.4857686,6.2500000,9.1450939),(-24.5135499,6.2500000,9.0691585),(-23.4118249,6.2500000,8.1611085),(-24.5135499,6.2500000,9.0691585),(-24.5106394,6.2500000,8.9842272),(-23.4118249,6.2500000,8.1611085),(-24.5106394,6.2500000,8.9842272),(-24.4743915,6.2500000,8.9093501),(-23.4118249,6.2500000,8.1611085),(-24.4743915,6.2500000,8.9093501),(-23.6753499,6.2500000,7.8002168),(-24.1931394,6.2500000,6.3833731),(-23.4118249,6.2500000,8.1611085),(-23.6753499,6.2500000,7.8002168),(-24.1931394,6.2500000,6.3833731),(-23.6753499,6.2500000,7.8002168),(-24.4786249,6.2500000,6.6889668),(-24.1931394,6.2500000,6.3833731),(-24.4786249,6.2500000,6.6889668),(-24.5116978,6.2500000,6.6135606),(-24.1931394,6.2500000,6.3833731),(-24.5116978,6.2500000,6.6135606),(-24.5135499,6.2500000,6.5312751),(-24.1931394,6.2500000,6.3833731),(-24.5135499,6.2500000,6.5312751),(-24.4855040,6.2500000,6.4500481),(-24.1931394,6.2500000,6.3833731),(-24.4855040,6.2500000,6.4500481),(-24.4288832,6.2500000,6.3905168),(-24.1931394,6.2500000,6.3833731),(-24.4288832,6.2500000,6.3905168),(-24.3542707,6.2500000,6.3574439),(-24.1931394,6.2500000,6.3833731),(-24.3542707,6.2500000,6.3574439),(-24.2722499,6.2500000,6.3555918),(-19.2049499,6.2500000,6.4389356),(-19.1319249,6.2500000,6.3323085),(-19.0252978,6.2500000,6.2592835),(-19.2049499,6.2500000,6.4389356),(-19.0252978,6.2500000,6.2592835),(-18.9001499,6.2500000,6.2349418),(-19.2049499,6.2500000,6.4389356),(-18.9001499,6.2500000,6.2349418),(-18.7752665,6.2500000,6.2592835),(-19.2049499,6.2500000,6.4389356),(-18.7752665,6.2500000,6.2592835),(-18.6694332,6.2500000,6.3323085),(-19.2049499,6.2500000,6.4389356),(-18.6694332,6.2500000,6.3323085),(-18.5964082,6.2500000,6.4389356),(-19.2049499,6.2500000,6.4389356),(-18.5964082,6.2500000,6.4389356),(-18.5720665,6.2500000,6.5640835),(-19.2049499,6.2500000,6.4389356),(-18.5720665,6.2500000,6.5640835),(-18.5964082,6.2500000,6.6892314),(-19.2049499,6.2500000,6.4389356),(-18.5964082,6.2500000,6.6892314),(-18.6694332,6.2500000,6.7958585),(-19.2049499,6.2500000,6.4389356),(-18.6694332,6.2500000,6.7958585),(-18.7752665,6.2500000,6.8688835),(-19.2049499,6.2500000,6.4389356),(-18.7752665,6.2500000,6.8688835),(-18.9001499,6.2500000,6.8932251),(-19.2049499,6.2500000,6.4389356),(-18.9001499,6.2500000,6.8932251),(-19.0252978,6.2500000,6.8688835),(-19.2049499,6.2500000,6.4389356),(-19.0252978,6.2500000,6.8688835),(-19.1319249,6.2500000,6.7958585),(-19.2049499,6.2500000,6.4389356),(-19.1319249,6.2500000,6.7958585),(-19.2049499,6.2500000,6.6892314),(-19.2049499,6.2500000,6.4389356),(-19.2049499,6.2500000,6.6892314),(-19.2292915,6.2500000,6.5640835),(-1.3821911,6.2500000,7.4582759),(-1.3768499,6.2500000,7.5906668),(-1.3768499,6.2500000,9.2808251),(-1.3821911,6.2500000,7.4582759),(-1.3768499,6.2500000,9.2808251),(-1.3821581,6.2500000,9.4114466),(-1.3821911,6.2500000,7.4582759),(-1.3821581,6.2500000,9.4114466),(-1.3980827,6.2500000,9.5360819),(-1.3821911,6.2500000,7.4582759),(-1.3980827,6.2500000,9.5360819),(-1.4246237,6.2500000,9.6547310),(-1.3821911,6.2500000,7.4582759),(-1.4246237,6.2500000,9.6547310),(-1.4617811,6.2500000,9.7673939),(-1.3821911,6.2500000,7.4582759),(-1.4617811,6.2500000,9.7673939),(-1.5095549,6.2500000,9.8740706),(-1.3821911,6.2500000,7.4582759),(-1.5095549,6.2500000,9.8740706),(-1.5679452,6.2500000,9.9747611),(-1.3821911,6.2500000,7.4582759),(-1.5679452,6.2500000,9.9747611),(-1.6369518,6.2500000,10.0694654),(-1.3821911,6.2500000,7.4582759),(-1.6369518,6.2500000,10.0694654),(-1.7165749,6.2500000,10.1581835),(-1.3821911,6.2500000,7.4582759),(-1.7165749,6.2500000,10.1581835),(-1.7932544,6.2500000,10.2298690),(-1.3821911,6.2500000,7.4582759),(-1.7932544,6.2500000,10.2298690),(-1.8730098,6.2500000,10.2919965),(-1.3821911,6.2500000,7.4582759),(-1.8730098,6.2500000,10.2919965),(-1.9558409,6.2500000,10.3445659),(-1.9558409,6.2500000,10.3445659),(-2.0417478,6.2500000,10.3875772),(-2.1307305,6.2500000,10.4210305),(-1.9558409,6.2500000,10.3445659),(-2.1307305,6.2500000,10.4210305),(-2.2227889,6.2500000,10.4449257),(-1.9558409,6.2500000,10.3445659),(-2.2227889,6.2500000,10.4449257),(-2.3179232,6.2500000,10.4592628),(-1.9558409,6.2500000,10.3445659),(-2.3179232,6.2500000,10.4592628),(-2.4161332,6.2500000,10.4640418),(-1.9558409,6.2500000,10.3445659),(-2.4161332,6.2500000,10.4640418),(-2.5132187,6.2500000,10.4592628),(-1.9558409,6.2500000,10.3445659),(-2.5132187,6.2500000,10.4592628),(-2.6076254,6.2500000,10.4449257),(-1.9558409,6.2500000,10.3445659),(-2.6076254,6.2500000,10.4449257),(-2.6993531,6.2500000,10.4210305),(-1.9558409,6.2500000,10.3445659),(-2.6993531,6.2500000,10.4210305),(-2.7884019,6.2500000,10.3875772),(-1.9558409,6.2500000,10.3445659),(-2.7884019,6.2500000,10.3875772),(-2.8747719,6.2500000,10.3445659),(-1.9558409,6.2500000,10.3445659),(-2.8747719,6.2500000,10.3445659),(-2.9584629,6.2500000,10.2919965),(-1.9558409,6.2500000,10.3445659),(-2.9584629,6.2500000,10.2919965),(-3.0394750,6.2500000,10.2298690),(-1.9558409,6.2500000,10.3445659),(-3.0394750,6.2500000,10.2298690),(-3.1178082,6.2500000,10.1581835),(-1.9558409,6.2500000,10.3445659),(-3.1178082,6.2500000,10.1581835),(-3.1974312,6.2500000,10.0712017),(-1.9558409,6.2500000,10.3445659),(-3.1974312,6.2500000,10.0712017),(-3.2664379,6.2500000,9.9780022),(-1.9558409,6.2500000,10.3445659),(-3.2664379,6.2500000,9.9780022),(-3.3248281,6.2500000,9.8785850),(-1.9558409,6.2500000,10.3445659),(-3.3248281,6.2500000,9.8785850),(-3.3726019,6.2500000,9.7729501),(-1.9558409,6.2500000,10.3445659),(-3.3726019,6.2500000,9.7729501),(-3.4097594,6.2500000,9.6610975),(-3.4097594,6.2500000,9.6610975),(-3.4363004,6.2500000,9.5430272),(-3.4522250,6.2500000,9.4187392),(-3.4097594,6.2500000,9.6610975),(-3.4522250,6.2500000,9.4187392),(-3.4575332,6.2500000,9.2882335),(-3.4097594,6.2500000,9.6610975),(-3.4575332,6.2500000,9.2882335),(-3.4575332,6.2500000,9.2808251),(-3.4097594,6.2500000,9.6610975),(-3.4575332,6.2500000,9.2808251),(-3.4575332,6.2500000,7.5864335),(-3.4097594,6.2500000,9.6610975),(-3.4575332,6.2500000,7.5864335),(-3.4522250,6.2500000,7.4551175),(-3.4097594,6.2500000,9.6610975),(-3.4522250,6.2500000,7.4551175),(-3.4363004,6.2500000,7.3299861),(-3.4097594,6.2500000,9.6610975),(-3.4363004,6.2500000,7.3299861),(-3.4097594,6.2500000,7.2110393),(-3.4097594,6.2500000,9.6610975),(-3.4097594,6.2500000,7.2110393),(-3.3726019,6.2500000,7.0982772),(-3.4097594,6.2500000,9.6610975),(-3.3726019,6.2500000,7.0982772),(-3.3248281,6.2500000,6.9916998),(-3.4097594,6.2500000,9.6610975),(-3.3248281,6.2500000,6.9916998),(-3.2664379,6.2500000,6.8913069),(-3.4097594,6.2500000,9.6610975),(-3.2664379,6.2500000,6.8913069),(-3.1974312,6.2500000,6.7970987),(-3.4097594,6.2500000,9.6610975),(-3.1974312,6.2500000,6.7970987),(-3.1178082,6.2500000,6.7090751),(-3.1178082,6.2500000,6.7090751),(-2.8140665,6.2500000,7.0054085),(-2.9080598,6.2500000,7.1217590),(-3.1178082,6.2500000,6.7090751),(-2.9080598,6.2500000,7.1217590),(-2.9751978,6.2500000,7.2580856),(-3.1178082,6.2500000,6.7090751),(-2.9751978,6.2500000,7.2580856),(-3.0154806,6.2500000,7.4143882),(-3.4097594,6.2500000,9.6610975),(-3.1178082,6.2500000,6.7090751),(-3.0154806,6.2500000,7.4143882),(-3.4097594,6.2500000,9.6610975),(-3.0154806,6.2500000,7.4143882),(-3.0255513,6.2500000,7.5000305),(-3.4097594,6.2500000,9.6610975),(-3.0255513,6.2500000,7.5000305),(-3.0289082,6.2500000,7.5906668),(-3.4097594,6.2500000,9.6610975),(-3.0289082,6.2500000,7.5906668),(-3.0289082,6.2500000,9.2882335),(-3.4097594,6.2500000,9.6610975),(-3.0289082,6.2500000,9.2882335),(-3.0255844,6.2500000,9.3765382),(-3.4097594,6.2500000,9.6610975),(-3.0255844,6.2500000,9.3765382),(-3.0156129,6.2500000,9.4599481),(-3.4097594,6.2500000,9.6610975),(-3.0156129,6.2500000,9.4599481),(-2.9989937,6.2500000,9.5384632),(-3.4097594,6.2500000,9.6610975),(-2.9989937,6.2500000,9.5384632),(-2.9757269,6.2500000,9.6120835),(-3.4097594,6.2500000,9.6610975),(-2.9757269,6.2500000,9.6120835),(-2.9092504,6.2500000,9.7446397),(-3.4097594,6.2500000,9.6610975),(-2.9092504,6.2500000,9.7446397),(-2.8161832,6.2500000,9.8576168),(-3.4097594,6.2500000,9.6610975),(-2.8161832,6.2500000,9.8576168),(-2.7209332,6.2500000,9.9363304),(-3.4097594,6.2500000,9.6610975),(-2.7209332,6.2500000,9.9363304),(-2.6225082,6.2500000,9.9925543),(-1.9558409,6.2500000,10.3445659),(-3.4097594,6.2500000,9.6610975),(-2.6225082,6.2500000,9.9925543),(-1.9558409,6.2500000,10.3445659),(-2.6225082,6.2500000,9.9925543),(-2.5209082,6.2500000,10.0262887),(-1.9558409,6.2500000,10.3445659),(-2.5209082,6.2500000,10.0262887),(-2.4161332,6.2500000,10.0375335),(-1.9558409,6.2500000,10.3445659),(-2.4161332,6.2500000,10.0375335),(-2.3070587,6.2500000,10.0262887),(-1.9558409,6.2500000,10.3445659),(-2.3070587,6.2500000,10.0262887),(-2.2042019,6.2500000,9.9925543),(-1.9558409,6.2500000,10.3445659),(-2.2042019,6.2500000,9.9925543),(-2.1075629,6.2500000,9.9363304),(-1.9558409,6.2500000,10.3445659),(-2.1075629,6.2500000,9.9363304),(-2.0171415,6.2500000,9.8576168),(-1.9558409,6.2500000,10.3445659),(-2.0171415,6.2500000,9.8576168),(-1.9240743,6.2500000,9.7390173),(-1.9558409,6.2500000,10.3445659),(-1.9240743,6.2500000,9.7390173),(-1.8575978,6.2500000,9.6033522),(-1.9558409,6.2500000,10.3445659),(-1.8575978,6.2500000,9.6033522),(-1.8177118,6.2500000,9.4506215),(-1.3821911,6.2500000,7.4582759),(-1.9558409,6.2500000,10.3445659),(-1.8177118,6.2500000,9.4506215),(-1.3821911,6.2500000,7.4582759),(-1.8177118,6.2500000,9.4506215),(-1.8077404,6.2500000,9.3678565),(-1.3821911,6.2500000,7.4582759),(-1.8077404,6.2500000,9.3678565),(-1.8044165,6.2500000,9.2808251),(-1.3821911,6.2500000,7.4582759),(-1.8044165,6.2500000,9.2808251),(-1.8044165,6.2500000,7.5906668),(-1.3821911,6.2500000,7.4582759),(-1.8044165,6.2500000,7.5906668),(-1.8077404,6.2500000,7.5010227),(-1.3821911,6.2500000,7.4582759),(-1.8077404,6.2500000,7.5010227),(-1.8177118,6.2500000,7.4162402),(-1.3821911,6.2500000,7.4582759),(-1.8177118,6.2500000,7.4162402),(-1.8343310,6.2500000,7.3363195),(-1.3821911,6.2500000,7.4582759),(-1.8343310,6.2500000,7.3363195),(-1.8575978,6.2500000,7.2612606),(-1.3821911,6.2500000,7.4582759),(-1.8575978,6.2500000,7.2612606),(-1.9240743,6.2500000,7.1257277),(-1.3821911,6.2500000,7.4582759),(-1.9240743,6.2500000,7.1257277),(-2.0171415,6.2500000,7.0096418),(-1.3821911,6.2500000,7.4582759),(-2.0171415,6.2500000,7.0096418),(-2.1083566,6.2500000,6.9318543),(-2.7225207,6.2500000,6.9294731),(-2.8140665,6.2500000,7.0054085),(-3.1178082,6.2500000,6.7090751),(-2.6256832,6.2500000,6.8752335),(-2.7225207,6.2500000,6.9294731),(-3.1178082,6.2500000,6.7090751),(-2.5235540,6.2500000,6.8426897),(-2.6256832,6.2500000,6.8752335),(-3.1178082,6.2500000,6.7090751),(-2.4161332,6.2500000,6.8318418),(-2.5235540,6.2500000,6.8426897),(-3.1178082,6.2500000,6.7090751),(-2.3078525,6.2500000,6.8429543),(-2.4161332,6.2500000,6.8318418),(-3.1178082,6.2500000,6.7090751),(-2.3078525,6.2500000,6.8429543),(-3.1178082,6.2500000,6.7090751),(-3.0409302,6.2500000,6.6383818),(-2.3078525,6.2500000,6.8429543),(-3.0409302,6.2500000,6.6383818),(-2.9611087,6.2500000,6.5771142),(-2.2052603,6.2500000,6.8762918),(-2.3078525,6.2500000,6.8429543),(-2.9611087,6.2500000,6.5771142),(-2.2052603,6.2500000,6.8762918),(-2.9611087,6.2500000,6.5771142),(-2.8783437,6.2500000,6.5252724),(-2.2052603,6.2500000,6.8762918),(-2.8783437,6.2500000,6.5252724),(-2.7926353,6.2500000,6.4828564),(-2.1083566,6.2500000,6.9318543),(-2.2052603,6.2500000,6.8762918),(-2.7926353,6.2500000,6.4828564),(-2.1083566,6.2500000,6.9318543),(-2.7926353,6.2500000,6.4828564),(-2.7039833,6.2500000,6.4498662),(-1.3821911,6.2500000,7.4582759),(-2.1083566,6.2500000,6.9318543),(-2.7039833,6.2500000,6.4498662),(-1.3821911,6.2500000,7.4582759),(-2.7039833,6.2500000,6.4498662),(-2.6123879,6.2500000,6.4263017),(-1.3821911,6.2500000,7.4582759),(-2.6123879,6.2500000,6.4263017),(-2.5178489,6.2500000,6.4121630),(-1.3821911,6.2500000,7.4582759),(-2.5178489,6.2500000,6.4121630),(-2.4203665,6.2500000,6.4074501),(-1.3821911,6.2500000,7.4582759),(-2.4203665,6.2500000,6.4074501),(-2.3211974,6.2500000,6.4120804),(-1.3821911,6.2500000,7.4582759),(-2.3211974,6.2500000,6.4120804),(-2.2253025,6.2500000,6.4259710),(-1.3821911,6.2500000,7.4582759),(-2.2253025,6.2500000,6.4259710),(-2.1326818,6.2500000,6.4491220),(-1.3821911,6.2500000,7.4582759),(-2.1326818,6.2500000,6.4491220),(-2.0433353,6.2500000,6.4815335),(-1.3821911,6.2500000,7.4582759),(-2.0433353,6.2500000,6.4815335),(-1.9572630,6.2500000,6.5232054),(-1.3821911,6.2500000,7.4582759),(-1.9572630,6.2500000,6.5232054),(-1.8744650,6.2500000,6.5741376),(-1.3821911,6.2500000,7.4582759),(-1.8744650,6.2500000,6.5741376),(-1.7949411,6.2500000,6.6343304),(-1.3821911,6.2500000,7.4582759),(-1.7949411,6.2500000,6.6343304),(-1.7186915,6.2500000,6.7037835),(-1.3821911,6.2500000,7.4582759),(-1.7186915,6.2500000,6.7037835),(-1.6385724,6.2500000,6.7931134),(-1.3821911,6.2500000,7.4582759),(-1.6385724,6.2500000,6.7931134),(-1.5691358,6.2500000,6.8885949),(-1.3821911,6.2500000,7.4582759),(-1.5691358,6.2500000,6.8885949),(-1.5103818,6.2500000,6.9902280),(-1.3821911,6.2500000,7.4582759),(-1.5103818,6.2500000,6.9902280),(-1.4623103,6.2500000,7.0980126),(-1.3821911,6.2500000,7.4582759),(-1.4623103,6.2500000,7.0980126),(-1.4249213,6.2500000,7.2119488),(-1.3821911,6.2500000,7.4582759),(-1.4249213,6.2500000,7.2119488),(-1.3982150,6.2500000,7.3320366),(-4.9720578,6.2500000,7.4582759),(-4.9667165,6.2500000,7.5906668),(-4.9667165,6.2500000,9.2808251),(-4.9720578,6.2500000,7.4582759),(-4.9667165,6.2500000,9.2808251),(-4.9720247,6.2500000,9.4114466),(-4.9720578,6.2500000,7.4582759),(-4.9720247,6.2500000,9.4114466),(-4.9879493,6.2500000,9.5360819),(-4.9720578,6.2500000,7.4582759),(-4.9879493,6.2500000,9.5360819),(-5.0144904,6.2500000,9.6547310),(-4.9720578,6.2500000,7.4582759),(-5.0144904,6.2500000,9.6547310),(-5.0516478,6.2500000,9.7673939),(-4.9720578,6.2500000,7.4582759),(-5.0516478,6.2500000,9.7673939),(-5.0994216,6.2500000,9.8740706),(-4.9720578,6.2500000,7.4582759),(-5.0994216,6.2500000,9.8740706),(-5.1578118,6.2500000,9.9747611),(-4.9720578,6.2500000,7.4582759),(-5.1578118,6.2500000,9.9747611),(-5.2268185,6.2500000,10.0694654),(-4.9720578,6.2500000,7.4582759),(-5.2268185,6.2500000,10.0694654),(-5.3064415,6.2500000,10.1581835),(-4.9720578,6.2500000,7.4582759),(-5.3064415,6.2500000,10.1581835),(-5.3831211,6.2500000,10.2298690),(-4.9720578,6.2500000,7.4582759),(-5.3831211,6.2500000,10.2298690),(-5.4628764,6.2500000,10.2919965),(-4.9720578,6.2500000,7.4582759),(-5.4628764,6.2500000,10.2919965),(-5.5457075,6.2500000,10.3445659),(-5.5457075,6.2500000,10.3445659),(-5.6316144,6.2500000,10.3875772),(-5.7205971,6.2500000,10.4210305),(-5.5457075,6.2500000,10.3445659),(-5.7205971,6.2500000,10.4210305),(-5.8126556,6.2500000,10.4449257),(-5.5457075,6.2500000,10.3445659),(-5.8126556,6.2500000,10.4449257),(-5.9077898,6.2500000,10.4592628),(-5.5457075,6.2500000,10.3445659),(-5.9077898,6.2500000,10.4592628),(-6.0059999,6.2500000,10.4640418),(-5.5457075,6.2500000,10.3445659),(-6.0059999,6.2500000,10.4640418),(-6.1030854,6.2500000,10.4592628),(-5.5457075,6.2500000,10.3445659),(-6.1030854,6.2500000,10.4592628),(-6.1974920,6.2500000,10.4449257),(-5.5457075,6.2500000,10.3445659),(-6.1974920,6.2500000,10.4449257),(-6.2892198,6.2500000,10.4210305),(-5.5457075,6.2500000,10.3445659),(-6.2892198,6.2500000,10.4210305),(-6.3782686,6.2500000,10.3875772),(-5.5457075,6.2500000,10.3445659),(-6.3782686,6.2500000,10.3875772),(-6.4646385,6.2500000,10.3445659),(-5.5457075,6.2500000,10.3445659),(-6.4646385,6.2500000,10.3445659),(-6.5483295,6.2500000,10.2919965),(-5.5457075,6.2500000,10.3445659),(-6.5483295,6.2500000,10.2919965),(-6.6293417,6.2500000,10.2298690),(-5.5457075,6.2500000,10.3445659),(-6.6293417,6.2500000,10.2298690),(-6.7076749,6.2500000,10.1581835),(-5.5457075,6.2500000,10.3445659),(-6.7076749,6.2500000,10.1581835),(-6.7872979,6.2500000,10.0712017),(-5.5457075,6.2500000,10.3445659),(-6.7872979,6.2500000,10.0712017),(-6.8563045,6.2500000,9.9780022),(-5.5457075,6.2500000,10.3445659),(-6.8563045,6.2500000,9.9780022),(-6.9146948,6.2500000,9.8785850),(-5.5457075,6.2500000,10.3445659),(-6.9146948,6.2500000,9.8785850),(-6.9624686,6.2500000,9.7729501),(-5.5457075,6.2500000,10.3445659),(-6.9624686,6.2500000,9.7729501),(-6.9996260,6.2500000,9.6610975),(-6.9996260,6.2500000,9.6610975),(-7.0261670,6.2500000,9.5430272),(-7.0420917,6.2500000,9.4187392),(-6.9996260,6.2500000,9.6610975),(-7.0420917,6.2500000,9.4187392),(-7.0473999,6.2500000,9.2882335),(-6.9996260,6.2500000,9.6610975),(-7.0473999,6.2500000,9.2882335),(-7.0473999,6.2500000,9.2808251),(-6.9996260,6.2500000,9.6610975),(-7.0473999,6.2500000,9.2808251),(-7.0473999,6.2500000,7.5864335),(-6.9996260,6.2500000,9.6610975),(-7.0473999,6.2500000,7.5864335),(-7.0420917,6.2500000,7.4551175),(-6.9996260,6.2500000,9.6610975),(-7.0420917,6.2500000,7.4551175),(-7.0261670,6.2500000,7.3299861),(-6.9996260,6.2500000,9.6610975),(-7.0261670,6.2500000,7.3299861),(-6.9996260,6.2500000,7.2110393),(-6.9996260,6.2500000,9.6610975),(-6.9996260,6.2500000,7.2110393),(-6.9624686,6.2500000,7.0982772),(-6.9996260,6.2500000,9.6610975),(-6.9624686,6.2500000,7.0982772),(-6.9146948,6.2500000,6.9916998),(-6.9996260,6.2500000,9.6610975),(-6.9146948,6.2500000,6.9916998),(-6.8563045,6.2500000,6.8913069),(-6.9996260,6.2500000,9.6610975),(-6.8563045,6.2500000,6.8913069),(-6.7872979,6.2500000,6.7970987),(-6.9996260,6.2500000,9.6610975),(-6.7872979,6.2500000,6.7970987),(-6.7076749,6.2500000,6.7090751),(-6.7076749,6.2500000,6.7090751),(-6.4039332,6.2500000,7.0054085),(-6.4979264,6.2500000,7.1217590),(-6.7076749,6.2500000,6.7090751),(-6.4979264,6.2500000,7.1217590),(-6.5650644,6.2500000,7.2580856),(-6.7076749,6.2500000,6.7090751),(-6.5650644,6.2500000,7.2580856),(-6.6053473,6.2500000,7.4143882),(-6.9996260,6.2500000,9.6610975),(-6.7076749,6.2500000,6.7090751),(-6.6053473,6.2500000,7.4143882),(-6.9996260,6.2500000,9.6610975),(-6.6053473,6.2500000,7.4143882),(-6.6154180,6.2500000,7.5000305),(-6.9996260,6.2500000,9.6610975),(-6.6154180,6.2500000,7.5000305),(-6.6187749,6.2500000,7.5906668),(-6.9996260,6.2500000,9.6610975),(-6.6187749,6.2500000,7.5906668),(-6.6187749,6.2500000,9.2882335),(-6.9996260,6.2500000,9.6610975),(-6.6187749,6.2500000,9.2882335),(-6.6154510,6.2500000,9.3765382),(-6.9996260,6.2500000,9.6610975),(-6.6154510,6.2500000,9.3765382),(-6.6054795,6.2500000,9.4599481),(-6.9996260,6.2500000,9.6610975),(-6.6054795,6.2500000,9.4599481),(-6.5888604,6.2500000,9.5384632),(-6.9996260,6.2500000,9.6610975),(-6.5888604,6.2500000,9.5384632),(-6.5655936,6.2500000,9.6120835),(-6.9996260,6.2500000,9.6610975),(-6.5655936,6.2500000,9.6120835),(-6.4991170,6.2500000,9.7446397),(-6.9996260,6.2500000,9.6610975),(-6.4991170,6.2500000,9.7446397),(-6.4060499,6.2500000,9.8576168),(-6.9996260,6.2500000,9.6610975),(-6.4060499,6.2500000,9.8576168),(-6.3107999,6.2500000,9.9363304),(-6.9996260,6.2500000,9.6610975),(-6.3107999,6.2500000,9.9363304),(-6.2123749,6.2500000,9.9925543),(-5.5457075,6.2500000,10.3445659),(-6.9996260,6.2500000,9.6610975),(-6.2123749,6.2500000,9.9925543),(-5.5457075,6.2500000,10.3445659),(-6.2123749,6.2500000,9.9925543),(-6.1107749,6.2500000,10.0262887),(-5.5457075,6.2500000,10.3445659),(-6.1107749,6.2500000,10.0262887),(-6.0059999,6.2500000,10.0375335),(-5.5457075,6.2500000,10.3445659),(-6.0059999,6.2500000,10.0375335),(-5.8969254,6.2500000,10.0262887),(-5.5457075,6.2500000,10.3445659),(-5.8969254,6.2500000,10.0262887),(-5.7940686,6.2500000,9.9925543),(-5.5457075,6.2500000,10.3445659),(-5.7940686,6.2500000,9.9925543),(-5.6974295,6.2500000,9.9363304),(-5.5457075,6.2500000,10.3445659),(-5.6974295,6.2500000,9.9363304),(-5.6070082,6.2500000,9.8576168),(-5.5457075,6.2500000,10.3445659),(-5.6070082,6.2500000,9.8576168),(-5.5139410,6.2500000,9.7390173),(-5.5457075,6.2500000,10.3445659),(-5.5139410,6.2500000,9.7390173),(-5.4474644,6.2500000,9.6033522),(-5.5457075,6.2500000,10.3445659),(-5.4474644,6.2500000,9.6033522),(-5.4075785,6.2500000,9.4506215),(-4.9720578,6.2500000,7.4582759),(-5.5457075,6.2500000,10.3445659),(-5.4075785,6.2500000,9.4506215),(-4.9720578,6.2500000,7.4582759),(-5.4075785,6.2500000,9.4506215),(-5.3976070,6.2500000,9.3678565),(-4.9720578,6.2500000,7.4582759),(-5.3976070,6.2500000,9.3678565),(-5.3942832,6.2500000,9.2808251),(-4.9720578,6.2500000,7.4582759),(-5.3942832,6.2500000,9.2808251),(-5.3942832,6.2500000,7.5906668),(-4.9720578,6.2500000,7.4582759),(-5.3942832,6.2500000,7.5906668),(-5.3976070,6.2500000,7.5010227),(-4.9720578,6.2500000,7.4582759),(-5.3976070,6.2500000,7.5010227),(-5.4075785,6.2500000,7.4162402),(-4.9720578,6.2500000,7.4582759),(-5.4075785,6.2500000,7.4162402),(-5.4241976,6.2500000,7.3363195),(-4.9720578,6.2500000,7.4582759),(-5.4241976,6.2500000,7.3363195),(-5.4474644,6.2500000,7.2612606),(-4.9720578,6.2500000,7.4582759),(-5.4474644,6.2500000,7.2612606),(-5.5139410,6.2500000,7.1257277),(-4.9720578,6.2500000,7.4582759),(-5.5139410,6.2500000,7.1257277),(-5.6070082,6.2500000,7.0096418),(-4.9720578,6.2500000,7.4582759),(-5.6070082,6.2500000,7.0096418),(-5.6982233,6.2500000,6.9318543),(-6.3123874,6.2500000,6.9294731),(-6.4039332,6.2500000,7.0054085),(-6.7076749,6.2500000,6.7090751),(-6.2155499,6.2500000,6.8752335),(-6.3123874,6.2500000,6.9294731),(-6.7076749,6.2500000,6.7090751),(-6.1134207,6.2500000,6.8426897),(-6.2155499,6.2500000,6.8752335),(-6.7076749,6.2500000,6.7090751),(-6.0059999,6.2500000,6.8318418),(-6.1134207,6.2500000,6.8426897),(-6.7076749,6.2500000,6.7090751),(-5.8977191,6.2500000,6.8429543),(-6.0059999,6.2500000,6.8318418),(-6.7076749,6.2500000,6.7090751),(-5.8977191,6.2500000,6.8429543),(-6.7076749,6.2500000,6.7090751),(-6.6307969,6.2500000,6.6383818),(-5.8977191,6.2500000,6.8429543),(-6.6307969,6.2500000,6.6383818),(-6.5509754,6.2500000,6.5771142),(-5.7951269,6.2500000,6.8762918),(-5.8977191,6.2500000,6.8429543),(-6.5509754,6.2500000,6.5771142),(-5.7951269,6.2500000,6.8762918),(-6.5509754,6.2500000,6.5771142),(-6.4682104,6.2500000,6.5252724),(-5.7951269,6.2500000,6.8762918),(-6.4682104,6.2500000,6.5252724),(-6.3825019,6.2500000,6.4828564),(-5.6982233,6.2500000,6.9318543),(-5.7951269,6.2500000,6.8762918),(-6.3825019,6.2500000,6.4828564),(-5.6982233,6.2500000,6.9318543),(-6.3825019,6.2500000,6.4828564),(-6.2938500,6.2500000,6.4498662),(-4.9720578,6.2500000,7.4582759),(-5.6982233,6.2500000,6.9318543),(-6.2938500,6.2500000,6.4498662),(-4.9720578,6.2500000,7.4582759),(-6.2938500,6.2500000,6.4498662),(-6.2022545,6.2500000,6.4263017),(-4.9720578,6.2500000,7.4582759),(-6.2022545,6.2500000,6.4263017),(-6.1077156,6.2500000,6.4121630),(-4.9720578,6.2500000,7.4582759),(-6.1077156,6.2500000,6.4121630),(-6.0102332,6.2500000,6.4074501),(-4.9720578,6.2500000,7.4582759),(-6.0102332,6.2500000,6.4074501),(-5.9110640,6.2500000,6.4120804),(-4.9720578,6.2500000,7.4582759),(-5.9110640,6.2500000,6.4120804),(-5.8151691,6.2500000,6.4259710),(-4.9720578,6.2500000,7.4582759),(-5.8151691,6.2500000,6.4259710),(-5.7225484,6.2500000,6.4491220),(-4.9720578,6.2500000,7.4582759),(-5.7225484,6.2500000,6.4491220),(-5.6332019,6.2500000,6.4815335),(-4.9720578,6.2500000,7.4582759),(-5.6332019,6.2500000,6.4815335),(-5.5471297,6.2500000,6.5232054),(-4.9720578,6.2500000,7.4582759),(-5.5471297,6.2500000,6.5232054),(-5.4643316,6.2500000,6.5741376),(-4.9720578,6.2500000,7.4582759),(-5.4643316,6.2500000,6.5741376),(-5.3848078,6.2500000,6.6343304),(-4.9720578,6.2500000,7.4582759),(-5.3848078,6.2500000,6.6343304),(-5.3085582,6.2500000,6.7037835),(-4.9720578,6.2500000,7.4582759),(-5.3085582,6.2500000,6.7037835),(-5.2284390,6.2500000,6.7931134),(-4.9720578,6.2500000,7.4582759),(-5.2284390,6.2500000,6.7931134),(-5.1590025,6.2500000,6.8885949),(-4.9720578,6.2500000,7.4582759),(-5.1590025,6.2500000,6.8885949),(-5.1002484,6.2500000,6.9902280),(-4.9720578,6.2500000,7.4582759),(-5.1002484,6.2500000,6.9902280),(-5.0521769,6.2500000,7.0980126),(-4.9720578,6.2500000,7.4582759),(-5.0521769,6.2500000,7.0980126),(-5.0147880,6.2500000,7.2119488),(-4.9720578,6.2500000,7.4582759),(-5.0147880,6.2500000,7.2119488),(-4.9880816,6.2500000,7.3320366),(-10.2710832,6.2500000,6.4847085),(-10.1715999,6.2500000,6.3757001),(-10.0583582,6.2500000,6.3481835),(-10.2710832,6.2500000,6.4847085),(-10.0583582,6.2500000,6.3481835),(-9.9572874,6.2500000,6.3735835),(-10.2710832,6.2500000,6.4847085),(-9.9572874,6.2500000,6.3735835),(-9.8805582,6.2500000,6.4497835),(-10.2710832,6.2500000,6.4847085),(-9.8805582,6.2500000,6.4497835),(-9.8731499,6.2500000,6.4561335),(-10.2710832,6.2500000,6.4847085),(-9.8731499,6.2500000,6.4561335),(-8.6274915,6.2500000,8.6236001),(-10.2710832,6.2500000,6.4847085),(-8.6274915,6.2500000,8.6236001),(-8.5999749,6.2500000,8.7304918),(-10.2710832,6.2500000,6.4847085),(-8.5999749,6.2500000,8.7304918),(-8.6277561,6.2500000,8.8397647),(-10.2710832,6.2500000,6.4847085),(-8.6277561,6.2500000,8.8397647),(-8.7110999,6.2500000,8.9178168),(-10.2710832,6.2500000,6.4847085),(-8.7110999,6.2500000,8.9178168),(-8.8179915,6.2500000,8.9474501),(-10.2710832,6.2500000,6.4847085),(-8.8179915,6.2500000,8.9474501),(-8.9267353,6.2500000,8.9196689),(-10.2710832,6.2500000,6.4847085),(-8.9267353,6.2500000,8.9196689),(-9.0031999,6.2500000,8.8363251),(-10.2710832,6.2500000,6.4847085),(-9.0031999,6.2500000,8.8363251),(-9.8456332,6.2500000,7.3705335),(-10.2710832,6.2500000,6.4847085),(-9.8456332,6.2500000,7.3705335),(-9.8456332,6.2500000,9.9782668),(-9.8456332,6.2500000,9.9782668),(-8.2591915,6.2500000,9.9782668),(-8.1742603,6.2500000,9.9941418),(-9.8456332,6.2500000,9.9782668),(-8.1742603,6.2500000,9.9941418),(-8.1036165,6.2500000,10.0417668),(-9.8456332,6.2500000,9.9782668),(-8.1036165,6.2500000,10.0417668),(-8.0559915,6.2500000,10.1113522),(-9.8456332,6.2500000,9.9782668),(-8.0559915,6.2500000,10.1113522),(-8.0401165,6.2500000,10.1931085),(-9.8456332,6.2500000,9.9782668),(-8.0401165,6.2500000,10.1931085),(-8.0559915,6.2500000,10.2751293),(-9.8456332,6.2500000,9.9782668),(-8.0559915,6.2500000,10.2751293),(-8.1036165,6.2500000,10.3455085),(-9.8456332,6.2500000,9.9782668),(-8.1036165,6.2500000,10.3455085),(-8.1742603,6.2500000,10.3947210),(-9.8456332,6.2500000,9.9782668),(-8.1742603,6.2500000,10.3947210),(-8.2591915,6.2500000,10.4111251),(-9.8456332,6.2500000,9.9782668),(-8.2591915,6.2500000,10.4111251),(-10.0657665,6.2500000,10.4111251),(-10.2710832,6.2500000,6.4847085),(-9.8456332,6.2500000,9.9782668),(-10.0657665,6.2500000,10.4111251),(-10.0657665,6.2500000,10.4111251),(-11.8712832,6.2500000,10.4111251),(-11.9540978,6.2500000,10.3947210),(-10.0657665,6.2500000,10.4111251),(-11.9540978,6.2500000,10.3947210),(-12.0226249,6.2500000,10.3455085),(-10.0657665,6.2500000,10.4111251),(-12.0226249,6.2500000,10.3455085),(-12.0686624,6.2500000,10.2751293),(-10.0657665,6.2500000,10.4111251),(-12.0686624,6.2500000,10.2751293),(-12.0840082,6.2500000,10.1931085),(-10.0657665,6.2500000,10.4111251),(-12.0840082,6.2500000,10.1931085),(-12.0686624,6.2500000,10.1113522),(-10.0657665,6.2500000,10.4111251),(-12.0686624,6.2500000,10.1113522),(-12.0226249,6.2500000,10.0417668),(-10.0657665,6.2500000,10.4111251),(-12.0226249,6.2500000,10.0417668),(-11.9540978,6.2500000,9.9941418),(-10.0657665,6.2500000,10.4111251),(-11.9540978,6.2500000,9.9941418),(-11.8712832,6.2500000,9.9782668),(-10.0657665,6.2500000,10.4111251),(-11.8712832,6.2500000,9.9782668),(-10.2784915,6.2500000,9.9782668),(-10.2710832,6.2500000,6.4847085),(-10.0657665,6.2500000,10.4111251),(-10.2784915,6.2500000,9.9782668),(-10.2710832,6.2500000,6.4847085),(-10.2784915,6.2500000,9.9782668),(-10.2784915,6.2500000,7.3663001),(-10.2710832,6.2500000,6.4847085),(-10.2784915,6.2500000,7.3663001),(-11.1346832,6.2500000,8.8553751),(-10.2710832,6.2500000,6.4847085),(-11.1346832,6.2500000,8.8553751),(-11.2143228,6.2500000,8.9347501),(-10.2710832,6.2500000,6.4847085),(-11.2143228,6.2500000,8.9347501),(-11.3220082,6.2500000,8.9612085),(-10.2710832,6.2500000,6.4847085),(-11.3220082,6.2500000,8.9612085),(-11.4331332,6.2500000,8.9336918),(-10.2710832,6.2500000,6.4847085),(-11.4331332,6.2500000,8.9336918),(-11.5148894,6.2500000,8.8540522),(-10.2710832,6.2500000,6.4847085),(-11.5148894,6.2500000,8.8540522),(-11.5421415,6.2500000,8.7442501),(-10.2710832,6.2500000,6.4847085),(-11.5421415,6.2500000,8.7442501),(-11.5103915,6.2500000,8.6352418),(0.5874168,6.2500000,10.4661585),(0.4699418,6.2500000,10.4195918),(-0.1375415,6.2500000,9.9179418),(0.5874168,6.2500000,10.4661585),(-0.1375415,6.2500000,9.9179418),(-0.1952207,6.2500000,9.8502085),(0.5874168,6.2500000,10.4661585),(-0.1952207,6.2500000,9.8502085),(-0.2200915,6.2500000,9.7782418),(0.5874168,6.2500000,10.4661585),(-0.2200915,6.2500000,9.7782418),(-0.2200915,6.2500000,9.7443751),(0.5874168,6.2500000,10.4661585),(-0.2200915,6.2500000,9.7443751),(-0.1862249,6.2500000,9.6163168),(0.5874168,6.2500000,10.4661585),(-0.1862249,6.2500000,9.6163168),(-0.1269582,6.2500000,9.5594314),(0.5874168,6.2500000,10.4661585),(-0.1269582,6.2500000,9.5594314),(-0.0465249,6.2500000,9.5305918),(0.5874168,6.2500000,10.4661585),(-0.0465249,6.2500000,9.5305918),(-0.0052499,6.2500000,9.5284751),(0.5874168,6.2500000,10.4661585),(-0.0052499,6.2500000,9.5284751),(0.1101085,6.2500000,9.5655168),(0.5874168,6.2500000,10.4661585),(0.1101085,6.2500000,9.5655168),(0.3810418,6.2500000,9.8047001),(0.5874168,6.2500000,10.4661585),(0.3810418,6.2500000,9.8047001),(0.3810418,6.2500000,6.6191168),(0.5874168,6.2500000,10.4661585),(0.3810418,6.2500000,6.6191168),(0.3963876,6.2500000,6.5370960),(0.5874168,6.2500000,10.4661585),(0.3963876,6.2500000,6.5370960),(0.4424251,6.2500000,6.4688335),(0.5874168,6.2500000,10.4661585),(0.4424251,6.2500000,6.4688335),(0.5106876,6.2500000,6.4227960),(0.5874168,6.2500000,10.4661585),(0.5106876,6.2500000,6.4227960),(0.5927085,6.2500000,6.4074501),(0.5874168,6.2500000,10.4661585),(0.5927085,6.2500000,6.4074501),(0.6755231,6.2500000,6.4227960),(0.5874168,6.2500000,10.4661585),(0.6755231,6.2500000,6.4227960),(0.7440501,6.2500000,6.4688335),(0.5874168,6.2500000,10.4661585),(0.7440501,6.2500000,6.4688335),(0.7900876,6.2500000,6.5370960),(0.5874168,6.2500000,10.4661585),(0.7900876,6.2500000,6.5370960),(0.8054335,6.2500000,6.6191168),(0.5874168,6.2500000,10.4661585),(0.8054335,6.2500000,6.6191168),(0.8054335,6.2500000,10.2460251),(0.5874168,6.2500000,10.4661585),(0.8054335,6.2500000,10.2460251),(0.7771231,6.2500000,10.3592668),(0.5874168,6.2500000,10.4661585),(0.7771231,6.2500000,10.3592668),(0.6921918,6.2500000,10.4344085),(-4.5084582,6.2500000,6.4378772),(-4.4354332,6.2500000,6.3312501),(-4.3288061,6.2500000,6.2582251),(-4.5084582,6.2500000,6.4378772),(-4.3288061,6.2500000,6.2582251),(-4.2036582,6.2500000,6.2338835),(-4.5084582,6.2500000,6.4378772),(-4.2036582,6.2500000,6.2338835),(-4.0787749,6.2500000,6.2582251),(-4.5084582,6.2500000,6.4378772),(-4.0787749,6.2500000,6.2582251),(-3.9729415,6.2500000,6.3312501),(-4.5084582,6.2500000,6.4378772),(-3.9729415,6.2500000,6.3312501),(-3.8999165,6.2500000,6.4378772),(-4.5084582,6.2500000,6.4378772),(-3.8999165,6.2500000,6.4378772),(-3.8755749,6.2500000,6.5630251),(-4.5084582,6.2500000,6.4378772),(-3.8755749,6.2500000,6.5630251),(-3.8999165,6.2500000,6.6881731),(-4.5084582,6.2500000,6.4378772),(-3.8999165,6.2500000,6.6881731),(-3.9729415,6.2500000,6.7948001),(-4.5084582,6.2500000,6.4378772),(-3.9729415,6.2500000,6.7948001),(-4.0787749,6.2500000,6.8678251),(-4.5084582,6.2500000,6.4378772),(-4.0787749,6.2500000,6.8678251),(-4.2036582,6.2500000,6.8921668),(-4.5084582,6.2500000,6.4378772),(-4.2036582,6.2500000,6.8921668),(-4.3288061,6.2500000,6.8678251),(-4.5084582,6.2500000,6.4378772),(-4.3288061,6.2500000,6.8678251),(-4.4354332,6.2500000,6.7948001),(-4.5084582,6.2500000,6.4378772),(-4.4354332,6.2500000,6.7948001),(-4.5084582,6.2500000,6.6881731),(-4.5084582,6.2500000,6.4378772),(-4.5084582,6.2500000,6.6881731),(-4.5327999,6.2500000,6.5630251),(-23.3979207,6.2500000,12.3498918),(-23.3008682,6.2500000,12.3092121),(-23.2028566,6.2500000,12.2739564),(-23.3979207,6.2500000,12.3498918),(-23.2028566,6.2500000,12.2739564),(-23.1038859,6.2500000,12.2441246),(-23.3979207,6.2500000,12.3498918),(-23.1038859,6.2500000,12.2441246),(-23.0039561,6.2500000,12.2197168),(-23.3979207,6.2500000,12.3498918),(-23.0039561,6.2500000,12.2197168),(-22.9030672,6.2500000,12.2007330),(-23.3979207,6.2500000,12.3498918),(-22.9030672,6.2500000,12.2007330),(-22.8012191,6.2500000,12.1871731),(-23.3979207,6.2500000,12.3498918),(-22.8012191,6.2500000,12.1871731),(-22.6984120,6.2500000,12.1790371),(-23.3979207,6.2500000,12.3498918),(-22.6984120,6.2500000,12.1790371),(-22.5946457,6.2500000,12.1763251),(-23.3979207,6.2500000,12.3498918),(-22.5946457,6.2500000,12.1763251),(-22.4588648,6.2500000,12.1806412),(-23.3979207,6.2500000,12.3498918),(-22.4588648,6.2500000,12.1806412),(-22.3256306,6.2500000,12.1935892),(-23.3979207,6.2500000,12.3498918),(-22.3256306,6.2500000,12.1935892),(-22.1949430,6.2500000,12.2151693),(-23.3979207,6.2500000,12.3498918),(-22.1949430,6.2500000,12.2151693),(-22.0668019,6.2500000,12.2453814),(-23.3979207,6.2500000,12.3498918),(-22.0668019,6.2500000,12.2453814),(-21.9412075,6.2500000,12.2842255),(-23.3979207,6.2500000,12.3498918),(-21.9412075,6.2500000,12.2842255),(-21.8181598,6.2500000,12.3317017),(-23.3979207,6.2500000,12.3498918),(-21.8181598,6.2500000,12.3317017),(-21.6976586,6.2500000,12.3878099),(-23.3979207,6.2500000,12.3498918),(-21.6976586,6.2500000,12.3878099),(-21.5797040,6.2500000,12.4525501),(-23.3979207,6.2500000,12.3498918),(-21.5797040,6.2500000,12.4525501),(-21.4661316,6.2500000,12.5249468),(-23.3979207,6.2500000,12.3498918),(-21.4661316,6.2500000,12.5249468),(-21.3587769,6.2500000,12.6034949),(-23.3979207,6.2500000,12.3498918),(-21.3587769,6.2500000,12.6034949),(-21.2576400,6.2500000,12.6881947),(-23.3979207,6.2500000,12.3498918),(-21.2576400,6.2500000,12.6881947),(-21.1627207,6.2500000,12.7790460),(-23.3979207,6.2500000,12.3498918),(-21.1627207,6.2500000,12.7790460),(-21.0740191,6.2500000,12.8760488),(-21.0740191,6.2500000,12.8760488),(-20.9915353,6.2500000,12.9792033),(-20.9152691,6.2500000,13.0885093),(-21.0740191,6.2500000,12.8760488),(-20.9152691,6.2500000,13.0885093),(-20.8452207,6.2500000,13.2039668),(-21.0740191,6.2500000,12.8760488),(-20.8452207,6.2500000,13.2039668),(-20.7822168,6.2500000,13.3237404),(-21.0740191,6.2500000,12.8760488),(-20.7822168,6.2500000,13.3237404),(-20.7276134,6.2500000,13.4459944),(-21.0740191,6.2500000,12.8760488),(-20.7276134,6.2500000,13.4459944),(-20.6814105,6.2500000,13.5707289),(-21.0740191,6.2500000,12.8760488),(-20.6814105,6.2500000,13.5707289),(-20.6436082,6.2500000,13.6979439),(-21.0740191,6.2500000,12.8760488),(-20.6436082,6.2500000,13.6979439),(-20.6142064,6.2500000,13.8276393),(-21.0740191,6.2500000,12.8760488),(-20.6142064,6.2500000,13.8276393),(-20.5932051,6.2500000,13.9598152),(-21.0740191,6.2500000,12.8760488),(-20.5932051,6.2500000,13.9598152),(-20.5806043,6.2500000,14.0944716),(-21.0740191,6.2500000,12.8760488),(-20.5806043,6.2500000,14.0944716),(-20.5764040,6.2500000,14.2316085),(-21.0740191,6.2500000,12.8760488),(-20.5764040,6.2500000,14.2316085),(-20.5806043,6.2500000,14.3632387),(-21.0740191,6.2500000,12.8760488),(-20.5806043,6.2500000,14.3632387),(-20.5932051,6.2500000,14.4940751),(-21.0740191,6.2500000,12.8760488),(-20.5932051,6.2500000,14.4940751),(-20.6142064,6.2500000,14.6241179),(-21.0740191,6.2500000,12.8760488),(-20.6142064,6.2500000,14.6241179),(-20.6436082,6.2500000,14.7533668),(-21.0740191,6.2500000,12.8760488),(-20.6436082,6.2500000,14.7533668),(-20.6814105,6.2500000,14.8818220),(-21.0740191,6.2500000,12.8760488),(-20.6814105,6.2500000,14.8818220),(-20.7276134,6.2500000,15.0094835),(-20.7276134,6.2500000,15.0094835),(-21.1193952,6.2500000,14.8679975),(-21.0828331,6.2500000,14.7701182),(-20.7276134,6.2500000,15.0094835),(-21.0828331,6.2500000,14.7701182),(-21.0529186,6.2500000,14.6689647),(-20.7276134,6.2500000,15.0094835),(-21.0529186,6.2500000,14.6689647),(-21.0296518,6.2500000,14.5645370),(-20.7276134,6.2500000,15.0094835),(-21.0296518,6.2500000,14.5645370),(-21.0130327,6.2500000,14.4568350),(-20.7276134,6.2500000,15.0094835),(-21.0130327,6.2500000,14.4568350),(-21.0030612,6.2500000,14.3458589),(-20.7276134,6.2500000,15.0094835),(-21.0030612,6.2500000,14.3458589),(-20.9997374,6.2500000,14.2316085),(-20.7276134,6.2500000,15.0094835),(-20.9997374,6.2500000,14.2316085),(-21.0030943,6.2500000,14.1215749),(-21.0740191,6.2500000,12.8760488),(-20.7276134,6.2500000,15.0094835),(-21.0030943,6.2500000,14.1215749),(-21.0740191,6.2500000,12.8760488),(-21.0030943,6.2500000,14.1215749),(-21.0131650,6.2500000,14.0137241),(-21.0740191,6.2500000,12.8760488),(-21.0131650,6.2500000,14.0137241),(-21.0299495,6.2500000,13.9080561),(-21.0740191,6.2500000,12.8760488),(-21.0299495,6.2500000,13.9080561),(-21.0534478,6.2500000,13.8045710),(-21.0740191,6.2500000,12.8760488),(-21.0534478,6.2500000,13.8045710),(-21.0836599,6.2500000,13.7032686),(-21.0740191,6.2500000,12.8760488),(-21.0836599,6.2500000,13.7032686),(-21.1205858,6.2500000,13.6041491),(-21.0740191,6.2500000,12.8760488),(-21.1205858,6.2500000,13.6041491),(-21.1642255,6.2500000,13.5072124),(-21.0740191,6.2500000,12.8760488),(-21.1642255,6.2500000,13.5072124),(-21.2145790,6.2500000,13.4124585),(-21.0740191,6.2500000,12.8760488),(-21.2145790,6.2500000,13.4124585),(-21.2704226,6.2500000,13.3212434),(-21.0740191,6.2500000,12.8760488),(-21.2704226,6.2500000,13.3212434),(-21.3310618,6.2500000,13.2349231),(-21.0740191,6.2500000,12.8760488),(-21.3310618,6.2500000,13.2349231),(-21.3964966,6.2500000,13.1534975),(-21.0740191,6.2500000,12.8760488),(-21.3964966,6.2500000,13.1534975),(-21.4667269,6.2500000,13.0769668),(-21.0740191,6.2500000,12.8760488),(-21.4667269,6.2500000,13.0769668),(-21.5417529,6.2500000,13.0053309),(-21.0740191,6.2500000,12.8760488),(-21.5417529,6.2500000,13.0053309),(-21.6215743,6.2500000,12.9385897),(-21.0740191,6.2500000,12.8760488),(-21.6215743,6.2500000,12.9385897),(-21.7061914,6.2500000,12.8767434),(-21.0740191,6.2500000,12.8760488),(-21.7061914,6.2500000,12.8767434),(-21.7956040,6.2500000,12.8197918),(-21.0740191,6.2500000,12.8760488),(-21.7956040,6.2500000,12.8197918),(-21.8881917,6.2500000,12.7686942),(-21.0740191,6.2500000,12.8760488),(-21.8881917,6.2500000,12.7686942),(-21.9828629,6.2500000,12.7244095),(-21.0740191,6.2500000,12.8760488),(-21.9828629,6.2500000,12.7244095),(-22.0796177,6.2500000,12.6869379),(-21.0740191,6.2500000,12.8760488),(-22.0796177,6.2500000,12.6869379),(-22.1784561,6.2500000,12.6562793),(-23.3979207,6.2500000,12.3498918),(-21.0740191,6.2500000,12.8760488),(-22.1784561,6.2500000,12.6562793),(-23.3979207,6.2500000,12.3498918),(-22.1784561,6.2500000,12.6562793),(-22.2793781,6.2500000,12.6324337),(-23.3979207,6.2500000,12.3498918),(-22.2793781,6.2500000,12.6324337),(-22.3823837,6.2500000,12.6154012),(-23.3979207,6.2500000,12.3498918),(-22.3823837,6.2500000,12.6154012),(-22.4874729,6.2500000,12.6051817),(-23.3979207,6.2500000,12.3498918),(-22.4874729,6.2500000,12.6051817),(-22.5946457,6.2500000,12.6017751),(-23.3979207,6.2500000,12.3498918),(-22.5946457,6.2500000,12.6017751),(-22.7482363,6.2500000,12.6088527),(-23.3979207,6.2500000,12.3498918),(-22.7482363,6.2500000,12.6088527),(-22.8978582,6.2500000,12.6300856),(-23.3979207,6.2500000,12.3498918),(-22.8978582,6.2500000,12.6300856),(-23.0435113,6.2500000,12.6654736),(-23.3979207,6.2500000,12.3498918),(-23.0435113,6.2500000,12.6654736),(-23.1851957,6.2500000,12.7150168),(-23.3979207,6.2500000,12.3498918),(-23.1851957,6.2500000,12.7150168),(-21.5881707,6.2500000,15.4984335),(-23.9588374,6.2500000,11.3751668),(-23.3979207,6.2500000,12.3498918),(-21.5881707,6.2500000,15.4984335),(-21.1626049,6.2500000,14.9626026),(-21.1193952,6.2500000,14.8679975),(-20.7276134,6.2500000,15.0094835),(-21.2124624,6.2500000,15.0539335),(-21.1626049,6.2500000,14.9626026),(-20.7276134,6.2500000,15.0094835),(-21.2803941,6.2500000,15.1579147),(-21.2124624,6.2500000,15.0539335),(-20.7276134,6.2500000,15.0094835),(-21.3656561,6.2500000,15.2666585),(-21.2803941,6.2500000,15.1579147),(-20.7276134,6.2500000,15.0094835),(-21.4147859,6.2500000,15.3228163),(-21.3656561,6.2500000,15.2666585),(-20.7276134,6.2500000,15.0094835),(-21.4682483,6.2500000,15.3801647),(-21.4147859,6.2500000,15.3228163),(-20.7276134,6.2500000,15.0094835),(-21.5260432,6.2500000,15.4387038),(-21.4682483,6.2500000,15.3801647),(-20.7276134,6.2500000,15.0094835),(-21.5881707,6.2500000,15.4984335),(-21.5260432,6.2500000,15.4387038),(-20.7276134,6.2500000,15.0094835),(-21.5881707,6.2500000,15.4984335),(-20.7276134,6.2500000,15.0094835),(-20.7822168,6.2500000,15.1363512),(-21.5881707,6.2500000,15.4984335),(-20.7822168,6.2500000,15.1363512),(-20.8452207,6.2500000,15.2624251),(-21.5881707,6.2500000,15.4984335),(-20.8452207,6.2500000,15.2624251),(-20.8954088,6.2500000,15.3491423),(-21.5881707,6.2500000,15.4984335),(-20.8954088,6.2500000,15.3491423),(-20.9501941,6.2500000,15.4325522),(-21.5881707,6.2500000,15.4984335),(-20.9501941,6.2500000,15.4325522),(-21.0095765,6.2500000,15.5126548),(-21.5881707,6.2500000,15.4984335),(-21.0095765,6.2500000,15.5126548),(-21.0735561,6.2500000,15.5894501),(-21.5881707,6.2500000,15.4984335),(-21.0735561,6.2500000,15.5894501),(-21.1421328,6.2500000,15.6629382),(-21.5881707,6.2500000,15.4984335),(-21.1421328,6.2500000,15.6629382),(-21.2153066,6.2500000,15.7331189),(-21.5881707,6.2500000,15.4984335),(-21.2153066,6.2500000,15.7331189),(-21.2930776,6.2500000,15.7999923),(-21.5881707,6.2500000,15.4984335),(-21.2930776,6.2500000,15.7999923),(-21.3754457,6.2500000,15.8635585),(-21.5881707,6.2500000,15.4984335),(-21.3754457,6.2500000,15.8635585),(-20.8335790,6.2500000,16.8160585),(-23.9588374,6.2500000,11.3751668),(-21.5881707,6.2500000,15.4984335),(-20.8335790,6.2500000,16.8160585),(-23.9588374,6.2500000,11.3751668),(-20.8335790,6.2500000,16.8160585),(-20.8050040,6.2500000,16.9197751),(-23.9588374,6.2500000,11.3751668),(-20.8050040,6.2500000,16.9197751),(-20.8124124,6.2500000,16.9801001),(-23.9588374,6.2500000,11.3751668),(-20.8124124,6.2500000,16.9801001),(-20.8510415,6.2500000,17.0552418),(-23.9588374,6.2500000,11.3751668),(-20.8510415,6.2500000,17.0552418),(-20.9161290,6.2500000,17.1092168),(-23.9588374,6.2500000,11.3751668),(-20.9161290,6.2500000,17.1092168),(-21.0187874,6.2500000,17.1399085),(-23.9588374,6.2500000,11.3751668),(-21.0187874,6.2500000,17.1399085),(-21.0791124,6.2500000,17.1325001),(-23.9588374,6.2500000,11.3751668),(-21.0791124,6.2500000,17.1325001),(-21.1547832,6.2500000,17.0938710),(-23.9588374,6.2500000,11.3751668),(-21.1547832,6.2500000,17.0938710),(-21.2103457,6.2500000,17.0287835),(-23.9588374,6.2500000,11.3751668),(-21.2103457,6.2500000,17.0287835),(-21.7458624,6.2500000,16.1006251),(-21.7458624,6.2500000,16.1006251),(-21.8464702,6.2500000,16.1450255),(-21.9503853,6.2500000,16.1835059),(-21.7458624,6.2500000,16.1006251),(-21.9503853,6.2500000,16.1835059),(-22.0576077,6.2500000,16.2160662),(-21.7458624,6.2500000,16.1006251),(-22.0576077,6.2500000,16.2160662),(-22.1681374,6.2500000,16.2427064),(-21.7458624,6.2500000,16.1006251),(-22.1681374,6.2500000,16.2427064),(-22.2819743,6.2500000,16.2634266),(-21.7458624,6.2500000,16.1006251),(-22.2819743,6.2500000,16.2634266),(-22.3991186,6.2500000,16.2782267),(-21.7458624,6.2500000,16.1006251),(-22.3991186,6.2500000,16.2782267),(-22.5195702,6.2500000,16.2871068),(-21.7458624,6.2500000,16.1006251),(-22.5195702,6.2500000,16.2871068),(-22.6433290,6.2500000,16.2900668),(-21.7458624,6.2500000,16.1006251),(-22.6433290,6.2500000,16.2900668),(-22.7679312,6.2500000,16.2857343),(-21.7458624,6.2500000,16.1006251),(-22.7679312,6.2500000,16.2857343),(-22.8914420,6.2500000,16.2727366),(-21.7458624,6.2500000,16.1006251),(-22.8914420,6.2500000,16.2727366),(-23.0138614,6.2500000,16.2510738),(-21.7458624,6.2500000,16.1006251),(-23.0138614,6.2500000,16.2510738),(-23.1351894,6.2500000,16.2207460),(-21.7458624,6.2500000,16.1006251),(-23.1351894,6.2500000,16.2207460),(-23.2554260,6.2500000,16.1817530),(-21.7458624,6.2500000,16.1006251),(-23.2554260,6.2500000,16.1817530),(-23.3745712,6.2500000,16.1340949),(-21.7458624,6.2500000,16.1006251),(-23.3745712,6.2500000,16.1340949),(-23.4926250,6.2500000,16.0777718),(-21.7458624,6.2500000,16.1006251),(-23.4926250,6.2500000,16.0777718),(-23.6095874,6.2500000,16.0127835),(-21.7458624,6.2500000,16.1006251),(-23.6095874,6.2500000,16.0127835),(-23.7226967,6.2500000,15.9406184),(-21.7458624,6.2500000,16.1006251),(-23.7226967,6.2500000,15.9406184),(-23.8297207,6.2500000,15.8622356),(-21.7458624,6.2500000,16.1006251),(-23.8297207,6.2500000,15.8622356),(-23.9306592,6.2500000,15.7776350),(-21.7458624,6.2500000,16.1006251),(-23.9306592,6.2500000,15.7776350),(-24.0255124,6.2500000,15.6868168),(-21.7458624,6.2500000,16.1006251),(-24.0255124,6.2500000,15.6868168),(-24.1142801,6.2500000,15.5897809),(-24.1142801,6.2500000,15.5897809),(-24.1969624,6.2500000,15.4865272),(-24.2735592,6.2500000,15.3770559),(-24.1142801,6.2500000,15.5897809),(-24.2735592,6.2500000,15.3770559),(-24.3440707,6.2500000,15.2613668),(-24.1142801,6.2500000,15.5897809),(-24.3440707,6.2500000,15.2613668),(-24.4073226,6.2500000,15.1415602),(-24.1142801,6.2500000,15.5897809),(-24.4073226,6.2500000,15.1415602),(-24.4621410,6.2500000,15.0192069),(-24.1142801,6.2500000,15.5897809),(-24.4621410,6.2500000,15.0192069),(-24.5085258,6.2500000,14.8943070),(-24.1142801,6.2500000,15.5897809),(-24.5085258,6.2500000,14.8943070),(-24.5464769,6.2500000,14.7668606),(-24.1142801,6.2500000,15.5897809),(-24.5464769,6.2500000,14.7668606),(-24.5759945,6.2500000,14.6368675),(-24.1142801,6.2500000,15.5897809),(-24.5759945,6.2500000,14.6368675),(-24.5970785,6.2500000,14.5043277),(-24.1142801,6.2500000,15.5897809),(-24.5970785,6.2500000,14.5043277),(-24.6097289,6.2500000,14.3692414),(-24.1142801,6.2500000,15.5897809),(-24.6097289,6.2500000,14.3692414),(-24.6139457,6.2500000,14.2316085),(-24.1142801,6.2500000,15.5897809),(-24.6139457,6.2500000,14.2316085),(-24.6097454,6.2500000,14.0935456),(-24.1142801,6.2500000,15.5897809),(-24.6097454,6.2500000,14.0935456),(-24.5971446,6.2500000,13.9582277),(-24.1142801,6.2500000,15.5897809),(-24.5971446,6.2500000,13.9582277),(-24.5761433,6.2500000,13.8256550),(-24.1142801,6.2500000,15.5897809),(-24.5761433,6.2500000,13.8256550),(-24.5467415,6.2500000,13.6958272),(-24.1142801,6.2500000,15.5897809),(-24.5467415,6.2500000,13.6958272),(-24.5089392,6.2500000,13.5687445),(-24.1142801,6.2500000,15.5897809),(-24.5089392,6.2500000,13.5687445),(-24.4627363,6.2500000,13.4444069),(-24.1142801,6.2500000,15.5897809),(-24.4627363,6.2500000,13.4444069),(-24.4081329,6.2500000,13.3228143),(-24.1142801,6.2500000,15.5897809),(-24.4081329,6.2500000,13.3228143),(-24.3451290,6.2500000,13.2039668),(-24.3451290,6.2500000,13.2039668),(-23.9768290,6.2500000,13.4124585),(-24.0261904,6.2500000,13.5071958),(-24.3451290,6.2500000,13.2039668),(-24.0261904,6.2500000,13.5071958),(-24.0689702,6.2500000,13.6040830),(-24.3451290,6.2500000,13.2039668),(-24.0689702,6.2500000,13.6040830),(-24.1051685,6.2500000,13.7031198),(-24.3451290,6.2500000,13.2039668),(-24.1051685,6.2500000,13.7031198),(-24.1347853,6.2500000,13.8043064),(-24.3451290,6.2500000,13.2039668),(-24.1347853,6.2500000,13.8043064),(-24.1578206,6.2500000,13.9076427),(-24.3451290,6.2500000,13.2039668),(-24.1578206,6.2500000,13.9076427),(-24.1742743,6.2500000,14.0131288),(-24.3451290,6.2500000,13.2039668),(-24.1742743,6.2500000,14.0131288),(-24.1841466,6.2500000,14.1207646),(-24.3451290,6.2500000,13.2039668),(-24.1841466,6.2500000,14.1207646),(-24.1874374,6.2500000,14.2305501),(-24.3451290,6.2500000,13.2039668),(-24.1874374,6.2500000,14.2305501),(-24.1840970,6.2500000,14.3403688),(-24.1142801,6.2500000,15.5897809),(-24.3451290,6.2500000,13.2039668),(-24.1840970,6.2500000,14.3403688),(-24.1142801,6.2500000,15.5897809),(-24.1840970,6.2500000,14.3403688),(-24.1740759,6.2500000,14.4481038),(-24.1142801,6.2500000,15.5897809),(-24.1740759,6.2500000,14.4481038),(-24.1573741,6.2500000,14.5537552),(-24.1142801,6.2500000,15.5897809),(-24.1573741,6.2500000,14.5537552),(-24.1339915,6.2500000,14.6573231),(-24.1142801,6.2500000,15.5897809),(-24.1339915,6.2500000,14.6573231),(-24.1039282,6.2500000,14.7588073),(-24.1142801,6.2500000,15.5897809),(-24.1039282,6.2500000,14.7588073),(-24.0671842,6.2500000,14.8582080),(-24.1142801,6.2500000,15.5897809),(-24.0671842,6.2500000,14.8582080),(-24.0237595,6.2500000,14.9555250),(-24.1142801,6.2500000,15.5897809),(-24.0237595,6.2500000,14.9555250),(-23.9736540,6.2500000,15.0507585),(-24.1142801,6.2500000,15.5897809),(-23.9736540,6.2500000,15.0507585),(-23.9178104,6.2500000,15.1427012),(-24.1142801,6.2500000,15.5897809),(-23.9178104,6.2500000,15.1427012),(-23.8571712,6.2500000,15.2296168),(-24.1142801,6.2500000,15.5897809),(-23.8571712,6.2500000,15.2296168),(-23.7917364,6.2500000,15.3115054),(-24.1142801,6.2500000,15.5897809),(-23.7917364,6.2500000,15.3115054),(-23.7215061,6.2500000,15.3883668),(-24.1142801,6.2500000,15.5897809),(-23.7215061,6.2500000,15.3883668),(-23.6464802,6.2500000,15.4602012),(-24.1142801,6.2500000,15.5897809),(-23.6464802,6.2500000,15.4602012),(-23.5666587,6.2500000,15.5270085),(-24.1142801,6.2500000,15.5897809),(-23.5666587,6.2500000,15.5270085),(-23.4820417,6.2500000,15.5887887),(-24.1142801,6.2500000,15.5897809),(-23.4820417,6.2500000,15.5887887),(-23.3926290,6.2500000,15.6455418),(-24.1142801,6.2500000,15.5897809),(-23.3926290,6.2500000,15.6455418),(-23.3005540,6.2500000,15.6966395),(-24.1142801,6.2500000,15.5897809),(-23.3005540,6.2500000,15.6966395),(-23.2079499,6.2500000,15.7409241),(-24.1142801,6.2500000,15.5897809),(-23.2079499,6.2500000,15.7409241),(-23.1148165,6.2500000,15.7783957),(-24.1142801,6.2500000,15.5897809),(-23.1148165,6.2500000,15.7783957),(-23.0211540,6.2500000,15.8090543),(-24.1142801,6.2500000,15.5897809),(-23.0211540,6.2500000,15.8090543),(-22.9269624,6.2500000,15.8328999),(-21.7458624,6.2500000,16.1006251),(-24.1142801,6.2500000,15.5897809),(-22.9269624,6.2500000,15.8328999),(-21.7458624,6.2500000,16.1006251),(-22.9269624,6.2500000,15.8328999),(-22.8322415,6.2500000,15.8499324),(-21.7458624,6.2500000,16.1006251),(-22.8322415,6.2500000,15.8499324),(-22.7369915,6.2500000,15.8601520),(-21.7458624,6.2500000,16.1006251),(-22.7369915,6.2500000,15.8601520),(-22.6412124,6.2500000,15.8635585),(-21.7458624,6.2500000,16.1006251),(-22.6412124,6.2500000,15.8635585),(-22.6348624,6.2500000,15.8635585),(-21.7458624,6.2500000,16.1006251),(-22.6348624,6.2500000,15.8635585),(-22.5411502,6.2500000,15.8614749),(-21.7458624,6.2500000,16.1006251),(-22.5411502,6.2500000,15.8614749),(-22.4499848,6.2500000,15.8552241),(-21.7458624,6.2500000,16.1006251),(-22.4499848,6.2500000,15.8552241),(-22.3613659,6.2500000,15.8448061),(-21.7458624,6.2500000,16.1006251),(-22.3613659,6.2500000,15.8448061),(-22.2752936,6.2500000,15.8302210),(-21.7458624,6.2500000,16.1006251),(-22.2752936,6.2500000,15.8302210),(-22.1917680,6.2500000,15.8114686),(-21.7458624,6.2500000,16.1006251),(-22.1917680,6.2500000,15.8114686),(-22.1107889,6.2500000,15.7885491),(-21.7458624,6.2500000,16.1006251),(-22.1107889,6.2500000,15.7885491),(-22.0323565,6.2500000,15.7614624),(-21.7458624,6.2500000,16.1006251),(-22.0323565,6.2500000,15.7614624),(-21.9564707,6.2500000,15.7302085),(-23.9588374,6.2500000,11.3751668),(-21.7458624,6.2500000,16.1006251),(-21.9564707,6.2500000,15.7302085),(-23.9588374,6.2500000,11.3751668),(-21.9564707,6.2500000,15.7302085),(-23.5609040,6.2500000,12.9351501),(-23.9588374,6.2500000,11.3751668),(-23.5609040,6.2500000,12.9351501),(-23.6813556,6.2500000,13.0380069),(-23.9344461,6.2500000,13.3431873),(-23.9768290,6.2500000,13.4124585),(-24.3451290,6.2500000,13.2039668),(-23.8893181,6.2500000,13.2766611),(-23.9344461,6.2500000,13.3431873),(-24.3451290,6.2500000,13.2039668),(-23.7908269,6.2500000,13.1518439),(-23.8893181,6.2500000,13.2766611),(-24.3451290,6.2500000,13.2039668),(-23.6813556,6.2500000,13.0380069),(-23.7908269,6.2500000,13.1518439),(-24.3451290,6.2500000,13.2039668),(-23.6813556,6.2500000,13.0380069),(-24.3451290,6.2500000,13.2039668),(-24.2871853,6.2500000,13.1089152),(-23.6813556,6.2500000,13.0380069),(-24.2871853,6.2500000,13.1089152),(-24.2255374,6.2500000,13.0179647),(-23.6813556,6.2500000,13.0380069),(-24.2255374,6.2500000,13.0179647),(-24.1601853,6.2500000,12.9311152),(-23.6813556,6.2500000,13.0380069),(-24.1601853,6.2500000,12.9311152),(-24.0911290,6.2500000,12.8483668),(-23.6813556,6.2500000,13.0380069),(-24.0911290,6.2500000,12.8483668),(-24.0183686,6.2500000,12.7697194),(-23.6813556,6.2500000,13.0380069),(-24.0183686,6.2500000,12.7697194),(-23.9419040,6.2500000,12.6951731),(-23.6813556,6.2500000,13.0380069),(-23.9419040,6.2500000,12.6951731),(-23.8617353,6.2500000,12.6247277),(-23.6813556,6.2500000,13.0380069),(-23.8617353,6.2500000,12.6247277),(-23.7778624,6.2500000,12.5583835),(-23.9588374,6.2500000,11.3751668),(-23.6813556,6.2500000,13.0380069),(-23.7778624,6.2500000,12.5583835),(-23.9588374,6.2500000,11.3751668),(-23.7778624,6.2500000,12.5583835),(-24.3334874,6.2500000,11.5878918),(-23.9588374,6.2500000,11.3751668),(-24.3334874,6.2500000,11.5878918),(-24.3610040,6.2500000,11.4862918),(-23.9588374,6.2500000,11.3751668),(-24.3610040,6.2500000,11.4862918),(-24.3546540,6.2500000,11.4259668),(-23.9588374,6.2500000,11.3751668),(-24.3546540,6.2500000,11.4259668),(-24.3154957,6.2500000,11.3489731),(-23.9588374,6.2500000,11.3751668),(-24.3154957,6.2500000,11.3489731),(-24.2530540,6.2500000,11.2936751),(-23.9588374,6.2500000,11.3751668),(-24.2530540,6.2500000,11.2936751),(-24.1482790,6.2500000,11.2661585),(-23.9588374,6.2500000,11.3751668),(-24.1482790,6.2500000,11.2661585),(-24.0879540,6.2500000,11.2735668),(-23.9588374,6.2500000,11.3751668),(-24.0879540,6.2500000,11.2735668),(-24.0154582,6.2500000,11.3090210),(-16.4425540,6.2500000,13.1531668),(-16.4404374,6.2500000,13.1044835),(-16.4165091,6.2500000,13.0123919),(-16.4425540,6.2500000,13.1531668),(-16.4165091,6.2500000,13.0123919),(-16.3886452,6.2500000,12.9260882),(-16.4425540,6.2500000,13.1531668),(-16.3886452,6.2500000,12.9260882),(-16.3568456,6.2500000,12.8455721),(-16.4425540,6.2500000,13.1531668),(-16.3568456,6.2500000,12.8455721),(-16.3211103,6.2500000,12.7708439),(-16.4425540,6.2500000,13.1531668),(-16.3211103,6.2500000,12.7708439),(-16.2814393,6.2500000,12.7019034),(-16.4425540,6.2500000,13.1531668),(-16.2814393,6.2500000,12.7019034),(-16.2378327,6.2500000,12.6387507),(-16.4425540,6.2500000,13.1531668),(-16.2378327,6.2500000,12.6387507),(-16.1388124,6.2500000,12.5298085),(-16.4425540,6.2500000,13.1531668),(-16.1388124,6.2500000,12.5298085),(-16.0578333,6.2500000,12.4603554),(-16.4425540,6.2500000,13.1531668),(-16.0578333,6.2500000,12.4603554),(-15.9747045,6.2500000,12.4001626),(-16.4425540,6.2500000,13.1531668),(-15.9747045,6.2500000,12.4001626),(-15.8894260,6.2500000,12.3492304),(-16.4425540,6.2500000,13.1531668),(-15.8894260,6.2500000,12.3492304),(-15.8019978,6.2500000,12.3075585),(-16.4425540,6.2500000,13.1531668),(-15.8019978,6.2500000,12.3075585),(-15.7124198,6.2500000,12.2751470),(-16.4425540,6.2500000,13.1531668),(-15.7124198,6.2500000,12.2751470),(-15.6206920,6.2500000,12.2519960),(-16.4425540,6.2500000,13.1531668),(-15.6206920,6.2500000,12.2519960),(-15.5268146,6.2500000,12.2381054),(-16.4425540,6.2500000,13.1531668),(-15.5268146,6.2500000,12.2381054),(-15.4307874,6.2500000,12.2334751),(-16.4425540,6.2500000,13.1531668),(-15.4307874,6.2500000,12.2334751),(-15.3355374,6.2500000,12.2381880),(-16.4425540,6.2500000,13.1531668),(-15.3355374,6.2500000,12.2381880),(-15.2429332,6.2500000,12.2523267),(-16.4425540,6.2500000,13.1531668),(-15.2429332,6.2500000,12.2523267),(-15.1529749,6.2500000,12.2758912),(-16.4425540,6.2500000,13.1531668),(-15.1529749,6.2500000,12.2758912),(-15.0656624,6.2500000,12.3088814),(-15.0656624,6.2500000,12.3088814),(-14.9809957,6.2500000,12.3512974),(-14.8989749,6.2500000,12.4031392),(-15.0656624,6.2500000,12.3088814),(-14.8989749,6.2500000,12.4031392),(-14.8195999,6.2500000,12.4644068),(-15.0656624,6.2500000,12.3088814),(-14.8195999,6.2500000,12.4644068),(-14.7428707,6.2500000,12.5351001),(-15.0656624,6.2500000,12.3088814),(-14.7428707,6.2500000,12.5351001),(-14.6627515,6.2500000,12.6233387),(-15.0656624,6.2500000,12.3088814),(-14.6627515,6.2500000,12.6233387),(-14.5933150,6.2500000,12.7181918),(-15.0656624,6.2500000,12.3088814),(-14.5933150,6.2500000,12.7181918),(-14.5345609,6.2500000,12.8196595),(-15.0656624,6.2500000,12.3088814),(-14.5345609,6.2500000,12.8196595),(-14.4864894,6.2500000,12.9277418),(-15.0656624,6.2500000,12.3088814),(-14.4864894,6.2500000,12.9277418),(-14.4491005,6.2500000,13.0424387),(-15.0656624,6.2500000,12.3088814),(-14.4491005,6.2500000,13.0424387),(-14.4223941,6.2500000,13.1637501),(-15.0656624,6.2500000,12.3088814),(-14.4223941,6.2500000,13.1637501),(-14.4063703,6.2500000,13.2916762),(-15.0656624,6.2500000,12.3088814),(-14.4063703,6.2500000,13.2916762),(-14.4010290,6.2500000,13.4262168),(-15.0656624,6.2500000,12.3088814),(-14.4010290,6.2500000,13.4262168),(-14.4023189,6.2500000,13.5294994),(-15.0656624,6.2500000,12.3088814),(-14.4023189,6.2500000,13.5294994),(-14.4061884,6.2500000,13.6287388),(-15.0656624,6.2500000,12.3088814),(-14.4061884,6.2500000,13.6287388),(-14.4126376,6.2500000,13.7239351),(-15.0656624,6.2500000,12.3088814),(-14.4126376,6.2500000,13.7239351),(-14.4216665,6.2500000,13.8150882),(-15.0656624,6.2500000,12.3088814),(-14.4216665,6.2500000,13.8150882),(-14.4332751,6.2500000,13.9021981),(-15.0656624,6.2500000,12.3088814),(-14.4332751,6.2500000,13.9021981),(-14.4474634,6.2500000,13.9852649),(-15.0656624,6.2500000,12.3088814),(-14.4474634,6.2500000,13.9852649),(-14.4642314,6.2500000,14.0642885),(-15.0656624,6.2500000,12.3088814),(-14.4642314,6.2500000,14.0642885),(-14.4835790,6.2500000,14.1392689),(-15.0656624,6.2500000,12.3088814),(-14.4835790,6.2500000,14.1392689),(-14.5300134,6.2500000,14.2771003),(-14.5300134,6.2500000,14.2771003),(-14.5867665,6.2500000,14.3987590),(-14.6538384,6.2500000,14.5042451),(-14.5300134,6.2500000,14.2771003),(-14.6538384,6.2500000,14.5042451),(-14.7312290,6.2500000,14.5935585),(-14.5300134,6.2500000,14.2771003),(-14.7312290,6.2500000,14.5935585),(-14.8107198,6.2500000,14.6630116),(-14.5300134,6.2500000,14.2771003),(-14.8107198,6.2500000,14.6630116),(-14.8925587,6.2500000,14.7232043),(-14.5300134,6.2500000,14.2771003),(-14.8925587,6.2500000,14.7232043),(-14.9767458,6.2500000,14.7741366),(-14.5300134,6.2500000,14.2771003),(-14.9767458,6.2500000,14.7741366),(-15.0632811,6.2500000,14.8158085),(-14.5300134,6.2500000,14.2771003),(-15.0632811,6.2500000,14.8158085),(-15.1521646,6.2500000,14.8482199),(-14.5300134,6.2500000,14.2771003),(-15.1521646,6.2500000,14.8482199),(-15.2433962,6.2500000,14.8713710),(-14.5300134,6.2500000,14.2771003),(-15.2433962,6.2500000,14.8713710),(-15.3369760,6.2500000,14.8852616),(-14.5300134,6.2500000,14.2771003),(-15.3369760,6.2500000,14.8852616),(-15.4329040,6.2500000,14.8898918),(-14.5300134,6.2500000,14.2771003),(-15.4329040,6.2500000,14.8898918),(-15.5182156,6.2500000,14.8866341),(-14.5300134,6.2500000,14.2771003),(-15.5182156,6.2500000,14.8866341),(-15.6005837,6.2500000,14.8768611),(-14.5300134,6.2500000,14.2771003),(-15.6005837,6.2500000,14.8768611),(-15.6800083,6.2500000,14.8605727),(-14.5300134,6.2500000,14.2771003),(-15.6800083,6.2500000,14.8605727),(-15.7564894,6.2500000,14.8377689),(-14.5300134,6.2500000,14.2771003),(-15.7564894,6.2500000,14.8377689),(-15.9006212,6.2500000,14.7726152),(-14.5300134,6.2500000,14.2771003),(-15.9006212,6.2500000,14.7726152),(-16.0329790,6.2500000,14.6814001),(-15.9906457,6.2500000,15.8593251),(-14.7153540,6.2500000,15.8593251),(-14.6338624,6.2500000,15.8752001),(-15.9906457,6.2500000,15.8593251),(-14.6338624,6.2500000,15.8752001),(-14.5650707,6.2500000,15.9228251),(-15.9906457,6.2500000,15.8593251),(-14.5650707,6.2500000,15.9228251),(-14.5182394,6.2500000,15.9921460),(-15.9906457,6.2500000,15.8593251),(-14.5182394,6.2500000,15.9921460),(-14.5026290,6.2500000,16.0731085),(-15.9906457,6.2500000,15.8593251),(-14.5026290,6.2500000,16.0731085),(-14.5182394,6.2500000,16.1538064),(-15.9906457,6.2500000,15.8593251),(-14.5182394,6.2500000,16.1538064),(-14.5650707,6.2500000,16.2223335),(-15.9906457,6.2500000,15.8593251),(-14.5650707,6.2500000,16.2223335),(-14.6338624,6.2500000,16.2699585),(-15.9906457,6.2500000,15.8593251),(-14.6338624,6.2500000,16.2699585),(-14.7153540,6.2500000,16.2858335),(-15.9906457,6.2500000,15.8593251),(-14.7153540,6.2500000,16.2858335),(-16.1874957,6.2500000,16.2858335),(-16.0329790,6.2500000,14.6814001),(-15.9906457,6.2500000,15.8593251),(-16.1874957,6.2500000,16.2858335),(-16.0329790,6.2500000,14.6814001),(-16.1874957,6.2500000,16.2858335),(-16.2679290,6.2500000,16.2718106),(-16.0329790,6.2500000,14.6814001),(-16.2679290,6.2500000,16.2718106),(-16.3377790,6.2500000,16.2297418),(-16.0329790,6.2500000,14.6814001),(-16.3377790,6.2500000,16.2297418),(-16.3854040,6.2500000,16.1646543),(-16.0329790,6.2500000,14.6814001),(-16.3854040,6.2500000,16.1646543),(-16.4012790,6.2500000,16.0858085),(-16.0329790,6.2500000,14.6814001),(-16.4012790,6.2500000,16.0858085),(-16.4817124,6.2500000,14.0210001),(-16.0329790,6.2500000,14.6814001),(-16.4817124,6.2500000,14.0210001),(-16.4684832,6.2500000,13.9416251),(-16.0329790,6.2500000,14.6814001),(-16.4684832,6.2500000,13.9416251),(-16.4287957,6.2500000,13.8707168),(-16.0329790,6.2500000,14.6814001),(-16.4287957,6.2500000,13.8707168),(-16.3637082,6.2500000,13.8167418),(-16.0329790,6.2500000,14.6814001),(-16.3637082,6.2500000,13.8167418),(-16.2806290,6.2500000,13.7987501),(-16.0329790,6.2500000,14.6814001),(-16.2806290,6.2500000,13.7987501),(-16.1994019,6.2500000,13.8122439),(-16.0329790,6.2500000,14.6814001),(-16.1994019,6.2500000,13.8122439),(-16.1271707,6.2500000,13.8527251),(-16.0329790,6.2500000,14.6814001),(-16.1271707,6.2500000,13.8527251),(-16.0647290,6.2500000,13.9543251),(-16.0329790,6.2500000,14.6814001),(-16.0647290,6.2500000,13.9543251),(-16.0307301,6.2500000,14.0394548),(-16.0329790,6.2500000,14.6814001),(-16.0307301,6.2500000,14.0394548),(-15.9816499,6.2500000,14.1233939),(-16.0329790,6.2500000,14.6814001),(-15.9816499,6.2500000,14.1233939),(-15.9174884,6.2500000,14.2061423),(-16.0329790,6.2500000,14.6814001),(-15.9174884,6.2500000,14.2061423),(-15.8382457,6.2500000,14.2877001),(-16.0329790,6.2500000,14.6814001),(-15.8382457,6.2500000,14.2877001),(-15.7426650,6.2500000,14.3654876),(-16.0329790,6.2500000,14.6814001),(-15.7426650,6.2500000,14.3654876),(-15.6432478,6.2500000,14.4210501),(-16.0329790,6.2500000,14.6814001),(-15.6432478,6.2500000,14.4210501),(-15.5399941,6.2500000,14.4543876),(-16.0329790,6.2500000,14.6814001),(-15.5399941,6.2500000,14.4543876),(-15.4329040,6.2500000,14.4655001),(-16.0329790,6.2500000,14.6814001),(-15.4329040,6.2500000,14.4655001),(-15.3264092,6.2500000,14.4543876),(-14.5300134,6.2500000,14.2771003),(-16.0329790,6.2500000,14.6814001),(-15.3264092,6.2500000,14.4543876),(-14.5300134,6.2500000,14.2771003),(-15.3264092,6.2500000,14.4543876),(-15.2238832,6.2500000,14.4210501),(-14.5300134,6.2500000,14.2771003),(-15.2238832,6.2500000,14.4210501),(-15.1253259,6.2500000,14.3654876),(-14.5300134,6.2500000,14.2771003),(-15.1253259,6.2500000,14.3654876),(-15.0307374,6.2500000,14.2877001),(-14.5300134,6.2500000,14.2771003),(-15.0307374,6.2500000,14.2877001),(-14.9404483,6.2500000,14.1591126),(-14.5300134,6.2500000,14.2771003),(-14.9404483,6.2500000,14.1591126),(-14.9049776,6.2500000,14.0729908),(-14.5300134,6.2500000,14.2771003),(-14.9049776,6.2500000,14.0729908),(-14.8759561,6.2500000,13.9723168),(-14.5300134,6.2500000,14.2771003),(-14.8759561,6.2500000,13.9723168),(-14.8533838,6.2500000,13.8570908),(-14.5300134,6.2500000,14.2771003),(-14.8533838,6.2500000,13.8570908),(-14.8372608,6.2500000,13.7273126),(-14.5300134,6.2500000,14.2771003),(-14.8372608,6.2500000,13.7273126),(-14.8275870,6.2500000,13.5829824),(-14.5300134,6.2500000,14.2771003),(-14.8275870,6.2500000,13.5829824),(-14.8243624,6.2500000,13.4241001),(-14.5300134,6.2500000,14.2771003),(-14.8243624,6.2500000,13.4241001),(-14.8278019,6.2500000,13.3326535),(-14.5300134,6.2500000,14.2771003),(-14.8278019,6.2500000,13.3326535),(-14.8381207,6.2500000,13.2461679),(-14.5300134,6.2500000,14.2771003),(-14.8381207,6.2500000,13.2461679),(-14.8553186,6.2500000,13.1646431),(-15.0656624,6.2500000,12.3088814),(-14.5300134,6.2500000,14.2771003),(-14.8553186,6.2500000,13.1646431),(-15.0656624,6.2500000,12.3088814),(-14.8553186,6.2500000,13.1646431),(-14.8793957,6.2500000,13.0880793),(-15.0656624,6.2500000,12.3088814),(-14.8793957,6.2500000,13.0880793),(-14.9481874,6.2500000,12.9498345),(-15.0656624,6.2500000,12.3088814),(-14.9481874,6.2500000,12.9498345),(-15.0444957,6.2500000,12.8314335),(-15.0656624,6.2500000,12.3088814),(-15.0444957,6.2500000,12.8314335),(-15.1357769,6.2500000,12.7554981),(-15.0656624,6.2500000,12.3088814),(-15.1357769,6.2500000,12.7554981),(-15.2318207,6.2500000,12.7012585),(-15.0656624,6.2500000,12.3088814),(-15.2318207,6.2500000,12.7012585),(-15.3326269,6.2500000,12.6687147),(-15.0656624,6.2500000,12.3088814),(-15.3326269,6.2500000,12.6687147),(-15.4381957,6.2500000,12.6578668),(-15.0656624,6.2500000,12.3088814),(-15.4381957,6.2500000,12.6578668),(-15.5407879,6.2500000,12.6691116),(-15.0656624,6.2500000,12.3088814),(-15.5407879,6.2500000,12.6691116),(-15.6432478,6.2500000,12.7028460),(-15.0656624,6.2500000,12.3088814),(-15.6432478,6.2500000,12.7028460),(-15.7455754,6.2500000,12.7590699),(-16.4425540,6.2500000,13.1531668),(-15.0656624,6.2500000,12.3088814),(-15.7455754,6.2500000,12.7590699),(-16.4425540,6.2500000,13.1531668),(-15.7455754,6.2500000,12.7590699),(-15.8477707,6.2500000,12.8377835),(-16.4425540,6.2500000,13.1531668),(-15.8477707,6.2500000,12.8377835),(-15.9498999,6.2500000,12.9806585),(-16.4425540,6.2500000,13.1531668),(-15.9498999,6.2500000,12.9806585),(-15.9894551,6.2500000,13.0806710),(-16.4425540,6.2500000,13.1531668),(-15.9894551,6.2500000,13.0806710),(-16.0213374,6.2500000,13.1997335),(-16.4425540,6.2500000,13.1531668),(-16.0213374,6.2500000,13.1997335),(-16.0653905,6.2500000,13.2724277),(-16.4425540,6.2500000,13.1531668),(-16.0653905,6.2500000,13.2724277),(-16.1139415,6.2500000,13.3243522),(-16.4425540,6.2500000,13.1531668),(-16.1139415,6.2500000,13.3243522),(-16.2245374,6.2500000,13.3658918),(-16.4425540,6.2500000,13.1531668),(-16.2245374,6.2500000,13.3658918),(-16.2319457,6.2500000,13.3658918),(-16.4425540,6.2500000,13.1531668),(-16.2319457,6.2500000,13.3658918),(-16.3058306,6.2500000,13.3502152),(-16.4425540,6.2500000,13.1531668),(-16.3058306,6.2500000,13.3502152),(-16.3655603,6.2500000,13.3095356),(-19.4376374,6.2500000,12.6578668),(-18.2660624,6.2500000,14.2485418),(-18.2015702,6.2500000,14.3422870),(-19.4376374,6.2500000,12.6578668),(-18.2015702,6.2500000,14.3422870),(-18.1456769,6.2500000,14.4399017),(-19.4376374,6.2500000,12.6578668),(-18.1456769,6.2500000,14.4399017),(-18.0983827,6.2500000,14.5413860),(-19.4376374,6.2500000,12.6578668),(-18.0983827,6.2500000,14.5413860),(-18.0596874,6.2500000,14.6467397),(-19.4376374,6.2500000,12.6578668),(-18.0596874,6.2500000,14.6467397),(-18.0295910,6.2500000,14.7559630),(-19.4376374,6.2500000,12.6578668),(-18.0295910,6.2500000,14.7559630),(-18.0080936,6.2500000,14.8690559),(-19.4376374,6.2500000,12.6578668),(-18.0080936,6.2500000,14.8690559),(-17.9951952,6.2500000,14.9860182),(-19.4376374,6.2500000,12.6578668),(-17.9951952,6.2500000,14.9860182),(-17.9908957,6.2500000,15.1068501),(-19.4376374,6.2500000,12.6578668),(-17.9908957,6.2500000,15.1068501),(-17.9960220,6.2500000,15.2318162),(-19.4376374,6.2500000,12.6578668),(-17.9960220,6.2500000,15.2318162),(-18.0114009,6.2500000,15.3521850),(-19.4376374,6.2500000,12.6578668),(-18.0114009,6.2500000,15.3521850),(-18.0370324,6.2500000,15.4679568),(-19.4376374,6.2500000,12.6578668),(-18.0370324,6.2500000,15.4679568),(-18.0729165,6.2500000,15.5791314),(-18.0729165,6.2500000,15.5791314),(-18.1190532,6.2500000,15.6857089),(-18.1754426,6.2500000,15.7876892),(-18.0729165,6.2500000,15.5791314),(-18.1754426,6.2500000,15.7876892),(-18.2420845,6.2500000,15.8850724),(-18.0729165,6.2500000,15.5791314),(-18.2420845,6.2500000,15.8850724),(-18.3189790,6.2500000,15.9778585),(-18.0729165,6.2500000,15.5791314),(-18.3189790,6.2500000,15.9778585),(-18.3918717,6.2500000,16.0510323),(-18.0729165,6.2500000,15.5791314),(-18.3918717,6.2500000,16.0510323),(-18.4692624,6.2500000,16.1144496),(-18.0729165,6.2500000,15.5791314),(-18.4692624,6.2500000,16.1144496),(-18.5511509,6.2500000,16.1681104),(-18.0729165,6.2500000,15.5791314),(-18.5511509,6.2500000,16.1681104),(-18.6375374,6.2500000,16.2120147),(-18.0729165,6.2500000,15.5791314),(-18.6375374,6.2500000,16.2120147),(-18.7284217,6.2500000,16.2461625),(-18.0729165,6.2500000,15.5791314),(-18.7284217,6.2500000,16.2461625),(-18.8238040,6.2500000,16.2705538),(-18.0729165,6.2500000,15.5791314),(-18.8238040,6.2500000,16.2705538),(-18.9236842,6.2500000,16.2851886),(-18.0729165,6.2500000,15.5791314),(-18.9236842,6.2500000,16.2851886),(-19.0280624,6.2500000,16.2900668),(-18.0729165,6.2500000,15.5791314),(-19.0280624,6.2500000,16.2900668),(-19.1265700,6.2500000,16.2852878),(-18.0729165,6.2500000,15.5791314),(-19.1265700,6.2500000,16.2852878),(-19.2220681,6.2500000,16.2709507),(-18.0729165,6.2500000,15.5791314),(-19.2220681,6.2500000,16.2709507),(-19.3145565,6.2500000,16.2470555),(-18.0729165,6.2500000,15.5791314),(-19.3145565,6.2500000,16.2470555),(-19.4040353,6.2500000,16.2136022),(-18.0729165,6.2500000,15.5791314),(-19.4040353,6.2500000,16.2136022),(-19.4905044,6.2500000,16.1705909),(-18.0729165,6.2500000,15.5791314),(-19.4905044,6.2500000,16.1705909),(-19.5739639,6.2500000,16.1180215),(-19.5739639,6.2500000,16.1180215),(-19.6544138,6.2500000,16.0558940),(-19.7318540,6.2500000,15.9842085),(-19.5739639,6.2500000,16.1180215),(-19.7318540,6.2500000,15.9842085),(-19.8109810,6.2500000,15.8976897),(-19.5739639,6.2500000,16.1180215),(-19.8109810,6.2500000,15.8976897),(-19.8795577,6.2500000,15.8048210),(-19.5739639,6.2500000,16.1180215),(-19.8795577,6.2500000,15.8048210),(-19.9375841,6.2500000,15.7056022),(-19.5739639,6.2500000,16.1180215),(-19.9375841,6.2500000,15.7056022),(-19.9850603,6.2500000,15.6000335),(-19.5739639,6.2500000,16.1180215),(-19.9850603,6.2500000,15.6000335),(-20.0219862,6.2500000,15.4881147),(-19.5739639,6.2500000,16.1180215),(-20.0219862,6.2500000,15.4881147),(-20.0483618,6.2500000,15.3698460),(-19.5739639,6.2500000,16.1180215),(-20.0483618,6.2500000,15.3698460),(-20.0641872,6.2500000,15.2452272),(-19.5739639,6.2500000,16.1180215),(-20.0641872,6.2500000,15.2452272),(-20.0694624,6.2500000,15.1142585),(-19.5739639,6.2500000,16.1180215),(-20.0694624,6.2500000,15.1142585),(-20.0694624,6.2500000,15.1089668),(-19.5739639,6.2500000,16.1180215),(-20.0694624,6.2500000,15.1089668),(-20.0538519,6.2500000,15.0274751),(-19.5739639,6.2500000,16.1180215),(-20.0538519,6.2500000,15.0274751),(-20.0070207,6.2500000,14.9586835),(-19.5739639,6.2500000,16.1180215),(-20.0070207,6.2500000,14.9586835),(-19.9382290,6.2500000,14.9118522),(-19.5739639,6.2500000,16.1180215),(-19.9382290,6.2500000,14.9118522),(-19.8567374,6.2500000,14.8962418),(-19.5739639,6.2500000,16.1180215),(-19.8567374,6.2500000,14.8962418),(-19.7752457,6.2500000,14.9118522),(-19.5739639,6.2500000,16.1180215),(-19.7752457,6.2500000,14.9118522),(-19.7064540,6.2500000,14.9586835),(-19.5739639,6.2500000,16.1180215),(-19.7064540,6.2500000,14.9586835),(-19.6588290,6.2500000,15.0274751),(-19.6588290,6.2500000,15.0274751),(-19.6429540,6.2500000,15.1089668),(-19.6429540,6.2500000,15.1142585),(-19.6588290,6.2500000,15.0274751),(-19.6429540,6.2500000,15.1142585),(-19.6396302,6.2500000,15.2011741),(-19.5739639,6.2500000,16.1180215),(-19.6588290,6.2500000,15.0274751),(-19.6396302,6.2500000,15.2011741),(-19.5739639,6.2500000,16.1180215),(-19.6396302,6.2500000,15.2011741),(-19.6296587,6.2500000,15.2835918),(-19.5739639,6.2500000,16.1180215),(-19.6296587,6.2500000,15.2835918),(-19.6130396,6.2500000,15.3615116),(-19.5739639,6.2500000,16.1180215),(-19.6130396,6.2500000,15.3615116),(-19.5897728,6.2500000,15.4349335),(-19.5739639,6.2500000,16.1180215),(-19.5897728,6.2500000,15.4349335),(-19.5232962,6.2500000,15.5682835),(-19.5739639,6.2500000,16.1180215),(-19.5232962,6.2500000,15.5682835),(-19.4302290,6.2500000,15.6836418),(-19.5739639,6.2500000,16.1180215),(-19.4302290,6.2500000,15.6836418),(-19.3393446,6.2500000,15.7623554),(-19.5739639,6.2500000,16.1180215),(-19.3393446,6.2500000,15.7623554),(-19.2423749,6.2500000,15.8185793),(-19.5739639,6.2500000,16.1180215),(-19.2423749,6.2500000,15.8185793),(-19.1393196,6.2500000,15.8523137),(-19.5739639,6.2500000,16.1180215),(-19.1393196,6.2500000,15.8523137),(-19.0301790,6.2500000,15.8635585),(-19.5739639,6.2500000,16.1180215),(-19.0301790,6.2500000,15.8635585),(-18.9169374,6.2500000,15.8527106),(-19.5739639,6.2500000,16.1180215),(-18.9169374,6.2500000,15.8527106),(-18.8132207,6.2500000,15.8201668),(-18.0729165,6.2500000,15.5791314),(-19.5739639,6.2500000,16.1180215),(-18.8132207,6.2500000,15.8201668),(-18.0729165,6.2500000,15.5791314),(-18.8132207,6.2500000,15.8201668),(-18.7190290,6.2500000,15.7659272),(-18.0729165,6.2500000,15.5791314),(-18.7190290,6.2500000,15.7659272),(-18.6343624,6.2500000,15.6899918),(-18.0729165,6.2500000,15.5791314),(-18.6343624,6.2500000,15.6899918),(-18.5827686,6.2500000,15.6288235),(-18.0729165,6.2500000,15.5791314),(-18.5827686,6.2500000,15.6288235),(-18.5380540,6.2500000,15.5643809),(-18.0729165,6.2500000,15.5791314),(-18.5380540,6.2500000,15.5643809),(-18.4692624,6.2500000,15.4256731),(-18.0729165,6.2500000,15.5791314),(-18.4692624,6.2500000,15.4256731),(-18.4279874,6.2500000,15.2738684),(-18.0729165,6.2500000,15.5791314),(-18.4279874,6.2500000,15.2738684),(-18.4176686,6.2500000,15.1930547),(-18.0729165,6.2500000,15.5791314),(-18.4176686,6.2500000,15.1930547),(-18.4142290,6.2500000,15.1089668),(-18.0729165,6.2500000,15.5791314),(-18.4142290,6.2500000,15.1089668),(-18.4171560,6.2500000,15.0222496),(-18.0729165,6.2500000,15.5791314),(-18.4171560,6.2500000,15.0222496),(-18.4259368,6.2500000,14.9388397),(-18.0729165,6.2500000,15.5791314),(-18.4259368,6.2500000,14.9388397),(-18.4405716,6.2500000,14.8587371),(-18.0729165,6.2500000,15.5791314),(-18.4405716,6.2500000,14.8587371),(-18.4610603,6.2500000,14.7819418),(-18.0729165,6.2500000,15.5791314),(-18.4610603,6.2500000,14.7819418),(-18.5195993,6.2500000,14.6382731),(-19.4376374,6.2500000,12.6578668),(-18.0729165,6.2500000,15.5791314),(-18.5195993,6.2500000,14.6382731),(-19.4376374,6.2500000,12.6578668),(-18.5195993,6.2500000,14.6382731),(-18.6015540,6.2500000,14.5078335),(-19.4376374,6.2500000,12.6578668),(-18.6015540,6.2500000,14.5078335),(-20.0250124,6.2500000,12.5742585),(-18.2015040,6.2500000,12.6578668),(-19.4376374,6.2500000,12.6578668),(-20.0250124,6.2500000,12.5742585),(-18.2015040,6.2500000,12.6578668),(-20.0250124,6.2500000,12.5742585),(-20.0715790,6.2500000,12.4493751),(-18.2015040,6.2500000,12.6578668),(-20.0715790,6.2500000,12.4493751),(-20.0694624,6.2500000,12.4144501),(-18.2015040,6.2500000,12.6578668),(-20.0694624,6.2500000,12.4144501),(-20.0430040,6.2500000,12.3358689),(-18.2015040,6.2500000,12.6578668),(-20.0430040,6.2500000,12.3358689),(-19.9911457,6.2500000,12.2800418),(-18.2015040,6.2500000,12.6578668),(-19.9911457,6.2500000,12.2800418),(-19.9226186,6.2500000,12.2451168),(-18.2015040,6.2500000,12.6578668),(-19.9226186,6.2500000,12.2451168),(-19.8567374,6.2500000,12.2334751),(-18.2015040,6.2500000,12.6578668),(-19.8567374,6.2500000,12.2334751),(-18.2015040,6.2500000,12.2334751),(-18.2015040,6.2500000,12.6578668),(-18.2015040,6.2500000,12.2334751),(-18.1181603,6.2500000,12.2485564),(-18.2015040,6.2500000,12.6578668),(-18.1181603,6.2500000,12.2485564),(-18.0501624,6.2500000,12.2938001),(-18.2015040,6.2500000,12.6578668),(-18.0501624,6.2500000,12.2938001),(-18.0057124,6.2500000,12.3617981),(-18.2015040,6.2500000,12.6578668),(-18.0057124,6.2500000,12.3617981),(-17.9908957,6.2500000,12.4451418),(-18.2015040,6.2500000,12.6578668),(-17.9908957,6.2500000,12.4451418),(-18.0057124,6.2500000,12.5292793),(-18.2015040,6.2500000,12.6578668),(-18.0057124,6.2500000,12.5292793),(-18.0501624,6.2500000,12.5975418),(-18.2015040,6.2500000,12.6578668),(-18.0501624,6.2500000,12.5975418),(-18.1160436,6.2500000,12.6427856),(-17.5326374,6.2500000,12.2639022),(-17.4596124,6.2500000,12.1572751),(-17.3529853,6.2500000,12.0842501),(-17.5326374,6.2500000,12.2639022),(-17.3529853,6.2500000,12.0842501),(-17.2278374,6.2500000,12.0599085),(-17.5326374,6.2500000,12.2639022),(-17.2278374,6.2500000,12.0599085),(-17.1029540,6.2500000,12.0842501),(-17.5326374,6.2500000,12.2639022),(-17.1029540,6.2500000,12.0842501),(-16.9971207,6.2500000,12.1572751),(-17.5326374,6.2500000,12.2639022),(-16.9971207,6.2500000,12.1572751),(-16.9240957,6.2500000,12.2639022),(-17.5326374,6.2500000,12.2639022),(-16.9240957,6.2500000,12.2639022),(-16.8997540,6.2500000,12.3890501),(-17.5326374,6.2500000,12.2639022),(-16.8997540,6.2500000,12.3890501),(-16.9240957,6.2500000,12.5141981),(-17.5326374,6.2500000,12.2639022),(-16.9240957,6.2500000,12.5141981),(-16.9971207,6.2500000,12.6208251),(-17.5326374,6.2500000,12.2639022),(-16.9971207,6.2500000,12.6208251),(-17.1029540,6.2500000,12.6938501),(-17.5326374,6.2500000,12.2639022),(-17.1029540,6.2500000,12.6938501),(-17.2278374,6.2500000,12.7181918),(-17.5326374,6.2500000,12.2639022),(-17.2278374,6.2500000,12.7181918),(-17.3529853,6.2500000,12.6938501),(-17.5326374,6.2500000,12.2639022),(-17.3529853,6.2500000,12.6938501),(-17.4596124,6.2500000,12.6208251),(-17.5326374,6.2500000,12.2639022),(-17.4596124,6.2500000,12.6208251),(-17.5326374,6.2500000,12.5141981),(-17.5326374,6.2500000,12.2639022),(-17.5326374,6.2500000,12.5141981),(-17.5569790,6.2500000,12.3890501),(-10.6681040,6.2500000,12.2837460),(-10.5686207,6.2500000,12.1747376),(-10.4553790,6.2500000,12.1472210),(-10.6681040,6.2500000,12.2837460),(-10.4553790,6.2500000,12.1472210),(-10.3543082,6.2500000,12.1726210),(-10.6681040,6.2500000,12.2837460),(-10.3543082,6.2500000,12.1726210),(-10.2775790,6.2500000,12.2488210),(-10.6681040,6.2500000,12.2837460),(-10.2775790,6.2500000,12.2488210),(-10.2701707,6.2500000,12.2551710),(-10.6681040,6.2500000,12.2837460),(-10.2701707,6.2500000,12.2551710),(-9.0245124,6.2500000,14.4226376),(-10.6681040,6.2500000,12.2837460),(-9.0245124,6.2500000,14.4226376),(-8.9969957,6.2500000,14.5295293),(-10.6681040,6.2500000,12.2837460),(-8.9969957,6.2500000,14.5295293),(-9.0247769,6.2500000,14.6388022),(-10.6681040,6.2500000,12.2837460),(-9.0247769,6.2500000,14.6388022),(-9.1081207,6.2500000,14.7168543),(-10.6681040,6.2500000,12.2837460),(-9.1081207,6.2500000,14.7168543),(-9.2150124,6.2500000,14.7464876),(-10.6681040,6.2500000,12.2837460),(-9.2150124,6.2500000,14.7464876),(-9.3237561,6.2500000,14.7187064),(-10.6681040,6.2500000,12.2837460),(-9.3237561,6.2500000,14.7187064),(-9.4002207,6.2500000,14.6353626),(-10.6681040,6.2500000,12.2837460),(-9.4002207,6.2500000,14.6353626),(-10.2426540,6.2500000,13.1695710),(-10.6681040,6.2500000,12.2837460),(-10.2426540,6.2500000,13.1695710),(-10.2426540,6.2500000,15.7773043),(-10.2426540,6.2500000,15.7773043),(-8.6562124,6.2500000,15.7773043),(-8.5712811,6.2500000,15.7931793),(-10.2426540,6.2500000,15.7773043),(-8.5712811,6.2500000,15.7931793),(-8.5006374,6.2500000,15.8408043),(-10.2426540,6.2500000,15.7773043),(-8.5006374,6.2500000,15.8408043),(-8.4530124,6.2500000,15.9103897),(-10.2426540,6.2500000,15.7773043),(-8.4530124,6.2500000,15.9103897),(-8.4371374,6.2500000,15.9921460),(-10.2426540,6.2500000,15.7773043),(-8.4371374,6.2500000,15.9921460),(-8.4530124,6.2500000,16.0741668),(-10.2426540,6.2500000,15.7773043),(-8.4530124,6.2500000,16.0741668),(-8.5006374,6.2500000,16.1445460),(-10.2426540,6.2500000,15.7773043),(-8.5006374,6.2500000,16.1445460),(-8.5712811,6.2500000,16.1937585),(-10.2426540,6.2500000,15.7773043),(-8.5712811,6.2500000,16.1937585),(-8.6562124,6.2500000,16.2101626),(-10.2426540,6.2500000,15.7773043),(-8.6562124,6.2500000,16.2101626),(-10.4627874,6.2500000,16.2101626),(-10.6681040,6.2500000,12.2837460),(-10.2426540,6.2500000,15.7773043),(-10.4627874,6.2500000,16.2101626),(-10.4627874,6.2500000,16.2101626),(-12.2683040,6.2500000,16.2101626),(-12.3511186,6.2500000,16.1937585),(-10.4627874,6.2500000,16.2101626),(-12.3511186,6.2500000,16.1937585),(-12.4196457,6.2500000,16.1445460),(-10.4627874,6.2500000,16.2101626),(-12.4196457,6.2500000,16.1445460),(-12.4656832,6.2500000,16.0741668),(-10.4627874,6.2500000,16.2101626),(-12.4656832,6.2500000,16.0741668),(-12.4810290,6.2500000,15.9921460),(-10.4627874,6.2500000,16.2101626),(-12.4810290,6.2500000,15.9921460),(-12.4656832,6.2500000,15.9103897),(-10.4627874,6.2500000,16.2101626),(-12.4656832,6.2500000,15.9103897),(-12.4196457,6.2500000,15.8408043),(-10.4627874,6.2500000,16.2101626),(-12.4196457,6.2500000,15.8408043),(-12.3511186,6.2500000,15.7931793),(-10.4627874,6.2500000,16.2101626),(-12.3511186,6.2500000,15.7931793),(-12.2683040,6.2500000,15.7773043),(-10.4627874,6.2500000,16.2101626),(-12.2683040,6.2500000,15.7773043),(-10.6755124,6.2500000,15.7773043),(-10.6681040,6.2500000,12.2837460),(-10.4627874,6.2500000,16.2101626),(-10.6755124,6.2500000,15.7773043),(-10.6681040,6.2500000,12.2837460),(-10.6755124,6.2500000,15.7773043),(-10.6755124,6.2500000,13.1653376),(-10.6681040,6.2500000,12.2837460),(-10.6755124,6.2500000,13.1653376),(-11.5317040,6.2500000,14.6544126),(-10.6681040,6.2500000,12.2837460),(-11.5317040,6.2500000,14.6544126),(-11.6113436,6.2500000,14.7337876),(-10.6681040,6.2500000,12.2837460),(-11.6113436,6.2500000,14.7337876),(-11.7190290,6.2500000,14.7602460),(-10.6681040,6.2500000,12.2837460),(-11.7190290,6.2500000,14.7602460),(-11.8301540,6.2500000,14.7327293),(-10.6681040,6.2500000,12.2837460),(-11.8301540,6.2500000,14.7327293),(-11.9119103,6.2500000,14.6530897),(-10.6681040,6.2500000,12.2837460),(-11.9119103,6.2500000,14.6530897),(-11.9391624,6.2500000,14.5432876),(-10.6681040,6.2500000,12.2837460),(-11.9391624,6.2500000,14.5432876),(-11.9074124,6.2500000,14.4342793),(-7.4052624,6.2500000,13.1261793),(-7.4031457,6.2500000,13.0774960),(-7.3792174,6.2500000,12.9854044),(-7.4052624,6.2500000,13.1261793),(-7.3792174,6.2500000,12.9854044),(-7.3513535,6.2500000,12.8991007),(-7.4052624,6.2500000,13.1261793),(-7.3513535,6.2500000,12.8991007),(-7.3195539,6.2500000,12.8185846),(-7.4052624,6.2500000,13.1261793),(-7.3195539,6.2500000,12.8185846),(-7.2838186,6.2500000,12.7438564),(-7.4052624,6.2500000,13.1261793),(-7.2838186,6.2500000,12.7438564),(-7.2441476,6.2500000,12.6749159),(-7.4052624,6.2500000,13.1261793),(-7.2441476,6.2500000,12.6749159),(-7.2005410,6.2500000,12.6117632),(-7.4052624,6.2500000,13.1261793),(-7.2005410,6.2500000,12.6117632),(-7.1015207,6.2500000,12.5028210),(-7.4052624,6.2500000,13.1261793),(-7.1015207,6.2500000,12.5028210),(-7.0205417,6.2500000,12.4333679),(-7.4052624,6.2500000,13.1261793),(-7.0205417,6.2500000,12.4333679),(-6.9374129,6.2500000,12.3731751),(-7.4052624,6.2500000,13.1261793),(-6.9374129,6.2500000,12.3731751),(-6.8521344,6.2500000,12.3222429),(-7.4052624,6.2500000,13.1261793),(-6.8521344,6.2500000,12.3222429),(-6.7647061,6.2500000,12.2805710),(-7.4052624,6.2500000,13.1261793),(-6.7647061,6.2500000,12.2805710),(-6.6751281,6.2500000,12.2481595),(-7.4052624,6.2500000,13.1261793),(-6.6751281,6.2500000,12.2481595),(-6.5834004,6.2500000,12.2250085),(-7.4052624,6.2500000,13.1261793),(-6.5834004,6.2500000,12.2250085),(-6.4895229,6.2500000,12.2111179),(-7.4052624,6.2500000,13.1261793),(-6.4895229,6.2500000,12.2111179),(-6.3934957,6.2500000,12.2064876),(-7.4052624,6.2500000,13.1261793),(-6.3934957,6.2500000,12.2064876),(-6.2982457,6.2500000,12.2112005),(-7.4052624,6.2500000,13.1261793),(-6.2982457,6.2500000,12.2112005),(-6.2056415,6.2500000,12.2253392),(-7.4052624,6.2500000,13.1261793),(-6.2056415,6.2500000,12.2253392),(-6.1156832,6.2500000,12.2489037),(-7.4052624,6.2500000,13.1261793),(-6.1156832,6.2500000,12.2489037),(-6.0283707,6.2500000,12.2818939),(-6.0283707,6.2500000,12.2818939),(-5.9437040,6.2500000,12.3243099),(-5.8616832,6.2500000,12.3761517),(-6.0283707,6.2500000,12.2818939),(-5.8616832,6.2500000,12.3761517),(-5.7823082,6.2500000,12.4374193),(-6.0283707,6.2500000,12.2818939),(-5.7823082,6.2500000,12.4374193),(-5.7055790,6.2500000,12.5081126),(-6.0283707,6.2500000,12.2818939),(-5.7055790,6.2500000,12.5081126),(-5.6254599,6.2500000,12.5963512),(-6.0283707,6.2500000,12.2818939),(-5.6254599,6.2500000,12.5963512),(-5.5560233,6.2500000,12.6912043),(-6.0283707,6.2500000,12.2818939),(-5.5560233,6.2500000,12.6912043),(-5.4972693,6.2500000,12.7926720),(-6.0283707,6.2500000,12.2818939),(-5.4972693,6.2500000,12.7926720),(-5.4491978,6.2500000,12.9007543),(-6.0283707,6.2500000,12.2818939),(-5.4491978,6.2500000,12.9007543),(-5.4118088,6.2500000,13.0154512),(-6.0283707,6.2500000,12.2818939),(-5.4118088,6.2500000,13.0154512),(-5.3851025,6.2500000,13.1367626),(-6.0283707,6.2500000,12.2818939),(-5.3851025,6.2500000,13.1367626),(-5.3690786,6.2500000,13.2646887),(-6.0283707,6.2500000,12.2818939),(-5.3690786,6.2500000,13.2646887),(-5.3637374,6.2500000,13.3992293),(-6.0283707,6.2500000,12.2818939),(-5.3637374,6.2500000,13.3992293),(-5.3650272,6.2500000,13.5025119),(-6.0283707,6.2500000,12.2818939),(-5.3650272,6.2500000,13.5025119),(-5.3688967,6.2500000,13.6017513),(-6.0283707,6.2500000,12.2818939),(-5.3688967,6.2500000,13.6017513),(-5.3753460,6.2500000,13.6969476),(-6.0283707,6.2500000,12.2818939),(-5.3753460,6.2500000,13.6969476),(-5.3843749,6.2500000,13.7881007),(-6.0283707,6.2500000,12.2818939),(-5.3843749,6.2500000,13.7881007),(-5.3959835,6.2500000,13.8752106),(-6.0283707,6.2500000,12.2818939),(-5.3959835,6.2500000,13.8752106),(-5.4101717,6.2500000,13.9582774),(-6.0283707,6.2500000,12.2818939),(-5.4101717,6.2500000,13.9582774),(-5.4269397,6.2500000,14.0373010),(-6.0283707,6.2500000,12.2818939),(-5.4269397,6.2500000,14.0373010),(-5.4462874,6.2500000,14.1122814),(-6.0283707,6.2500000,12.2818939),(-5.4462874,6.2500000,14.1122814),(-5.4927217,6.2500000,14.2501128),(-5.4927217,6.2500000,14.2501128),(-5.5494749,6.2500000,14.3717715),(-5.6165467,6.2500000,14.4772576),(-5.4927217,6.2500000,14.2501128),(-5.6165467,6.2500000,14.4772576),(-5.6939374,6.2500000,14.5665710),(-5.4927217,6.2500000,14.2501128),(-5.6939374,6.2500000,14.5665710),(-5.7734281,6.2500000,14.6360241),(-5.4927217,6.2500000,14.2501128),(-5.7734281,6.2500000,14.6360241),(-5.8552670,6.2500000,14.6962168),(-5.4927217,6.2500000,14.2501128),(-5.8552670,6.2500000,14.6962168),(-5.9394542,6.2500000,14.7471491),(-5.4927217,6.2500000,14.2501128),(-5.9394542,6.2500000,14.7471491),(-6.0259894,6.2500000,14.7888210),(-5.4927217,6.2500000,14.2501128),(-6.0259894,6.2500000,14.7888210),(-6.1148729,6.2500000,14.8212324),(-5.4927217,6.2500000,14.2501128),(-6.1148729,6.2500000,14.8212324),(-6.2061045,6.2500000,14.8443835),(-5.4927217,6.2500000,14.2501128),(-6.2061045,6.2500000,14.8443835),(-6.2996844,6.2500000,14.8582741),(-5.4927217,6.2500000,14.2501128),(-6.2996844,6.2500000,14.8582741),(-6.3956124,6.2500000,14.8629043),(-5.4927217,6.2500000,14.2501128),(-6.3956124,6.2500000,14.8629043),(-6.4809239,6.2500000,14.8596466),(-5.4927217,6.2500000,14.2501128),(-6.4809239,6.2500000,14.8596466),(-6.5632920,6.2500000,14.8498736),(-5.4927217,6.2500000,14.2501128),(-6.5632920,6.2500000,14.8498736),(-6.6427167,6.2500000,14.8335852),(-5.4927217,6.2500000,14.2501128),(-6.6427167,6.2500000,14.8335852),(-6.7191978,6.2500000,14.8107814),(-5.4927217,6.2500000,14.2501128),(-6.7191978,6.2500000,14.8107814),(-6.8633295,6.2500000,14.7456277),(-5.4927217,6.2500000,14.2501128),(-6.8633295,6.2500000,14.7456277),(-6.9956874,6.2500000,14.6544126),(-6.9533540,6.2500000,15.8323376),(-5.6780624,6.2500000,15.8323376),(-5.5965707,6.2500000,15.8482126),(-6.9533540,6.2500000,15.8323376),(-5.5965707,6.2500000,15.8482126),(-5.5277790,6.2500000,15.8958376),(-6.9533540,6.2500000,15.8323376),(-5.5277790,6.2500000,15.8958376),(-5.4809478,6.2500000,15.9651585),(-6.9533540,6.2500000,15.8323376),(-5.4809478,6.2500000,15.9651585),(-5.4653374,6.2500000,16.0461210),(-6.9533540,6.2500000,15.8323376),(-5.4653374,6.2500000,16.0461210),(-5.4809478,6.2500000,16.1268189),(-6.9533540,6.2500000,15.8323376),(-5.4809478,6.2500000,16.1268189),(-5.5277790,6.2500000,16.1953460),(-6.9533540,6.2500000,15.8323376),(-5.5277790,6.2500000,16.1953460),(-5.5965707,6.2500000,16.2429710),(-6.9533540,6.2500000,15.8323376),(-5.5965707,6.2500000,16.2429710),(-5.6780624,6.2500000,16.2588460),(-6.9533540,6.2500000,15.8323376),(-5.6780624,6.2500000,16.2588460),(-7.1502040,6.2500000,16.2588460),(-6.9956874,6.2500000,14.6544126),(-6.9533540,6.2500000,15.8323376),(-7.1502040,6.2500000,16.2588460),(-6.9956874,6.2500000,14.6544126),(-7.1502040,6.2500000,16.2588460),(-7.2306374,6.2500000,16.2448231),(-6.9956874,6.2500000,14.6544126),(-7.2306374,6.2500000,16.2448231),(-7.3004874,6.2500000,16.2027543),(-6.9956874,6.2500000,14.6544126),(-7.3004874,6.2500000,16.2027543),(-7.3481124,6.2500000,16.1376668),(-6.9956874,6.2500000,14.6544126),(-7.3481124,6.2500000,16.1376668),(-7.3639874,6.2500000,16.0588210),(-6.9956874,6.2500000,14.6544126),(-7.3639874,6.2500000,16.0588210),(-7.4444207,6.2500000,13.9940126),(-6.9956874,6.2500000,14.6544126),(-7.4444207,6.2500000,13.9940126),(-7.4311915,6.2500000,13.9146376),(-6.9956874,6.2500000,14.6544126),(-7.4311915,6.2500000,13.9146376),(-7.3915040,6.2500000,13.8437293),(-6.9956874,6.2500000,14.6544126),(-7.3915040,6.2500000,13.8437293),(-7.3264165,6.2500000,13.7897543),(-6.9956874,6.2500000,14.6544126),(-7.3264165,6.2500000,13.7897543),(-7.2433374,6.2500000,13.7717626),(-6.9956874,6.2500000,14.6544126),(-7.2433374,6.2500000,13.7717626),(-7.1621103,6.2500000,13.7852564),(-6.9956874,6.2500000,14.6544126),(-7.1621103,6.2500000,13.7852564),(-7.0898790,6.2500000,13.8257376),(-6.9956874,6.2500000,14.6544126),(-7.0898790,6.2500000,13.8257376),(-7.0274374,6.2500000,13.9273376),(-6.9956874,6.2500000,14.6544126),(-7.0274374,6.2500000,13.9273376),(-6.9934384,6.2500000,14.0124673),(-6.9956874,6.2500000,14.6544126),(-6.9934384,6.2500000,14.0124673),(-6.9443582,6.2500000,14.0964064),(-6.9956874,6.2500000,14.6544126),(-6.9443582,6.2500000,14.0964064),(-6.8801967,6.2500000,14.1791548),(-6.9956874,6.2500000,14.6544126),(-6.8801967,6.2500000,14.1791548),(-6.8009540,6.2500000,14.2607126),(-6.9956874,6.2500000,14.6544126),(-6.8009540,6.2500000,14.2607126),(-6.7053733,6.2500000,14.3385001),(-6.9956874,6.2500000,14.6544126),(-6.7053733,6.2500000,14.3385001),(-6.6059561,6.2500000,14.3940626),(-6.9956874,6.2500000,14.6544126),(-6.6059561,6.2500000,14.3940626),(-6.5027025,6.2500000,14.4274001),(-6.9956874,6.2500000,14.6544126),(-6.5027025,6.2500000,14.4274001),(-6.3956124,6.2500000,14.4385126),(-6.9956874,6.2500000,14.6544126),(-6.3956124,6.2500000,14.4385126),(-6.2891176,6.2500000,14.4274001),(-5.4927217,6.2500000,14.2501128),(-6.9956874,6.2500000,14.6544126),(-6.2891176,6.2500000,14.4274001),(-5.4927217,6.2500000,14.2501128),(-6.2891176,6.2500000,14.4274001),(-6.1865915,6.2500000,14.3940626),(-5.4927217,6.2500000,14.2501128),(-6.1865915,6.2500000,14.3940626),(-6.0880342,6.2500000,14.3385001),(-5.4927217,6.2500000,14.2501128),(-6.0880342,6.2500000,14.3385001),(-5.9934457,6.2500000,14.2607126),(-5.4927217,6.2500000,14.2501128),(-5.9934457,6.2500000,14.2607126),(-5.9031566,6.2500000,14.1321251),(-5.4927217,6.2500000,14.2501128),(-5.9031566,6.2500000,14.1321251),(-5.8676859,6.2500000,14.0460033),(-5.4927217,6.2500000,14.2501128),(-5.8676859,6.2500000,14.0460033),(-5.8386644,6.2500000,13.9453293),(-5.4927217,6.2500000,14.2501128),(-5.8386644,6.2500000,13.9453293),(-5.8160922,6.2500000,13.8301033),(-5.4927217,6.2500000,14.2501128),(-5.8160922,6.2500000,13.8301033),(-5.7999691,6.2500000,13.7003251),(-5.4927217,6.2500000,14.2501128),(-5.7999691,6.2500000,13.7003251),(-5.7902953,6.2500000,13.5559949),(-5.4927217,6.2500000,14.2501128),(-5.7902953,6.2500000,13.5559949),(-5.7870707,6.2500000,13.3971126),(-5.4927217,6.2500000,14.2501128),(-5.7870707,6.2500000,13.3971126),(-5.7905103,6.2500000,13.3056660),(-5.4927217,6.2500000,14.2501128),(-5.7905103,6.2500000,13.3056660),(-5.8008290,6.2500000,13.2191804),(-5.4927217,6.2500000,14.2501128),(-5.8008290,6.2500000,13.2191804),(-5.8180269,6.2500000,13.1376556),(-6.0283707,6.2500000,12.2818939),(-5.4927217,6.2500000,14.2501128),(-5.8180269,6.2500000,13.1376556),(-6.0283707,6.2500000,12.2818939),(-5.8180269,6.2500000,13.1376556),(-5.8421040,6.2500000,13.0610918),(-6.0283707,6.2500000,12.2818939),(-5.8421040,6.2500000,13.0610918),(-5.9108957,6.2500000,12.9228470),(-6.0283707,6.2500000,12.2818939),(-5.9108957,6.2500000,12.9228470),(-6.0072040,6.2500000,12.8044460),(-6.0283707,6.2500000,12.2818939),(-6.0072040,6.2500000,12.8044460),(-6.0984853,6.2500000,12.7285106),(-6.0283707,6.2500000,12.2818939),(-6.0984853,6.2500000,12.7285106),(-6.1945290,6.2500000,12.6742710),(-6.0283707,6.2500000,12.2818939),(-6.1945290,6.2500000,12.6742710),(-6.2953353,6.2500000,12.6417272),(-6.0283707,6.2500000,12.2818939),(-6.2953353,6.2500000,12.6417272),(-6.4009040,6.2500000,12.6308793),(-6.0283707,6.2500000,12.2818939),(-6.4009040,6.2500000,12.6308793),(-6.5034962,6.2500000,12.6421241),(-6.0283707,6.2500000,12.2818939),(-6.5034962,6.2500000,12.6421241),(-6.6059561,6.2500000,12.6758585),(-6.0283707,6.2500000,12.2818939),(-6.6059561,6.2500000,12.6758585),(-6.7082837,6.2500000,12.7320824),(-7.4052624,6.2500000,13.1261793),(-6.0283707,6.2500000,12.2818939),(-6.7082837,6.2500000,12.7320824),(-7.4052624,6.2500000,13.1261793),(-6.7082837,6.2500000,12.7320824),(-6.8104790,6.2500000,12.8107960),(-7.4052624,6.2500000,13.1261793),(-6.8104790,6.2500000,12.8107960),(-6.9126082,6.2500000,12.9536710),(-7.4052624,6.2500000,13.1261793),(-6.9126082,6.2500000,12.9536710),(-6.9521634,6.2500000,13.0536835),(-7.4052624,6.2500000,13.1261793),(-6.9521634,6.2500000,13.0536835),(-6.9840457,6.2500000,13.1727460),(-7.4052624,6.2500000,13.1261793),(-6.9840457,6.2500000,13.1727460),(-7.0280988,6.2500000,13.2454402),(-7.4052624,6.2500000,13.1261793),(-7.0280988,6.2500000,13.2454402),(-7.0766499,6.2500000,13.2973647),(-7.4052624,6.2500000,13.1261793),(-7.0766499,6.2500000,13.2973647),(-7.1872457,6.2500000,13.3389043),(-7.4052624,6.2500000,13.1261793),(-7.1872457,6.2500000,13.3389043),(-7.1946540,6.2500000,13.3389043),(-7.4052624,6.2500000,13.1261793),(-7.1946540,6.2500000,13.3389043),(-7.2685389,6.2500000,13.3232277),(-7.4052624,6.2500000,13.1261793),(-7.2685389,6.2500000,13.3232277),(-7.3282686,6.2500000,13.2825481)));
#4159=COMPLEX_TRIANGULATED_SURFACE_SET('surface set',#4158,4431,(),(),(),((1,2,3),(4,5,6),(7,8,9),(10,11,12),(13,14,15),(16,17,18),(19,20,21),(22,23,24),(25,26,27),(28,29,30),(31,32,33),(34,35,36),(37,38,39),(40,41,42),(43,44,45),(46,47,48),(49,50,51),(52,53,54),(55,56,57),(58,59,60),(61,62,63),(64,65,66),(67,68,69),(70,71,72),(73,74,75),(76,77,78),(79,80,81),(82,83,84),(85,86,87),(88,89,90),(91,92,93),(94,95,96),(97,98,99),(100,101,102),(103,104,105),(106,107,108),(109,110,111),(112,113,114),(115,116,117),(118,119,120),(121,122,123),(124,125,126),(127,128,129),(130,131,132),(133,134,135),(136,137,138),(139,140,141),(142,143,144),(145,146,147),(148,149,150),(151,152,153),(154,155,156),(157,158,159),(160,161,162),(163,164,165),(166,167,168),(169,170,171),(172,173,174),(175,176,177),(178,179,180),(181,182,183),(184,185,186),(187,188,189),(190,191,192),(193,194,195),(196,197,198),(199,200,201),(202,203,204),(205,206,207),(208,209,210),(211,212,213),(214,215,216),(217,218,219),(220,221,222),(223,224,225),(226,227,228),(229,230,231),(232,233,234),(235,236,237),(238,239,240),(241,242,243),(244,245,246),(247,248,249),(250,251,252),(253,254,255),(256,257,258),(259,260,261),(262,263,264),(265,266,267),(268,269,270),(271,272,273),(274,275,276),(277,278,279),(280,281,282),(283,284,285),(286,287,288),(289,290,291),(292,293,294),(295,296,297),(298,299,300),(301,302,303),(304,305,306),(307,308,309),(310,311,312),(313,314,315),(316,317,318),(319,320,321),(322,323,324),(325,326,327),(328,329,330),(331,332,333),(334,335,336),(337,338,339),(340,341,342),(343,344,345),(346,347,348),(349,350,351),(352,353,354),(355,356,357),(358,359,360),(361,362,363),(364,365,366),(367,368,369),(370,371,372),(373,374,375),(376,377,378),(379,380,381),(382,383,384),(385,386,387),(388,389,390),(391,392,393),(394,395,396),(397,398,399),(400,401,402),(403,404,405),(406,407,408),(409,410,411),(412,413,414),(415,416,417),(418,419,420),(421,422,423),(424,425,426),(427,428,429),(430,431,432),(433,434,435),(436,437,438),(439,440,441),(442,443,444),(445,446,447),(448,449,450),(451,452,453),(454,455,456),(457,458,459),(460,461,462),(463,464,465),(466,467,468),(469,470,471),(472,473,474),(475,476,477),(478,479,480),(481,482,483),(484,485,486),(487,488,489),(490,491,492),(493,494,495),(496,497,498),(499,500,501),(502,503,504),(505,506,507),(508,509,510),(511,512,513),(514,515,516),(517,518,519),(520,521,522),(523,524,525),(526,527,528),(529,530,531),(532,533,534),(535,536,537),(538,539,540),(541,542,543),(544,545,546),(547,548,549),(550,551,552),(553,554,555),(556,557,558),(559,560,561),(562,563,564),(565,566,567),(568,569,570),(571,572,573),(574,575,576),(577,578,579),(580,581,582),(583,584,585),(586,587,588),(589,590,591),(592,593,594),(595,596,597),(598,599,600),(601,602,603),(604,605,606),(607,608,609),(610,611,612),(613,614,615),(616,617,618),(619,620,621),(622,623,624),(625,626,627),(628,629,630),(631,632,633),(634,635,636),(637,638,639),(640,641,642),(643,644,645),(646,647,648),(649,650,651),(652,653,654),(655,656,657),(658,659,660),(661,662,663),(664,665,666),(667,668,669),(670,671,672),(673,674,675),(676,677,678),(679,680,681),(682,683,684),(685,686,687),(688,689,690),(691,692,693),(694,695,696),(697,698,699),(700,701,702),(703,704,705),(706,707,708),(709,710,711),(712,713,714),(715,716,717),(718,719,720),(721,722,723),(724,725,726),(727,728,729),(730,731,732),(733,734,735),(736,737,738),(739,740,741),(742,743,744),(745,746,747),(748,749,750),(751,752,753),(754,755,756),(757,758,759),(760,761,762),(763,764,765),(766,767,768),(769,770,771),(772,773,774),(775,776,777),(778,779,780),(781,782,783),(784,785,786),(787,788,789),(790,791,792),(793,794,795),(796,797,798),(799,800,801),(802,803,804),(805,806,807),(808,809,810),(811,812,813),(814,815,816),(817,818,819),(820,821,822),(823,824,825),(826,827,828),(829,830,831),(832,833,834),(835,836,837),(838,839,840),(841,842,843),(844,845,846),(847,848,849),(850,851,852),(853,854,855),(856,857,858),(859,860,861),(862,863,864),(865,866,867),(868,869,870),(871,872,873),(874,875,876),(877,878,879),(880,881,882),(883,884,885),(886,887,888),(889,890,891),(892,893,894),(895,896,897),(898,899,900),(901,902,903),(904,905,906),(907,908,909),(910,911,912),(913,914,915),(916,917,918),(919,920,921),(922,923,924),(925,926,927),(928,929,930),(931,932,933),(934,935,936),(937,938,939),(940,941,942),(943,944,945),(946,947,948),(949,950,951),(952,953,954),(955,956,957),(958,959,960),(961,962,963),(964,965,966),(967,968,969),(970,971,972),(973,974,975),(976,977,978),(979,980,981),(982,983,984),(985,986,987),(988,989,990),(991,992,993),(994,995,996),(997,998,999),(1000,1001,1002),(1003,1004,1005),(1006,1007,1008),(1009,1010,1011),(1012,1013,1014),(1015,1016,1017),(1018,1019,1020),(1021,1022,1023),(1024,1025,1026),(1027,1028,1029),(1030,1031,1032),(1033,1034,1035),(1036,1037,1038),(1039,1040,1041),(1042,1043,1044),(1045,1046,1047),(1048,1049,1050),(1051,1052,1053),(1054,1055,1056),(1057,1058,1059),(1060,1061,1062),(1063,1064,1065),(1066,1067,1068),(1069,1070,1071),(1072,1073,1074),(1075,1076,1077),(1078,1079,1080),(1081,1082,1083),(1084,1085,1086),(1087,1088,1089),(1090,1091,1092),(1093,1094,1095),(1096,1097,1098),(1099,1100,1101),(1102,1103,1104),(1105,1106,1107),(1108,1109,1110),(1111,1112,1113),(1114,1115,1116),(1117,1118,1119),(1120,1121,1122),(1123,1124,1125),(1126,1127,1128),(1129,1130,1131),(1132,1133,1134),(1135,1136,1137),(1138,1139,1140),(1141,1142,1143),(1144,1145,1146),(1147,1148,1149),(1150,1151,1152),(1153,1154,1155),(1156,1157,1158),(1159,1160,1161),(1162,1163,1164),(1165,1166,1167),(1168,1169,1170),(1171,1172,1173),(1174,1175,1176),(1177,1178,1179),(1180,1181,1182),(1183,1184,1185),(1186,1187,1188),(1189,1190,1191),(1192,1193,1194),(1195,1196,1197),(1198,1199,1200),(1201,1202,1203),(1204,1205,1206),(1207,1208,1209),(1210,1211,1212),(1213,1214,1215),(1216,1217,1218),(1219,1220,1221),(1222,1223,1224),(1225,1226,1227),(1228,1229,1230),(1231,1232,1233),(1234,1235,1236),(1237,1238,1239),(1240,1241,1242),(1243,1244,1245),(1246,1247,1248),(1249,1250,1251),(1252,1253,1254),(1255,1256,1257),(1258,1259,1260),(1261,1262,1263),(1264,1265,1266),(1267,1268,1269),(1270,1271,1272),(1273,1274,1275),(1276,1277,1278),(1279,1280,1281),(1282,1283,1284),(1285,1286,1287),(1288,1289,1290),(1291,1292,1293),(1294,1295,1296),(1297,1298,1299),(1300,1301,1302),(1303,1304,1305),(1306,1307,1308),(1309,1310,1311),(1312,1313,1314),(1315,1316,1317),(1318,1319,1320),(1321,1322,1323),(1324,1325,1326),(1327,1328,1329),(1330,1331,1332),(1333,1334,1335),(1336,1337,1338),(1339,1340,1341),(1342,1343,1344),(1345,1346,1347),(1348,1349,1350),(1351,1352,1353),(1354,1355,1356),(1357,1358,1359),(1360,1361,1362),(1363,1364,1365),(1366,1367,1368),(1369,1370,1371),(1372,1373,1374),(1375,1376,1377),(1378,1379,1380),(1381,1382,1383),(1384,1385,1386),(1387,1388,1389),(1390,1391,1392),(1393,1394,1395),(1396,1397,1398),(1399,1400,1401),(1402,1403,1404),(1405,1406,1407),(1408,1409,1410),(1411,1412,1413),(1414,1415,1416),(1417,1418,1419),(1420,1421,1422),(1423,1424,1425),(1426,1427,1428),(1429,1430,1431),(1432,1433,1434),(1435,1436,1437),(1438,1439,1440),(1441,1442,1443),(1444,1445,1446),(1447,1448,1449),(1450,1451,1452),(1453,1454,1455),(1456,1457,1458),(1459,1460,1461),(1462,1463,1464),(1465,1466,1467),(1468,1469,1470),(1471,1472,1473),(1474,1475,1476),(1477,1478,1479),(1480,1481,1482),(1483,1484,1485),(1486,1487,1488),(1489,1490,1491),(1492,1493,1494),(1495,1496,1497),(1498,1499,1500),(1501,1502,1503),(1504,1505,1506),(1507,1508,1509),(1510,1511,1512),(1513,1514,1515),(1516,1517,1518),(1519,1520,1521),(1522,1523,1524),(1525,1526,1527),(1528,1529,1530),(1531,1532,1533),(1534,1535,1536),(1537,1538,1539),(1540,1541,1542),(1543,1544,1545),(1546,1547,1548),(1549,1550,1551),(1552,1553,1554),(1555,1556,1557),(1558,1559,1560),(1561,1562,1563),(1564,1565,1566),(1567,1568,1569),(1570,1571,1572),(1573,1574,1575),(1576,1577,1578),(1579,1580,1581),(1582,1583,1584),(1585,1586,1587),(1588,1589,1590),(1591,1592,1593),(1594,1595,1596),(1597,1598,1599),(1600,1601,1602),(1603,1604,1605),(1606,1607,1608),(1609,1610,1611),(1612,1613,1614),(1615,1616,1617),(1618,1619,1620),(1621,1622,1623),(1624,1625,1626),(1627,1628,1629),(1630,1631,1632),(1633,1634,1635),(1636,1637,1638),(1639,1640,1641),(1642,1643,1644),(1645,1646,1647),(1648,1649,1650),(1651,1652,1653),(1654,1655,1656),(1657,1658,1659),(1660,1661,1662),(1663,1664,1665),(1666,1667,1668),(1669,1670,1671),(1672,1673,1674),(1675,1676,1677),(1678,1679,1680),(1681,1682,1683),(1684,1685,1686),(1687,1688,1689),(1690,1691,1692),(1693,1694,1695),(1696,1697,1698),(1699,1700,1701),(1702,1703,1704),(1705,1706,1707),(1708,1709,1710),(1711,1712,1713),(1714,1715,1716),(1717,1718,1719),(1720,1721,1722),(1723,1724,1725),(1726,1727,1728),(1729,1730,1731),(1732,1733,1734),(1735,1736,1737),(1738,1739,1740),(1741,1742,1743),(1744,1745,1746),(1747,1748,1749),(1750,1751,1752),(1753,1754,1755),(1756,1757,1758),(1759,1760,1761),(1762,1763,1764),(1765,1766,1767),(1768,1769,1770),(1771,1772,1773),(1774,1775,1776),(1777,1778,1779),(1780,1781,1782),(1783,1784,1785),(1786,1787,1788),(1789,1790,1791),(1792,1793,1794),(1795,1796,1797),(1798,1799,1800),(1801,1802,1803),(1804,1805,1806),(1807,1808,1809),(1810,1811,1812),(1813,1814,1815),(1816,1817,1818),(1819,1820,1821),(1822,1823,1824),(1825,1826,1827),(1828,1829,1830),(1831,1832,1833),(1834,1835,1836),(1837,1838,1839),(1840,1841,1842),(1843,1844,1845),(1846,1847,1848),(1849,1850,1851),(1852,1853,1854),(1855,1856,1857),(1858,1859,1860),(1861,1862,1863),(1864,1865,1866),(1867,1868,1869),(1870,1871,1872),(1873,1874,1875),(1876,1877,1878),(1879,1880,1881),(1882,1883,1884),(1885,1886,1887),(1888,1889,1890),(1891,1892,1893),(1894,1895,1896),(1897,1898,1899),(1900,1901,1902),(1903,1904,1905),(1906,1907,1908),(1909,1910,1911),(1912,1913,1914),(1915,1916,1917),(1918,1919,1920),(1921,1922,1923),(1924,1925,1926),(1927,1928,1929),(1930,1931,1932),(1933,1934,1935),(1936,1937,1938),(1939,1940,1941),(1942,1943,1944),(1945,1946,1947),(1948,1949,1950),(1951,1952,1953),(1954,1955,1956),(1957,1958,1959),(1960,1961,1962),(1963,1964,1965),(1966,1967,1968),(1969,1970,1971),(1972,1973,1974),(1975,1976,1977),(1978,1979,1980),(1981,1982,1983),(1984,1985,1986),(1987,1988,1989),(1990,1991,1992),(1993,1994,1995),(1996,1997,1998),(1999,2000,2001),(2002,2003,2004),(2005,2006,2007),(2008,2009,2010),(2011,2012,2013),(2014,2015,2016),(2017,2018,2019),(2020,2021,2022),(2023,2024,2025),(2026,2027,2028),(2029,2030,2031),(2032,2033,2034),(2035,2036,2037),(2038,2039,2040),(2041,2042,2043),(2044,2045,2046),(2047,2048,2049),(2050,2051,2052),(2053,2054,2055),(2056,2057,2058),(2059,2060,2061),(2062,2063,2064),(2065,2066,2067),(2068,2069,2070),(2071,2072,2073),(2074,2075,2076),(2077,2078,2079),(2080,2081,2082),(2083,2084,2085),(2086,2087,2088),(2089,2090,2091),(2092,2093,2094),(2095,2096,2097),(2098,2099,2100),(2101,2102,2103),(2104,2105,2106),(2107,2108,2109),(2110,2111,2112),(2113,2114,2115),(2116,2117,2118),(2119,2120,2121),(2122,2123,2124),(2125,2126,2127),(2128,2129,2130),(2131,2132,2133),(2134,2135,2136),(2137,2138,2139),(2140,2141,2142),(2143,2144,2145),(2146,2147,2148),(2149,2150,2151),(2152,2153,2154),(2155,2156,2157),(2158,2159,2160),(2161,2162,2163),(2164,2165,2166),(2167,2168,2169),(2170,2171,2172),(2173,2174,2175),(2176,2177,2178),(2179,2180,2181),(2182,2183,2184),(2185,2186,2187),(2188,2189,2190),(2191,2192,2193),(2194,2195,2196),(2197,2198,2199),(2200,2201,2202),(2203,2204,2205),(2206,2207,2208),(2209,2210,2211),(2212,2213,2214),(2215,2216,2217),(2218,2219,2220),(2221,2222,2223),(2224,2225,2226),(2227,2228,2229),(2230,2231,2232),(2233,2234,2235),(2236,2237,2238),(2239,2240,2241),(2242,2243,2244),(2245,2246,2247),(2248,2249,2250),(2251,2252,2253),(2254,2255,2256),(2257,2258,2259),(2260,2261,2262),(2263,2264,2265),(2266,2267,2268),(2269,2270,2271),(2272,2273,2274),(2275,2276,2277),(2278,2279,2280),(2281,2282,2283),(2284,2285,2286),(2287,2288,2289),(2290,2291,2292),(2293,2294,2295),(2296,2297,2298),(2299,2300,2301),(2302,2303,2304),(2305,2306,2307),(2308,2309,2310),(2311,2312,2313),(2314,2315,2316),(2317,2318,2319),(2320,2321,2322),(2323,2324,2325),(2326,2327,2328),(2329,2330,2331),(2332,2333,2334),(2335,2336,2337),(2338,2339,2340),(2341,2342,2343),(2344,2345,2346),(2347,2348,2349),(2350,2351,2352),(2353,2354,2355),(2356,2357,2358),(2359,2360,2361),(2362,2363,2364),(2365,2366,2367),(2368,2369,2370),(2371,2372,2373),(2374,2375,2376),(2377,2378,2379),(2380,2381,2382),(2383,2384,2385),(2386,2387,2388),(2389,2390,2391),(2392,2393,2394),(2395,2396,2397),(2398,2399,2400),(2401,2402,2403),(2404,2405,2406),(2407,2408,2409),(2410,2411,2412),(2413,2414,2415),(2416,2417,2418),(2419,2420,2421),(2422,2423,2424),(2425,2426,2427),(2428,2429,2430),(2431,2432,2433),(2434,2435,2436),(2437,2438,2439),(2440,2441,2442),(2443,2444,2445),(2446,2447,2448),(2449,2450,2451),(2452,2453,2454),(2455,2456,2457),(2458,2459,2460),(2461,2462,2463),(2464,2465,2466),(2467,2468,2469),(2470,2471,2472),(2473,2474,2475),(2476,2477,2478),(2479,2480,2481),(2482,2483,2484),(2485,2486,2487),(2488,2489,2490),(2491,2492,2493),(2494,2495,2496),(2497,2498,2499),(2500,2501,2502),(2503,2504,2505),(2506,2507,2508),(2509,2510,2511),(2512,2513,2514),(2515,2516,2517),(2518,2519,2520),(2521,2522,2523),(2524,2525,2526),(2527,2528,2529),(2530,2531,2532),(2533,2534,2535),(2536,2537,2538),(2539,2540,2541),(2542,2543,2544),(2545,2546,2547),(2548,2549,2550),(2551,2552,2553),(2554,2555,2556),(2557,2558,2559),(2560,2561,2562),(2563,2564,2565),(2566,2567,2568),(2569,2570,2571),(2572,2573,2574),(2575,2576,2577),(2578,2579,2580),(2581,2582,2583),(2584,2585,2586),(2587,2588,2589),(2590,2591,2592),(2593,2594,2595),(2596,2597,2598),(2599,2600,2601),(2602,2603,2604),(2605,2606,2607),(2608,2609,2610),(2611,2612,2613),(2614,2615,2616),(2617,2618,2619),(2620,2621,2622),(2623,2624,2625),(2626,2627,2628),(2629,2630,2631),(2632,2633,2634),(2635,2636,2637),(2638,2639,2640),(2641,2642,2643),(2644,2645,2646),(2647,2648,2649),(2650,2651,2652),(2653,2654,2655),(2656,2657,2658),(2659,2660,2661),(2662,2663,2664),(2665,2666,2667),(2668,2669,2670),(2671,2672,2673),(2674,2675,2676),(2677,2678,2679),(2680,2681,2682),(2683,2684,2685),(2686,2687,2688),(2689,2690,2691),(2692,2693,2694),(2695,2696,2697),(2698,2699,2700),(2701,2702,2703),(2704,2705,2706),(2707,2708,2709),(2710,2711,2712),(2713,2714,2715),(2716,2717,2718),(2719,2720,2721),(2722,2723,2724),(2725,2726,2727),(2728,2729,2730),(2731,2732,2733),(2734,2735,2736),(2737,2738,2739),(2740,2741,2742),(2743,2744,2745),(2746,2747,2748),(2749,2750,2751),(2752,2753,2754),(2755,2756,2757),(2758,2759,2760),(2761,2762,2763),(2764,2765,2766),(2767,2768,2769),(2770,2771,2772),(2773,2774,2775),(2776,2777,2778),(2779,2780,2781),(2782,2783,2784),(2785,2786,2787),(2788,2789,2790),(2791,2792,2793),(2794,2795,2796),(2797,2798,2799),(2800,2801,2802),(2803,2804,2805),(2806,2807,2808),(2809,2810,2811),(2812,2813,2814),(2815,2816,2817),(2818,2819,2820),(2821,2822,2823),(2824,2825,2826),(2827,2828,2829),(2830,2831,2832),(2833,2834,2835),(2836,2837,2838),(2839,2840,2841),(2842,2843,2844),(2845,2846,2847),(2848,2849,2850),(2851,2852,2853),(2854,2855,2856),(2857,2858,2859),(2860,2861,2862),(2863,2864,2865),(2866,2867,2868),(2869,2870,2871),(2872,2873,2874),(2875,2876,2877),(2878,2879,2880),(2881,2882,2883),(2884,2885,2886),(2887,2888,2889),(2890,2891,2892),(2893,2894,2895),(2896,2897,2898),(2899,2900,2901),(2902,2903,2904),(2905,2906,2907),(2908,2909,2910),(2911,2912,2913),(2914,2915,2916),(2917,2918,2919),(2920,2921,2922),(2923,2924,2925),(2926,2927,2928),(2929,2930,2931),(2932,2933,2934),(2935,2936,2937),(2938,2939,2940),(2941,2942,2943),(2944,2945,2946),(2947,2948,2949),(2950,2951,2952),(2953,2954,2955),(2956,2957,2958),(2959,2960,2961),(2962,2963,2964),(2965,2966,2967),(2968,2969,2970),(2971,2972,2973),(2974,2975,2976),(2977,2978,2979),(2980,2981,2982),(2983,2984,2985),(2986,2987,2988),(2989,2990,2991),(2992,2993,2994),(2995,2996,2997),(2998,2999,3000),(3001,3002,3003),(3004,3005,3006),(3007,3008,3009),(3010,3011,3012),(3013,3014,3015),(3016,3017,3018),(3019,3020,3021),(3022,3023,3024),(3025,3026,3027),(3028,3029,3030),(3031,3032,3033),(3034,3035,3036),(3037,3038,3039),(3040,3041,3042),(3043,3044,3045),(3046,3047,3048),(3049,3050,3051),(3052,3053,3054),(3055,3056,3057),(3058,3059,3060),(3061,3062,3063),(3064,3065,3066),(3067,3068,3069),(3070,3071,3072),(3073,3074,3075),(3076,3077,3078),(3079,3080,3081),(3082,3083,3084),(3085,3086,3087),(3088,3089,3090),(3091,3092,3093),(3094,3095,3096),(3097,3098,3099),(3100,3101,3102),(3103,3104,3105),(3106,3107,3108),(3109,3110,3111),(3112,3113,3114),(3115,3116,3117),(3118,3119,3120),(3121,3122,3123),(3124,3125,3126),(3127,3128,3129),(3130,3131,3132),(3133,3134,3135),(3136,3137,3138),(3139,3140,3141),(3142,3143,3144),(3145,3146,3147),(3148,3149,3150),(3151,3152,3153),(3154,3155,3156),(3157,3158,3159),(3160,3161,3162),(3163,3164,3165),(3166,3167,3168),(3169,3170,3171),(3172,3173,3174),(3175,3176,3177),(3178,3179,3180),(3181,3182,3183),(3184,3185,3186),(3187,3188,3189),(3190,3191,3192),(3193,3194,3195),(3196,3197,3198),(3199,3200,3201),(3202,3203,3204),(3205,3206,3207),(3208,3209,3210),(3211,3212,3213),(3214,3215,3216),(3217,3218,3219),(3220,3221,3222),(3223,3224,3225),(3226,3227,3228),(3229,3230,3231),(3232,3233,3234),(3235,3236,3237),(3238,3239,3240),(3241,3242,3243),(3244,3245,3246),(3247,3248,3249),(3250,3251,3252),(3253,3254,3255),(3256,3257,3258),(3259,3260,3261),(3262,3263,3264),(3265,3266,3267),(3268,3269,3270),(3271,3272,3273),(3274,3275,3276),(3277,3278,3279),(3280,3281,3282),(3283,3284,3285),(3286,3287,3288),(3289,3290,3291),(3292,3293,3294),(3295,3296,3297),(3298,3299,3300),(3301,3302,3303),(3304,3305,3306),(3307,3308,3309),(3310,3311,3312),(3313,3314,3315),(3316,3317,3318),(3319,3320,3321),(3322,3323,3324),(3325,3326,3327),(3328,3329,3330),(3331,3332,3333),(3334,3335,3336),(3337,3338,3339),(3340,3341,3342),(3343,3344,3345),(3346,3347,3348),(3349,3350,3351),(3352,3353,3354),(3355,3356,3357),(3358,3359,3360),(3361,3362,3363),(3364,3365,3366),(3367,3368,3369),(3370,3371,3372),(3373,3374,3375),(3376,3377,3378),(3379,3380,3381),(3382,3383,3384),(3385,3386,3387),(3388,3389,3390),(3391,3392,3393),(3394,3395,3396),(3397,3398,3399),(3400,3401,3402),(3403,3404,3405),(3406,3407,3408),(3409,3410,3411),(3412,3413,3414),(3415,3416,3417),(3418,3419,3420),(3421,3422,3423),(3424,3425,3426),(3427,3428,3429),(3430,3431,3432),(3433,3434,3435),(3436,3437,3438),(3439,3440,3441),(3442,3443,3444),(3445,3446,3447),(3448,3449,3450),(3451,3452,3453),(3454,3455,3456),(3457,3458,3459),(3460,3461,3462),(3463,3464,3465),(3466,3467,3468),(3469,3470,3471),(3472,3473,3474),(3475,3476,3477),(3478,3479,3480),(3481,3482,3483),(3484,3485,3486),(3487,3488,3489),(3490,3491,3492),(3493,3494,3495),(3496,3497,3498),(3499,3500,3501),(3502,3503,3504),(3505,3506,3507),(3508,3509,3510),(3511,3512,3513),(3514,3515,3516),(3517,3518,3519),(3520,3521,3522),(3523,3524,3525),(3526,3527,3528),(3529,3530,3531),(3532,3533,3534),(3535,3536,3537),(3538,3539,3540),(3541,3542,3543),(3544,3545,3546),(3547,3548,3549),(3550,3551,3552),(3553,3554,3555),(3556,3557,3558),(3559,3560,3561),(3562,3563,3564),(3565,3566,3567),(3568,3569,3570),(3571,3572,3573),(3574,3575,3576),(3577,3578,3579),(3580,3581,3582),(3583,3584,3585),(3586,3587,3588),(3589,3590,3591),(3592,3593,3594),(3595,3596,3597),(3598,3599,3600),(3601,3602,3603),(3604,3605,3606),(3607,3608,3609),(3610,3611,3612),(3613,3614,3615),(3616,3617,3618),(3619,3620,3621),(3622,3623,3624),(3625,3626,3627),(3628,3629,3630),(3631,3632,3633),(3634,3635,3636),(3637,3638,3639),(3640,3641,3642),(3643,3644,3645),(3646,3647,3648),(3649,3650,3651),(3652,3653,3654),(3655,3656,3657),(3658,3659,3660),(3661,3662,3663),(3664,3665,3666),(3667,3668,3669),(3670,3671,3672),(3673,3674,3675),(3676,3677,3678),(3679,3680,3681),(3682,3683,3684),(3685,3686,3687),(3688,3689,3690),(3691,3692,3693),(3694,3695,3696),(3697,3698,3699),(3700,3701,3702),(3703,3704,3705),(3706,3707,3708),(3709,3710,3711),(3712,3713,3714),(3715,3716,3717),(3718,3719,3720),(3721,3722,3723),(3724,3725,3726),(3727,3728,3729),(3730,3731,3732),(3733,3734,3735),(3736,3737,3738),(3739,3740,3741),(3742,3743,3744),(3745,3746,3747),(3748,3749,3750),(3751,3752,3753),(3754,3755,3756),(3757,3758,3759),(3760,3761,3762),(3763,3764,3765),(3766,3767,3768),(3769,3770,3771),(3772,3773,3774),(3775,3776,3777),(3778,3779,3780),(3781,3782,3783),(3784,3785,3786),(3787,3788,3789),(3790,3791,3792),(3793,3794,3795),(3796,3797,3798),(3799,3800,3801),(3802,3803,3804),(3805,3806,3807),(3808,3809,3810),(3811,3812,3813),(3814,3815,3816),(3817,3818,3819),(3820,3821,3822),(3823,3824,3825),(3826,3827,3828),(3829,3830,3831),(3832,3833,3834),(3835,3836,3837),(3838,3839,3840),(3841,3842,3843),(3844,3845,3846),(3847,3848,3849),(3850,3851,3852),(3853,3854,3855),(3856,3857,3858),(3859,3860,3861),(3862,3863,3864),(3865,3866,3867),(3868,3869,3870),(3871,3872,3873),(3874,3875,3876),(3877,3878,3879),(3880,3881,3882),(3883,3884,3885),(3886,3887,3888),(3889,3890,3891),(3892,3893,3894),(3895,3896,3897),(3898,3899,3900),(3901,3902,3903),(3904,3905,3906),(3907,3908,3909),(3910,3911,3912),(3913,3914,3915),(3916,3917,3918),(3919,3920,3921),(3922,3923,3924),(3925,3926,3927),(3928,3929,3930),(3931,3932,3933),(3934,3935,3936),(3937,3938,3939),(3940,3941,3942),(3943,3944,3945),(3946,3947,3948),(3949,3950,3951),(3952,3953,3954),(3955,3956,3957),(3958,3959,3960),(3961,3962,3963),(3964,3965,3966),(3967,3968,3969),(3970,3971,3972),(3973,3974,3975),(3976,3977,3978),(3979,3980,3981),(3982,3983,3984),(3985,3986,3987),(3988,3989,3990),(3991,3992,3993),(3994,3995,3996),(3997,3998,3999),(4000,4001,4002),(4003,4004,4005),(4006,4007,4008),(4009,4010,4011),(4012,4013,4014),(4015,4016,4017),(4018,4019,4020),(4021,4022,4023),(4024,4025,4026),(4027,4028,4029),(4030,4031,4032),(4033,4034,4035),(4036,4037,4038),(4039,4040,4041),(4042,4043,4044),(4045,4046,4047),(4048,4049,4050),(4051,4052,4053),(4054,4055,4056),(4057,4058,4059),(4060,4061,4062),(4063,4064,4065),(4066,4067,4068),(4069,4070,4071),(4072,4073,4074),(4075,4076,4077),(4078,4079,4080),(4081,4082,4083),(4084,4085,4086),(4087,4088,4089),(4090,4091,4092),(4093,4094,4095),(4096,4097,4098),(4099,4100,4101),(4102,4103,4104),(4105,4106,4107),(4108,4109,4110),(4111,4112,4113),(4114,4115,4116),(4117,4118,4119),(4120,4121,4122),(4123,4124,4125),(4126,4127,4128),(4129,4130,4131),(4132,4133,4134),(4135,4136,4137),(4138,4139,4140),(4141,4142,4143),(4144,4145,4146),(4147,4148,4149),(4150,4151,4152),(4153,4154,4155),(4156,4157,4158),(4159,4160,4161),(4162,4163,4164),(4165,4166,4167),(4168,4169,4170),(4171,4172,4173),(4174,4175,4176),(4177,4178,4179),(4180,4181,4182),(4183,4184,4185),(4186,4187,4188),(4189,4190,4191),(4192,4193,4194),(4195,4196,4197),(4198,4199,4200),(4201,4202,4203),(4204,4205,4206),(4207,4208,4209),(4210,4211,4212),(4213,4214,4215),(4216,4217,4218),(4219,4220,4221),(4222,4223,4224),(4225,4226,4227),(4228,4229,4230),(4231,4232,4233),(4234,4235,4236),(4237,4238,4239),(4240,4241,4242),(4243,4244,4245),(4246,4247,4248),(4249,4250,4251),(4252,4253,4254),(4255,4256,4257),(4258,4259,4260),(4261,4262,4263),(4264,4265,4266),(4267,4268,4269),(4270,4271,4272),(4273,4274,4275),(4276,4277,4278),(4279,4280,4281),(4282,4283,4284),(4285,4286,4287),(4288,4289,4290),(4291,4292,4293),(4294,4295,4296),(4297,4298,4299),(4300,4301,4302),(4303,4304,4305),(4306,4307,4308),(4309,4310,4311),(4312,4313,4314),(4315,4316,4317),(4318,4319,4320),(4321,4322,4323),(4324,4325,4326),(4327,4328,4329),(4330,4331,4332),(4333,4334,4335),(4336,4337,4338),(4339,4340,4341),(4342,4343,4344),(4345,4346,4347),(4348,4349,4350),(4351,4352,4353),(4354,4355,4356),(4357,4358,4359),(4360,4361,4362),(4363,4364,4365),(4366,4367,4368),(4369,4370,4371),(4372,4373,4374),(4375,4376,4377),(4378,4379,4380),(4381,4382,4383),(4384,4385,4386),(4387,4388,4389),(4390,4391,4392),(4393,4394,4395),(4396,4397,4398),(4399,4400,4401),(4402,4403,4404),(4405,4406,4407),(4408,4409,4410),(4411,4412,4413),(4414,4415,4416),(4417,4418,4419),(4420,4421,4422),(4423,4424,4425),(4426,4427,4428),(4429,4430,4431)));
#4160=TESSELLATED_GEOMETRIC_SET('hole callout',(#4159));
#4161=COORDINATES_LIST('coordinates',5,((-30.7831165,6.2500000,4.6338835),(1.4454335,6.2500000,4.6338835),(-39.5331165,6.2500000,0.8838835),(-35.7831165,6.2500000,4.6338835),(-30.7831165,6.2500000,4.6338835)));
#4162=TESSELLATED_CURVE_SET('curve set',#4161,((1,2),(3,4,5)));
#4163=TESSELLATED_GEOMETRIC_SET('hole callout',(#4162));
#4164=TESSELLATED_ANNOTATION_OCCURRENCE('hole callout',(#4157),#4160);
#4165=TESSELLATED_ANNOTATION_OCCURRENCE('hole callout',(#4157),#4163);
#4166=DRAUGHTING_CALLOUT('hole callout',(#4164,#4165));
#4167=DRAUGHTING_MODEL_ITEM_ASSOCIATION('','',#4109,#4153,#4166);
#4168=DRAUGHTING_MODEL_ITEM_ASSOCIATION('','',#4117,#4153,#4166);
#4169=DRAUGHTING_MODEL_ITEM_ASSOCIATION('','',#4125,#4153,#4166);
#4170=DRAUGHTING_MODEL_ITEM_ASSOCIATION('','',#4072,#4153,#4166);
ENDSEC;
END-ISO-10303-21;
