ISO-10303-21;
HEADER;
/*Generated by software containing ST-Developer
 * from STEP Tools, Inc. (www.steptools.com) 
 */
/*OPTION: using custom renumber hook */
/*description */
/*implementation_level */
FILE_DESCRIPTION(('STEP AP242 Edition 2','STEP AP242 Edition 2''CAx-IF Rec.Pracs.---Representation and Presentation of Product Manufa
cturing Information (PMI)---4.0---2014-10-13','STEP AP242 Edition 2''CAx-IF Rec.Pracs.---Representation and Presentation of Product Manufa
cturing Information (PMI)---4.0---2014-10-13''CAx-IF Rec.Pracs.---3D Tessellated Geometry---0.4---2014-09-14','STEP AP242 Edition 2''CAx-IF Rec.Pracs.---Representation and Presentation of Product Manufa
cturing Information (PMI)---4.0---2014-10-13''CAx-IF Rec.Pracs.---3D Tessellated Geometry---0.4---2014-09-14''2;1','STEP AP242 Edition 2''CAx-IF Rec.Pracs.---Representation and Presentation of Product Manufa
cturing Information (PMI)---4.0---2014-10-13''CAx-IF Rec.Pracs.---3D Tessellated Geometry---0.4---2014-09-14''2;1''CAx-IF Rec.Pracs.---User Defined Attributes---1.5---2016-08-15'),'2;1');
/*name */
/*time_stamp */
/*author */
/*organization */
/*preprocessor_version */
/*originating_system */
/*authorisation */
FILE_NAME('/vol/tmp/translate-1052877545696312738/Part Studio 1 - Part 1.step','2026-04-23T11:22:58',(''),(''),'ST-DEVELOPER v20','ONSHAPE BY PTC INC, 1.213','  ');
FILE_SCHEMA(('AP242_MANAGED_MODEL_BASED_3D_ENGINEERING_MIM_LF { 1 0 10303 442 3 1 4 }'));
ENDSEC;
DATA;
#10=SHAPE_REPRESENTATION_RELATIONSHIP('','',#1027,#11);
#11=ADVANCED_BREP_SHAPE_REPRESENTATION('',(#1025),#1845);
#12=SPHERICAL_SURFACE('',#1067,6.);
#13=SPHERICAL_SURFACE('',#1069,6.);
#14=SPHERICAL_SURFACE('',#1071,6.);
#15=SPHERICAL_SURFACE('',#1073,6.);
#16=SPHERICAL_SURFACE('',#1099,2.);
#17=SPHERICAL_SURFACE('',#1101,2.);
#18=SPHERICAL_SURFACE('',#1103,2.);
#19=SPHERICAL_SURFACE('',#1105,2.);
#20=B_SPLINE_CURVE_WITH_KNOTS('',3,(#1497,#1498,#1499,#1500,#1501,#1502,#1503),.UNSPECIFIED.,.F.,.F.,(4,1,1,1,4),(6.1331736667335E-18,0.000583233156497228,0.00116646631299445,0.00174969946949167,0.0023329326259889),.UNSPECIFIED.);
#21=B_SPLINE_CURVE_WITH_KNOTS('',3,(#1507,#1508,#1509,#1510,#1511,#1512,#1513,#1514,#1515,#1516,#1517),.UNSPECIFIED.,.F.,.F.,(4,1,1,1,1,1,1,1,4),(0.,0.00152867902904548,0.00305735805809096,0.00458603708713643,0.00611471611618191,0.00764339514522739,0.00917207417427287,0.0107007532033183,0.0122294322323638),.UNSPECIFIED.);
#22=B_SPLINE_CURVE_WITH_KNOTS('',3,(#1521,#1522,#1523,#1524,#1525,#1526,#1527),.UNSPECIFIED.,.F.,.F.,(4,1,1,1,4),(0.,0.00058323315649721,0.00116646631299442,0.00174969946949163,0.00233293262598884),.UNSPECIFIED.);
#23=B_SPLINE_CURVE_WITH_KNOTS('',3,(#1531,#1532,#1533,#1534,#1535,#1536,#1537,#1538,#1539,#1540,#1541),.UNSPECIFIED.,.F.,.F.,(4,1,1,1,1,1,1,1,4),(0.,0.00152867902904547,0.00305735805809094,0.0045860370871364,0.00611471611618187,0.00764339514522734,0.00917207417427281,0.0107007532033183,0.0122294322323637),.UNSPECIFIED.);
#24=B_SPLINE_CURVE_WITH_KNOTS('',3,(#1545,#1546,#1547,#1548,#1549,#1550,#1551),.UNSPECIFIED.,.F.,.F.,(4,1,1,1,4),(0.,0.000583233156497218,0.00116646631299444,0.00174969946949165,0.00233293262598887),.UNSPECIFIED.);
#25=B_SPLINE_CURVE_WITH_KNOTS('',3,(#1555,#1556,#1557,#1558,#1559,#1560,#1561,#1562,#1563,#1564,#1565),.UNSPECIFIED.,.F.,.F.,(4,1,1,1,1,1,1,1,4),(0.,0.00152867902904548,0.00305735805809095,0.00458603708713643,0.00611471611618191,0.00764339514522738,0.00917207417427286,0.0107007532033183,0.0122294322323638),.UNSPECIFIED.);
#26=B_SPLINE_CURVE_WITH_KNOTS('',3,(#1578,#1579,#1580,#1581,#1582,#1583,#1584),.UNSPECIFIED.,.F.,.F.,(4,1,1,1,4),(0.,0.000583233156497236,0.00116646631299447,0.00174969946949171,0.00233293262598894),.UNSPECIFIED.);
#27=B_SPLINE_CURVE_WITH_KNOTS('',3,(#1588,#1589,#1590,#1591,#1592,#1593,#1594,#1595,#1596,#1597,#1598),.UNSPECIFIED.,.F.,.F.,(4,1,1,1,1,1,1,1,4),(0.,0.00152867902904549,0.00305735805809098,0.00458603708713647,0.00611471611618195,0.00764339514522744,0.00917207417427293,0.0107007532033184,0.0122294322323639),.UNSPECIFIED.);
#28=B_SPLINE_CURVE_WITH_KNOTS('',3,(#1602,#1603,#1604,#1605,#1606,#1607,#1608),.UNSPECIFIED.,.F.,.F.,(4,1,1,1,4),(0.,0.0005832331564972,0.0011664663129944,0.0017496994694916,0.0023329326259888),.UNSPECIFIED.);
#29=B_SPLINE_CURVE_WITH_KNOTS('',3,(#1612,#1613,#1614,#1615,#1616,#1617,#1618,#1619,#1620,#1621,#1622),.UNSPECIFIED.,.F.,.F.,(4,1,1,1,1,1,1,1,4),(0.,0.00152867902904548,0.00305735805809095,0.00458603708713643,0.00611471611618191,0.00764339514522738,0.00917207417427286,0.0107007532033183,0.0122294322323638),.UNSPECIFIED.);
#30=B_SPLINE_CURVE_WITH_KNOTS('',3,(#1626,#1627,#1628,#1629,#1630,#1631,#1632),.UNSPECIFIED.,.F.,.F.,(4,1,1,1,4),(6.1331736667335E-18,0.000583233156497223,0.00116646631299444,0.00174969946949166,0.00233293262598887),.UNSPECIFIED.);
#31=B_SPLINE_CURVE_WITH_KNOTS('',3,(#1636,#1637,#1638,#1639,#1640,#1641,#1642,#1643,#1644,#1645,#1646),.UNSPECIFIED.,.F.,.F.,(4,1,1,1,1,1,1,1,4),(0.,0.00152867902904548,0.00305735805809096,0.00458603708713645,0.00611471611618193,0.00764339514522741,0.00917207417427289,0.0107007532033184,0.0122294322323639),.UNSPECIFIED.);
#32=CIRCLE('',#1031,2.);
#33=CIRCLE('',#1032,2.);
#34=CIRCLE('',#1035,6.);
#35=CIRCLE('',#1036,6.);
#36=CIRCLE('',#1038,6.);
#37=CIRCLE('',#1039,6.);
#38=CIRCLE('',#1041,6.);
#39=CIRCLE('',#1042,6.);
#40=CIRCLE('',#1043,6.);
#41=CIRCLE('',#1044,6.);
#42=CIRCLE('',#1045,2.);
#43=CIRCLE('',#1046,2.);
#44=CIRCLE('',#1047,2.);
#45=CIRCLE('',#1048,2.);
#46=CIRCLE('',#1049,1.5);
#47=CIRCLE('',#1050,1.5);
#48=CIRCLE('',#1051,1.5);
#49=CIRCLE('',#1052,1.5);
#50=CIRCLE('',#1053,1.5);
#51=CIRCLE('',#1054,1.5);
#52=CIRCLE('',#1056,1.25);
#53=CIRCLE('',#1057,1.25);
#54=CIRCLE('',#1058,1.25);
#55=CIRCLE('',#1060,6.);
#56=CIRCLE('',#1061,6.);
#57=CIRCLE('',#1063,6.);
#58=CIRCLE('',#1064,6.);
#59=CIRCLE('',#1065,6.);
#60=CIRCLE('',#1066,6.);
#61=CIRCLE('',#1068,6.);
#62=CIRCLE('',#1070,6.);
#63=CIRCLE('',#1072,6.);
#64=CIRCLE('',#1074,6.);
#65=CIRCLE('',#1084,1.25);
#66=CIRCLE('',#1085,1.25);
#67=CIRCLE('',#1086,1.25);
#68=CIRCLE('',#1088,2.);
#69=CIRCLE('',#1089,2.);
#70=CIRCLE('',#1091,2.);
#71=CIRCLE('',#1092,2.);
#72=CIRCLE('',#1094,2.);
#73=CIRCLE('',#1095,2.);
#74=CIRCLE('',#1097,2.);
#75=CIRCLE('',#1098,2.);
#76=CIRCLE('',#1100,2.);
#77=CIRCLE('',#1102,2.);
#78=CIRCLE('',#1104,2.);
#79=CIRCLE('',#1106,2.);
#80=CIRCLE('',#1116,1.5);
#81=CIRCLE('',#1118,2.5);
#82=CIRCLE('',#1121,1.5);
#83=CIRCLE('',#1123,2.5);
#84=CIRCLE('',#1126,1.5);
#85=CIRCLE('',#1128,2.5);
#86=CIRCLE('',#1131,1.5);
#87=CIRCLE('',#1133,2.5);
#88=CIRCLE('',#1136,1.5);
#89=CIRCLE('',#1138,2.5);
#90=CIRCLE('',#1141,1.5);
#91=CIRCLE('',#1143,2.5);
#92=CYLINDRICAL_SURFACE('',#1030,2.);
#93=CYLINDRICAL_SURFACE('',#1034,6.);
#94=CYLINDRICAL_SURFACE('',#1037,6.);
#95=CYLINDRICAL_SURFACE('',#1059,6.);
#96=CYLINDRICAL_SURFACE('',#1062,6.);
#97=CYLINDRICAL_SURFACE('',#1075,6.);
#98=CYLINDRICAL_SURFACE('',#1076,6.);
#99=CYLINDRICAL_SURFACE('',#1078,6.);
#100=CYLINDRICAL_SURFACE('',#1080,6.);
#101=CYLINDRICAL_SURFACE('',#1087,2.);
#102=CYLINDRICAL_SURFACE('',#1090,2.);
#103=CYLINDRICAL_SURFACE('',#1093,2.);
#104=CYLINDRICAL_SURFACE('',#1096,2.);
#105=CYLINDRICAL_SURFACE('',#1107,2.);
#106=CYLINDRICAL_SURFACE('',#1108,2.);
#107=CYLINDRICAL_SURFACE('',#1110,2.);
#108=CYLINDRICAL_SURFACE('',#1112,2.);
#109=CYLINDRICAL_SURFACE('',#1115,1.5);
#110=CYLINDRICAL_SURFACE('',#1119,2.5);
#111=CYLINDRICAL_SURFACE('',#1120,1.5);
#112=CYLINDRICAL_SURFACE('',#1124,2.5);
#113=CYLINDRICAL_SURFACE('',#1125,1.5);
#114=CYLINDRICAL_SURFACE('',#1129,2.5);
#115=CYLINDRICAL_SURFACE('',#1130,1.5);
#116=CYLINDRICAL_SURFACE('',#1134,2.5);
#117=CYLINDRICAL_SURFACE('',#1135,1.5);
#118=CYLINDRICAL_SURFACE('',#1139,2.5);
#119=CYLINDRICAL_SURFACE('',#1140,1.5);
#120=CYLINDRICAL_SURFACE('',#1144,2.5);
#121=CYLINDRICAL_SURFACE('',#1145,1.25);
#122=CYLINDRICAL_SURFACE('',#1146,1.25);
#123=CYLINDRICAL_SURFACE('',#1147,1.25);
#124=ORIENTED_EDGE('',*,*,#400,.T.);
#125=ORIENTED_EDGE('',*,*,#401,.T.);
#126=ORIENTED_EDGE('',*,*,#402,.T.);
#127=ORIENTED_EDGE('',*,*,#403,.T.);
#128=ORIENTED_EDGE('',*,*,#404,.F.);
#129=ORIENTED_EDGE('',*,*,#405,.T.);
#130=ORIENTED_EDGE('',*,*,#406,.T.);
#131=ORIENTED_EDGE('',*,*,#407,.T.);
#132=ORIENTED_EDGE('',*,*,#408,.F.);
#133=ORIENTED_EDGE('',*,*,#407,.F.);
#134=ORIENTED_EDGE('',*,*,#409,.F.);
#135=ORIENTED_EDGE('',*,*,#410,.F.);
#136=ORIENTED_EDGE('',*,*,#411,.T.);
#137=ORIENTED_EDGE('',*,*,#412,.F.);
#138=ORIENTED_EDGE('',*,*,#413,.F.);
#139=ORIENTED_EDGE('',*,*,#414,.F.);
#140=ORIENTED_EDGE('',*,*,#415,.T.);
#141=ORIENTED_EDGE('',*,*,#416,.T.);
#142=ORIENTED_EDGE('',*,*,#417,.T.);
#143=ORIENTED_EDGE('',*,*,#418,.T.);
#144=ORIENTED_EDGE('',*,*,#419,.T.);
#145=ORIENTED_EDGE('',*,*,#420,.T.);
#146=ORIENTED_EDGE('',*,*,#421,.T.);
#147=ORIENTED_EDGE('',*,*,#422,.T.);
#148=ORIENTED_EDGE('',*,*,#423,.T.);
#149=ORIENTED_EDGE('',*,*,#424,.T.);
#150=ORIENTED_EDGE('',*,*,#425,.T.);
#151=ORIENTED_EDGE('',*,*,#426,.T.);
#152=ORIENTED_EDGE('',*,*,#427,.T.);
#153=ORIENTED_EDGE('',*,*,#428,.F.);
#154=ORIENTED_EDGE('',*,*,#429,.F.);
#155=ORIENTED_EDGE('',*,*,#430,.F.);
#156=ORIENTED_EDGE('',*,*,#431,.T.);
#157=ORIENTED_EDGE('',*,*,#432,.T.);
#158=ORIENTED_EDGE('',*,*,#433,.T.);
#159=ORIENTED_EDGE('',*,*,#434,.T.);
#160=ORIENTED_EDGE('',*,*,#435,.T.);
#161=ORIENTED_EDGE('',*,*,#436,.T.);
#162=ORIENTED_EDGE('',*,*,#437,.T.);
#163=ORIENTED_EDGE('',*,*,#438,.T.);
#164=ORIENTED_EDGE('',*,*,#439,.T.);
#165=ORIENTED_EDGE('',*,*,#440,.T.);
#166=ORIENTED_EDGE('',*,*,#441,.T.);
#167=ORIENTED_EDGE('',*,*,#442,.T.);
#168=ORIENTED_EDGE('',*,*,#443,.F.);
#169=ORIENTED_EDGE('',*,*,#444,.F.);
#170=ORIENTED_EDGE('',*,*,#445,.F.);
#171=ORIENTED_EDGE('',*,*,#446,.F.);
#172=ORIENTED_EDGE('',*,*,#447,.F.);
#173=ORIENTED_EDGE('',*,*,#448,.T.);
#174=ORIENTED_EDGE('',*,*,#449,.F.);
#175=ORIENTED_EDGE('',*,*,#450,.T.);
#176=ORIENTED_EDGE('',*,*,#451,.F.);
#177=ORIENTED_EDGE('',*,*,#402,.F.);
#178=ORIENTED_EDGE('',*,*,#452,.T.);
#179=ORIENTED_EDGE('',*,*,#410,.T.);
#180=ORIENTED_EDGE('',*,*,#453,.T.);
#181=ORIENTED_EDGE('',*,*,#454,.F.);
#182=ORIENTED_EDGE('',*,*,#455,.T.);
#183=ORIENTED_EDGE('',*,*,#456,.F.);
#184=ORIENTED_EDGE('',*,*,#457,.T.);
#185=ORIENTED_EDGE('',*,*,#458,.T.);
#186=ORIENTED_EDGE('',*,*,#459,.T.);
#187=ORIENTED_EDGE('',*,*,#460,.T.);
#188=ORIENTED_EDGE('',*,*,#461,.T.);
#189=ORIENTED_EDGE('',*,*,#462,.T.);
#190=ORIENTED_EDGE('',*,*,#463,.T.);
#191=ORIENTED_EDGE('',*,*,#464,.T.);
#192=ORIENTED_EDGE('',*,*,#465,.T.);
#193=ORIENTED_EDGE('',*,*,#466,.T.);
#194=ORIENTED_EDGE('',*,*,#467,.T.);
#195=ORIENTED_EDGE('',*,*,#468,.T.);
#196=ORIENTED_EDGE('',*,*,#469,.T.);
#197=ORIENTED_EDGE('',*,*,#414,.T.);
#198=ORIENTED_EDGE('',*,*,#470,.T.);
#199=ORIENTED_EDGE('',*,*,#428,.T.);
#200=ORIENTED_EDGE('',*,*,#471,.T.);
#201=ORIENTED_EDGE('',*,*,#472,.F.);
#202=ORIENTED_EDGE('',*,*,#471,.F.);
#203=ORIENTED_EDGE('',*,*,#473,.F.);
#204=ORIENTED_EDGE('',*,*,#474,.F.);
#205=ORIENTED_EDGE('',*,*,#475,.F.);
#206=ORIENTED_EDGE('',*,*,#476,.T.);
#207=ORIENTED_EDGE('',*,*,#477,.T.);
#208=ORIENTED_EDGE('',*,*,#400,.F.);
#209=ORIENTED_EDGE('',*,*,#478,.F.);
#210=ORIENTED_EDGE('',*,*,#470,.F.);
#211=ORIENTED_EDGE('',*,*,#479,.F.);
#212=ORIENTED_EDGE('',*,*,#480,.F.);
#213=ORIENTED_EDGE('',*,*,#411,.F.);
#214=ORIENTED_EDGE('',*,*,#472,.T.);
#215=ORIENTED_EDGE('',*,*,#481,.F.);
#216=ORIENTED_EDGE('',*,*,#482,.F.);
#217=ORIENTED_EDGE('',*,*,#473,.T.);
#218=ORIENTED_EDGE('',*,*,#427,.F.);
#219=ORIENTED_EDGE('',*,*,#479,.T.);
#220=ORIENTED_EDGE('',*,*,#413,.T.);
#221=ORIENTED_EDGE('',*,*,#483,.F.);
#222=ORIENTED_EDGE('',*,*,#429,.T.);
#223=ORIENTED_EDGE('',*,*,#478,.T.);
#224=ORIENTED_EDGE('',*,*,#484,.F.);
#225=ORIENTED_EDGE('',*,*,#403,.F.);
#226=ORIENTED_EDGE('',*,*,#451,.T.);
#227=ORIENTED_EDGE('',*,*,#485,.F.);
#228=ORIENTED_EDGE('',*,*,#484,.T.);
#229=ORIENTED_EDGE('',*,*,#486,.F.);
#230=ORIENTED_EDGE('',*,*,#445,.T.);
#231=ORIENTED_EDGE('',*,*,#487,.F.);
#232=ORIENTED_EDGE('',*,*,#483,.T.);
#233=ORIENTED_EDGE('',*,*,#488,.F.);
#234=ORIENTED_EDGE('',*,*,#480,.T.);
#235=ORIENTED_EDGE('',*,*,#487,.T.);
#236=ORIENTED_EDGE('',*,*,#444,.T.);
#237=ORIENTED_EDGE('',*,*,#489,.F.);
#238=ORIENTED_EDGE('',*,*,#449,.T.);
#239=ORIENTED_EDGE('',*,*,#490,.F.);
#240=ORIENTED_EDGE('',*,*,#482,.T.);
#241=ORIENTED_EDGE('',*,*,#450,.F.);
#242=ORIENTED_EDGE('',*,*,#489,.T.);
#243=ORIENTED_EDGE('',*,*,#430,.T.);
#244=ORIENTED_EDGE('',*,*,#485,.T.);
#245=ORIENTED_EDGE('',*,*,#491,.F.);
#246=ORIENTED_EDGE('',*,*,#447,.T.);
#247=ORIENTED_EDGE('',*,*,#492,.F.);
#248=ORIENTED_EDGE('',*,*,#481,.T.);
#249=ORIENTED_EDGE('',*,*,#448,.F.);
#250=ORIENTED_EDGE('',*,*,#491,.T.);
#251=ORIENTED_EDGE('',*,*,#474,.T.);
#252=ORIENTED_EDGE('',*,*,#490,.T.);
#253=ORIENTED_EDGE('',*,*,#492,.T.);
#254=ORIENTED_EDGE('',*,*,#446,.T.);
#255=ORIENTED_EDGE('',*,*,#486,.T.);
#256=ORIENTED_EDGE('',*,*,#412,.T.);
#257=ORIENTED_EDGE('',*,*,#405,.F.);
#258=ORIENTED_EDGE('',*,*,#493,.T.);
#259=ORIENTED_EDGE('',*,*,#476,.F.);
#260=ORIENTED_EDGE('',*,*,#494,.F.);
#261=ORIENTED_EDGE('',*,*,#495,.F.);
#262=ORIENTED_EDGE('',*,*,#496,.F.);
#263=ORIENTED_EDGE('',*,*,#497,.F.);
#264=ORIENTED_EDGE('',*,*,#498,.F.);
#265=ORIENTED_EDGE('',*,*,#499,.T.);
#266=ORIENTED_EDGE('',*,*,#500,.T.);
#267=ORIENTED_EDGE('',*,*,#501,.T.);
#268=ORIENTED_EDGE('',*,*,#502,.F.);
#269=ORIENTED_EDGE('',*,*,#496,.T.);
#270=ORIENTED_EDGE('',*,*,#503,.T.);
#271=ORIENTED_EDGE('',*,*,#504,.T.);
#272=ORIENTED_EDGE('',*,*,#505,.T.);
#273=ORIENTED_EDGE('',*,*,#506,.T.);
#274=ORIENTED_EDGE('',*,*,#507,.T.);
#275=ORIENTED_EDGE('',*,*,#497,.T.);
#276=ORIENTED_EDGE('',*,*,#508,.F.);
#277=ORIENTED_EDGE('',*,*,#509,.T.);
#278=ORIENTED_EDGE('',*,*,#510,.T.);
#279=ORIENTED_EDGE('',*,*,#498,.T.);
#280=ORIENTED_EDGE('',*,*,#495,.T.);
#281=ORIENTED_EDGE('',*,*,#511,.T.);
#282=ORIENTED_EDGE('',*,*,#512,.T.);
#283=ORIENTED_EDGE('',*,*,#513,.T.);
#284=ORIENTED_EDGE('',*,*,#502,.T.);
#285=ORIENTED_EDGE('',*,*,#514,.T.);
#286=ORIENTED_EDGE('',*,*,#505,.F.);
#287=ORIENTED_EDGE('',*,*,#515,.T.);
#288=ORIENTED_EDGE('',*,*,#508,.T.);
#289=ORIENTED_EDGE('',*,*,#507,.F.);
#290=ORIENTED_EDGE('',*,*,#513,.F.);
#291=ORIENTED_EDGE('',*,*,#516,.T.);
#292=ORIENTED_EDGE('',*,*,#503,.F.);
#293=ORIENTED_EDGE('',*,*,#510,.F.);
#294=ORIENTED_EDGE('',*,*,#517,.T.);
#295=ORIENTED_EDGE('',*,*,#406,.F.);
#296=ORIENTED_EDGE('',*,*,#409,.T.);
#297=ORIENTED_EDGE('',*,*,#517,.F.);
#298=ORIENTED_EDGE('',*,*,#518,.T.);
#299=ORIENTED_EDGE('',*,*,#453,.F.);
#300=ORIENTED_EDGE('',*,*,#519,.T.);
#301=ORIENTED_EDGE('',*,*,#516,.F.);
#302=ORIENTED_EDGE('',*,*,#520,.T.);
#303=ORIENTED_EDGE('',*,*,#459,.F.);
#304=ORIENTED_EDGE('',*,*,#512,.F.);
#305=ORIENTED_EDGE('',*,*,#521,.T.);
#306=ORIENTED_EDGE('',*,*,#460,.F.);
#307=ORIENTED_EDGE('',*,*,#520,.F.);
#308=ORIENTED_EDGE('',*,*,#522,.T.);
#309=ORIENTED_EDGE('',*,*,#515,.F.);
#310=ORIENTED_EDGE('',*,*,#523,.T.);
#311=ORIENTED_EDGE('',*,*,#455,.F.);
#312=ORIENTED_EDGE('',*,*,#454,.T.);
#313=ORIENTED_EDGE('',*,*,#518,.F.);
#314=ORIENTED_EDGE('',*,*,#509,.F.);
#315=ORIENTED_EDGE('',*,*,#522,.F.);
#316=ORIENTED_EDGE('',*,*,#524,.T.);
#317=ORIENTED_EDGE('',*,*,#514,.F.);
#318=ORIENTED_EDGE('',*,*,#525,.T.);
#319=ORIENTED_EDGE('',*,*,#457,.F.);
#320=ORIENTED_EDGE('',*,*,#456,.T.);
#321=ORIENTED_EDGE('',*,*,#523,.F.);
#322=ORIENTED_EDGE('',*,*,#506,.F.);
#323=ORIENTED_EDGE('',*,*,#524,.F.);
#324=ORIENTED_EDGE('',*,*,#525,.F.);
#325=ORIENTED_EDGE('',*,*,#504,.F.);
#326=ORIENTED_EDGE('',*,*,#519,.F.);
#327=ORIENTED_EDGE('',*,*,#458,.F.);
#328=ORIENTED_EDGE('',*,*,#465,.F.);
#329=ORIENTED_EDGE('',*,*,#526,.F.);
#330=ORIENTED_EDGE('',*,*,#432,.F.);
#331=ORIENTED_EDGE('',*,*,#527,.F.);
#332=ORIENTED_EDGE('',*,*,#433,.F.);
#333=ORIENTED_EDGE('',*,*,#526,.T.);
#334=ORIENTED_EDGE('',*,*,#431,.F.);
#335=ORIENTED_EDGE('',*,*,#527,.T.);
#336=ORIENTED_EDGE('',*,*,#434,.F.);
#337=ORIENTED_EDGE('',*,*,#464,.F.);
#338=ORIENTED_EDGE('',*,*,#528,.F.);
#339=ORIENTED_EDGE('',*,*,#436,.F.);
#340=ORIENTED_EDGE('',*,*,#529,.F.);
#341=ORIENTED_EDGE('',*,*,#437,.F.);
#342=ORIENTED_EDGE('',*,*,#528,.T.);
#343=ORIENTED_EDGE('',*,*,#435,.F.);
#344=ORIENTED_EDGE('',*,*,#529,.T.);
#345=ORIENTED_EDGE('',*,*,#438,.F.);
#346=ORIENTED_EDGE('',*,*,#463,.F.);
#347=ORIENTED_EDGE('',*,*,#530,.F.);
#348=ORIENTED_EDGE('',*,*,#440,.F.);
#349=ORIENTED_EDGE('',*,*,#531,.F.);
#350=ORIENTED_EDGE('',*,*,#441,.F.);
#351=ORIENTED_EDGE('',*,*,#530,.T.);
#352=ORIENTED_EDGE('',*,*,#439,.F.);
#353=ORIENTED_EDGE('',*,*,#531,.T.);
#354=ORIENTED_EDGE('',*,*,#442,.F.);
#355=ORIENTED_EDGE('',*,*,#466,.F.);
#356=ORIENTED_EDGE('',*,*,#532,.F.);
#357=ORIENTED_EDGE('',*,*,#416,.F.);
#358=ORIENTED_EDGE('',*,*,#533,.F.);
#359=ORIENTED_EDGE('',*,*,#417,.F.);
#360=ORIENTED_EDGE('',*,*,#532,.T.);
#361=ORIENTED_EDGE('',*,*,#415,.F.);
#362=ORIENTED_EDGE('',*,*,#533,.T.);
#363=ORIENTED_EDGE('',*,*,#418,.F.);
#364=ORIENTED_EDGE('',*,*,#462,.F.);
#365=ORIENTED_EDGE('',*,*,#534,.F.);
#366=ORIENTED_EDGE('',*,*,#420,.F.);
#367=ORIENTED_EDGE('',*,*,#535,.F.);
#368=ORIENTED_EDGE('',*,*,#421,.F.);
#369=ORIENTED_EDGE('',*,*,#534,.T.);
#370=ORIENTED_EDGE('',*,*,#419,.F.);
#371=ORIENTED_EDGE('',*,*,#535,.T.);
#372=ORIENTED_EDGE('',*,*,#422,.F.);
#373=ORIENTED_EDGE('',*,*,#461,.F.);
#374=ORIENTED_EDGE('',*,*,#536,.F.);
#375=ORIENTED_EDGE('',*,*,#424,.F.);
#376=ORIENTED_EDGE('',*,*,#537,.F.);
#377=ORIENTED_EDGE('',*,*,#425,.F.);
#378=ORIENTED_EDGE('',*,*,#536,.T.);
#379=ORIENTED_EDGE('',*,*,#423,.F.);
#380=ORIENTED_EDGE('',*,*,#537,.T.);
#381=ORIENTED_EDGE('',*,*,#426,.F.);
#382=ORIENTED_EDGE('',*,*,#501,.F.);
#383=ORIENTED_EDGE('',*,*,#469,.F.);
#384=ORIENTED_EDGE('',*,*,#500,.F.);
#385=ORIENTED_EDGE('',*,*,#468,.F.);
#386=ORIENTED_EDGE('',*,*,#499,.F.);
#387=ORIENTED_EDGE('',*,*,#467,.F.);
#388=ORIENTED_EDGE('',*,*,#475,.T.);
#389=ORIENTED_EDGE('',*,*,#488,.T.);
#390=ORIENTED_EDGE('',*,*,#443,.T.);
#391=ORIENTED_EDGE('',*,*,#521,.F.);
#392=ORIENTED_EDGE('',*,*,#511,.F.);
#393=ORIENTED_EDGE('',*,*,#494,.T.);
#394=ORIENTED_EDGE('',*,*,#493,.F.);
#395=ORIENTED_EDGE('',*,*,#404,.T.);
#396=ORIENTED_EDGE('',*,*,#408,.T.);
#397=ORIENTED_EDGE('',*,*,#452,.F.);
#398=ORIENTED_EDGE('',*,*,#401,.F.);
#399=ORIENTED_EDGE('',*,*,#477,.F.);
#400=EDGE_CURVE('',#538,#539,#626,.F.);
#401=EDGE_CURVE('',#539,#540,#627,.T.);
#402=EDGE_CURVE('',#540,#541,#628,.T.);
#403=EDGE_CURVE('',#541,#538,#629,.T.);
#404=EDGE_CURVE('',#542,#543,#32,.F.);
#405=EDGE_CURVE('',#542,#544,#630,.T.);
#406=EDGE_CURVE('',#544,#545,#33,.F.);
#407=EDGE_CURVE('',#545,#543,#631,.F.);
#408=EDGE_CURVE('',#543,#546,#632,.T.);
#409=EDGE_CURVE('',#547,#545,#633,.F.);
#410=EDGE_CURVE('',#546,#547,#634,.T.);
#411=EDGE_CURVE('',#548,#549,#34,.F.);
#412=EDGE_CURVE('',#550,#549,#635,.F.);
#413=EDGE_CURVE('',#551,#550,#35,.T.);
#414=EDGE_CURVE('',#548,#551,#636,.T.);
#415=EDGE_CURVE('',#552,#553,#637,.T.);
#416=EDGE_CURVE('',#553,#554,#20,.T.);
#417=EDGE_CURVE('',#554,#555,#638,.T.);
#418=EDGE_CURVE('',#555,#552,#21,.T.);
#419=EDGE_CURVE('',#556,#557,#639,.T.);
#420=EDGE_CURVE('',#557,#558,#22,.T.);
#421=EDGE_CURVE('',#558,#559,#640,.T.);
#422=EDGE_CURVE('',#559,#556,#23,.T.);
#423=EDGE_CURVE('',#560,#561,#641,.T.);
#424=EDGE_CURVE('',#561,#562,#24,.T.);
#425=EDGE_CURVE('',#562,#563,#642,.T.);
#426=EDGE_CURVE('',#563,#560,#25,.T.);
#427=EDGE_CURVE('',#564,#565,#36,.F.);
#428=EDGE_CURVE('',#566,#565,#643,.F.);
#429=EDGE_CURVE('',#567,#566,#37,.T.);
#430=EDGE_CURVE('',#564,#567,#644,.T.);
#431=EDGE_CURVE('',#568,#569,#645,.T.);
#432=EDGE_CURVE('',#569,#570,#26,.T.);
#433=EDGE_CURVE('',#570,#571,#646,.T.);
#434=EDGE_CURVE('',#571,#568,#27,.T.);
#435=EDGE_CURVE('',#572,#573,#647,.T.);
#436=EDGE_CURVE('',#573,#574,#28,.T.);
#437=EDGE_CURVE('',#574,#575,#648,.T.);
#438=EDGE_CURVE('',#575,#572,#29,.T.);
#439=EDGE_CURVE('',#576,#577,#649,.T.);
#440=EDGE_CURVE('',#577,#578,#30,.T.);
#441=EDGE_CURVE('',#578,#579,#650,.T.);
#442=EDGE_CURVE('',#579,#576,#31,.T.);
#443=EDGE_CURVE('',#580,#581,#651,.T.);
#444=EDGE_CURVE('',#582,#580,#652,.T.);
#445=EDGE_CURVE('',#583,#582,#38,.F.);
#446=EDGE_CURVE('',#584,#583,#653,.T.);
#447=EDGE_CURVE('',#585,#584,#39,.F.);
#448=EDGE_CURVE('',#585,#586,#654,.T.);
#449=EDGE_CURVE('',#587,#586,#40,.F.);
#450=EDGE_CURVE('',#587,#588,#655,.T.);
#451=EDGE_CURVE('',#541,#588,#41,.F.);
#452=EDGE_CURVE('',#540,#546,#656,.T.);
#453=EDGE_CURVE('',#547,#589,#42,.F.);
#454=EDGE_CURVE('',#590,#589,#657,.T.);
#455=EDGE_CURVE('',#590,#591,#43,.F.);
#456=EDGE_CURVE('',#592,#591,#658,.T.);
#457=EDGE_CURVE('',#592,#593,#44,.F.);
#458=EDGE_CURVE('',#593,#594,#659,.T.);
#459=EDGE_CURVE('',#594,#595,#45,.F.);
#460=EDGE_CURVE('',#595,#581,#660,.T.);
#461=EDGE_CURVE('',#596,#596,#46,.F.);
#462=EDGE_CURVE('',#597,#597,#47,.F.);
#463=EDGE_CURVE('',#598,#598,#48,.F.);
#464=EDGE_CURVE('',#599,#599,#49,.F.);
#465=EDGE_CURVE('',#600,#600,#50,.F.);
#466=EDGE_CURVE('',#601,#601,#51,.F.);
#467=EDGE_CURVE('',#602,#602,#52,.T.);
#468=EDGE_CURVE('',#603,#603,#53,.T.);
#469=EDGE_CURVE('',#604,#604,#54,.T.);
#470=EDGE_CURVE('',#551,#566,#661,.T.);
#471=EDGE_CURVE('',#565,#548,#662,.F.);
#472=EDGE_CURVE('',#548,#605,#55,.T.);
#473=EDGE_CURVE('',#606,#565,#56,.T.);
#474=EDGE_CURVE('',#605,#606,#663,.T.);
#475=EDGE_CURVE('',#607,#608,#57,.F.);
#476=EDGE_CURVE('',#607,#609,#664,.F.);
#477=EDGE_CURVE('',#609,#539,#58,.F.);
#478=EDGE_CURVE('',#566,#538,#59,.T.);
#479=EDGE_CURVE('',#610,#551,#60,.T.);
#480=EDGE_CURVE('',#608,#610,#665,.F.);
#481=EDGE_CURVE('',#549,#605,#61,.F.);
#482=EDGE_CURVE('',#606,#564,#62,.F.);
#483=EDGE_CURVE('',#610,#550,#63,.F.);
#484=EDGE_CURVE('',#567,#538,#64,.F.);
#485=EDGE_CURVE('',#567,#588,#666,.F.);
#486=EDGE_CURVE('',#583,#550,#667,.T.);
#487=EDGE_CURVE('',#610,#582,#668,.F.);
#488=EDGE_CURVE('',#608,#580,#669,.T.);
#489=EDGE_CURVE('',#587,#564,#670,.T.);
#490=EDGE_CURVE('',#606,#586,#671,.F.);
#491=EDGE_CURVE('',#585,#605,#672,.T.);
#492=EDGE_CURVE('',#549,#584,#673,.F.);
#493=EDGE_CURVE('',#542,#609,#674,.T.);
#494=EDGE_CURVE('',#611,#607,#675,.T.);
#495=EDGE_CURVE('',#612,#611,#676,.T.);
#496=EDGE_CURVE('',#613,#612,#677,.T.);
#497=EDGE_CURVE('',#614,#613,#678,.F.);
#498=EDGE_CURVE('',#544,#614,#679,.F.);
#499=EDGE_CURVE('',#615,#615,#65,.F.);
#500=EDGE_CURVE('',#616,#616,#66,.F.);
#501=EDGE_CURVE('',#617,#617,#67,.F.);
#502=EDGE_CURVE('',#613,#618,#68,.F.);
#503=EDGE_CURVE('',#612,#619,#69,.F.);
#504=EDGE_CURVE('',#619,#618,#680,.T.);
#505=EDGE_CURVE('',#613,#620,#70,.T.);
#506=EDGE_CURVE('',#620,#621,#681,.T.);
#507=EDGE_CURVE('',#621,#614,#71,.T.);
#508=EDGE_CURVE('',#622,#614,#72,.T.);
#509=EDGE_CURVE('',#622,#623,#682,.F.);
#510=EDGE_CURVE('',#623,#544,#73,.T.);
#511=EDGE_CURVE('',#611,#624,#74,.F.);
#512=EDGE_CURVE('',#624,#625,#683,.F.);
#513=EDGE_CURVE('',#625,#612,#75,.T.);
#514=EDGE_CURVE('',#618,#620,#76,.T.);
#515=EDGE_CURVE('',#621,#622,#77,.F.);
#516=EDGE_CURVE('',#625,#619,#78,.F.);
#517=EDGE_CURVE('',#623,#545,#79,.T.);
#518=EDGE_CURVE('',#623,#589,#684,.T.);
#519=EDGE_CURVE('',#594,#619,#685,.F.);
#520=EDGE_CURVE('',#625,#595,#686,.T.);
#521=EDGE_CURVE('',#624,#581,#687,.T.);
#522=EDGE_CURVE('',#590,#622,#688,.F.);
#523=EDGE_CURVE('',#621,#591,#689,.T.);
#524=EDGE_CURVE('',#592,#620,#690,.F.);
#525=EDGE_CURVE('',#618,#593,#691,.T.);
#526=EDGE_CURVE('',#570,#569,#80,.T.);
#527=EDGE_CURVE('',#571,#568,#81,.T.);
#528=EDGE_CURVE('',#574,#573,#82,.T.);
#529=EDGE_CURVE('',#575,#572,#83,.T.);
#530=EDGE_CURVE('',#578,#577,#84,.T.);
#531=EDGE_CURVE('',#579,#576,#85,.T.);
#532=EDGE_CURVE('',#554,#553,#86,.T.);
#533=EDGE_CURVE('',#555,#552,#87,.T.);
#534=EDGE_CURVE('',#558,#557,#88,.T.);
#535=EDGE_CURVE('',#559,#556,#89,.T.);
#536=EDGE_CURVE('',#562,#561,#90,.T.);
#537=EDGE_CURVE('',#563,#560,#91,.T.);
#538=VERTEX_POINT('',#1463);
#539=VERTEX_POINT('',#1464);
#540=VERTEX_POINT('',#1466);
#541=VERTEX_POINT('',#1468);
#542=VERTEX_POINT('',#1472);
#543=VERTEX_POINT('',#1473);
#544=VERTEX_POINT('',#1475);
#545=VERTEX_POINT('',#1477);
#546=VERTEX_POINT('',#1481);
#547=VERTEX_POINT('',#1483);
#548=VERTEX_POINT('',#1487);
#549=VERTEX_POINT('',#1488);
#550=VERTEX_POINT('',#1490);
#551=VERTEX_POINT('',#1492);
#552=VERTEX_POINT('',#1495);
#553=VERTEX_POINT('',#1496);
#554=VERTEX_POINT('',#1504);
#555=VERTEX_POINT('',#1506);
#556=VERTEX_POINT('',#1519);
#557=VERTEX_POINT('',#1520);
#558=VERTEX_POINT('',#1528);
#559=VERTEX_POINT('',#1530);
#560=VERTEX_POINT('',#1543);
#561=VERTEX_POINT('',#1544);
#562=VERTEX_POINT('',#1552);
#563=VERTEX_POINT('',#1554);
#564=VERTEX_POINT('',#1568);
#565=VERTEX_POINT('',#1569);
#566=VERTEX_POINT('',#1571);
#567=VERTEX_POINT('',#1573);
#568=VERTEX_POINT('',#1576);
#569=VERTEX_POINT('',#1577);
#570=VERTEX_POINT('',#1585);
#571=VERTEX_POINT('',#1587);
#572=VERTEX_POINT('',#1600);
#573=VERTEX_POINT('',#1601);
#574=VERTEX_POINT('',#1609);
#575=VERTEX_POINT('',#1611);
#576=VERTEX_POINT('',#1624);
#577=VERTEX_POINT('',#1625);
#578=VERTEX_POINT('',#1633);
#579=VERTEX_POINT('',#1635);
#580=VERTEX_POINT('',#1649);
#581=VERTEX_POINT('',#1650);
#582=VERTEX_POINT('',#1652);
#583=VERTEX_POINT('',#1654);
#584=VERTEX_POINT('',#1656);
#585=VERTEX_POINT('',#1658);
#586=VERTEX_POINT('',#1660);
#587=VERTEX_POINT('',#1662);
#588=VERTEX_POINT('',#1664);
#589=VERTEX_POINT('',#1668);
#590=VERTEX_POINT('',#1670);
#591=VERTEX_POINT('',#1672);
#592=VERTEX_POINT('',#1674);
#593=VERTEX_POINT('',#1676);
#594=VERTEX_POINT('',#1678);
#595=VERTEX_POINT('',#1680);
#596=VERTEX_POINT('',#1683);
#597=VERTEX_POINT('',#1685);
#598=VERTEX_POINT('',#1687);
#599=VERTEX_POINT('',#1689);
#600=VERTEX_POINT('',#1691);
#601=VERTEX_POINT('',#1693);
#602=VERTEX_POINT('',#1696);
#603=VERTEX_POINT('',#1698);
#604=VERTEX_POINT('',#1700);
#605=VERTEX_POINT('',#1705);
#606=VERTEX_POINT('',#1707);
#607=VERTEX_POINT('',#1711);
#608=VERTEX_POINT('',#1712);
#609=VERTEX_POINT('',#1714);
#610=VERTEX_POINT('',#1718);
#611=VERTEX_POINT('',#1747);
#612=VERTEX_POINT('',#1749);
#613=VERTEX_POINT('',#1751);
#614=VERTEX_POINT('',#1753);
#615=VERTEX_POINT('',#1756);
#616=VERTEX_POINT('',#1758);
#617=VERTEX_POINT('',#1760);
#618=VERTEX_POINT('',#1763);
#619=VERTEX_POINT('',#1765);
#620=VERTEX_POINT('',#1769);
#621=VERTEX_POINT('',#1771);
#622=VERTEX_POINT('',#1775);
#623=VERTEX_POINT('',#1777);
#624=VERTEX_POINT('',#1781);
#625=VERTEX_POINT('',#1783);
#626=LINE('',#1462,#692);
#627=LINE('',#1465,#693);
#628=LINE('',#1467,#694);
#629=LINE('',#1469,#695);
#630=LINE('',#1474,#696);
#631=LINE('',#1478,#697);
#632=LINE('',#1480,#698);
#633=LINE('',#1482,#699);
#634=LINE('',#1484,#700);
#635=LINE('',#1489,#701);
#636=LINE('',#1493,#702);
#637=LINE('',#1494,#703);
#638=LINE('',#1505,#704);
#639=LINE('',#1518,#705);
#640=LINE('',#1529,#706);
#641=LINE('',#1542,#707);
#642=LINE('',#1553,#708);
#643=LINE('',#1570,#709);
#644=LINE('',#1574,#710);
#645=LINE('',#1575,#711);
#646=LINE('',#1586,#712);
#647=LINE('',#1599,#713);
#648=LINE('',#1610,#714);
#649=LINE('',#1623,#715);
#650=LINE('',#1634,#716);
#651=LINE('',#1648,#717);
#652=LINE('',#1651,#718);
#653=LINE('',#1655,#719);
#654=LINE('',#1659,#720);
#655=LINE('',#1663,#721);
#656=LINE('',#1666,#722);
#657=LINE('',#1669,#723);
#658=LINE('',#1673,#724);
#659=LINE('',#1677,#725);
#660=LINE('',#1681,#726);
#661=LINE('',#1701,#727);
#662=LINE('',#1702,#728);
#663=LINE('',#1708,#729);
#664=LINE('',#1713,#730);
#665=LINE('',#1719,#731);
#666=LINE('',#1729,#732);
#667=LINE('',#1731,#733);
#668=LINE('',#1732,#734);
#669=LINE('',#1734,#735);
#670=LINE('',#1736,#736);
#671=LINE('',#1737,#737);
#672=LINE('',#1740,#738);
#673=LINE('',#1741,#739);
#674=LINE('',#1745,#740);
#675=LINE('',#1746,#741);
#676=LINE('',#1748,#742);
#677=LINE('',#1750,#743);
#678=LINE('',#1752,#744);
#679=LINE('',#1754,#745);
#680=LINE('',#1766,#746);
#681=LINE('',#1770,#747);
#682=LINE('',#1776,#748);
#683=LINE('',#1782,#749);
#684=LINE('',#1794,#750);
#685=LINE('',#1796,#751);
#686=LINE('',#1797,#752);
#687=LINE('',#1799,#753);
#688=LINE('',#1801,#754);
#689=LINE('',#1802,#755);
#690=LINE('',#1805,#756);
#691=LINE('',#1806,#757);
#692=VECTOR('',#1154,1000.);
#693=VECTOR('',#1155,1000.);
#694=VECTOR('',#1156,1000.);
#695=VECTOR('',#1157,1000.);
#696=VECTOR('',#1162,1000.);
#697=VECTOR('',#1165,1000.);
#698=VECTOR('',#1168,1000.);
#699=VECTOR('',#1169,1000.);
#700=VECTOR('',#1170,1000.);
#701=VECTOR('',#1175,1000.);
#702=VECTOR('',#1178,1000.);
#703=VECTOR('',#1179,1000.);
#704=VECTOR('',#1180,1000.);
#705=VECTOR('',#1181,1000.);
#706=VECTOR('',#1182,1000.);
#707=VECTOR('',#1183,1000.);
#708=VECTOR('',#1184,1000.);
#709=VECTOR('',#1189,1000.);
#710=VECTOR('',#1192,1000.);
#711=VECTOR('',#1193,1000.);
#712=VECTOR('',#1194,1000.);
#713=VECTOR('',#1195,1000.);
#714=VECTOR('',#1196,1000.);
#715=VECTOR('',#1197,1000.);
#716=VECTOR('',#1198,1000.);
#717=VECTOR('',#1201,1000.);
#718=VECTOR('',#1202,1000.);
#719=VECTOR('',#1205,1000.);
#720=VECTOR('',#1208,1000.);
#721=VECTOR('',#1211,1000.);
#722=VECTOR('',#1214,1000.);
#723=VECTOR('',#1217,1000.);
#724=VECTOR('',#1220,1000.);
#725=VECTOR('',#1223,1000.);
#726=VECTOR('',#1226,1000.);
#727=VECTOR('',#1247,1000.);
#728=VECTOR('',#1248,1000.);
#729=VECTOR('',#1255,1000.);
#730=VECTOR('',#1260,1000.);
#731=VECTOR('',#1267,1000.);
#732=VECTOR('',#1286,1000.);
#733=VECTOR('',#1289,1000.);
#734=VECTOR('',#1290,1000.);
#735=VECTOR('',#1293,1000.);
#736=VECTOR('',#1296,1000.);
#737=VECTOR('',#1297,1000.);
#738=VECTOR('',#1302,1000.);
#739=VECTOR('',#1303,1000.);
#740=VECTOR('',#1310,1000.);
#741=VECTOR('',#1311,1000.);
#742=VECTOR('',#1312,1000.);
#743=VECTOR('',#1313,1000.);
#744=VECTOR('',#1314,1000.);
#745=VECTOR('',#1315,1000.);
#746=VECTOR('',#1328,1000.);
#747=VECTOR('',#1333,1000.);
#748=VECTOR('',#1340,1000.);
#749=VECTOR('',#1347,1000.);
#750=VECTOR('',#1368,1000.);
#751=VECTOR('',#1371,1000.);
#752=VECTOR('',#1372,1000.);
#753=VECTOR('',#1375,1000.);
#754=VECTOR('',#1378,1000.);
#755=VECTOR('',#1379,1000.);
#756=VECTOR('',#1384,1000.);
#757=VECTOR('',#1385,1000.);
#758=EDGE_LOOP('',(#124,#125,#126,#127));
#759=EDGE_LOOP('',(#128,#129,#130,#131));
#760=EDGE_LOOP('',(#132,#133,#134,#135));
#761=EDGE_LOOP('',(#136,#137,#138,#139));
#762=EDGE_LOOP('',(#140,#141,#142,#143));
#763=EDGE_LOOP('',(#144,#145,#146,#147));
#764=EDGE_LOOP('',(#148,#149,#150,#151));
#765=EDGE_LOOP('',(#152,#153,#154,#155));
#766=EDGE_LOOP('',(#156,#157,#158,#159));
#767=EDGE_LOOP('',(#160,#161,#162,#163));
#768=EDGE_LOOP('',(#164,#165,#166,#167));
#769=EDGE_LOOP('',(#168,#169,#170,#171,#172,#173,#174,#175,#176,#177,#178,#179,#180,#181,#182,#183,#184,#185,#186,#187));
#770=EDGE_LOOP('',(#188));
#771=EDGE_LOOP('',(#189));
#772=EDGE_LOOP('',(#190));
#773=EDGE_LOOP('',(#191));
#774=EDGE_LOOP('',(#192));
#775=EDGE_LOOP('',(#193));
#776=EDGE_LOOP('',(#194));
#777=EDGE_LOOP('',(#195));
#778=EDGE_LOOP('',(#196));
#779=EDGE_LOOP('',(#197,#198,#199,#200));
#780=EDGE_LOOP('',(#201,#202,#203,#204));
#781=EDGE_LOOP('',(#205,#206,#207,#208,#209,#210,#211,#212));
#782=EDGE_LOOP('',(#213,#214,#215));
#783=EDGE_LOOP('',(#216,#217,#218));
#784=EDGE_LOOP('',(#219,#220,#221));
#785=EDGE_LOOP('',(#222,#223,#224));
#786=EDGE_LOOP('',(#225,#226,#227,#228));
#787=EDGE_LOOP('',(#229,#230,#231,#232));
#788=EDGE_LOOP('',(#233,#234,#235,#236));
#789=EDGE_LOOP('',(#237,#238,#239,#240));
#790=EDGE_LOOP('',(#241,#242,#243,#244));
#791=EDGE_LOOP('',(#245,#246,#247,#248));
#792=EDGE_LOOP('',(#249,#250,#251,#252));
#793=EDGE_LOOP('',(#253,#254,#255,#256));
#794=EDGE_LOOP('',(#257,#258,#259,#260,#261,#262,#263,#264));
#795=EDGE_LOOP('',(#265));
#796=EDGE_LOOP('',(#266));
#797=EDGE_LOOP('',(#267));
#798=EDGE_LOOP('',(#268,#269,#270,#271));
#799=EDGE_LOOP('',(#272,#273,#274,#275));
#800=EDGE_LOOP('',(#276,#277,#278,#279));
#801=EDGE_LOOP('',(#280,#281,#282,#283));
#802=EDGE_LOOP('',(#284,#285,#286));
#803=EDGE_LOOP('',(#287,#288,#289));
#804=EDGE_LOOP('',(#290,#291,#292));
#805=EDGE_LOOP('',(#293,#294,#295));
#806=EDGE_LOOP('',(#296,#297,#298,#299));
#807=EDGE_LOOP('',(#300,#301,#302,#303));
#808=EDGE_LOOP('',(#304,#305,#306,#307));
#809=EDGE_LOOP('',(#308,#309,#310,#311));
#810=EDGE_LOOP('',(#312,#313,#314,#315));
#811=EDGE_LOOP('',(#316,#317,#318,#319));
#812=EDGE_LOOP('',(#320,#321,#322,#323));
#813=EDGE_LOOP('',(#324,#325,#326,#327));
#814=EDGE_LOOP('',(#328));
#815=EDGE_LOOP('',(#329,#330));
#816=EDGE_LOOP('',(#331,#332,#333,#334));
#817=EDGE_LOOP('',(#335,#336));
#818=EDGE_LOOP('',(#337));
#819=EDGE_LOOP('',(#338,#339));
#820=EDGE_LOOP('',(#340,#341,#342,#343));
#821=EDGE_LOOP('',(#344,#345));
#822=EDGE_LOOP('',(#346));
#823=EDGE_LOOP('',(#347,#348));
#824=EDGE_LOOP('',(#349,#350,#351,#352));
#825=EDGE_LOOP('',(#353,#354));
#826=EDGE_LOOP('',(#355));
#827=EDGE_LOOP('',(#356,#357));
#828=EDGE_LOOP('',(#358,#359,#360,#361));
#829=EDGE_LOOP('',(#362,#363));
#830=EDGE_LOOP('',(#364));
#831=EDGE_LOOP('',(#365,#366));
#832=EDGE_LOOP('',(#367,#368,#369,#370));
#833=EDGE_LOOP('',(#371,#372));
#834=EDGE_LOOP('',(#373));
#835=EDGE_LOOP('',(#374,#375));
#836=EDGE_LOOP('',(#376,#377,#378,#379));
#837=EDGE_LOOP('',(#380,#381));
#838=EDGE_LOOP('',(#382));
#839=EDGE_LOOP('',(#383));
#840=EDGE_LOOP('',(#384));
#841=EDGE_LOOP('',(#385));
#842=EDGE_LOOP('',(#386));
#843=EDGE_LOOP('',(#387));
#844=EDGE_LOOP('',(#388,#389,#390,#391,#392,#393));
#845=EDGE_LOOP('',(#394,#395,#396,#397,#398,#399));
#846=FACE_BOUND('',#758,.T.);
#847=FACE_BOUND('',#759,.T.);
#848=FACE_BOUND('',#760,.T.);
#849=FACE_BOUND('',#761,.T.);
#850=FACE_BOUND('',#762,.T.);
#851=FACE_BOUND('',#763,.T.);
#852=FACE_BOUND('',#764,.T.);
#853=FACE_BOUND('',#765,.T.);
#854=FACE_BOUND('',#766,.T.);
#855=FACE_BOUND('',#767,.T.);
#856=FACE_BOUND('',#768,.T.);
#857=FACE_BOUND('',#769,.T.);
#858=FACE_BOUND('',#770,.T.);
#859=FACE_BOUND('',#771,.T.);
#860=FACE_BOUND('',#772,.T.);
#861=FACE_BOUND('',#773,.T.);
#862=FACE_BOUND('',#774,.T.);
#863=FACE_BOUND('',#775,.T.);
#864=FACE_BOUND('',#776,.T.);
#865=FACE_BOUND('',#777,.T.);
#866=FACE_BOUND('',#778,.T.);
#867=FACE_BOUND('',#779,.T.);
#868=FACE_BOUND('',#780,.T.);
#869=FACE_BOUND('',#781,.T.);
#870=FACE_BOUND('',#782,.T.);
#871=FACE_BOUND('',#783,.T.);
#872=FACE_BOUND('',#784,.T.);
#873=FACE_BOUND('',#785,.T.);
#874=FACE_BOUND('',#786,.T.);
#875=FACE_BOUND('',#787,.T.);
#876=FACE_BOUND('',#788,.T.);
#877=FACE_BOUND('',#789,.T.);
#878=FACE_BOUND('',#790,.T.);
#879=FACE_BOUND('',#791,.T.);
#880=FACE_BOUND('',#792,.T.);
#881=FACE_BOUND('',#793,.T.);
#882=FACE_BOUND('',#794,.T.);
#883=FACE_BOUND('',#795,.T.);
#884=FACE_BOUND('',#796,.T.);
#885=FACE_BOUND('',#797,.T.);
#886=FACE_BOUND('',#798,.T.);
#887=FACE_BOUND('',#799,.T.);
#888=FACE_BOUND('',#800,.T.);
#889=FACE_BOUND('',#801,.T.);
#890=FACE_BOUND('',#802,.T.);
#891=FACE_BOUND('',#803,.T.);
#892=FACE_BOUND('',#804,.T.);
#893=FACE_BOUND('',#805,.T.);
#894=FACE_BOUND('',#806,.T.);
#895=FACE_BOUND('',#807,.T.);
#896=FACE_BOUND('',#808,.T.);
#897=FACE_BOUND('',#809,.T.);
#898=FACE_BOUND('',#810,.T.);
#899=FACE_BOUND('',#811,.T.);
#900=FACE_BOUND('',#812,.T.);
#901=FACE_BOUND('',#813,.T.);
#902=FACE_BOUND('',#814,.T.);
#903=FACE_BOUND('',#815,.T.);
#904=FACE_BOUND('',#816,.T.);
#905=FACE_BOUND('',#817,.T.);
#906=FACE_BOUND('',#818,.T.);
#907=FACE_BOUND('',#819,.T.);
#908=FACE_BOUND('',#820,.T.);
#909=FACE_BOUND('',#821,.T.);
#910=FACE_BOUND('',#822,.T.);
#911=FACE_BOUND('',#823,.T.);
#912=FACE_BOUND('',#824,.T.);
#913=FACE_BOUND('',#825,.T.);
#914=FACE_BOUND('',#826,.T.);
#915=FACE_BOUND('',#827,.T.);
#916=FACE_BOUND('',#828,.T.);
#917=FACE_BOUND('',#829,.T.);
#918=FACE_BOUND('',#830,.T.);
#919=FACE_BOUND('',#831,.T.);
#920=FACE_BOUND('',#832,.T.);
#921=FACE_BOUND('',#833,.T.);
#922=FACE_BOUND('',#834,.T.);
#923=FACE_BOUND('',#835,.T.);
#924=FACE_BOUND('',#836,.T.);
#925=FACE_BOUND('',#837,.T.);
#926=FACE_BOUND('',#838,.T.);
#927=FACE_BOUND('',#839,.T.);
#928=FACE_BOUND('',#840,.T.);
#929=FACE_BOUND('',#841,.T.);
#930=FACE_BOUND('',#842,.T.);
#931=FACE_BOUND('',#843,.T.);
#932=FACE_BOUND('',#844,.T.);
#933=FACE_BOUND('',#845,.T.);
#934=PLANE('',#1029);
#935=PLANE('',#1033);
#936=PLANE('',#1040);
#937=PLANE('',#1055);
#938=PLANE('',#1077);
#939=PLANE('',#1079);
#940=PLANE('',#1081);
#941=PLANE('',#1082);
#942=PLANE('',#1083);
#943=PLANE('',#1109);
#944=PLANE('',#1111);
#945=PLANE('',#1113);
#946=PLANE('',#1114);
#947=PLANE('',#1117);
#948=PLANE('',#1122);
#949=PLANE('',#1127);
#950=PLANE('',#1132);
#951=PLANE('',#1137);
#952=PLANE('',#1142);
#953=PLANE('',#1148);
#954=PLANE('',#1149);
#955=ADVANCED_FACE('',(#846),#934,.T.);
#956=ADVANCED_FACE('',(#847),#92,.F.);
#957=ADVANCED_FACE('',(#848),#935,.F.);
#958=ADVANCED_FACE('',(#849,#850,#851,#852),#93,.T.);
#959=ADVANCED_FACE('',(#853,#854,#855,#856),#94,.T.);
#960=ADVANCED_FACE('',(#857,#858,#859,#860,#861,#862,#863),#936,.T.);
#961=ADVANCED_FACE('',(#864,#865,#866,#867),#937,.F.);
#962=ADVANCED_FACE('',(#868),#95,.T.);
#963=ADVANCED_FACE('',(#869),#96,.T.);
#964=ADVANCED_FACE('',(#870),#12,.T.);
#965=ADVANCED_FACE('',(#871),#13,.T.);
#966=ADVANCED_FACE('',(#872),#14,.T.);
#967=ADVANCED_FACE('',(#873),#15,.T.);
#968=ADVANCED_FACE('',(#874),#97,.T.);
#969=ADVANCED_FACE('',(#875),#98,.T.);
#970=ADVANCED_FACE('',(#876),#938,.T.);
#971=ADVANCED_FACE('',(#877),#99,.T.);
#972=ADVANCED_FACE('',(#878),#939,.F.);
#973=ADVANCED_FACE('',(#879),#100,.T.);
#974=ADVANCED_FACE('',(#880),#940,.F.);
#975=ADVANCED_FACE('',(#881),#941,.T.);
#976=ADVANCED_FACE('',(#882,#883,#884,#885),#942,.T.);
#977=ADVANCED_FACE('',(#886),#101,.F.);
#978=ADVANCED_FACE('',(#887),#102,.F.);
#979=ADVANCED_FACE('',(#888),#103,.F.);
#980=ADVANCED_FACE('',(#889),#104,.F.);
#981=ADVANCED_FACE('',(#890),#16,.F.);
#982=ADVANCED_FACE('',(#891),#17,.F.);
#983=ADVANCED_FACE('',(#892),#18,.F.);
#984=ADVANCED_FACE('',(#893),#19,.F.);
#985=ADVANCED_FACE('',(#894),#105,.F.);
#986=ADVANCED_FACE('',(#895),#106,.F.);
#987=ADVANCED_FACE('',(#896),#943,.F.);
#988=ADVANCED_FACE('',(#897),#107,.F.);
#989=ADVANCED_FACE('',(#898),#944,.T.);
#990=ADVANCED_FACE('',(#899),#108,.F.);
#991=ADVANCED_FACE('',(#900),#945,.T.);
#992=ADVANCED_FACE('',(#901),#946,.F.);
#993=ADVANCED_FACE('',(#902,#903),#109,.F.);
#994=ADVANCED_FACE('',(#904),#947,.T.);
#995=ADVANCED_FACE('',(#905),#110,.F.);
#996=ADVANCED_FACE('',(#906,#907),#111,.F.);
#997=ADVANCED_FACE('',(#908),#948,.T.);
#998=ADVANCED_FACE('',(#909),#112,.F.);
#999=ADVANCED_FACE('',(#910,#911),#113,.F.);
#1000=ADVANCED_FACE('',(#912),#949,.T.);
#1001=ADVANCED_FACE('',(#913),#114,.F.);
#1002=ADVANCED_FACE('',(#914,#915),#115,.F.);
#1003=ADVANCED_FACE('',(#916),#950,.T.);
#1004=ADVANCED_FACE('',(#917),#116,.F.);
#1005=ADVANCED_FACE('',(#918,#919),#117,.F.);
#1006=ADVANCED_FACE('',(#920),#951,.T.);
#1007=ADVANCED_FACE('',(#921),#118,.F.);
#1008=ADVANCED_FACE('',(#922,#923),#119,.F.);
#1009=ADVANCED_FACE('',(#924),#952,.T.);
#1010=ADVANCED_FACE('',(#925),#120,.F.);
#1011=ADVANCED_FACE('',(#926,#927),#121,.F.);
#1012=ADVANCED_FACE('',(#928,#929),#122,.F.);
#1013=ADVANCED_FACE('',(#930,#931),#123,.F.);
#1014=ADVANCED_FACE('',(#932),#953,.F.);
#1015=ADVANCED_FACE('',(#933),#954,.T.);
#1016=CLOSED_SHELL('',(#955,#956,#957,#958,#959,#960,#961,#962,#963,#964,#965,#966,#967,#968,#969,#970,#971,#972,#973,#974,#975,#976,#977,#978,#979,#980,#981,#982,#983,#984,#985,#986,#987,#988,#989,#990,#991,#992,#993,#994,#995,#996,#997,#998,#999,#1000,#1001,#1002,#1003,#1004,#1005,#1006,#1007,#1008,#1009,#1010,#1011,#1012,#1013,#1014,#1015));
#1017=STYLED_ITEM('',(#1018),#1025);
#1018=PRESENTATION_STYLE_ASSIGNMENT((#1019));
#1019=SURFACE_STYLE_USAGE(.BOTH.,#1020);
#1020=SURFACE_SIDE_STYLE('',(#1021));
#1021=SURFACE_STYLE_FILL_AREA(#1022);
#1022=FILL_AREA_STYLE('',(#1023));
#1023=FILL_AREA_STYLE_COLOUR('',#1024);
#1024=COLOUR_RGB('',0.615686274509804,0.811764705882353,0.929411764705882);
#1025=MANIFOLD_SOLID_BREP('Part 1',#1016);
#1026=SHAPE_DEFINITION_REPRESENTATION(#1850,#1027);
#1027=SHAPE_REPRESENTATION('Part 1',(#1028),#1845);
#1028=AXIS2_PLACEMENT_3D('',#1460,#1150,#1151);
#1029=AXIS2_PLACEMENT_3D('',#1461,#1152,#1153);
#1030=AXIS2_PLACEMENT_3D('',#1470,#1158,#1159);
#1031=AXIS2_PLACEMENT_3D('',#1471,#1160,#1161);
#1032=AXIS2_PLACEMENT_3D('',#1476,#1163,#1164);
#1033=AXIS2_PLACEMENT_3D('',#1479,#1166,#1167);
#1034=AXIS2_PLACEMENT_3D('',#1485,#1171,#1172);
#1035=AXIS2_PLACEMENT_3D('',#1486,#1173,#1174);
#1036=AXIS2_PLACEMENT_3D('',#1491,#1176,#1177);
#1037=AXIS2_PLACEMENT_3D('',#1566,#1185,#1186);
#1038=AXIS2_PLACEMENT_3D('',#1567,#1187,#1188);
#1039=AXIS2_PLACEMENT_3D('',#1572,#1190,#1191);
#1040=AXIS2_PLACEMENT_3D('',#1647,#1199,#1200);
#1041=AXIS2_PLACEMENT_3D('',#1653,#1203,#1204);
#1042=AXIS2_PLACEMENT_3D('',#1657,#1206,#1207);
#1043=AXIS2_PLACEMENT_3D('',#1661,#1209,#1210);
#1044=AXIS2_PLACEMENT_3D('',#1665,#1212,#1213);
#1045=AXIS2_PLACEMENT_3D('',#1667,#1215,#1216);
#1046=AXIS2_PLACEMENT_3D('',#1671,#1218,#1219);
#1047=AXIS2_PLACEMENT_3D('',#1675,#1221,#1222);
#1048=AXIS2_PLACEMENT_3D('',#1679,#1224,#1225);
#1049=AXIS2_PLACEMENT_3D('',#1682,#1227,#1228);
#1050=AXIS2_PLACEMENT_3D('',#1684,#1229,#1230);
#1051=AXIS2_PLACEMENT_3D('',#1686,#1231,#1232);
#1052=AXIS2_PLACEMENT_3D('',#1688,#1233,#1234);
#1053=AXIS2_PLACEMENT_3D('',#1690,#1235,#1236);
#1054=AXIS2_PLACEMENT_3D('',#1692,#1237,#1238);
#1055=AXIS2_PLACEMENT_3D('',#1694,#1239,#1240);
#1056=AXIS2_PLACEMENT_3D('',#1695,#1241,#1242);
#1057=AXIS2_PLACEMENT_3D('',#1697,#1243,#1244);
#1058=AXIS2_PLACEMENT_3D('',#1699,#1245,#1246);
#1059=AXIS2_PLACEMENT_3D('',#1703,#1249,#1250);
#1060=AXIS2_PLACEMENT_3D('',#1704,#1251,#1252);
#1061=AXIS2_PLACEMENT_3D('',#1706,#1253,#1254);
#1062=AXIS2_PLACEMENT_3D('',#1709,#1256,#1257);
#1063=AXIS2_PLACEMENT_3D('',#1710,#1258,#1259);
#1064=AXIS2_PLACEMENT_3D('',#1715,#1261,#1262);
#1065=AXIS2_PLACEMENT_3D('',#1716,#1263,#1264);
#1066=AXIS2_PLACEMENT_3D('',#1717,#1265,#1266);
#1067=AXIS2_PLACEMENT_3D('',#1720,#1268,#1269);
#1068=AXIS2_PLACEMENT_3D('',#1721,#1270,#1271);
#1069=AXIS2_PLACEMENT_3D('',#1722,#1272,#1273);
#1070=AXIS2_PLACEMENT_3D('',#1723,#1274,#1275);
#1071=AXIS2_PLACEMENT_3D('',#1724,#1276,#1277);
#1072=AXIS2_PLACEMENT_3D('',#1725,#1278,#1279);
#1073=AXIS2_PLACEMENT_3D('',#1726,#1280,#1281);
#1074=AXIS2_PLACEMENT_3D('',#1727,#1282,#1283);
#1075=AXIS2_PLACEMENT_3D('',#1728,#1284,#1285);
#1076=AXIS2_PLACEMENT_3D('',#1730,#1287,#1288);
#1077=AXIS2_PLACEMENT_3D('',#1733,#1291,#1292);
#1078=AXIS2_PLACEMENT_3D('',#1735,#1294,#1295);
#1079=AXIS2_PLACEMENT_3D('',#1738,#1298,#1299);
#1080=AXIS2_PLACEMENT_3D('',#1739,#1300,#1301);
#1081=AXIS2_PLACEMENT_3D('',#1742,#1304,#1305);
#1082=AXIS2_PLACEMENT_3D('',#1743,#1306,#1307);
#1083=AXIS2_PLACEMENT_3D('',#1744,#1308,#1309);
#1084=AXIS2_PLACEMENT_3D('',#1755,#1316,#1317);
#1085=AXIS2_PLACEMENT_3D('',#1757,#1318,#1319);
#1086=AXIS2_PLACEMENT_3D('',#1759,#1320,#1321);
#1087=AXIS2_PLACEMENT_3D('',#1761,#1322,#1323);
#1088=AXIS2_PLACEMENT_3D('',#1762,#1324,#1325);
#1089=AXIS2_PLACEMENT_3D('',#1764,#1326,#1327);
#1090=AXIS2_PLACEMENT_3D('',#1767,#1329,#1330);
#1091=AXIS2_PLACEMENT_3D('',#1768,#1331,#1332);
#1092=AXIS2_PLACEMENT_3D('',#1772,#1334,#1335);
#1093=AXIS2_PLACEMENT_3D('',#1773,#1336,#1337);
#1094=AXIS2_PLACEMENT_3D('',#1774,#1338,#1339);
#1095=AXIS2_PLACEMENT_3D('',#1778,#1341,#1342);
#1096=AXIS2_PLACEMENT_3D('',#1779,#1343,#1344);
#1097=AXIS2_PLACEMENT_3D('',#1780,#1345,#1346);
#1098=AXIS2_PLACEMENT_3D('',#1784,#1348,#1349);
#1099=AXIS2_PLACEMENT_3D('',#1785,#1350,#1351);
#1100=AXIS2_PLACEMENT_3D('',#1786,#1352,#1353);
#1101=AXIS2_PLACEMENT_3D('',#1787,#1354,#1355);
#1102=AXIS2_PLACEMENT_3D('',#1788,#1356,#1357);
#1103=AXIS2_PLACEMENT_3D('',#1789,#1358,#1359);
#1104=AXIS2_PLACEMENT_3D('',#1790,#1360,#1361);
#1105=AXIS2_PLACEMENT_3D('',#1791,#1362,#1363);
#1106=AXIS2_PLACEMENT_3D('',#1792,#1364,#1365);
#1107=AXIS2_PLACEMENT_3D('',#1793,#1366,#1367);
#1108=AXIS2_PLACEMENT_3D('',#1795,#1369,#1370);
#1109=AXIS2_PLACEMENT_3D('',#1798,#1373,#1374);
#1110=AXIS2_PLACEMENT_3D('',#1800,#1376,#1377);
#1111=AXIS2_PLACEMENT_3D('',#1803,#1380,#1381);
#1112=AXIS2_PLACEMENT_3D('',#1804,#1382,#1383);
#1113=AXIS2_PLACEMENT_3D('',#1807,#1386,#1387);
#1114=AXIS2_PLACEMENT_3D('',#1808,#1388,#1389);
#1115=AXIS2_PLACEMENT_3D('',#1809,#1390,#1391);
#1116=AXIS2_PLACEMENT_3D('',#1810,#1392,#1393);
#1117=AXIS2_PLACEMENT_3D('',#1811,#1394,#1395);
#1118=AXIS2_PLACEMENT_3D('',#1812,#1396,#1397);
#1119=AXIS2_PLACEMENT_3D('',#1813,#1398,#1399);
#1120=AXIS2_PLACEMENT_3D('',#1814,#1400,#1401);
#1121=AXIS2_PLACEMENT_3D('',#1815,#1402,#1403);
#1122=AXIS2_PLACEMENT_3D('',#1816,#1404,#1405);
#1123=AXIS2_PLACEMENT_3D('',#1817,#1406,#1407);
#1124=AXIS2_PLACEMENT_3D('',#1818,#1408,#1409);
#1125=AXIS2_PLACEMENT_3D('',#1819,#1410,#1411);
#1126=AXIS2_PLACEMENT_3D('',#1820,#1412,#1413);
#1127=AXIS2_PLACEMENT_3D('',#1821,#1414,#1415);
#1128=AXIS2_PLACEMENT_3D('',#1822,#1416,#1417);
#1129=AXIS2_PLACEMENT_3D('',#1823,#1418,#1419);
#1130=AXIS2_PLACEMENT_3D('',#1824,#1420,#1421);
#1131=AXIS2_PLACEMENT_3D('',#1825,#1422,#1423);
#1132=AXIS2_PLACEMENT_3D('',#1826,#1424,#1425);
#1133=AXIS2_PLACEMENT_3D('',#1827,#1426,#1427);
#1134=AXIS2_PLACEMENT_3D('',#1828,#1428,#1429);
#1135=AXIS2_PLACEMENT_3D('',#1829,#1430,#1431);
#1136=AXIS2_PLACEMENT_3D('',#1830,#1432,#1433);
#1137=AXIS2_PLACEMENT_3D('',#1831,#1434,#1435);
#1138=AXIS2_PLACEMENT_3D('',#1832,#1436,#1437);
#1139=AXIS2_PLACEMENT_3D('',#1833,#1438,#1439);
#1140=AXIS2_PLACEMENT_3D('',#1834,#1440,#1441);
#1141=AXIS2_PLACEMENT_3D('',#1835,#1442,#1443);
#1142=AXIS2_PLACEMENT_3D('',#1836,#1444,#1445);
#1143=AXIS2_PLACEMENT_3D('',#1837,#1446,#1447);
#1144=AXIS2_PLACEMENT_3D('',#1838,#1448,#1449);
#1145=AXIS2_PLACEMENT_3D('',#1839,#1450,#1451);
#1146=AXIS2_PLACEMENT_3D('',#1840,#1452,#1453);
#1147=AXIS2_PLACEMENT_3D('',#1841,#1454,#1455);
#1148=AXIS2_PLACEMENT_3D('',#1842,#1456,#1457);
#1149=AXIS2_PLACEMENT_3D('',#1843,#1458,#1459);
#1150=DIRECTION('',(0.,0.,1.));
#1151=DIRECTION('',(1.,0.,0.));
#1152=DIRECTION('',(0.,0.,-1.));
#1153=DIRECTION('',(0.,1.,0.));
#1154=DIRECTION('',(1.,0.,0.));
#1155=DIRECTION('',(4.33680868994202E-16,1.,0.));
#1156=DIRECTION('',(1.,0.,0.));
#1157=DIRECTION('',(0.,-1.,0.));
#1158=DIRECTION('',(-1.,0.,0.));
#1159=DIRECTION('',(0.,1.,0.));
#1160=DIRECTION('',(-1.,4.33680868994202E-16,0.));
#1161=DIRECTION('',(4.33680868994202E-16,1.,0.));
#1162=DIRECTION('',(1.,0.,0.));
#1163=DIRECTION('',(-1.,0.,6.12323399573677E-17));
#1164=DIRECTION('',(6.12323399573677E-17,0.,1.));
#1165=DIRECTION('',(1.,0.,0.));
#1166=DIRECTION('',(0.,0.,-1.));
#1167=DIRECTION('',(0.,1.,0.));
#1168=DIRECTION('',(4.33680868994202E-16,1.,0.));
#1169=DIRECTION('',(0.,1.,0.));
#1170=DIRECTION('',(1.,0.,0.));
#1171=DIRECTION('',(1.4685489743719E-16,0.,1.));
#1172=DIRECTION('',(1.,0.,-1.4685489743719E-16));
#1173=DIRECTION('',(0.,0.,1.));
#1174=DIRECTION('',(0.,-1.,0.));
#1175=DIRECTION('',(-1.4685489743719E-16,0.,-1.));
#1176=DIRECTION('',(0.,0.,-1.));
#1177=DIRECTION('',(0.,1.,0.));
#1178=DIRECTION('',(-1.4685489743719E-16,0.,-1.));
#1179=DIRECTION('',(1.4685489743719E-16,0.,1.));
#1180=DIRECTION('',(1.4685489743719E-16,0.,1.));
#1181=DIRECTION('',(1.4685489743719E-16,0.,1.));
#1182=DIRECTION('',(1.4685489743719E-16,0.,1.));
#1183=DIRECTION('',(1.4685489743719E-16,0.,1.));
#1184=DIRECTION('',(1.4685489743719E-16,0.,1.));
#1185=DIRECTION('',(-1.4685489743719E-16,0.,-1.));
#1186=DIRECTION('',(-1.,0.,1.4685489743719E-16));
#1187=DIRECTION('',(0.,0.,1.));
#1188=DIRECTION('',(0.,-1.,0.));
#1189=DIRECTION('',(-1.4685489743719E-16,0.,-1.));
#1190=DIRECTION('',(0.,0.,-1.));
#1191=DIRECTION('',(0.,1.,0.));
#1192=DIRECTION('',(-1.4685489743719E-16,0.,-1.));
#1193=DIRECTION('',(-1.4685489743719E-16,0.,-1.));
#1194=DIRECTION('',(-1.4685489743719E-16,0.,-1.));
#1195=DIRECTION('',(-1.4685489743719E-16,0.,-1.));
#1196=DIRECTION('',(-1.4685489743719E-16,0.,-1.));
#1197=DIRECTION('',(-1.4685489743719E-16,0.,-1.));
#1198=DIRECTION('',(-1.4685489743719E-16,0.,-1.));
#1199=DIRECTION('',(0.,1.,0.));
#1200=DIRECTION('',(1.,0.,0.));
#1201=DIRECTION('',(0.,0.,1.));
#1202=DIRECTION('',(1.,0.,0.));
#1203=DIRECTION('',(0.,1.,0.));
#1204=DIRECTION('',(1.,0.,0.));
#1205=DIRECTION('',(-1.4685489743719E-16,0.,-1.));
#1206=DIRECTION('',(0.,1.,0.));
#1207=DIRECTION('',(1.,0.,0.));
#1208=DIRECTION('',(1.,0.,0.));
#1209=DIRECTION('',(0.,1.,0.));
#1210=DIRECTION('',(1.,0.,0.));
#1211=DIRECTION('',(-1.4685489743719E-16,0.,-1.));
#1212=DIRECTION('',(0.,1.,0.));
#1213=DIRECTION('',(1.,0.,0.));
#1214=DIRECTION('',(0.,0.,1.));
#1215=DIRECTION('',(0.,1.,0.));
#1216=DIRECTION('',(1.,0.,0.));
#1217=DIRECTION('',(-1.4685489743719E-16,0.,-1.));
#1218=DIRECTION('',(0.,1.,0.));
#1219=DIRECTION('',(1.,0.,0.));
#1220=DIRECTION('',(1.,0.,0.));
#1221=DIRECTION('',(0.,1.,0.));
#1222=DIRECTION('',(1.,0.,0.));
#1223=DIRECTION('',(-1.4685489743719E-16,0.,-1.));
#1224=DIRECTION('',(0.,1.,0.));
#1225=DIRECTION('',(1.,0.,0.));
#1226=DIRECTION('',(1.,0.,0.));
#1227=DIRECTION('',(0.,1.,0.));
#1228=DIRECTION('',(1.,0.,0.));
#1229=DIRECTION('',(0.,1.,0.));
#1230=DIRECTION('',(1.,0.,0.));
#1231=DIRECTION('',(0.,1.,0.));
#1232=DIRECTION('',(1.,0.,0.));
#1233=DIRECTION('',(0.,1.,0.));
#1234=DIRECTION('',(1.,0.,0.));
#1235=DIRECTION('',(0.,1.,0.));
#1236=DIRECTION('',(1.,0.,0.));
#1237=DIRECTION('',(0.,1.,0.));
#1238=DIRECTION('',(1.,0.,0.));
#1239=DIRECTION('',(0.,1.,0.));
#1240=DIRECTION('',(1.,0.,0.));
#1241=DIRECTION('',(0.,1.,0.));
#1242=DIRECTION('',(1.,0.,0.));
#1243=DIRECTION('',(0.,1.,0.));
#1244=DIRECTION('',(1.,0.,0.));
#1245=DIRECTION('',(0.,1.,0.));
#1246=DIRECTION('',(1.,0.,0.));
#1247=DIRECTION('',(1.,0.,0.));
#1248=DIRECTION('',(1.,0.,0.));
#1249=DIRECTION('',(1.,0.,0.));
#1250=DIRECTION('',(0.,-1.,0.));
#1251=DIRECTION('',(-1.,0.,0.));
#1252=DIRECTION('',(0.,1.,0.));
#1253=DIRECTION('',(1.,0.,0.));
#1254=DIRECTION('',(0.,-1.,0.));
#1255=DIRECTION('',(1.,0.,0.));
#1256=DIRECTION('',(-1.,0.,0.));
#1257=DIRECTION('',(0.,1.,0.));
#1258=DIRECTION('',(-1.,3.25260651745651E-16,0.));
#1259=DIRECTION('',(3.25260651745651E-16,1.,0.));
#1260=DIRECTION('',(-1.,0.,0.));
#1261=DIRECTION('',(-1.,4.33680868994202E-16,0.));
#1262=DIRECTION('',(4.33680868994202E-16,1.,0.));
#1263=DIRECTION('',(1.,0.,0.));
#1264=DIRECTION('',(0.,-1.,0.));
#1265=DIRECTION('',(-1.,0.,0.));
#1266=DIRECTION('',(0.,1.,0.));
#1267=DIRECTION('',(1.,0.,0.));
#1268=DIRECTION('',(0.,-2.89120579329468E-16,1.));
#1269=DIRECTION('',(0.,-1.,-2.89120579329468E-16));
#1270=DIRECTION('',(-2.89120579329468E-16,-1.,0.));
#1271=DIRECTION('',(-1.,2.89120579329468E-16,0.));
#1272=DIRECTION('',(0.,-1.,0.));
#1273=DIRECTION('',(-1.,0.,0.));
#1274=DIRECTION('',(0.,-1.,0.));
#1275=DIRECTION('',(-1.,0.,0.));
#1276=DIRECTION('',(0.,-1.,0.));
#1277=DIRECTION('',(-1.,0.,0.));
#1278=DIRECTION('',(0.,-1.,0.));
#1279=DIRECTION('',(-1.,0.,0.));
#1280=DIRECTION('',(0.,-1.,0.));
#1281=DIRECTION('',(-1.,0.,0.));
#1282=DIRECTION('',(-2.89120579329468E-16,-1.,0.));
#1283=DIRECTION('',(-1.,2.89120579329468E-16,0.));
#1284=DIRECTION('',(0.,1.,0.));
#1285=DIRECTION('',(1.,0.,0.));
#1286=DIRECTION('',(0.,-1.,0.));
#1287=DIRECTION('',(0.,-1.,0.));
#1288=DIRECTION('',(-1.,0.,0.));
#1289=DIRECTION('',(0.,-1.,0.));
#1290=DIRECTION('',(0.,-1.,0.));
#1291=DIRECTION('',(0.,0.,-1.));
#1292=DIRECTION('',(0.,1.,0.));
#1293=DIRECTION('',(3.25260651745651E-16,1.,0.));
#1294=DIRECTION('',(0.,-1.,0.));
#1295=DIRECTION('',(-1.,0.,0.));
#1296=DIRECTION('',(0.,-1.,0.));
#1297=DIRECTION('',(0.,-1.,0.));
#1298=DIRECTION('',(-1.,0.,1.4685489743719E-16));
#1299=DIRECTION('',(1.4685489743719E-16,0.,1.));
#1300=DIRECTION('',(0.,1.,0.));
#1301=DIRECTION('',(1.,0.,0.));
#1302=DIRECTION('',(0.,-1.,0.));
#1303=DIRECTION('',(0.,-1.,0.));
#1304=DIRECTION('',(0.,0.,-1.));
#1305=DIRECTION('',(0.,1.,0.));
#1306=DIRECTION('',(-1.,0.,1.4685489743719E-16));
#1307=DIRECTION('',(1.4685489743719E-16,0.,1.));
#1308=DIRECTION('',(0.,1.,0.));
#1309=DIRECTION('',(1.,0.,0.));
#1310=DIRECTION('',(0.,0.,-1.));
#1311=DIRECTION('',(0.,0.,-1.));
#1312=DIRECTION('',(1.,0.,0.));
#1313=DIRECTION('',(0.,0.,-1.));
#1314=DIRECTION('',(1.,0.,0.));
#1315=DIRECTION('',(0.,0.,-1.));
#1316=DIRECTION('',(0.,1.,0.));
#1317=DIRECTION('',(1.,0.,0.));
#1318=DIRECTION('',(0.,1.,0.));
#1319=DIRECTION('',(1.,0.,0.));
#1320=DIRECTION('',(0.,1.,0.));
#1321=DIRECTION('',(1.,0.,0.));
#1322=DIRECTION('',(1.4685489743719E-16,0.,1.));
#1323=DIRECTION('',(1.,0.,-1.4685489743719E-16));
#1324=DIRECTION('',(1.4685489743719E-16,0.,1.));
#1325=DIRECTION('',(1.,0.,-1.4685489743719E-16));
#1326=DIRECTION('',(0.,0.,1.));
#1327=DIRECTION('',(0.,-1.,0.));
#1328=DIRECTION('',(1.4685489743719E-16,0.,1.));
#1329=DIRECTION('',(1.,0.,0.));
#1330=DIRECTION('',(0.,-1.,0.));
#1331=DIRECTION('',(-1.,0.,0.));
#1332=DIRECTION('',(0.,1.,0.));
#1333=DIRECTION('',(1.,0.,0.));
#1334=DIRECTION('',(1.,0.,-1.83697019872103E-16));
#1335=DIRECTION('',(-1.83697019872103E-16,0.,-1.));
#1336=DIRECTION('',(-1.4685489743719E-16,0.,-1.));
#1337=DIRECTION('',(-1.,0.,1.4685489743719E-16));
#1338=DIRECTION('',(-1.4685489743719E-16,0.,-1.));
#1339=DIRECTION('',(-1.,0.,1.4685489743719E-16));
#1340=DIRECTION('',(1.4685489743719E-16,0.,1.));
#1341=DIRECTION('',(-1.22464679914735E-16,0.,-1.));
#1342=DIRECTION('',(-1.,0.,1.22464679914735E-16));
#1343=DIRECTION('',(-1.,0.,0.));
#1344=DIRECTION('',(0.,1.,0.));
#1345=DIRECTION('',(-1.,3.25260651745651E-16,0.));
#1346=DIRECTION('',(3.25260651745651E-16,1.,0.));
#1347=DIRECTION('',(1.,0.,0.));
#1348=DIRECTION('',(-1.,0.,6.12323399573677E-17));
#1349=DIRECTION('',(6.12323399573677E-17,0.,1.));
#1350=DIRECTION('',(0.,-2.89120579329468E-16,1.));
#1351=DIRECTION('',(0.,-1.,-2.89120579329468E-16));
#1352=DIRECTION('',(0.,1.,0.));
#1353=DIRECTION('',(1.,0.,0.));
#1354=DIRECTION('',(0.,-1.,0.));
#1355=DIRECTION('',(-1.,0.,0.));
#1356=DIRECTION('',(0.,-1.,0.));
#1357=DIRECTION('',(-1.,0.,0.));
#1358=DIRECTION('',(0.,-1.,0.));
#1359=DIRECTION('',(-1.,0.,0.));
#1360=DIRECTION('',(0.,-1.,0.));
#1361=DIRECTION('',(-1.,0.,0.));
#1362=DIRECTION('',(0.,-1.,0.));
#1363=DIRECTION('',(-1.,0.,0.));
#1364=DIRECTION('',(0.,1.,0.));
#1365=DIRECTION('',(1.,0.,0.));
#1366=DIRECTION('',(0.,1.,0.));
#1367=DIRECTION('',(1.,0.,0.));
#1368=DIRECTION('',(0.,1.,0.));
#1369=DIRECTION('',(0.,-1.,0.));
#1370=DIRECTION('',(-1.,0.,0.));
#1371=DIRECTION('',(0.,1.,0.));
#1372=DIRECTION('',(0.,1.,0.));
#1373=DIRECTION('',(0.,0.,-1.));
#1374=DIRECTION('',(0.,1.,0.));
#1375=DIRECTION('',(3.25260651745651E-16,1.,0.));
#1376=DIRECTION('',(0.,-1.,0.));
#1377=DIRECTION('',(-1.,0.,0.));
#1378=DIRECTION('',(0.,1.,0.));
#1379=DIRECTION('',(0.,1.,0.));
#1380=DIRECTION('',(-1.,0.,1.4685489743719E-16));
#1381=DIRECTION('',(1.4685489743719E-16,0.,1.));
#1382=DIRECTION('',(0.,1.,0.));
#1383=DIRECTION('',(1.,0.,0.));
#1384=DIRECTION('',(0.,1.,0.));
#1385=DIRECTION('',(0.,1.,0.));
#1386=DIRECTION('',(0.,0.,-1.));
#1387=DIRECTION('',(0.,1.,0.));
#1388=DIRECTION('',(-1.,0.,1.4685489743719E-16));
#1389=DIRECTION('',(1.4685489743719E-16,0.,1.));
#1390=DIRECTION('',(0.,1.,0.));
#1391=DIRECTION('',(1.,0.,0.));
#1392=DIRECTION('',(0.,1.,0.));
#1393=DIRECTION('',(1.,0.,0.));
#1394=DIRECTION('',(0.,-1.,0.));
#1395=DIRECTION('',(-1.,0.,0.));
#1396=DIRECTION('',(0.,1.,0.));
#1397=DIRECTION('',(1.,0.,0.));
#1398=DIRECTION('',(0.,1.,0.));
#1399=DIRECTION('',(1.,0.,0.));
#1400=DIRECTION('',(0.,1.,0.));
#1401=DIRECTION('',(1.,0.,0.));
#1402=DIRECTION('',(0.,1.,0.));
#1403=DIRECTION('',(1.,0.,0.));
#1404=DIRECTION('',(0.,-1.,0.));
#1405=DIRECTION('',(-1.,0.,0.));
#1406=DIRECTION('',(0.,1.,0.));
#1407=DIRECTION('',(1.,0.,0.));
#1408=DIRECTION('',(0.,1.,0.));
#1409=DIRECTION('',(1.,0.,0.));
#1410=DIRECTION('',(0.,1.,0.));
#1411=DIRECTION('',(1.,0.,0.));
#1412=DIRECTION('',(0.,1.,0.));
#1413=DIRECTION('',(1.,0.,0.));
#1414=DIRECTION('',(0.,-1.,0.));
#1415=DIRECTION('',(-1.,0.,0.));
#1416=DIRECTION('',(0.,1.,0.));
#1417=DIRECTION('',(1.,0.,0.));
#1418=DIRECTION('',(0.,1.,0.));
#1419=DIRECTION('',(1.,0.,0.));
#1420=DIRECTION('',(0.,1.,0.));
#1421=DIRECTION('',(1.,0.,0.));
#1422=DIRECTION('',(0.,1.,0.));
#1423=DIRECTION('',(1.,0.,0.));
#1424=DIRECTION('',(0.,-1.,0.));
#1425=DIRECTION('',(-1.,0.,0.));
#1426=DIRECTION('',(0.,1.,0.));
#1427=DIRECTION('',(1.,0.,0.));
#1428=DIRECTION('',(0.,1.,0.));
#1429=DIRECTION('',(1.,0.,0.));
#1430=DIRECTION('',(0.,1.,0.));
#1431=DIRECTION('',(1.,0.,0.));
#1432=DIRECTION('',(0.,1.,0.));
#1433=DIRECTION('',(1.,0.,0.));
#1434=DIRECTION('',(0.,-1.,0.));
#1435=DIRECTION('',(-1.,0.,0.));
#1436=DIRECTION('',(0.,1.,0.));
#1437=DIRECTION('',(1.,0.,0.));
#1438=DIRECTION('',(0.,1.,0.));
#1439=DIRECTION('',(1.,0.,0.));
#1440=DIRECTION('',(0.,1.,0.));
#1441=DIRECTION('',(1.,0.,0.));
#1442=DIRECTION('',(0.,1.,0.));
#1443=DIRECTION('',(1.,0.,0.));
#1444=DIRECTION('',(0.,-1.,0.));
#1445=DIRECTION('',(-1.,0.,0.));
#1446=DIRECTION('',(0.,1.,0.));
#1447=DIRECTION('',(1.,0.,0.));
#1448=DIRECTION('',(0.,1.,0.));
#1449=DIRECTION('',(1.,0.,0.));
#1450=DIRECTION('',(0.,1.,0.));
#1451=DIRECTION('',(1.,0.,0.));
#1452=DIRECTION('',(0.,1.,0.));
#1453=DIRECTION('',(1.,0.,0.));
#1454=DIRECTION('',(0.,1.,0.));
#1455=DIRECTION('',(1.,0.,0.));
#1456=DIRECTION('',(-1.,3.25260651745651E-16,0.));
#1457=DIRECTION('',(3.25260651745651E-16,1.,0.));
#1458=DIRECTION('',(-1.,4.33680868994202E-16,0.));
#1459=DIRECTION('',(4.33680868994202E-16,1.,0.));
#1460=CARTESIAN_POINT('',(0.,0.,0.));
#1461=CARTESIAN_POINT('',(-1.417,25.,-69.56));
#1462=CARTESIAN_POINT('',(-42.417,6.,-69.56));
#1463=CARTESIAN_POINT('',(33.583,6.,-69.56));
#1464=CARTESIAN_POINT('',(15.583,6.,-69.56));
#1465=CARTESIAN_POINT('',(15.583,25.,-69.56));
#1466=CARTESIAN_POINT('',(15.583,6.25,-69.56));
#1467=CARTESIAN_POINT('',(-1.417,6.25,-69.56));
#1468=CARTESIAN_POINT('',(33.583,6.25,-69.56));
#1469=CARTESIAN_POINT('',(33.583,0.,-69.56));
#1470=CARTESIAN_POINT('',(-1.417,6.,-63.56));
#1471=CARTESIAN_POINT('',(15.583,6.,-63.56));
#1472=CARTESIAN_POINT('',(15.583,4.,-63.56));
#1473=CARTESIAN_POINT('',(15.583,6.,-65.56));
#1474=CARTESIAN_POINT('',(-1.417,4.,-63.56));
#1475=CARTESIAN_POINT('',(33.583,4.,-63.56));
#1476=CARTESIAN_POINT('',(33.583,6.,-63.56));
#1477=CARTESIAN_POINT('',(33.583,6.,-65.56));
#1478=CARTESIAN_POINT('',(-1.417,6.,-65.56));
#1479=CARTESIAN_POINT('',(-1.417,25.,-65.56));
#1480=CARTESIAN_POINT('',(15.583,25.,-65.56));
#1481=CARTESIAN_POINT('',(15.583,6.25,-65.56));
#1482=CARTESIAN_POINT('',(33.583,25.,-65.56));
#1483=CARTESIAN_POINT('',(33.583,6.25,-65.56));
#1484=CARTESIAN_POINT('',(-1.417,6.25,-65.56));
#1485=CARTESIAN_POINT('',(-36.417,6.,-22.31));
#1486=CARTESIAN_POINT('',(-36.417,6.,18.94));
#1487=CARTESIAN_POINT('',(-36.417,0.,18.94));
#1488=CARTESIAN_POINT('',(-42.417,6.,18.94));
#1489=CARTESIAN_POINT('',(-42.417,6.,24.94));
#1490=CARTESIAN_POINT('',(-42.417,6.,-63.56));
#1491=CARTESIAN_POINT('',(-36.417,6.,-63.56));
#1492=CARTESIAN_POINT('',(-36.417,0.,-63.56));
#1493=CARTESIAN_POINT('',(-36.417,0.,-69.56));
#1494=CARTESIAN_POINT('',(-41.6131524227066,3.,-22.31));
#1495=CARTESIAN_POINT('',(-41.6131524227066,3.,2.99472794814558));
#1496=CARTESIAN_POINT('',(-41.6131524227066,3.,4.28489261319274));
#1497=CARTESIAN_POINT('',(-41.6131524227066,3.,4.28489261319273));
#1498=CARTESIAN_POINT('',(-41.6949193250008,3.1416244291509,4.39295236356258));
#1499=CARTESIAN_POINT('',(-41.8362547288747,3.41446232767962,4.62697002150031));
#1500=CARTESIAN_POINT('',(-41.9572609208261,3.69566138615565,5.18958993817515));
#1501=CARTESIAN_POINT('',(-41.8367012039018,3.41539667718007,5.75204143395268));
#1502=CARTESIAN_POINT('',(-41.6949786608866,3.14172720191989,5.98696922058915));
#1503=CARTESIAN_POINT('',(-41.6131524227067,3.00000000000004,6.09510738680734));
#1504=CARTESIAN_POINT('',(-41.6131524227066,3.,6.09510738680726));
#1505=CARTESIAN_POINT('',(-41.6131524227066,3.,-22.31));
#1506=CARTESIAN_POINT('',(-41.6131524227066,3.,7.38527205185441));
#1507=CARTESIAN_POINT('',(-41.6131524227066,3.,7.38527205185441));
#1508=CARTESIAN_POINT('',(-41.3638804039465,2.56824819860215,7.52109454770455));
#1509=CARTESIAN_POINT('',(-40.7660214377692,1.76889469682164,7.74394547604251));
#1510=CARTESIAN_POINT('',(-39.5058490476142,0.778553974027401,7.65436521360474));
#1511=CARTESIAN_POINT('',(-38.2625064117598,0.264007562567569,6.75345223877195));
#1512=CARTESIAN_POINT('',(-37.7484274274648,0.155039938051742,5.20201291291769));
#1513=CARTESIAN_POINT('',(-38.2459426131691,0.259023554890285,3.64750348919499));
#1514=CARTESIAN_POINT('',(-39.4938050479889,0.771419473113272,2.72823439345862));
#1515=CARTESIAN_POINT('',(-40.7563218981115,1.75778303796706,2.63395996325043));
#1516=CARTESIAN_POINT('',(-41.3630481666221,2.56680672127231,2.85845198563238));
#1517=CARTESIAN_POINT('',(-41.6131524227066,3.,2.99472794814558));
#1518=CARTESIAN_POINT('',(-41.6131524227066,3.,-22.31));
#1519=CARTESIAN_POINT('',(-41.6131524227066,3.,-52.0052720518544));
#1520=CARTESIAN_POINT('',(-41.6131524227066,3.,-50.7151073868073));
#1521=CARTESIAN_POINT('',(-41.6131524227066,3.,-50.7151073868073));
#1522=CARTESIAN_POINT('',(-41.6949193250007,3.1416244291509,-50.6070476364374));
#1523=CARTESIAN_POINT('',(-41.8362547288747,3.41446232767957,-50.3730299784997));
#1524=CARTESIAN_POINT('',(-41.9572609208261,3.69566138615563,-49.8104100618249));
#1525=CARTESIAN_POINT('',(-41.8367012039018,3.41539667718008,-49.2479585660474));
#1526=CARTESIAN_POINT('',(-41.6949786608866,3.14172720191989,-49.0130307794109));
#1527=CARTESIAN_POINT('',(-41.6131524227067,3.00000000000005,-48.9048926131927));
#1528=CARTESIAN_POINT('',(-41.6131524227066,3.,-48.9048926131928));
#1529=CARTESIAN_POINT('',(-41.6131524227066,3.,-22.31));
#1530=CARTESIAN_POINT('',(-41.6131524227066,3.,-47.6147279481456));
#1531=CARTESIAN_POINT('',(-41.6131524227066,3.,-47.6147279481456));
#1532=CARTESIAN_POINT('',(-41.3638804039465,2.56824819860216,-47.4789054522955));
#1533=CARTESIAN_POINT('',(-40.7660214377693,1.76889469682164,-47.2560545239575));
#1534=CARTESIAN_POINT('',(-39.5058490476142,0.778553974027401,-47.3456347863953));
#1535=CARTESIAN_POINT('',(-38.2625064117598,0.264007562567567,-48.246547761228));
#1536=CARTESIAN_POINT('',(-37.7484274274648,0.155039938051741,-49.7979870870823));
#1537=CARTESIAN_POINT('',(-38.2459426131691,0.259023554890281,-51.352496510805));
#1538=CARTESIAN_POINT('',(-39.4938050479889,0.771419473113267,-52.2717656065414));
#1539=CARTESIAN_POINT('',(-40.7563218981115,1.75778303796705,-52.3660400367496));
#1540=CARTESIAN_POINT('',(-41.3630481666221,2.56680672127231,-52.1415480143676));
#1541=CARTESIAN_POINT('',(-41.6131524227067,3.,-52.0052720518544));
#1542=CARTESIAN_POINT('',(-41.6131524227066,3.,-22.31));
#1543=CARTESIAN_POINT('',(-41.6131524227066,3.,-24.5052720518544));
#1544=CARTESIAN_POINT('',(-41.6131524227066,3.,-23.2151073868072));
#1545=CARTESIAN_POINT('',(-41.6131524227066,3.,-23.2151073868072));
#1546=CARTESIAN_POINT('',(-41.6949193250007,3.14162442915089,-23.1070476364374));
#1547=CARTESIAN_POINT('',(-41.8362547288747,3.41446232767962,-22.8730299784997));
#1548=CARTESIAN_POINT('',(-41.9572609208261,3.69566138615564,-22.3104100618248));
#1549=CARTESIAN_POINT('',(-41.8367012039018,3.41539667718006,-21.7479585660473));
#1550=CARTESIAN_POINT('',(-41.6949786608866,3.1417272019199,-21.5130307794108));
#1551=CARTESIAN_POINT('',(-41.6131524227067,3.00000000000005,-21.4048926131927));
#1552=CARTESIAN_POINT('',(-41.6131524227066,3.,-21.4048926131928));
#1553=CARTESIAN_POINT('',(-41.6131524227066,3.,-22.31));
#1554=CARTESIAN_POINT('',(-41.6131524227066,3.,-20.1147279481456));
#1555=CARTESIAN_POINT('',(-41.6131524227066,3.,-20.1147279481456));
#1556=CARTESIAN_POINT('',(-41.3638804039465,2.56824819860215,-19.9789054522955));
#1557=CARTESIAN_POINT('',(-40.7660214377692,1.76889469682164,-19.7560545239575));
#1558=CARTESIAN_POINT('',(-39.5058490476142,0.778553974027398,-19.8456347863953));
#1559=CARTESIAN_POINT('',(-38.2625064117598,0.264007562567569,-20.746547761228));
#1560=CARTESIAN_POINT('',(-37.7484274274648,0.15503993805174,-22.2979870870823));
#1561=CARTESIAN_POINT('',(-38.2459426131691,0.259023554890284,-23.852496510805));
#1562=CARTESIAN_POINT('',(-39.4938050479889,0.771419473113269,-24.7717656065414));
#1563=CARTESIAN_POINT('',(-40.7563218981115,1.75778303796706,-24.8660400367496));
#1564=CARTESIAN_POINT('',(-41.3630481666221,2.56680672127231,-24.6415480143676));
#1565=CARTESIAN_POINT('',(-41.6131524227066,3.,-24.5052720518544));
#1566=CARTESIAN_POINT('',(33.583,6.,-22.31));
#1567=CARTESIAN_POINT('',(33.583,6.,18.94));
#1568=CARTESIAN_POINT('',(39.583,6.,18.94));
#1569=CARTESIAN_POINT('',(33.583,0.,18.94));
#1570=CARTESIAN_POINT('',(33.583,0.,-22.31));
#1571=CARTESIAN_POINT('',(33.583,0.,-63.56));
#1572=CARTESIAN_POINT('',(33.583,6.,-63.56));
#1573=CARTESIAN_POINT('',(39.583,6.,-63.56));
#1574=CARTESIAN_POINT('',(39.583,6.,-22.31));
#1575=CARTESIAN_POINT('',(38.7791524227067,3.,-22.31));
#1576=CARTESIAN_POINT('',(38.7791524227067,3.,-47.6147279481456));
#1577=CARTESIAN_POINT('',(38.7791524227067,3.,-48.9048926131927));
#1578=CARTESIAN_POINT('',(38.7791524227067,3.,-48.9048926131927));
#1579=CARTESIAN_POINT('',(38.8609193250008,3.1416244291509,-49.0129523635625));
#1580=CARTESIAN_POINT('',(39.0022547288747,3.4144623276796,-49.2469700215003));
#1581=CARTESIAN_POINT('',(39.1232609208261,3.69566138615564,-49.8095899381751));
#1582=CARTESIAN_POINT('',(39.0027012039018,3.41539667718006,-50.3720414339526));
#1583=CARTESIAN_POINT('',(38.8609786608866,3.14172720191991,-50.6069692205892));
#1584=CARTESIAN_POINT('',(38.7791524227067,3.00000000000005,-50.7151073868074));
#1585=CARTESIAN_POINT('',(38.7791524227067,3.,-50.7151073868073));
#1586=CARTESIAN_POINT('',(38.7791524227067,3.,-22.31));
#1587=CARTESIAN_POINT('',(38.7791524227067,3.,-52.0052720518544));
#1588=CARTESIAN_POINT('',(38.7791524227067,3.,-52.0052720518544));
#1589=CARTESIAN_POINT('',(38.5298804039465,2.56824819860215,-52.1410945477045));
#1590=CARTESIAN_POINT('',(37.9320214377693,1.76889469682163,-52.3639454760425));
#1591=CARTESIAN_POINT('',(36.6718490476142,0.778553974027392,-52.2743652136047));
#1592=CARTESIAN_POINT('',(35.4285064117597,0.264007562567564,-51.3734522387719));
#1593=CARTESIAN_POINT('',(34.9144274274648,0.155039938051741,-49.8220129129177));
#1594=CARTESIAN_POINT('',(35.4119426131691,0.259023554890282,-48.267503489195));
#1595=CARTESIAN_POINT('',(36.6598050479889,0.771419473113271,-47.3482343934586));
#1596=CARTESIAN_POINT('',(37.9223218981115,1.75778303796706,-47.2539599632504));
#1597=CARTESIAN_POINT('',(38.5290481666221,2.56680672127231,-47.4784519856324));
#1598=CARTESIAN_POINT('',(38.7791524227067,3.,-47.6147279481456));
#1599=CARTESIAN_POINT('',(38.7791524227067,3.,-22.31));
#1600=CARTESIAN_POINT('',(38.7791524227067,3.,-20.1147279481456));
#1601=CARTESIAN_POINT('',(38.7791524227067,3.,-21.4048926131928));
#1602=CARTESIAN_POINT('',(38.7791524227067,3.,-21.4048926131928));
#1603=CARTESIAN_POINT('',(38.8609193250007,3.14162442915089,-21.5129523635626));
#1604=CARTESIAN_POINT('',(39.0022547288747,3.4144623276796,-21.7469700215003));
#1605=CARTESIAN_POINT('',(39.123260920826,3.69566138615562,-22.3095899381751));
#1606=CARTESIAN_POINT('',(39.0027012039018,3.41539667718005,-22.8720414339527));
#1607=CARTESIAN_POINT('',(38.8609786608866,3.1417272019199,-23.1069692205892));
#1608=CARTESIAN_POINT('',(38.7791524227067,3.00000000000005,-23.2151073868074));
#1609=CARTESIAN_POINT('',(38.7791524227067,3.,-23.2151073868072));
#1610=CARTESIAN_POINT('',(38.7791524227067,3.,-22.31));
#1611=CARTESIAN_POINT('',(38.7791524227067,3.,-24.5052720518544));
#1612=CARTESIAN_POINT('',(38.7791524227067,3.,-24.5052720518544));
#1613=CARTESIAN_POINT('',(38.5298804039465,2.56824819860215,-24.6410945477045));
#1614=CARTESIAN_POINT('',(37.9320214377692,1.76889469682164,-24.8639454760425));
#1615=CARTESIAN_POINT('',(36.6718490476142,0.778553974027392,-24.7743652136047));
#1616=CARTESIAN_POINT('',(35.4285064117597,0.264007562567562,-23.8734522387719));
#1617=CARTESIAN_POINT('',(34.9144274274648,0.155039938051739,-22.3220129129177));
#1618=CARTESIAN_POINT('',(35.4119426131691,0.259023554890286,-20.767503489195));
#1619=CARTESIAN_POINT('',(36.6598050479889,0.771419473113273,-19.8482343934586));
#1620=CARTESIAN_POINT('',(37.9223218981115,1.75778303796707,-19.7539599632504));
#1621=CARTESIAN_POINT('',(38.5290481666221,2.56680672127231,-19.9784519856324));
#1622=CARTESIAN_POINT('',(38.7791524227067,3.,-20.1147279481456));
#1623=CARTESIAN_POINT('',(38.7791524227067,3.,-22.31));
#1624=CARTESIAN_POINT('',(38.7791524227067,3.,7.3852720518544));
#1625=CARTESIAN_POINT('',(38.7791524227067,3.,6.09510738680726));
#1626=CARTESIAN_POINT('',(38.7791524227067,3.,6.09510738680725));
#1627=CARTESIAN_POINT('',(38.8609193250007,3.14162442915089,5.9870476364374));
#1628=CARTESIAN_POINT('',(39.0022547288747,3.41446232767961,5.75302997849966));
#1629=CARTESIAN_POINT('',(39.1232609208261,3.69566138615561,5.19041006182485));
#1630=CARTESIAN_POINT('',(39.0027012039018,3.41539667718004,4.62795856604735));
#1631=CARTESIAN_POINT('',(38.8609786608866,3.14172720191991,4.39303077941085));
#1632=CARTESIAN_POINT('',(38.7791524227067,3.00000000000006,4.28489261319266));
#1633=CARTESIAN_POINT('',(38.7791524227067,3.,4.28489261319274));
#1634=CARTESIAN_POINT('',(38.7791524227067,3.,-22.31));
#1635=CARTESIAN_POINT('',(38.7791524227067,3.,2.99472794814559));
#1636=CARTESIAN_POINT('',(38.7791524227067,3.,2.99472794814559));
#1637=CARTESIAN_POINT('',(38.5298804039465,2.56824819860215,2.85890545229545));
#1638=CARTESIAN_POINT('',(37.9320214377693,1.76889469682163,2.6360545239575));
#1639=CARTESIAN_POINT('',(36.6718490476142,0.778553974027392,2.72563478639526));
#1640=CARTESIAN_POINT('',(35.4285064117597,0.264007562567563,3.62654776122805));
#1641=CARTESIAN_POINT('',(34.9144274274648,0.155039938051739,5.17798708708232));
#1642=CARTESIAN_POINT('',(35.4119426131691,0.25902355489028,6.73249651080502));
#1643=CARTESIAN_POINT('',(36.6598050479889,0.771419473113276,7.65176560654139));
#1644=CARTESIAN_POINT('',(37.9223218981115,1.75778303796705,7.74604003674957));
#1645=CARTESIAN_POINT('',(38.5290481666221,2.56680672127231,7.52154801436762));
#1646=CARTESIAN_POINT('',(38.7791524227067,3.,7.38527205185441));
#1647=CARTESIAN_POINT('',(-1.417,6.25,-22.31));
#1648=CARTESIAN_POINT('',(5.583,6.25,-22.31));
#1649=CARTESIAN_POINT('',(5.583,6.25,-69.56));
#1650=CARTESIAN_POINT('',(5.583,6.25,-65.56));
#1651=CARTESIAN_POINT('',(-1.417,6.25,-69.56));
#1652=CARTESIAN_POINT('',(-36.417,6.25,-69.56));
#1653=CARTESIAN_POINT('',(-36.417,6.25,-63.56));
#1654=CARTESIAN_POINT('',(-42.417,6.25,-63.56));
#1655=CARTESIAN_POINT('',(-42.417,6.25,-22.31));
#1656=CARTESIAN_POINT('',(-42.417,6.25,18.94));
#1657=CARTESIAN_POINT('',(-36.417,6.25,18.94));
#1658=CARTESIAN_POINT('',(-36.417,6.25,24.94));
#1659=CARTESIAN_POINT('',(-1.417,6.25,24.94));
#1660=CARTESIAN_POINT('',(33.583,6.25,24.94));
#1661=CARTESIAN_POINT('',(33.583,6.25,18.94));
#1662=CARTESIAN_POINT('',(39.583,6.25,18.94));
#1663=CARTESIAN_POINT('',(39.583,6.25,-22.31));
#1664=CARTESIAN_POINT('',(39.583,6.25,-63.56));
#1665=CARTESIAN_POINT('',(33.583,6.25,-63.56));
#1666=CARTESIAN_POINT('',(15.583,6.25,-22.31));
#1667=CARTESIAN_POINT('',(33.583,6.25,-63.56));
#1668=CARTESIAN_POINT('',(35.583,6.25,-63.56));
#1669=CARTESIAN_POINT('',(35.583,6.25,-22.31));
#1670=CARTESIAN_POINT('',(35.583,6.25,18.94));
#1671=CARTESIAN_POINT('',(33.583,6.25,18.94));
#1672=CARTESIAN_POINT('',(33.583,6.25,20.94));
#1673=CARTESIAN_POINT('',(-1.417,6.25,20.94));
#1674=CARTESIAN_POINT('',(-36.417,6.25,20.94));
#1675=CARTESIAN_POINT('',(-36.417,6.25,18.94));
#1676=CARTESIAN_POINT('',(-38.417,6.25,18.94));
#1677=CARTESIAN_POINT('',(-38.417,6.25,-22.31));
#1678=CARTESIAN_POINT('',(-38.417,6.25,-63.56));
#1679=CARTESIAN_POINT('',(-36.417,6.25,-63.56));
#1680=CARTESIAN_POINT('',(-36.417,6.25,-65.56));
#1681=CARTESIAN_POINT('',(-1.417,6.25,-65.56));
#1682=CARTESIAN_POINT('',(-40.417,6.25,-22.31));
#1683=CARTESIAN_POINT('',(-38.917,6.25,-22.31));
#1684=CARTESIAN_POINT('',(-40.417,6.25,-49.81));
#1685=CARTESIAN_POINT('',(-38.917,6.25,-49.81));
#1686=CARTESIAN_POINT('',(37.583,6.25,5.19));
#1687=CARTESIAN_POINT('',(39.083,6.25,5.19));
#1688=CARTESIAN_POINT('',(37.583,6.25,-22.31));
#1689=CARTESIAN_POINT('',(39.083,6.25,-22.31));
#1690=CARTESIAN_POINT('',(37.583,6.25,-49.81));
#1691=CARTESIAN_POINT('',(39.083,6.25,-49.81));
#1692=CARTESIAN_POINT('',(-40.417,6.25,5.19));
#1693=CARTESIAN_POINT('',(-38.917,6.25,5.19));
#1694=CARTESIAN_POINT('',(-1.417,0.,-22.31));
#1695=CARTESIAN_POINT('',(7.4724,0.,16.4409473079294));
#1696=CARTESIAN_POINT('',(8.7224,0.,16.4409473079294));
#1697=CARTESIAN_POINT('',(22.7124,0.,-34.3590526920706));
#1698=CARTESIAN_POINT('',(23.9624,0.,-34.3590526920706));
#1699=CARTESIAN_POINT('',(-25.5476,0.,-35.6290526920706));
#1700=CARTESIAN_POINT('',(-24.2976,0.,-35.6290526920706));
#1701=CARTESIAN_POINT('',(39.583,0.,-63.56));
#1702=CARTESIAN_POINT('',(-1.417,0.,18.94));
#1703=CARTESIAN_POINT('',(-1.417,6.,18.94));
#1704=CARTESIAN_POINT('',(-36.417,6.,18.94));
#1705=CARTESIAN_POINT('',(-36.417,6.,24.94));
#1706=CARTESIAN_POINT('',(33.583,6.,18.94));
#1707=CARTESIAN_POINT('',(33.583,6.,24.94));
#1708=CARTESIAN_POINT('',(-1.417,6.,24.94));
#1709=CARTESIAN_POINT('',(-1.417,6.,-63.56));
#1710=CARTESIAN_POINT('',(5.583,6.,-63.56));
#1711=CARTESIAN_POINT('',(5.583,4.,-69.2168542494924));
#1712=CARTESIAN_POINT('',(5.583,6.,-69.56));
#1713=CARTESIAN_POINT('',(-1.417,4.,-69.2168542494924));
#1714=CARTESIAN_POINT('',(15.583,4.,-69.2168542494924));
#1715=CARTESIAN_POINT('',(15.583,6.,-63.56));
#1716=CARTESIAN_POINT('',(33.583,6.,-63.56));
#1717=CARTESIAN_POINT('',(-36.417,6.,-63.56));
#1718=CARTESIAN_POINT('',(-36.417,6.,-69.56));
#1719=CARTESIAN_POINT('',(-42.417,6.,-69.56));
#1720=CARTESIAN_POINT('',(-36.417,6.,18.94));
#1721=CARTESIAN_POINT('',(-36.417,6.,18.94));
#1722=CARTESIAN_POINT('',(33.583,6.,18.94));
#1723=CARTESIAN_POINT('',(33.583,6.,18.94));
#1724=CARTESIAN_POINT('',(-36.417,6.,-63.56));
#1725=CARTESIAN_POINT('',(-36.417,6.,-63.56));
#1726=CARTESIAN_POINT('',(33.583,6.,-63.56));
#1727=CARTESIAN_POINT('',(33.583,6.,-63.56));
#1728=CARTESIAN_POINT('',(33.583,25.,-63.56));
#1729=CARTESIAN_POINT('',(39.583,25.,-63.56));
#1730=CARTESIAN_POINT('',(-36.417,25.,-63.56));
#1731=CARTESIAN_POINT('',(-42.417,25.,-63.56));
#1732=CARTESIAN_POINT('',(-36.417,25.,-69.56));
#1733=CARTESIAN_POINT('',(-1.417,25.,-69.56));
#1734=CARTESIAN_POINT('',(5.583,25.,-69.56));
#1735=CARTESIAN_POINT('',(33.583,25.,18.94));
#1736=CARTESIAN_POINT('',(39.583,25.,18.94));
#1737=CARTESIAN_POINT('',(33.583,25.,24.94));
#1738=CARTESIAN_POINT('',(39.583,25.,-22.31));
#1739=CARTESIAN_POINT('',(-36.417,25.,18.94));
#1740=CARTESIAN_POINT('',(-36.417,0.,24.94));
#1741=CARTESIAN_POINT('',(-42.417,25.,18.94));
#1742=CARTESIAN_POINT('',(-1.417,25.,24.94));
#1743=CARTESIAN_POINT('',(-42.417,25.,-22.31));
#1744=CARTESIAN_POINT('',(-1.417,4.,-22.31));
#1745=CARTESIAN_POINT('',(15.583,4.,-30.26));
#1746=CARTESIAN_POINT('',(5.583,4.,-30.26));
#1747=CARTESIAN_POINT('',(5.583,4.,-63.56));
#1748=CARTESIAN_POINT('',(-1.417,4.,-63.56));
#1749=CARTESIAN_POINT('',(-36.417,4.,-63.56));
#1750=CARTESIAN_POINT('',(-36.417,4.,-22.31));
#1751=CARTESIAN_POINT('',(-36.417,4.,18.94));
#1752=CARTESIAN_POINT('',(-1.417,4.,18.94));
#1753=CARTESIAN_POINT('',(33.583,4.,18.94));
#1754=CARTESIAN_POINT('',(33.583,4.,-22.31));
#1755=CARTESIAN_POINT('',(7.4724,4.,16.4409473079294));
#1756=CARTESIAN_POINT('',(8.7224,4.,16.4409473079294));
#1757=CARTESIAN_POINT('',(22.7124,4.,-34.3590526920706));
#1758=CARTESIAN_POINT('',(23.9624,4.,-34.3590526920706));
#1759=CARTESIAN_POINT('',(-25.5476,4.,-35.6290526920706));
#1760=CARTESIAN_POINT('',(-24.2976,4.,-35.6290526920706));
#1761=CARTESIAN_POINT('',(-36.417,6.,-22.31));
#1762=CARTESIAN_POINT('',(-36.417,6.,18.94));
#1763=CARTESIAN_POINT('',(-38.417,6.,18.94));
#1764=CARTESIAN_POINT('',(-36.417,6.,-63.56));
#1765=CARTESIAN_POINT('',(-38.417,6.,-63.56));
#1766=CARTESIAN_POINT('',(-38.417,6.,-22.31));
#1767=CARTESIAN_POINT('',(-1.417,6.,18.94));
#1768=CARTESIAN_POINT('',(-36.417,6.,18.94));
#1769=CARTESIAN_POINT('',(-36.417,6.,20.94));
#1770=CARTESIAN_POINT('',(-1.417,6.,20.94));
#1771=CARTESIAN_POINT('',(33.583,6.,20.94));
#1772=CARTESIAN_POINT('',(33.583,6.,18.94));
#1773=CARTESIAN_POINT('',(33.583,6.,-22.31));
#1774=CARTESIAN_POINT('',(33.583,6.,18.94));
#1775=CARTESIAN_POINT('',(35.583,6.,18.94));
#1776=CARTESIAN_POINT('',(35.583,6.,-22.31));
#1777=CARTESIAN_POINT('',(35.583,6.,-63.56));
#1778=CARTESIAN_POINT('',(33.583,6.,-63.56));
#1779=CARTESIAN_POINT('',(-1.417,6.,-63.56));
#1780=CARTESIAN_POINT('',(5.583,6.,-63.56));
#1781=CARTESIAN_POINT('',(5.583,6.,-65.56));
#1782=CARTESIAN_POINT('',(-1.417,6.,-65.56));
#1783=CARTESIAN_POINT('',(-36.417,6.,-65.56));
#1784=CARTESIAN_POINT('',(-36.417,6.,-63.56));
#1785=CARTESIAN_POINT('',(-36.417,6.,18.94));
#1786=CARTESIAN_POINT('',(-36.417,6.,18.94));
#1787=CARTESIAN_POINT('',(33.583,6.,18.94));
#1788=CARTESIAN_POINT('',(33.583,6.,18.94));
#1789=CARTESIAN_POINT('',(-36.417,6.,-63.56));
#1790=CARTESIAN_POINT('',(-36.417,6.,-63.56));
#1791=CARTESIAN_POINT('',(33.583,6.,-63.56));
#1792=CARTESIAN_POINT('',(33.583,6.,-63.56));
#1793=CARTESIAN_POINT('',(33.583,25.,-63.56));
#1794=CARTESIAN_POINT('',(35.583,25.,-63.56));
#1795=CARTESIAN_POINT('',(-36.417,25.,-63.56));
#1796=CARTESIAN_POINT('',(-38.417,25.,-63.56));
#1797=CARTESIAN_POINT('',(-36.417,25.,-65.56));
#1798=CARTESIAN_POINT('',(-1.417,25.,-65.56));
#1799=CARTESIAN_POINT('',(5.583,25.,-65.56));
#1800=CARTESIAN_POINT('',(33.583,25.,18.94));
#1801=CARTESIAN_POINT('',(35.583,25.,18.94));
#1802=CARTESIAN_POINT('',(33.583,25.,20.94));
#1803=CARTESIAN_POINT('',(35.583,25.,-22.31));
#1804=CARTESIAN_POINT('',(-36.417,25.,18.94));
#1805=CARTESIAN_POINT('',(-36.417,25.,20.94));
#1806=CARTESIAN_POINT('',(-38.417,25.,18.94));
#1807=CARTESIAN_POINT('',(-1.417,25.,20.94));
#1808=CARTESIAN_POINT('',(-38.417,25.,-22.31));
#1809=CARTESIAN_POINT('',(37.583,0.,-49.81));
#1810=CARTESIAN_POINT('',(37.583,3.,-49.81));
#1811=CARTESIAN_POINT('',(40.083,3.,-49.81));
#1812=CARTESIAN_POINT('',(37.583,3.,-49.81));
#1813=CARTESIAN_POINT('',(37.583,0.,-49.81));
#1814=CARTESIAN_POINT('',(37.583,0.,-22.31));
#1815=CARTESIAN_POINT('',(37.583,3.,-22.31));
#1816=CARTESIAN_POINT('',(40.083,3.,-22.31));
#1817=CARTESIAN_POINT('',(37.583,3.,-22.31));
#1818=CARTESIAN_POINT('',(37.583,0.,-22.31));
#1819=CARTESIAN_POINT('',(37.583,0.,5.19));
#1820=CARTESIAN_POINT('',(37.583,3.,5.19));
#1821=CARTESIAN_POINT('',(40.083,3.,5.19));
#1822=CARTESIAN_POINT('',(37.583,3.,5.19));
#1823=CARTESIAN_POINT('',(37.583,0.,5.19));
#1824=CARTESIAN_POINT('',(-40.417,0.,5.19));
#1825=CARTESIAN_POINT('',(-40.417,3.,5.19));
#1826=CARTESIAN_POINT('',(-37.917,3.,5.19));
#1827=CARTESIAN_POINT('',(-40.417,3.,5.19));
#1828=CARTESIAN_POINT('',(-40.417,0.,5.19));
#1829=CARTESIAN_POINT('',(-40.417,0.,-49.81));
#1830=CARTESIAN_POINT('',(-40.417,3.,-49.81));
#1831=CARTESIAN_POINT('',(-37.917,3.,-49.81));
#1832=CARTESIAN_POINT('',(-40.417,3.,-49.81));
#1833=CARTESIAN_POINT('',(-40.417,0.,-49.81));
#1834=CARTESIAN_POINT('',(-40.417,0.,-22.31));
#1835=CARTESIAN_POINT('',(-40.417,3.,-22.31));
#1836=CARTESIAN_POINT('',(-37.917,3.,-22.31));
#1837=CARTESIAN_POINT('',(-40.417,3.,-22.31));
#1838=CARTESIAN_POINT('',(-40.417,0.,-22.31));
#1839=CARTESIAN_POINT('',(-25.5476,0.,-35.6290526920706));
#1840=CARTESIAN_POINT('',(22.7124,0.,-34.3590526920706));
#1841=CARTESIAN_POINT('',(7.4724,0.,16.4409473079294));
#1842=CARTESIAN_POINT('',(5.583,8.,-30.26));
#1843=CARTESIAN_POINT('',(15.583,8.,-30.26));
#1844=MECHANICAL_DESIGN_GEOMETRIC_PRESENTATION_REPRESENTATION('',(#1017),#1845);
#1845=(
GEOMETRIC_REPRESENTATION_CONTEXT(3)
GLOBAL_UNCERTAINTY_ASSIGNED_CONTEXT((#1846))
GLOBAL_UNIT_ASSIGNED_CONTEXT((#1849,#1848,#1847))
REPRESENTATION_CONTEXT('Part 1','TOP_LEVEL_ASSEMBLY_PART')
);
#1846=UNCERTAINTY_MEASURE_WITH_UNIT(LENGTH_MEASURE(1.E-05),#1849,'DISTANCE_ACCURACY_VALUE','Maximum Tolerance applied to model');
#1847=(
NAMED_UNIT(*)
SI_UNIT($,.STERADIAN.)
SOLID_ANGLE_UNIT()
);
#1848=(
NAMED_UNIT(*)
PLANE_ANGLE_UNIT()
SI_UNIT($,.RADIAN.)
);
#1849=(
LENGTH_UNIT()
NAMED_UNIT(*)
SI_UNIT(.MILLI.,.METRE.)
);
#1850=PRODUCT_DEFINITION_SHAPE('','',#1851);
#1851=PRODUCT_DEFINITION('','',#1853,#1852);
#1852=PRODUCT_DEFINITION_CONTEXT('',#1859,'design');
#1853=PRODUCT_DEFINITION_FORMATION_WITH_SPECIFIED_SOURCE('','',#1855,.NOT_KNOWN.);
#1854=PRODUCT_RELATED_PRODUCT_CATEGORY('','',(#1855));
#1855=PRODUCT('Part 1','Part 1','Part 1',(#1857));
#1856=PRODUCT_CATEGORY('','');
#1857=PRODUCT_CONTEXT('',#1859,'mechanical');
#1858=APPLICATION_PROTOCOL_DEFINITION('international standard','ap242_managed_model_based_3d_engineering',2020,#1859);
#1859=APPLICATION_CONTEXT('managed model based 3d engineering');
#1860=COMPOSITE_SHAPE_ASPECT('hole_callout.FlkBE3CFICXV2Ez_1.JKD.1',$,#1850,$);
#1861=SHAPE_ASPECT('hole_callout.FlkBE3CFICXV2Ez_1.JKD.1',$,#1850,.T.);
#1862=GEOMETRIC_ITEM_SPECIFIC_USAGE('','',#1861,#11,#1010);
#1863=SHAPE_ASPECT_RELATIONSHIP('','',#1860,#1861);
#1864=SHAPE_ASPECT('hole_callout.FlkBE3CFICXV2Ez_1.JKD.1',$,#1850,.T.);
#1865=GEOMETRIC_ITEM_SPECIFIC_USAGE('','',#1864,#11,#1008);
#1866=SHAPE_ASPECT_RELATIONSHIP('','',#1860,#1864);
#1867=SHAPE_ASPECT('hole_callout.FlkBE3CFICXV2Ez_1.JKD.1',$,#1850,.T.);
#1868=GEOMETRIC_ITEM_SPECIFIC_USAGE('','',#1867,#11,#1009);
#1869=SHAPE_ASPECT_RELATIONSHIP('','',#1860,#1867);
#1870=SHAPE_ASPECT('hole_callout.FlkBE3CFICXV2Ez_1.JKD.1',$,#1850,.T.);
#1871=GEOMETRIC_ITEM_SPECIFIC_USAGE('','',#1870,#11,#1004);
#1872=SHAPE_ASPECT_RELATIONSHIP('','',#1860,#1870);
#1873=SHAPE_ASPECT('hole_callout.FlkBE3CFICXV2Ez_1.JKD.1',$,#1850,.T.);
#1874=GEOMETRIC_ITEM_SPECIFIC_USAGE('','',#1873,#11,#1002);
#1875=SHAPE_ASPECT_RELATIONSHIP('','',#1860,#1873);
#1876=SHAPE_ASPECT('hole_callout.FlkBE3CFICXV2Ez_1.JKD.1',$,#1850,.T.);
#1877=GEOMETRIC_ITEM_SPECIFIC_USAGE('','',#1876,#11,#1003);
#1878=SHAPE_ASPECT_RELATIONSHIP('','',#1860,#1876);
#1879=SHAPE_ASPECT('hole_callout.FlkBE3CFICXV2Ez_1.JKD.1',$,#1850,.T.);
#1880=GEOMETRIC_ITEM_SPECIFIC_USAGE('','',#1879,#11,#1001);
#1881=SHAPE_ASPECT_RELATIONSHIP('','',#1860,#1879);
#1882=SHAPE_ASPECT('hole_callout.FlkBE3CFICXV2Ez_1.JKD.1',$,#1850,.T.);
#1883=GEOMETRIC_ITEM_SPECIFIC_USAGE('','',#1882,#11,#999);
#1884=SHAPE_ASPECT_RELATIONSHIP('','',#1860,#1882);
#1885=SHAPE_ASPECT('hole_callout.FlkBE3CFICXV2Ez_1.JKD.1',$,#1850,.T.);
#1886=GEOMETRIC_ITEM_SPECIFIC_USAGE('','',#1885,#11,#1000);
#1887=SHAPE_ASPECT_RELATIONSHIP('','',#1860,#1885);
#1888=SHAPE_ASPECT('hole_callout.FlkBE3CFICXV2Ez_1.JKD.1',$,#1850,.T.);
#1889=GEOMETRIC_ITEM_SPECIFIC_USAGE('','',#1888,#11,#995);
#1890=SHAPE_ASPECT_RELATIONSHIP('','',#1860,#1888);
#1891=SHAPE_ASPECT('hole_callout.FlkBE3CFICXV2Ez_1.JKD.1',$,#1850,.T.);
#1892=GEOMETRIC_ITEM_SPECIFIC_USAGE('','',#1891,#11,#993);
#1893=SHAPE_ASPECT_RELATIONSHIP('','',#1860,#1891);
#1894=SHAPE_ASPECT('hole_callout.FlkBE3CFICXV2Ez_1.JKD.1',$,#1850,.T.);
#1895=GEOMETRIC_ITEM_SPECIFIC_USAGE('','',#1894,#11,#994);
#1896=SHAPE_ASPECT_RELATIONSHIP('','',#1860,#1894);
#1897=SHAPE_ASPECT('hole_callout.FlkBE3CFICXV2Ez_1.JKD.1',$,#1850,.T.);
#1898=GEOMETRIC_ITEM_SPECIFIC_USAGE('','',#1897,#11,#1007);
#1899=SHAPE_ASPECT_RELATIONSHIP('','',#1860,#1897);
#1900=SHAPE_ASPECT('hole_callout.FlkBE3CFICXV2Ez_1.JKD.1',$,#1850,.T.);
#1901=GEOMETRIC_ITEM_SPECIFIC_USAGE('','',#1900,#11,#1005);
#1902=SHAPE_ASPECT_RELATIONSHIP('','',#1860,#1900);
#1903=SHAPE_ASPECT('hole_callout.FlkBE3CFICXV2Ez_1.JKD.1',$,#1850,.T.);
#1904=GEOMETRIC_ITEM_SPECIFIC_USAGE('','',#1903,#11,#1006);
#1905=SHAPE_ASPECT_RELATIONSHIP('','',#1860,#1903);
#1906=SHAPE_ASPECT('hole_callout.FlkBE3CFICXV2Ez_1.JKD.1',$,#1850,.T.);
#1907=GEOMETRIC_ITEM_SPECIFIC_USAGE('','',#1906,#11,#998);
#1908=SHAPE_ASPECT_RELATIONSHIP('','',#1860,#1906);
#1909=SHAPE_ASPECT('hole_callout.FlkBE3CFICXV2Ez_1.JKD.1',$,#1850,.T.);
#1910=GEOMETRIC_ITEM_SPECIFIC_USAGE('','',#1909,#11,#996);
#1911=SHAPE_ASPECT_RELATIONSHIP('','',#1860,#1909);
#1912=SHAPE_ASPECT('hole_callout.FlkBE3CFICXV2Ez_1.JKD.1',$,#1850,.T.);
#1913=GEOMETRIC_ITEM_SPECIFIC_USAGE('','',#1912,#11,#997);
#1914=SHAPE_ASPECT_RELATIONSHIP('','',#1860,#1912);
#1915=DIMENSIONAL_SIZE(#1860,'diameter');
#1916=(
LENGTH_UNIT()
NAMED_UNIT(*)
SI_UNIT(.MILLI.,.METRE.)
);
#1918=PRECISION_QUALIFIER(3);
#1917=(
LENGTH_MEASURE_WITH_UNIT()
MEASURE_REPRESENTATION_ITEM()
MEASURE_WITH_UNIT(POSITIVE_LENGTH_MEASURE(3.),#1916)
QUALIFIED_REPRESENTATION_ITEM((#1918))
REPRESENTATION_ITEM('nominal value')
);
#1919=COMPOUND_REPRESENTATION_ITEM('modifiers',SET_REPRESENTATION_ITEM((#1920)));
#1920=DESCRIPTIVE_REPRESENTATION_ITEM('dimensional note','diameter');
#1921=SHAPE_DIMENSION_REPRESENTATION('',(#1917,#1919),#1845);
#1922=DIMENSIONAL_CHARACTERISTIC_REPRESENTATION(#1915,#1921);
#1923=DIMENSIONAL_SIZE(#1860,'depth');
#1924=(
LENGTH_UNIT()
NAMED_UNIT(*)
SI_UNIT(.MILLI.,.METRE.)
);
#1926=PRECISION_QUALIFIER(3);
#1925=(
LENGTH_MEASURE_WITH_UNIT()
MEASURE_REPRESENTATION_ITEM()
MEASURE_WITH_UNIT(POSITIVE_LENGTH_MEASURE(3.),#1924)
QUALIFIED_REPRESENTATION_ITEM((#1926))
REPRESENTATION_ITEM('nominal value')
);
#1927=COMPOUND_REPRESENTATION_ITEM('modifiers',SET_REPRESENTATION_ITEM((#1928)));
#1928=DESCRIPTIVE_REPRESENTATION_ITEM('dimensional note','depth');
#1929=SHAPE_DIMENSION_REPRESENTATION('',(#1925,#1927),#1845);
#1930=DIMENSIONAL_CHARACTERISTIC_REPRESENTATION(#1923,#1929);
#1931=DIMENSIONAL_SIZE(#1860,'diameter');
#1932=(
LENGTH_UNIT()
NAMED_UNIT(*)
SI_UNIT(.MILLI.,.METRE.)
);
#1934=PRECISION_QUALIFIER(3);
#1933=(
LENGTH_MEASURE_WITH_UNIT()
MEASURE_REPRESENTATION_ITEM()
MEASURE_WITH_UNIT(POSITIVE_LENGTH_MEASURE(5.),#1932)
QUALIFIED_REPRESENTATION_ITEM((#1934))
REPRESENTATION_ITEM('nominal value')
);
#1935=COMPOUND_REPRESENTATION_ITEM('modifiers',SET_REPRESENTATION_ITEM((#1936,#1937)));
#1936=DESCRIPTIVE_REPRESENTATION_ITEM('dimensional note','counterbore');
#1937=DESCRIPTIVE_REPRESENTATION_ITEM('dimensional note','diameter');
#1938=SHAPE_DIMENSION_REPRESENTATION('',(#1933,#1935),#1845);
#1939=DIMENSIONAL_CHARACTERISTIC_REPRESENTATION(#1931,#1938);
#1940=PRESENTATION_STYLE_ASSIGNMENT((NULL_STYLE(.NULL.)));
#1941=CARTESIAN_POINT('',(-0.040417,0.003,-0.02231));
#1942=DIRECTION('',(0.,-1.,0.));
#1943=DIRECTION('',(1.,0.,0.));
#1944=AXIS2_PLACEMENT_3D('',#1941,#1942,#1943);
#1945=PLANE('',#1944);
#1946=ANNOTATION_PLANE('',(#1940),#1945,(#1973));
#1947=CARTESIAN_POINT('',(0.,0.,0.));
#1948=DIRECTION('',(0.,0.,1.));
#1949=DIRECTION('',(1.,0.,0.));
#1950=AXIS2_PLACEMENT_3D('',#1947,#1948,#1949);
#1951=CARTESIAN_POINT('',(0.,0.,0.));
#1952=DIRECTION('',(0.,0.,1.));
#1953=DIRECTION('',(1.,0.,0.));
#1954=AXIS2_PLACEMENT_3D('',#1951,#1952,#1953);
#1955=SHAPE_REPRESENTATION('',(#1954,#1025),#1845);
#1956=REPRESENTATION_MAP(#1950,#1955);
#1957=MAPPED_ITEM('',#1956,#1950);
#1958=PRESENTATION_STYLE_ASSIGNMENT((NULL_STYLE(.NULL.)));
#1959=STYLED_ITEM('',(#1958),#1957);
#1960=DRAUGHTING_MODEL('',(#1946,#1950,#1957,#1959,#2010,#2014,#2021,#2023),#1845);
#1961=DRAUGHTING_PRE_DEFINED_CURVE_FONT('continuous');
#1962=COLOUR_RGB('',0.,0.,0.);
#1963=CURVE_STYLE('',#1961,POSITIVE_LENGTH_MEASURE(0.02),#1962);
#1964=PRESENTATION_STYLE_ASSIGNMENT((#1963));
#1965=COORDINATES_LIST('coordinates',3447,((-38.6492330,3.0000000,-20.5422330),(-37.2350195,3.0000000,-17.7138059),(-35.8208059,3.0000000,-19.1280195),(-25.7163747,3.0000000,-10.1044997),(-25.7163747,3.0000000,-6.6913747),(-25.7325143,3.0000000,-6.6096185),(-25.7163747,3.0000000,-10.1044997),(-25.7325143,3.0000000,-6.6096185),(-25.7809330,3.0000000,-6.5400330),(-25.7163747,3.0000000,-10.1044997),(-25.7809330,3.0000000,-6.5400330),(-25.8507830,3.0000000,-6.4924080),(-25.7163747,3.0000000,-10.1044997),(-25.8507830,3.0000000,-6.4924080),(-25.9333330,3.0000000,-6.4765330),(-25.7163747,3.0000000,-10.1044997),(-25.9333330,3.0000000,-6.4765330),(-26.0158830,3.0000000,-6.4924080),(-25.7163747,3.0000000,-10.1044997),(-26.0158830,3.0000000,-6.4924080),(-26.0857330,3.0000000,-6.5400330),(-25.7163747,3.0000000,-10.1044997),(-26.0857330,3.0000000,-6.5400330),(-26.1333580,3.0000000,-6.6096185),(-25.7163747,3.0000000,-10.1044997),(-26.1333580,3.0000000,-6.6096185),(-26.1492330,3.0000000,-6.6913747),(-25.7163747,3.0000000,-10.1044997),(-26.1492330,3.0000000,-6.6913747),(-26.1492330,3.0000000,-10.3193414),(-18.8943580,3.0000000,-10.1044997),(-25.7163747,3.0000000,-10.1044997),(-26.1492330,3.0000000,-10.3193414),(-18.8943580,3.0000000,-10.1044997),(-26.1492330,3.0000000,-10.3193414),(-26.1336226,3.0000000,-10.4042726),(-18.8943580,3.0000000,-10.1044997),(-26.1336226,3.0000000,-10.4042726),(-26.0867914,3.0000000,-10.4727997),(-18.8943580,3.0000000,-10.1044997),(-26.0867914,3.0000000,-10.4727997),(-26.0169414,3.0000000,-10.5188372),(-18.8943580,3.0000000,-10.1044997),(-26.0169414,3.0000000,-10.5188372),(-25.9322747,3.0000000,-10.5341830),(-18.8943580,3.0000000,-10.1044997),(-25.9322747,3.0000000,-10.5341830),(-18.6784580,3.0000000,-10.5341830),(-18.8943580,3.0000000,-10.1044997),(-18.6784580,3.0000000,-10.5341830),(-18.5940560,3.0000000,-10.5188372),(-18.8943580,3.0000000,-10.1044997),(-18.5940560,3.0000000,-10.5188372),(-18.5249997,3.0000000,-10.4727997),(-18.8943580,3.0000000,-10.1044997),(-18.5249997,3.0000000,-10.4727997),(-18.4789622,3.0000000,-10.4042726),(-18.8943580,3.0000000,-10.1044997),(-18.4789622,3.0000000,-10.4042726),(-18.4636164,3.0000000,-10.3193414),(-18.8943580,3.0000000,-10.1044997),(-18.4636164,3.0000000,-10.3193414),(-18.4636164,3.0000000,-6.6913747),(-18.8943580,3.0000000,-10.1044997),(-18.4636164,3.0000000,-6.6913747),(-18.4794914,3.0000000,-6.6096185),(-18.8943580,3.0000000,-10.1044997),(-18.4794914,3.0000000,-6.6096185),(-18.5271164,3.0000000,-6.5400330),(-18.8943580,3.0000000,-10.1044997),(-18.5271164,3.0000000,-6.5400330),(-18.5967018,3.0000000,-6.4924080),(-18.8943580,3.0000000,-10.1044997),(-18.5967018,3.0000000,-6.4924080),(-18.6784580,3.0000000,-6.4765330),(-18.8943580,3.0000000,-10.1044997),(-18.6784580,3.0000000,-6.4765330),(-18.7604789,3.0000000,-6.4924080),(-18.8943580,3.0000000,-10.1044997),(-18.7604789,3.0000000,-6.4924080),(-18.8308580,3.0000000,-6.5400330),(-18.8943580,3.0000000,-10.1044997),(-18.8308580,3.0000000,-6.5400330),(-18.8784830,3.0000000,-6.6096185),(-18.8943580,3.0000000,-10.1044997),(-18.8784830,3.0000000,-6.6096185),(-18.8943580,3.0000000,-6.6913747),(-16.6075914,3.0000000,-10.3584997),(-16.5105389,3.0000000,-10.3991794),(-16.4125273,3.0000000,-10.4344351),(-16.6075914,3.0000000,-10.3584997),(-16.4125273,3.0000000,-10.4344351),(-16.3135566,3.0000000,-10.4642669),(-16.6075914,3.0000000,-10.3584997),(-16.3135566,3.0000000,-10.4642669),(-16.2136268,3.0000000,-10.4886747),(-16.6075914,3.0000000,-10.3584997),(-16.2136268,3.0000000,-10.4886747),(-16.1127379,3.0000000,-10.5076586),(-16.6075914,3.0000000,-10.3584997),(-16.1127379,3.0000000,-10.5076586),(-16.0108898,3.0000000,-10.5212185),(-16.6075914,3.0000000,-10.3584997),(-16.0108898,3.0000000,-10.5212185),(-15.9080827,3.0000000,-10.5293544),(-16.6075914,3.0000000,-10.3584997),(-15.9080827,3.0000000,-10.5293544),(-15.8043164,3.0000000,-10.5320664),(-16.6075914,3.0000000,-10.3584997),(-15.8043164,3.0000000,-10.5320664),(-15.6685355,3.0000000,-10.5277504),(-16.6075914,3.0000000,-10.3584997),(-15.6685355,3.0000000,-10.5277504),(-15.5353013,3.0000000,-10.5148023),(-16.6075914,3.0000000,-10.3584997),(-15.5353013,3.0000000,-10.5148023),(-15.4046136,3.0000000,-10.4932222),(-16.6075914,3.0000000,-10.3584997),(-15.4046136,3.0000000,-10.4932222),(-15.2764726,3.0000000,-10.4630101),(-16.6075914,3.0000000,-10.3584997),(-15.2764726,3.0000000,-10.4630101),(-15.1508782,3.0000000,-10.4241660),(-16.6075914,3.0000000,-10.3584997),(-15.1508782,3.0000000,-10.4241660),(-15.0278304,3.0000000,-10.3766898),(-16.6075914,3.0000000,-10.3584997),(-15.0278304,3.0000000,-10.3766898),(-14.9073293,3.0000000,-10.3205816),(-16.6075914,3.0000000,-10.3584997),(-14.9073293,3.0000000,-10.3205816),(-14.7893747,3.0000000,-10.2558414),(-16.6075914,3.0000000,-10.3584997),(-14.7893747,3.0000000,-10.2558414),(-14.6758023,3.0000000,-10.1834448),(-16.6075914,3.0000000,-10.3584997),(-14.6758023,3.0000000,-10.1834448),(-14.5684476,3.0000000,-10.1048966),(-16.6075914,3.0000000,-10.3584997),(-14.5684476,3.0000000,-10.1048966),(-14.4673107,3.0000000,-10.0201968),(-16.6075914,3.0000000,-10.3584997),(-14.4673107,3.0000000,-10.0201968),(-14.3723914,3.0000000,-9.9293455),(-16.6075914,3.0000000,-10.3584997),(-14.3723914,3.0000000,-9.9293455),(-14.2836898,3.0000000,-9.8323427),(-14.2836898,3.0000000,-9.8323427),(-14.2012060,3.0000000,-9.7291883),(-14.1249398,3.0000000,-9.6198823),(-14.2836898,3.0000000,-9.8323427),(-14.1249398,3.0000000,-9.6198823),(-14.0548914,3.0000000,-9.5044247),(-14.2836898,3.0000000,-9.8323427),(-14.0548914,3.0000000,-9.5044247),(-13.9918875,3.0000000,-9.3846511),(-14.2836898,3.0000000,-9.8323427),(-13.9918875,3.0000000,-9.3846511),(-13.9372841,3.0000000,-9.2623971),(-14.2836898,3.0000000,-9.8323427),(-13.9372841,3.0000000,-9.2623971),(-13.8910812,3.0000000,-9.1376626),(-14.2836898,3.0000000,-9.8323427),(-13.8910812,3.0000000,-9.1376626),(-13.8532789,3.0000000,-9.0104476),(-14.2836898,3.0000000,-9.8323427),(-13.8532789,3.0000000,-9.0104476),(-13.8238771,3.0000000,-8.8807522),(-14.2836898,3.0000000,-9.8323427),(-13.8238771,3.0000000,-8.8807522),(-13.8028758,3.0000000,-8.7485763),(-14.2836898,3.0000000,-9.8323427),(-13.8028758,3.0000000,-8.7485763),(-13.7902750,3.0000000,-8.6139199),(-14.2836898,3.0000000,-9.8323427),(-13.7902750,3.0000000,-8.6139199),(-13.7860747,3.0000000,-8.4767830),(-14.2836898,3.0000000,-9.8323427),(-13.7860747,3.0000000,-8.4767830),(-13.7902750,3.0000000,-8.3451528),(-14.2836898,3.0000000,-9.8323427),(-13.7902750,3.0000000,-8.3451528),(-13.8028758,3.0000000,-8.2143164),(-14.2836898,3.0000000,-9.8323427),(-13.8028758,3.0000000,-8.2143164),(-13.8238771,3.0000000,-8.0842737),(-14.2836898,3.0000000,-9.8323427),(-13.8238771,3.0000000,-8.0842737),(-13.8532789,3.0000000,-7.9550247),(-14.2836898,3.0000000,-9.8323427),(-13.8532789,3.0000000,-7.9550247),(-13.8910812,3.0000000,-7.8265695),(-14.2836898,3.0000000,-9.8323427),(-13.8910812,3.0000000,-7.8265695),(-13.9372841,3.0000000,-7.6989080),(-13.9372841,3.0000000,-7.6989080),(-14.3290659,3.0000000,-7.8403940),(-14.2925038,3.0000000,-7.9382733),(-13.9372841,3.0000000,-7.6989080),(-14.2925038,3.0000000,-7.9382733),(-14.2625893,3.0000000,-8.0394268),(-13.9372841,3.0000000,-7.6989080),(-14.2625893,3.0000000,-8.0394268),(-14.2393225,3.0000000,-8.1438545),(-13.9372841,3.0000000,-7.6989080),(-14.2393225,3.0000000,-8.1438545),(-14.2227034,3.0000000,-8.2515565),(-13.9372841,3.0000000,-7.6989080),(-14.2227034,3.0000000,-8.2515565),(-14.2127319,3.0000000,-8.3625327),(-13.9372841,3.0000000,-7.6989080),(-14.2127319,3.0000000,-8.3625327),(-14.2094080,3.0000000,-8.4767830),(-13.9372841,3.0000000,-7.6989080),(-14.2094080,3.0000000,-8.4767830),(-14.2127649,3.0000000,-8.5868166),(-14.2836898,3.0000000,-9.8323427),(-13.9372841,3.0000000,-7.6989080),(-14.2127649,3.0000000,-8.5868166),(-14.2836898,3.0000000,-9.8323427),(-14.2127649,3.0000000,-8.5868166),(-14.2228357,3.0000000,-8.6946674),(-14.2836898,3.0000000,-9.8323427),(-14.2228357,3.0000000,-8.6946674),(-14.2396202,3.0000000,-8.8003354),(-14.2836898,3.0000000,-9.8323427),(-14.2396202,3.0000000,-8.8003354),(-14.2631185,3.0000000,-8.9038205),(-14.2836898,3.0000000,-9.8323427),(-14.2631185,3.0000000,-8.9038205),(-14.2933306,3.0000000,-9.0051229),(-14.2836898,3.0000000,-9.8323427),(-14.2933306,3.0000000,-9.0051229),(-14.3302565,3.0000000,-9.1042424),(-14.2836898,3.0000000,-9.8323427),(-14.3302565,3.0000000,-9.1042424),(-14.3738962,3.0000000,-9.2011791),(-14.2836898,3.0000000,-9.8323427),(-14.3738962,3.0000000,-9.2011791),(-14.4242497,3.0000000,-9.2959330),(-14.2836898,3.0000000,-9.8323427),(-14.4242497,3.0000000,-9.2959330),(-14.4800933,3.0000000,-9.3871482),(-14.2836898,3.0000000,-9.8323427),(-14.4800933,3.0000000,-9.3871482),(-14.5407325,3.0000000,-9.4734685),(-14.2836898,3.0000000,-9.8323427),(-14.5407325,3.0000000,-9.4734685),(-14.6061673,3.0000000,-9.5548940),(-14.2836898,3.0000000,-9.8323427),(-14.6061673,3.0000000,-9.5548940),(-14.6763976,3.0000000,-9.6314247),(-14.2836898,3.0000000,-9.8323427),(-14.6763976,3.0000000,-9.6314247),(-14.7514235,3.0000000,-9.7030607),(-14.2836898,3.0000000,-9.8323427),(-14.7514235,3.0000000,-9.7030607),(-14.8312450,3.0000000,-9.7698018),(-14.2836898,3.0000000,-9.8323427),(-14.8312450,3.0000000,-9.7698018),(-14.9158621,3.0000000,-9.8316482),(-14.2836898,3.0000000,-9.8323427),(-14.9158621,3.0000000,-9.8316482),(-15.0052747,3.0000000,-9.8885997),(-14.2836898,3.0000000,-9.8323427),(-15.0052747,3.0000000,-9.8885997),(-15.0978623,3.0000000,-9.9396974),(-14.2836898,3.0000000,-9.8323427),(-15.0978623,3.0000000,-9.9396974),(-15.1925336,3.0000000,-9.9839820),(-14.2836898,3.0000000,-9.8323427),(-15.1925336,3.0000000,-9.9839820),(-15.2892884,3.0000000,-10.0214536),(-14.2836898,3.0000000,-9.8323427),(-15.2892884,3.0000000,-10.0214536),(-15.3881268,3.0000000,-10.0521122),(-16.6075914,3.0000000,-10.3584997),(-14.2836898,3.0000000,-9.8323427),(-15.3881268,3.0000000,-10.0521122),(-16.6075914,3.0000000,-10.3584997),(-15.3881268,3.0000000,-10.0521122),(-15.4890488,3.0000000,-10.0759578),(-16.6075914,3.0000000,-10.3584997),(-15.4890488,3.0000000,-10.0759578),(-15.5920544,3.0000000,-10.0929903),(-16.6075914,3.0000000,-10.3584997),(-15.5920544,3.0000000,-10.0929903),(-15.6971436,3.0000000,-10.1032099),(-16.6075914,3.0000000,-10.3584997),(-15.6971436,3.0000000,-10.1032099),(-15.8043164,3.0000000,-10.1066164),(-16.6075914,3.0000000,-10.3584997),(-15.8043164,3.0000000,-10.1066164),(-15.9579070,3.0000000,-10.0995388),(-16.6075914,3.0000000,-10.3584997),(-15.9579070,3.0000000,-10.0995388),(-16.1075289,3.0000000,-10.0783060),(-16.6075914,3.0000000,-10.3584997),(-16.1075289,3.0000000,-10.0783060),(-16.2531820,3.0000000,-10.0429179),(-16.6075914,3.0000000,-10.3584997),(-16.2531820,3.0000000,-10.0429179),(-16.3948664,3.0000000,-9.9933747),(-16.6075914,3.0000000,-10.3584997),(-16.3948664,3.0000000,-9.9933747),(-14.7978414,3.0000000,-7.2099580),(-17.1685080,3.0000000,-11.3332247),(-16.6075914,3.0000000,-10.3584997),(-14.7978414,3.0000000,-7.2099580),(-14.3722756,3.0000000,-7.7457889),(-14.3290659,3.0000000,-7.8403940),(-13.9372841,3.0000000,-7.6989080),(-14.4221330,3.0000000,-7.6544580),(-14.3722756,3.0000000,-7.7457889),(-13.9372841,3.0000000,-7.6989080),(-14.4900648,3.0000000,-7.5504768),(-14.4221330,3.0000000,-7.6544580),(-13.9372841,3.0000000,-7.6989080),(-14.5753268,3.0000000,-7.4417330),(-14.4900648,3.0000000,-7.5504768),(-13.9372841,3.0000000,-7.6989080),(-14.6244566,3.0000000,-7.3855752),(-14.5753268,3.0000000,-7.4417330),(-13.9372841,3.0000000,-7.6989080),(-14.6779190,3.0000000,-7.3282268),(-14.6244566,3.0000000,-7.3855752),(-13.9372841,3.0000000,-7.6989080),(-14.7357139,3.0000000,-7.2696877),(-14.6779190,3.0000000,-7.3282268),(-13.9372841,3.0000000,-7.6989080),(-14.7978414,3.0000000,-7.2099580),(-14.7357139,3.0000000,-7.2696877),(-13.9372841,3.0000000,-7.6989080),(-14.7978414,3.0000000,-7.2099580),(-13.9372841,3.0000000,-7.6989080),(-13.9918875,3.0000000,-7.5720403),(-14.7978414,3.0000000,-7.2099580),(-13.9918875,3.0000000,-7.5720403),(-14.0548914,3.0000000,-7.4459664),(-14.7978414,3.0000000,-7.2099580),(-14.0548914,3.0000000,-7.4459664),(-14.1050795,3.0000000,-7.3592492),(-14.7978414,3.0000000,-7.2099580),(-14.1050795,3.0000000,-7.3592492),(-14.1598648,3.0000000,-7.2758393),(-14.7978414,3.0000000,-7.2099580),(-14.1598648,3.0000000,-7.2758393),(-14.2192472,3.0000000,-7.1957367),(-14.7978414,3.0000000,-7.2099580),(-14.2192472,3.0000000,-7.1957367),(-14.2832268,3.0000000,-7.1189414),(-14.7978414,3.0000000,-7.2099580),(-14.2832268,3.0000000,-7.1189414),(-14.3518035,3.0000000,-7.0454534),(-14.7978414,3.0000000,-7.2099580),(-14.3518035,3.0000000,-7.0454534),(-14.4249773,3.0000000,-6.9752726),(-14.7978414,3.0000000,-7.2099580),(-14.4249773,3.0000000,-6.9752726),(-14.5027483,3.0000000,-6.9083992),(-14.7978414,3.0000000,-7.2099580),(-14.5027483,3.0000000,-6.9083992),(-14.5851164,3.0000000,-6.8448330),(-14.7978414,3.0000000,-7.2099580),(-14.5851164,3.0000000,-6.8448330),(-14.0432497,3.0000000,-5.8923330),(-17.1685080,3.0000000,-11.3332247),(-14.7978414,3.0000000,-7.2099580),(-14.0432497,3.0000000,-5.8923330),(-17.1685080,3.0000000,-11.3332247),(-14.0432497,3.0000000,-5.8923330),(-14.0146747,3.0000000,-5.7886164),(-17.1685080,3.0000000,-11.3332247),(-14.0146747,3.0000000,-5.7886164),(-14.0220830,3.0000000,-5.7282914),(-17.1685080,3.0000000,-11.3332247),(-14.0220830,3.0000000,-5.7282914),(-14.0607122,3.0000000,-5.6531497),(-17.1685080,3.0000000,-11.3332247),(-14.0607122,3.0000000,-5.6531497),(-14.1257997,3.0000000,-5.5991747),(-17.1685080,3.0000000,-11.3332247),(-14.1257997,3.0000000,-5.5991747),(-14.2284580,3.0000000,-5.5684830),(-17.1685080,3.0000000,-11.3332247),(-14.2284580,3.0000000,-5.5684830),(-14.2887830,3.0000000,-5.5758914),(-17.1685080,3.0000000,-11.3332247),(-14.2887830,3.0000000,-5.5758914),(-14.3644539,3.0000000,-5.6145205),(-17.1685080,3.0000000,-11.3332247),(-14.3644539,3.0000000,-5.6145205),(-14.4200164,3.0000000,-5.6796080),(-17.1685080,3.0000000,-11.3332247),(-14.4200164,3.0000000,-5.6796080),(-14.9555330,3.0000000,-6.6077664),(-14.9555330,3.0000000,-6.6077664),(-15.0561409,3.0000000,-6.5633660),(-15.1600560,3.0000000,-6.5248857),(-14.9555330,3.0000000,-6.6077664),(-15.1600560,3.0000000,-6.5248857),(-15.2672784,3.0000000,-6.4923254),(-14.9555330,3.0000000,-6.6077664),(-15.2672784,3.0000000,-6.4923254),(-15.3778080,3.0000000,-6.4656851),(-14.9555330,3.0000000,-6.6077664),(-15.3778080,3.0000000,-6.4656851),(-15.4916450,3.0000000,-6.4449649),(-14.9555330,3.0000000,-6.6077664),(-15.4916450,3.0000000,-6.4449649),(-15.6087893,3.0000000,-6.4301648),(-14.9555330,3.0000000,-6.6077664),(-15.6087893,3.0000000,-6.4301648),(-15.7292409,3.0000000,-6.4212847),(-14.9555330,3.0000000,-6.6077664),(-15.7292409,3.0000000,-6.4212847),(-15.8529997,3.0000000,-6.4183247),(-14.9555330,3.0000000,-6.6077664),(-15.8529997,3.0000000,-6.4183247),(-15.9776019,3.0000000,-6.4226573),(-14.9555330,3.0000000,-6.6077664),(-15.9776019,3.0000000,-6.4226573),(-16.1011127,3.0000000,-6.4356549),(-14.9555330,3.0000000,-6.6077664),(-16.1011127,3.0000000,-6.4356549),(-16.2235321,3.0000000,-6.4573177),(-14.9555330,3.0000000,-6.6077664),(-16.2235321,3.0000000,-6.4573177),(-16.3448601,3.0000000,-6.4876455),(-14.9555330,3.0000000,-6.6077664),(-16.3448601,3.0000000,-6.4876455),(-16.4650967,3.0000000,-6.5266385),(-14.9555330,3.0000000,-6.6077664),(-16.4650967,3.0000000,-6.5266385),(-16.5842419,3.0000000,-6.5742966),(-14.9555330,3.0000000,-6.6077664),(-16.5842419,3.0000000,-6.5742966),(-16.7022957,3.0000000,-6.6306198),(-14.9555330,3.0000000,-6.6077664),(-16.7022957,3.0000000,-6.6306198),(-16.8192580,3.0000000,-6.6956080),(-14.9555330,3.0000000,-6.6077664),(-16.8192580,3.0000000,-6.6956080),(-16.9323674,3.0000000,-6.7677732),(-14.9555330,3.0000000,-6.6077664),(-16.9323674,3.0000000,-6.7677732),(-17.0393914,3.0000000,-6.8461560),(-14.9555330,3.0000000,-6.6077664),(-17.0393914,3.0000000,-6.8461560),(-17.1403299,3.0000000,-6.9307565),(-14.9555330,3.0000000,-6.6077664),(-17.1403299,3.0000000,-6.9307565),(-17.2351830,3.0000000,-7.0215747),(-14.9555330,3.0000000,-6.6077664),(-17.2351830,3.0000000,-7.0215747),(-17.3239508,3.0000000,-7.1186107),(-17.3239508,3.0000000,-7.1186107),(-17.4066330,3.0000000,-7.2218643),(-17.4832299,3.0000000,-7.3313357),(-17.3239508,3.0000000,-7.1186107),(-17.4832299,3.0000000,-7.3313357),(-17.5537414,3.0000000,-7.4470247),(-17.3239508,3.0000000,-7.1186107),(-17.5537414,3.0000000,-7.4470247),(-17.6169933,3.0000000,-7.5668314),(-17.3239508,3.0000000,-7.1186107),(-17.6169933,3.0000000,-7.5668314),(-17.6718117,3.0000000,-7.6891846),(-17.3239508,3.0000000,-7.1186107),(-17.6718117,3.0000000,-7.6891846),(-17.7181965,3.0000000,-7.8140845),(-17.3239508,3.0000000,-7.1186107),(-17.7181965,3.0000000,-7.8140845),(-17.7561476,3.0000000,-7.9415310),(-17.3239508,3.0000000,-7.1186107),(-17.7561476,3.0000000,-7.9415310),(-17.7856652,3.0000000,-8.0715241),(-17.3239508,3.0000000,-7.1186107),(-17.7856652,3.0000000,-8.0715241),(-17.8067492,3.0000000,-8.2040638),(-17.3239508,3.0000000,-7.1186107),(-17.8067492,3.0000000,-8.2040638),(-17.8193996,3.0000000,-8.3391501),(-17.3239508,3.0000000,-7.1186107),(-17.8193996,3.0000000,-8.3391501),(-17.8236164,3.0000000,-8.4767830),(-17.3239508,3.0000000,-7.1186107),(-17.8236164,3.0000000,-8.4767830),(-17.8194161,3.0000000,-8.6148459),(-17.3239508,3.0000000,-7.1186107),(-17.8194161,3.0000000,-8.6148459),(-17.8068153,3.0000000,-8.7501638),(-17.3239508,3.0000000,-7.1186107),(-17.8068153,3.0000000,-8.7501638),(-17.7858140,3.0000000,-8.8827366),(-17.3239508,3.0000000,-7.1186107),(-17.7858140,3.0000000,-8.8827366),(-17.7564122,3.0000000,-9.0125643),(-17.3239508,3.0000000,-7.1186107),(-17.7564122,3.0000000,-9.0125643),(-17.7186099,3.0000000,-9.1396470),(-17.3239508,3.0000000,-7.1186107),(-17.7186099,3.0000000,-9.1396470),(-17.6724070,3.0000000,-9.2639846),(-17.3239508,3.0000000,-7.1186107),(-17.6724070,3.0000000,-9.2639846),(-17.6178036,3.0000000,-9.3855772),(-17.3239508,3.0000000,-7.1186107),(-17.6178036,3.0000000,-9.3855772),(-17.5547997,3.0000000,-9.5044247),(-17.5547997,3.0000000,-9.5044247),(-17.1864997,3.0000000,-9.2959330),(-17.2358610,3.0000000,-9.2011957),(-17.5547997,3.0000000,-9.5044247),(-17.2358610,3.0000000,-9.2011957),(-17.2786409,3.0000000,-9.1043086),(-17.5547997,3.0000000,-9.5044247),(-17.2786409,3.0000000,-9.1043086),(-17.3148392,3.0000000,-9.0052717),(-17.5547997,3.0000000,-9.5044247),(-17.3148392,3.0000000,-9.0052717),(-17.3444560,3.0000000,-8.9040851),(-17.5547997,3.0000000,-9.5044247),(-17.3444560,3.0000000,-8.9040851),(-17.3674913,3.0000000,-8.8007488),(-17.5547997,3.0000000,-9.5044247),(-17.3674913,3.0000000,-8.8007488),(-17.3839450,3.0000000,-8.6952627),(-17.5547997,3.0000000,-9.5044247),(-17.3839450,3.0000000,-8.6952627),(-17.3938173,3.0000000,-8.5876269),(-17.5547997,3.0000000,-9.5044247),(-17.3938173,3.0000000,-8.5876269),(-17.3971080,3.0000000,-8.4778414),(-17.5547997,3.0000000,-9.5044247),(-17.3971080,3.0000000,-8.4778414),(-17.3937677,3.0000000,-8.3680228),(-17.3239508,3.0000000,-7.1186107),(-17.5547997,3.0000000,-9.5044247),(-17.3937677,3.0000000,-8.3680228),(-17.3239508,3.0000000,-7.1186107),(-17.3937677,3.0000000,-8.3680228),(-17.3837466,3.0000000,-8.2602877),(-17.3239508,3.0000000,-7.1186107),(-17.3837466,3.0000000,-8.2602877),(-17.3670448,3.0000000,-8.1546363),(-17.3239508,3.0000000,-7.1186107),(-17.3670448,3.0000000,-8.1546363),(-17.3436622,3.0000000,-8.0510685),(-17.3239508,3.0000000,-7.1186107),(-17.3436622,3.0000000,-8.0510685),(-17.3135989,3.0000000,-7.9495842),(-17.3239508,3.0000000,-7.1186107),(-17.3135989,3.0000000,-7.9495842),(-17.2768549,3.0000000,-7.8501836),(-17.3239508,3.0000000,-7.1186107),(-17.2768549,3.0000000,-7.8501836),(-17.2334302,3.0000000,-7.7528665),(-17.3239508,3.0000000,-7.1186107),(-17.2334302,3.0000000,-7.7528665),(-17.1833247,3.0000000,-7.6576330),(-17.3239508,3.0000000,-7.1186107),(-17.1833247,3.0000000,-7.6576330),(-17.1274811,3.0000000,-7.5656903),(-17.3239508,3.0000000,-7.1186107),(-17.1274811,3.0000000,-7.5656903),(-17.0668419,3.0000000,-7.4787747),(-17.3239508,3.0000000,-7.1186107),(-17.0668419,3.0000000,-7.4787747),(-17.0014071,3.0000000,-7.3968862),(-17.3239508,3.0000000,-7.1186107),(-17.0014071,3.0000000,-7.3968862),(-16.9311768,3.0000000,-7.3200247),(-17.3239508,3.0000000,-7.1186107),(-16.9311768,3.0000000,-7.3200247),(-16.8561509,3.0000000,-7.2481903),(-17.3239508,3.0000000,-7.1186107),(-16.8561509,3.0000000,-7.2481903),(-16.7763294,3.0000000,-7.1813830),(-17.3239508,3.0000000,-7.1186107),(-16.7763294,3.0000000,-7.1813830),(-16.6917123,3.0000000,-7.1196028),(-17.3239508,3.0000000,-7.1186107),(-16.6917123,3.0000000,-7.1196028),(-16.6022997,3.0000000,-7.0628497),(-17.3239508,3.0000000,-7.1186107),(-16.6022997,3.0000000,-7.0628497),(-16.5102247,3.0000000,-7.0117521),(-17.3239508,3.0000000,-7.1186107),(-16.5102247,3.0000000,-7.0117521),(-16.4176205,3.0000000,-6.9674674),(-17.3239508,3.0000000,-7.1186107),(-16.4176205,3.0000000,-6.9674674),(-16.3244872,3.0000000,-6.9299958),(-17.3239508,3.0000000,-7.1186107),(-16.3244872,3.0000000,-6.9299958),(-16.2308247,3.0000000,-6.8993372),(-17.3239508,3.0000000,-7.1186107),(-16.2308247,3.0000000,-6.8993372),(-16.1366330,3.0000000,-6.8754916),(-14.9555330,3.0000000,-6.6077664),(-17.3239508,3.0000000,-7.1186107),(-16.1366330,3.0000000,-6.8754916),(-14.9555330,3.0000000,-6.6077664),(-16.1366330,3.0000000,-6.8754916),(-16.0419122,3.0000000,-6.8584591),(-14.9555330,3.0000000,-6.6077664),(-16.0419122,3.0000000,-6.8584591),(-15.9466622,3.0000000,-6.8482396),(-14.9555330,3.0000000,-6.6077664),(-15.9466622,3.0000000,-6.8482396),(-15.8508830,3.0000000,-6.8448330),(-14.9555330,3.0000000,-6.6077664),(-15.8508830,3.0000000,-6.8448330),(-15.8445330,3.0000000,-6.8448330),(-14.9555330,3.0000000,-6.6077664),(-15.8445330,3.0000000,-6.8448330),(-15.7508209,3.0000000,-6.8469166),(-14.9555330,3.0000000,-6.6077664),(-15.7508209,3.0000000,-6.8469166),(-15.6596554,3.0000000,-6.8531674),(-14.9555330,3.0000000,-6.6077664),(-15.6596554,3.0000000,-6.8531674),(-15.5710366,3.0000000,-6.8635854),(-14.9555330,3.0000000,-6.6077664),(-15.5710366,3.0000000,-6.8635854),(-15.4849643,3.0000000,-6.8781705),(-14.9555330,3.0000000,-6.6077664),(-15.4849643,3.0000000,-6.8781705),(-15.4014386,3.0000000,-6.8969229),(-14.9555330,3.0000000,-6.6077664),(-15.4014386,3.0000000,-6.8969229),(-15.3204596,3.0000000,-6.9198424),(-14.9555330,3.0000000,-6.6077664),(-15.3204596,3.0000000,-6.9198424),(-15.2420272,3.0000000,-6.9469291),(-14.9555330,3.0000000,-6.6077664),(-15.2420272,3.0000000,-6.9469291),(-15.1661414,3.0000000,-6.9781830),(-17.1685080,3.0000000,-11.3332247),(-14.9555330,3.0000000,-6.6077664),(-15.1661414,3.0000000,-6.9781830),(-17.1685080,3.0000000,-11.3332247),(-15.1661414,3.0000000,-6.9781830),(-16.7705747,3.0000000,-9.7732414),(-17.1685080,3.0000000,-11.3332247),(-16.7705747,3.0000000,-9.7732414),(-16.8910263,3.0000000,-9.6703846),(-17.1441168,3.0000000,-9.3652043),(-17.1864997,3.0000000,-9.2959330),(-17.5547997,3.0000000,-9.5044247),(-17.0989888,3.0000000,-9.4317304),(-17.1441168,3.0000000,-9.3652043),(-17.5547997,3.0000000,-9.5044247),(-17.0004976,3.0000000,-9.5565476),(-17.0989888,3.0000000,-9.4317304),(-17.5547997,3.0000000,-9.5044247),(-16.8910263,3.0000000,-9.6703846),(-17.0004976,3.0000000,-9.5565476),(-17.5547997,3.0000000,-9.5044247),(-16.8910263,3.0000000,-9.6703846),(-17.5547997,3.0000000,-9.5044247),(-17.4968560,3.0000000,-9.5994763),(-16.8910263,3.0000000,-9.6703846),(-17.4968560,3.0000000,-9.5994763),(-17.4352080,3.0000000,-9.6904268),(-16.8910263,3.0000000,-9.6703846),(-17.4352080,3.0000000,-9.6904268),(-17.3698560,3.0000000,-9.7772763),(-16.8910263,3.0000000,-9.6703846),(-17.3698560,3.0000000,-9.7772763),(-17.3007997,3.0000000,-9.8600247),(-16.8910263,3.0000000,-9.6703846),(-17.3007997,3.0000000,-9.8600247),(-17.2280393,3.0000000,-9.9386721),(-16.8910263,3.0000000,-9.6703846),(-17.2280393,3.0000000,-9.9386721),(-17.1515747,3.0000000,-10.0132185),(-16.8910263,3.0000000,-9.6703846),(-17.1515747,3.0000000,-10.0132185),(-17.0714060,3.0000000,-10.0836638),(-16.8910263,3.0000000,-9.6703846),(-17.0714060,3.0000000,-10.0836638),(-16.9875330,3.0000000,-10.1500080),(-17.1685080,3.0000000,-11.3332247),(-16.8910263,3.0000000,-9.6703846),(-16.9875330,3.0000000,-10.1500080),(-17.1685080,3.0000000,-11.3332247),(-16.9875330,3.0000000,-10.1500080),(-17.5431580,3.0000000,-11.1204997),(-17.1685080,3.0000000,-11.3332247),(-17.5431580,3.0000000,-11.1204997),(-17.5706747,3.0000000,-11.2220997),(-17.1685080,3.0000000,-11.3332247),(-17.5706747,3.0000000,-11.2220997),(-17.5643247,3.0000000,-11.2824247),(-17.1685080,3.0000000,-11.3332247),(-17.5643247,3.0000000,-11.2824247),(-17.5251664,3.0000000,-11.3594185),(-17.1685080,3.0000000,-11.3332247),(-17.5251664,3.0000000,-11.3594185),(-17.4627247,3.0000000,-11.4147164),(-17.1685080,3.0000000,-11.3332247),(-17.4627247,3.0000000,-11.4147164),(-17.3579497,3.0000000,-11.4422330),(-17.1685080,3.0000000,-11.3332247),(-17.3579497,3.0000000,-11.4422330),(-17.2976247,3.0000000,-11.4348247),(-17.1685080,3.0000000,-11.3332247),(-17.2976247,3.0000000,-11.4348247),(-17.2251289,3.0000000,-11.3993705),(-13.2420914,3.0000000,-9.5552247),(-13.2399747,3.0000000,-9.6039080),(-13.2160465,3.0000000,-9.6959996),(-13.2420914,3.0000000,-9.5552247),(-13.2160465,3.0000000,-9.6959996),(-13.1881825,3.0000000,-9.7823034),(-13.2420914,3.0000000,-9.5552247),(-13.1881825,3.0000000,-9.7823034),(-13.1563829,3.0000000,-9.8628194),(-13.2420914,3.0000000,-9.5552247),(-13.1563829,3.0000000,-9.8628194),(-13.1206476,3.0000000,-9.9375476),(-13.2420914,3.0000000,-9.5552247),(-13.1206476,3.0000000,-9.9375476),(-13.0809767,3.0000000,-10.0064881),(-13.2420914,3.0000000,-9.5552247),(-13.0809767,3.0000000,-10.0064881),(-13.0373700,3.0000000,-10.0696409),(-13.2420914,3.0000000,-9.5552247),(-13.0373700,3.0000000,-10.0696409),(-12.9383497,3.0000000,-10.1785830),(-13.2420914,3.0000000,-9.5552247),(-12.9383497,3.0000000,-10.1785830),(-12.8573707,3.0000000,-10.2480362),(-13.2420914,3.0000000,-9.5552247),(-12.8573707,3.0000000,-10.2480362),(-12.7742419,3.0000000,-10.3082289),(-13.2420914,3.0000000,-9.5552247),(-12.7742419,3.0000000,-10.3082289),(-12.6889634,3.0000000,-10.3591612),(-13.2420914,3.0000000,-9.5552247),(-12.6889634,3.0000000,-10.3591612),(-12.6015351,3.0000000,-10.4008330),(-13.2420914,3.0000000,-9.5552247),(-12.6015351,3.0000000,-10.4008330),(-12.5119571,3.0000000,-10.4332445),(-13.2420914,3.0000000,-9.5552247),(-12.5119571,3.0000000,-10.4332445),(-12.4202294,3.0000000,-10.4563955),(-13.2420914,3.0000000,-9.5552247),(-12.4202294,3.0000000,-10.4563955),(-12.3263519,3.0000000,-10.4702862),(-13.2420914,3.0000000,-9.5552247),(-12.3263519,3.0000000,-10.4702862),(-12.2303247,3.0000000,-10.4749164),(-13.2420914,3.0000000,-9.5552247),(-12.2303247,3.0000000,-10.4749164),(-12.1350747,3.0000000,-10.4702035),(-13.2420914,3.0000000,-9.5552247),(-12.1350747,3.0000000,-10.4702035),(-12.0424705,3.0000000,-10.4560648),(-13.2420914,3.0000000,-9.5552247),(-12.0424705,3.0000000,-10.4560648),(-11.9525122,3.0000000,-10.4325004),(-13.2420914,3.0000000,-9.5552247),(-11.9525122,3.0000000,-10.4325004),(-11.8651997,3.0000000,-10.3995101),(-11.8651997,3.0000000,-10.3995101),(-11.7805330,3.0000000,-10.3570941),(-11.6985122,3.0000000,-10.3052523),(-11.8651997,3.0000000,-10.3995101),(-11.6985122,3.0000000,-10.3052523),(-11.6191372,3.0000000,-10.2439847),(-11.8651997,3.0000000,-10.3995101),(-11.6191372,3.0000000,-10.2439847),(-11.5424080,3.0000000,-10.1732914),(-11.8651997,3.0000000,-10.3995101),(-11.5424080,3.0000000,-10.1732914),(-11.4622889,3.0000000,-10.0850528),(-11.8651997,3.0000000,-10.3995101),(-11.4622889,3.0000000,-10.0850528),(-11.3928523,3.0000000,-9.9901997),(-11.8651997,3.0000000,-10.3995101),(-11.3928523,3.0000000,-9.9901997),(-11.3340983,3.0000000,-9.8887320),(-11.8651997,3.0000000,-10.3995101),(-11.3340983,3.0000000,-9.8887320),(-11.2860268,3.0000000,-9.7806497),(-11.8651997,3.0000000,-10.3995101),(-11.2860268,3.0000000,-9.7806497),(-11.2486379,3.0000000,-9.6659528),(-11.8651997,3.0000000,-10.3995101),(-11.2486379,3.0000000,-9.6659528),(-11.2219315,3.0000000,-9.5446414),(-11.8651997,3.0000000,-10.3995101),(-11.2219315,3.0000000,-9.5446414),(-11.2059077,3.0000000,-9.4167153),(-11.8651997,3.0000000,-10.3995101),(-11.2059077,3.0000000,-9.4167153),(-11.2005664,3.0000000,-9.2821747),(-11.8651997,3.0000000,-10.3995101),(-11.2005664,3.0000000,-9.2821747),(-11.2018562,3.0000000,-9.1788921),(-11.8651997,3.0000000,-10.3995101),(-11.2018562,3.0000000,-9.1788921),(-11.2057258,3.0000000,-9.0796527),(-11.8651997,3.0000000,-10.3995101),(-11.2057258,3.0000000,-9.0796527),(-11.2121750,3.0000000,-8.9844565),(-11.8651997,3.0000000,-10.3995101),(-11.2121750,3.0000000,-8.9844565),(-11.2212039,3.0000000,-8.8933034),(-11.8651997,3.0000000,-10.3995101),(-11.2212039,3.0000000,-8.8933034),(-11.2328125,3.0000000,-8.8061934),(-11.8651997,3.0000000,-10.3995101),(-11.2328125,3.0000000,-8.8061934),(-11.2470008,3.0000000,-8.7231267),(-11.8651997,3.0000000,-10.3995101),(-11.2470008,3.0000000,-8.7231267),(-11.2637687,3.0000000,-8.6441031),(-11.8651997,3.0000000,-10.3995101),(-11.2637687,3.0000000,-8.6441031),(-11.2831164,3.0000000,-8.5691226),(-11.8651997,3.0000000,-10.3995101),(-11.2831164,3.0000000,-8.5691226),(-11.3295508,3.0000000,-8.4312913),(-11.3295508,3.0000000,-8.4312913),(-11.3863039,3.0000000,-8.3096325),(-11.4533758,3.0000000,-8.2041465),(-11.3295508,3.0000000,-8.4312913),(-11.4533758,3.0000000,-8.2041465),(-11.5307664,3.0000000,-8.1148330),(-11.3295508,3.0000000,-8.4312913),(-11.5307664,3.0000000,-8.1148330),(-11.6102571,3.0000000,-8.0453799),(-11.3295508,3.0000000,-8.4312913),(-11.6102571,3.0000000,-8.0453799),(-11.6920961,3.0000000,-7.9851872),(-11.3295508,3.0000000,-8.4312913),(-11.6920961,3.0000000,-7.9851872),(-11.7762832,3.0000000,-7.9342549),(-11.3295508,3.0000000,-8.4312913),(-11.7762832,3.0000000,-7.9342549),(-11.8628185,3.0000000,-7.8925830),(-11.3295508,3.0000000,-8.4312913),(-11.8628185,3.0000000,-7.8925830),(-11.9517019,3.0000000,-7.8601716),(-11.3295508,3.0000000,-8.4312913),(-11.9517019,3.0000000,-7.8601716),(-12.0429336,3.0000000,-7.8370205),(-11.3295508,3.0000000,-8.4312913),(-12.0429336,3.0000000,-7.8370205),(-12.1365134,3.0000000,-7.8231299),(-11.3295508,3.0000000,-8.4312913),(-12.1365134,3.0000000,-7.8231299),(-12.2324414,3.0000000,-7.8184997),(-11.3295508,3.0000000,-8.4312913),(-12.2324414,3.0000000,-7.8184997),(-12.3177530,3.0000000,-7.8217574),(-11.3295508,3.0000000,-8.4312913),(-12.3177530,3.0000000,-7.8217574),(-12.4001211,3.0000000,-7.8315304),(-11.3295508,3.0000000,-8.4312913),(-12.4001211,3.0000000,-7.8315304),(-12.4795457,3.0000000,-7.8478189),(-11.3295508,3.0000000,-8.4312913),(-12.4795457,3.0000000,-7.8478189),(-12.5560268,3.0000000,-7.8706226),(-11.3295508,3.0000000,-8.4312913),(-12.5560268,3.0000000,-7.8706226),(-12.7001586,3.0000000,-7.9357763),(-11.3295508,3.0000000,-8.4312913),(-12.7001586,3.0000000,-7.9357763),(-12.8325164,3.0000000,-8.0269914),(-12.7901830,3.0000000,-6.8490664),(-11.5148914,3.0000000,-6.8490664),(-11.4333997,3.0000000,-6.8331914),(-12.7901830,3.0000000,-6.8490664),(-11.4333997,3.0000000,-6.8331914),(-11.3646080,3.0000000,-6.7855664),(-12.7901830,3.0000000,-6.8490664),(-11.3646080,3.0000000,-6.7855664),(-11.3177768,3.0000000,-6.7162455),(-12.7901830,3.0000000,-6.8490664),(-11.3177768,3.0000000,-6.7162455),(-11.3021664,3.0000000,-6.6352830),(-12.7901830,3.0000000,-6.8490664),(-11.3021664,3.0000000,-6.6352830),(-11.3177768,3.0000000,-6.5545851),(-12.7901830,3.0000000,-6.8490664),(-11.3177768,3.0000000,-6.5545851),(-11.3646080,3.0000000,-6.4860580),(-12.7901830,3.0000000,-6.8490664),(-11.3646080,3.0000000,-6.4860580),(-11.4333997,3.0000000,-6.4384330),(-12.7901830,3.0000000,-6.8490664),(-11.4333997,3.0000000,-6.4384330),(-11.5148914,3.0000000,-6.4225580),(-12.7901830,3.0000000,-6.8490664),(-11.5148914,3.0000000,-6.4225580),(-12.9870330,3.0000000,-6.4225580),(-12.8325164,3.0000000,-8.0269914),(-12.7901830,3.0000000,-6.8490664),(-12.9870330,3.0000000,-6.4225580),(-12.8325164,3.0000000,-8.0269914),(-12.9870330,3.0000000,-6.4225580),(-13.0674664,3.0000000,-6.4365810),(-12.8325164,3.0000000,-8.0269914),(-13.0674664,3.0000000,-6.4365810),(-13.1373164,3.0000000,-6.4786497),(-12.8325164,3.0000000,-8.0269914),(-13.1373164,3.0000000,-6.4786497),(-13.1849414,3.0000000,-6.5437372),(-12.8325164,3.0000000,-8.0269914),(-13.1849414,3.0000000,-6.5437372),(-13.2008164,3.0000000,-6.6225830),(-12.8325164,3.0000000,-8.0269914),(-13.2008164,3.0000000,-6.6225830),(-13.2812497,3.0000000,-8.6873914),(-12.8325164,3.0000000,-8.0269914),(-13.2812497,3.0000000,-8.6873914),(-13.2680205,3.0000000,-8.7667664),(-12.8325164,3.0000000,-8.0269914),(-13.2680205,3.0000000,-8.7667664),(-13.2283330,3.0000000,-8.8376747),(-12.8325164,3.0000000,-8.0269914),(-13.2283330,3.0000000,-8.8376747),(-13.1632455,3.0000000,-8.8916497),(-12.8325164,3.0000000,-8.0269914),(-13.1632455,3.0000000,-8.8916497),(-13.0801664,3.0000000,-8.9096414),(-12.8325164,3.0000000,-8.0269914),(-13.0801664,3.0000000,-8.9096414),(-12.9989393,3.0000000,-8.8961476),(-12.8325164,3.0000000,-8.0269914),(-12.9989393,3.0000000,-8.8961476),(-12.9267080,3.0000000,-8.8556664),(-12.8325164,3.0000000,-8.0269914),(-12.9267080,3.0000000,-8.8556664),(-12.8642664,3.0000000,-8.7540664),(-12.8325164,3.0000000,-8.0269914),(-12.8642664,3.0000000,-8.7540664),(-12.8302674,3.0000000,-8.6689367),(-12.8325164,3.0000000,-8.0269914),(-12.8302674,3.0000000,-8.6689367),(-12.7811872,3.0000000,-8.5849976),(-12.8325164,3.0000000,-8.0269914),(-12.7811872,3.0000000,-8.5849976),(-12.7170258,3.0000000,-8.5022492),(-12.8325164,3.0000000,-8.0269914),(-12.7170258,3.0000000,-8.5022492),(-12.6377830,3.0000000,-8.4206914),(-12.8325164,3.0000000,-8.0269914),(-12.6377830,3.0000000,-8.4206914),(-12.5422023,3.0000000,-8.3429039),(-12.8325164,3.0000000,-8.0269914),(-12.5422023,3.0000000,-8.3429039),(-12.4427851,3.0000000,-8.2873414),(-12.8325164,3.0000000,-8.0269914),(-12.4427851,3.0000000,-8.2873414),(-12.3395315,3.0000000,-8.2540039),(-12.8325164,3.0000000,-8.0269914),(-12.3395315,3.0000000,-8.2540039),(-12.2324414,3.0000000,-8.2428914),(-12.8325164,3.0000000,-8.0269914),(-12.2324414,3.0000000,-8.2428914),(-12.1259466,3.0000000,-8.2540039),(-11.3295508,3.0000000,-8.4312913),(-12.8325164,3.0000000,-8.0269914),(-12.1259466,3.0000000,-8.2540039),(-11.3295508,3.0000000,-8.4312913),(-12.1259466,3.0000000,-8.2540039),(-12.0234205,3.0000000,-8.2873414),(-11.3295508,3.0000000,-8.4312913),(-12.0234205,3.0000000,-8.2873414),(-11.9248633,3.0000000,-8.3429039),(-11.3295508,3.0000000,-8.4312913),(-11.9248633,3.0000000,-8.3429039),(-11.8302747,3.0000000,-8.4206914),(-11.3295508,3.0000000,-8.4312913),(-11.8302747,3.0000000,-8.4206914),(-11.7399857,3.0000000,-8.5492789),(-11.3295508,3.0000000,-8.4312913),(-11.7399857,3.0000000,-8.5492789),(-11.7045149,3.0000000,-8.6354008),(-11.3295508,3.0000000,-8.4312913),(-11.7045149,3.0000000,-8.6354008),(-11.6754935,3.0000000,-8.7360747),(-11.3295508,3.0000000,-8.4312913),(-11.6754935,3.0000000,-8.7360747),(-11.6529212,3.0000000,-8.8513008),(-11.3295508,3.0000000,-8.4312913),(-11.6529212,3.0000000,-8.8513008),(-11.6367982,3.0000000,-8.9810789),(-11.3295508,3.0000000,-8.4312913),(-11.6367982,3.0000000,-8.9810789),(-11.6271243,3.0000000,-9.1254091),(-11.3295508,3.0000000,-8.4312913),(-11.6271243,3.0000000,-9.1254091),(-11.6238997,3.0000000,-9.2842914),(-11.3295508,3.0000000,-8.4312913),(-11.6238997,3.0000000,-9.2842914),(-11.6273393,3.0000000,-9.3757380),(-11.3295508,3.0000000,-8.4312913),(-11.6273393,3.0000000,-9.3757380),(-11.6376580,3.0000000,-9.4622237),(-11.3295508,3.0000000,-8.4312913),(-11.6376580,3.0000000,-9.4622237),(-11.6548560,3.0000000,-9.5437484),(-11.8651997,3.0000000,-10.3995101),(-11.3295508,3.0000000,-8.4312913),(-11.6548560,3.0000000,-9.5437484),(-11.8651997,3.0000000,-10.3995101),(-11.6548560,3.0000000,-9.5437484),(-11.6789330,3.0000000,-9.6203122),(-11.8651997,3.0000000,-10.3995101),(-11.6789330,3.0000000,-9.6203122),(-11.7477247,3.0000000,-9.7585570),(-11.8651997,3.0000000,-10.3995101),(-11.7477247,3.0000000,-9.7585570),(-11.8440330,3.0000000,-9.8769580),(-11.8651997,3.0000000,-10.3995101),(-11.8440330,3.0000000,-9.8769580),(-11.9353143,3.0000000,-9.9528935),(-11.8651997,3.0000000,-10.3995101),(-11.9353143,3.0000000,-9.9528935),(-12.0313580,3.0000000,-10.0071330),(-11.8651997,3.0000000,-10.3995101),(-12.0313580,3.0000000,-10.0071330),(-12.1321643,3.0000000,-10.0396768),(-11.8651997,3.0000000,-10.3995101),(-12.1321643,3.0000000,-10.0396768),(-12.2377330,3.0000000,-10.0505247),(-11.8651997,3.0000000,-10.3995101),(-12.2377330,3.0000000,-10.0505247),(-12.3403252,3.0000000,-10.0392799),(-11.8651997,3.0000000,-10.3995101),(-12.3403252,3.0000000,-10.0392799),(-12.4427851,3.0000000,-10.0055455),(-11.8651997,3.0000000,-10.3995101),(-12.4427851,3.0000000,-10.0055455),(-12.5451127,3.0000000,-9.9493216),(-13.2420914,3.0000000,-9.5552247),(-11.8651997,3.0000000,-10.3995101),(-12.5451127,3.0000000,-9.9493216),(-13.2420914,3.0000000,-9.5552247),(-12.5451127,3.0000000,-9.9493216),(-12.6473080,3.0000000,-9.8706080),(-13.2420914,3.0000000,-9.5552247),(-12.6473080,3.0000000,-9.8706080),(-12.7494372,3.0000000,-9.7277330),(-13.2420914,3.0000000,-9.5552247),(-12.7494372,3.0000000,-9.7277330),(-12.7889924,3.0000000,-9.6277205),(-13.2420914,3.0000000,-9.5552247),(-12.7889924,3.0000000,-9.6277205),(-12.8208747,3.0000000,-9.5086580),(-13.2420914,3.0000000,-9.5552247),(-12.8208747,3.0000000,-9.5086580),(-12.8649278,3.0000000,-9.4359638),(-13.2420914,3.0000000,-9.5552247),(-12.8649278,3.0000000,-9.4359638),(-12.9134789,3.0000000,-9.3840393),(-13.2420914,3.0000000,-9.5552247),(-12.9134789,3.0000000,-9.3840393),(-13.0240747,3.0000000,-9.3424997),(-13.2420914,3.0000000,-9.5552247),(-13.0240747,3.0000000,-9.3424997),(-13.0314830,3.0000000,-9.3424997),(-13.2420914,3.0000000,-9.5552247),(-13.0314830,3.0000000,-9.3424997),(-13.1053679,3.0000000,-9.3581763),(-13.2420914,3.0000000,-9.5552247),(-13.1053679,3.0000000,-9.3581763),(-13.1650976,3.0000000,-9.3988560),(-7.4676414,3.0000000,-10.4246455),(-7.3681580,3.0000000,-10.5336539),(-7.2549164,3.0000000,-10.5611705),(-7.4676414,3.0000000,-10.4246455),(-7.2549164,3.0000000,-10.5611705),(-7.1538455,3.0000000,-10.5357705),(-7.4676414,3.0000000,-10.4246455),(-7.1538455,3.0000000,-10.5357705),(-7.0771164,3.0000000,-10.4595705),(-7.4676414,3.0000000,-10.4246455),(-7.0771164,3.0000000,-10.4595705),(-7.0697080,3.0000000,-10.4532205),(-7.4676414,3.0000000,-10.4246455),(-7.0697080,3.0000000,-10.4532205),(-5.8240497,3.0000000,-8.2857539),(-7.4676414,3.0000000,-10.4246455),(-5.8240497,3.0000000,-8.2857539),(-5.7965330,3.0000000,-8.1788622),(-7.4676414,3.0000000,-10.4246455),(-5.7965330,3.0000000,-8.1788622),(-5.8243143,3.0000000,-8.0695893),(-7.4676414,3.0000000,-10.4246455),(-5.8243143,3.0000000,-8.0695893),(-5.9076580,3.0000000,-7.9915372),(-7.4676414,3.0000000,-10.4246455),(-5.9076580,3.0000000,-7.9915372),(-6.0145497,3.0000000,-7.9619039),(-7.4676414,3.0000000,-10.4246455),(-6.0145497,3.0000000,-7.9619039),(-6.1232935,3.0000000,-7.9896851),(-7.4676414,3.0000000,-10.4246455),(-6.1232935,3.0000000,-7.9896851),(-6.1997580,3.0000000,-8.0730289),(-7.4676414,3.0000000,-10.4246455),(-6.1997580,3.0000000,-8.0730289),(-7.0421914,3.0000000,-9.5388205),(-7.4676414,3.0000000,-10.4246455),(-7.0421914,3.0000000,-9.5388205),(-7.0421914,3.0000000,-6.9310872),(-7.0421914,3.0000000,-6.9310872),(-5.4557497,3.0000000,-6.9310872),(-5.3708185,3.0000000,-6.9152122),(-7.0421914,3.0000000,-6.9310872),(-5.3708185,3.0000000,-6.9152122),(-5.3001747,3.0000000,-6.8675872),(-7.0421914,3.0000000,-6.9310872),(-5.3001747,3.0000000,-6.8675872),(-5.2525497,3.0000000,-6.7980018),(-7.0421914,3.0000000,-6.9310872),(-5.2525497,3.0000000,-6.7980018),(-5.2366747,3.0000000,-6.7162455),(-7.0421914,3.0000000,-6.9310872),(-5.2366747,3.0000000,-6.7162455),(-5.2525497,3.0000000,-6.6342247),(-7.0421914,3.0000000,-6.9310872),(-5.2525497,3.0000000,-6.6342247),(-5.3001747,3.0000000,-6.5638455),(-7.0421914,3.0000000,-6.9310872),(-5.3001747,3.0000000,-6.5638455),(-5.3708185,3.0000000,-6.5146330),(-7.0421914,3.0000000,-6.9310872),(-5.3708185,3.0000000,-6.5146330),(-5.4557497,3.0000000,-6.4982289),(-7.0421914,3.0000000,-6.9310872),(-5.4557497,3.0000000,-6.4982289),(-7.2623247,3.0000000,-6.4982289),(-7.4676414,3.0000000,-10.4246455),(-7.0421914,3.0000000,-6.9310872),(-7.2623247,3.0000000,-6.4982289),(-7.2623247,3.0000000,-6.4982289),(-9.0678414,3.0000000,-6.4982289),(-9.1506560,3.0000000,-6.5146330),(-7.2623247,3.0000000,-6.4982289),(-9.1506560,3.0000000,-6.5146330),(-9.2191830,3.0000000,-6.5638455),(-7.2623247,3.0000000,-6.4982289),(-9.2191830,3.0000000,-6.5638455),(-9.2652205,3.0000000,-6.6342247),(-7.2623247,3.0000000,-6.4982289),(-9.2652205,3.0000000,-6.6342247),(-9.2805664,3.0000000,-6.7162455),(-7.2623247,3.0000000,-6.4982289),(-9.2805664,3.0000000,-6.7162455),(-9.2652205,3.0000000,-6.7980018),(-7.2623247,3.0000000,-6.4982289),(-9.2652205,3.0000000,-6.7980018),(-9.2191830,3.0000000,-6.8675872),(-7.2623247,3.0000000,-6.4982289),(-9.2191830,3.0000000,-6.8675872),(-9.1506560,3.0000000,-6.9152122),(-7.2623247,3.0000000,-6.4982289),(-9.1506560,3.0000000,-6.9152122),(-9.0678414,3.0000000,-6.9310872),(-7.2623247,3.0000000,-6.4982289),(-9.0678414,3.0000000,-6.9310872),(-7.4750497,3.0000000,-6.9310872),(-7.4676414,3.0000000,-10.4246455),(-7.2623247,3.0000000,-6.4982289),(-7.4750497,3.0000000,-6.9310872),(-7.4676414,3.0000000,-10.4246455),(-7.4750497,3.0000000,-6.9310872),(-7.4750497,3.0000000,-9.5430539),(-7.4676414,3.0000000,-10.4246455),(-7.4750497,3.0000000,-9.5430539),(-8.3312414,3.0000000,-8.0539789),(-7.4676414,3.0000000,-10.4246455),(-8.3312414,3.0000000,-8.0539789),(-8.4108810,3.0000000,-7.9746039),(-7.4676414,3.0000000,-10.4246455),(-8.4108810,3.0000000,-7.9746039),(-8.5185664,3.0000000,-7.9481455),(-7.4676414,3.0000000,-10.4246455),(-8.5185664,3.0000000,-7.9481455),(-8.6296914,3.0000000,-7.9756622),(-7.4676414,3.0000000,-10.4246455),(-8.6296914,3.0000000,-7.9756622),(-8.7114476,3.0000000,-8.0553018),(-7.4676414,3.0000000,-10.4246455),(-8.7114476,3.0000000,-8.0553018),(-8.7386997,3.0000000,-8.1651039),(-7.4676414,3.0000000,-10.4246455),(-8.7386997,3.0000000,-8.1651039),(-8.7069497,3.0000000,-8.2741122),(-2.6183580,3.0000000,-8.2137872),(-2.5707330,3.0000000,-8.1651039),(-2.5146745,3.0000000,-8.0875314),(-2.6183580,3.0000000,-8.2137872),(-2.5146745,3.0000000,-8.0875314),(-2.4660903,3.0000000,-8.0061554),(-2.6183580,3.0000000,-8.2137872),(-2.4660903,3.0000000,-8.0061554),(-2.4249807,3.0000000,-7.9209761),(-2.6183580,3.0000000,-8.2137872),(-2.4249807,3.0000000,-7.9209761),(-2.3913455,3.0000000,-7.8319935),(-2.6183580,3.0000000,-8.2137872),(-2.3913455,3.0000000,-7.8319935),(-2.3651849,3.0000000,-7.7392074),(-2.6183580,3.0000000,-8.2137872),(-2.3651849,3.0000000,-7.7392074),(-2.3464987,3.0000000,-7.6426179),(-2.6183580,3.0000000,-8.2137872),(-2.3464987,3.0000000,-7.6426179),(-2.3352870,3.0000000,-7.5422251),(-2.6183580,3.0000000,-8.2137872),(-2.3352870,3.0000000,-7.5422251),(-2.3315497,3.0000000,-7.4380289),(-2.6183580,3.0000000,-8.2137872),(-2.3315497,3.0000000,-7.4380289),(-2.3352704,3.0000000,-7.3339153),(-2.6183580,3.0000000,-8.2137872),(-2.3352704,3.0000000,-7.3339153),(-2.3464325,3.0000000,-7.2342997),(-2.6183580,3.0000000,-8.2137872),(-2.3464325,3.0000000,-7.2342997),(-2.3650360,3.0000000,-7.1391820),(-2.6183580,3.0000000,-8.2137872),(-2.3650360,3.0000000,-7.1391820),(-2.3910810,3.0000000,-7.0485622),(-2.6183580,3.0000000,-8.2137872),(-2.3910810,3.0000000,-7.0485622),(-2.4245673,3.0000000,-6.9624403),(-2.6183580,3.0000000,-8.2137872),(-2.4245673,3.0000000,-6.9624403),(-2.4654950,3.0000000,-6.8808164),(-2.6183580,3.0000000,-8.2137872),(-2.4654950,3.0000000,-6.8808164),(-2.5138642,3.0000000,-6.8036903),(-2.6183580,3.0000000,-8.2137872),(-2.5138642,3.0000000,-6.8036903),(-2.5696747,3.0000000,-6.7310622),(-2.6183580,3.0000000,-8.2137872),(-2.5696747,3.0000000,-6.7310622),(-2.6314218,3.0000000,-6.6650817),(-2.6183580,3.0000000,-8.2137872),(-2.6314218,3.0000000,-6.6650817),(-2.6981299,3.0000000,-6.6078987),(-2.6183580,3.0000000,-8.2137872),(-2.6981299,3.0000000,-6.6078987),(-2.7697989,3.0000000,-6.5595130),(-2.6183580,3.0000000,-8.2137872),(-2.7697989,3.0000000,-6.5595130),(-2.8464289,3.0000000,-6.5199247),(-2.8464289,3.0000000,-6.5199247),(-2.9280198,3.0000000,-6.4891338),(-3.0145716,3.0000000,-6.4671403),(-2.8464289,3.0000000,-6.5199247),(-3.0145716,3.0000000,-6.4671403),(-3.1060843,3.0000000,-6.4539442),(-2.8464289,3.0000000,-6.5199247),(-3.1060843,3.0000000,-6.4539442),(-3.2025580,3.0000000,-6.4495455),(-2.8464289,3.0000000,-6.5199247),(-3.2025580,3.0000000,-6.4495455),(-3.2980726,3.0000000,-6.4539277),(-2.8464289,3.0000000,-6.5199247),(-3.2980726,3.0000000,-6.4539277),(-3.3893539,3.0000000,-6.4670742),(-2.8464289,3.0000000,-6.5199247),(-3.3893539,3.0000000,-6.4670742),(-3.4764018,3.0000000,-6.4889850),(-2.8464289,3.0000000,-6.5199247),(-3.4764018,3.0000000,-6.4889850),(-3.5592164,3.0000000,-6.5196601),(-2.8464289,3.0000000,-6.5199247),(-3.5592164,3.0000000,-6.5196601),(-3.6377976,3.0000000,-6.5590996),(-2.8464289,3.0000000,-6.5199247),(-3.6377976,3.0000000,-6.5590996),(-3.7121455,3.0000000,-6.6073034),(-2.8464289,3.0000000,-6.5199247),(-3.7121455,3.0000000,-6.6073034),(-3.7822601,3.0000000,-6.6642715),(-2.8464289,3.0000000,-6.5199247),(-3.7822601,3.0000000,-6.6642715),(-3.8481414,3.0000000,-6.7300039),(-2.8464289,3.0000000,-6.5199247),(-3.8481414,3.0000000,-6.7300039),(-3.9079207,3.0000000,-6.8024170),(-2.8464289,3.0000000,-6.5199247),(-3.9079207,3.0000000,-6.8024170),(-3.9597294,3.0000000,-6.8794273),(-2.8464289,3.0000000,-6.5199247),(-3.9597294,3.0000000,-6.8794273),(-4.0035676,3.0000000,-6.9610347),(-2.8464289,3.0000000,-6.5199247),(-4.0035676,3.0000000,-6.9610347),(-4.0394351,3.0000000,-7.0472393),(-2.8464289,3.0000000,-6.5199247),(-4.0394351,3.0000000,-7.0472393),(-4.0673321,3.0000000,-7.1380410),(-2.8464289,3.0000000,-6.5199247),(-4.0673321,3.0000000,-7.1380410),(-4.0872586,3.0000000,-7.2334398),(-2.8464289,3.0000000,-6.5199247),(-4.0872586,3.0000000,-7.2334398),(-4.0992144,3.0000000,-7.3334358),(-4.0992144,3.0000000,-7.3334358),(-4.1031997,3.0000000,-7.4380289),(-4.0878539,3.0000000,-7.5203143),(-4.0992144,3.0000000,-7.3334358),(-4.0878539,3.0000000,-7.5203143),(-4.0418164,3.0000000,-7.5893705),(-4.0992144,3.0000000,-7.3334358),(-4.0418164,3.0000000,-7.5893705),(-3.9735539,3.0000000,-7.6362018),(-4.0992144,3.0000000,-7.3334358),(-3.9735539,3.0000000,-7.6362018),(-3.8915330,3.0000000,-7.6518122),(-4.0992144,3.0000000,-7.3334358),(-3.8915330,3.0000000,-7.6518122),(-3.8087185,3.0000000,-7.6362018),(-4.0992144,3.0000000,-7.3334358),(-3.8087185,3.0000000,-7.6362018),(-3.7401914,3.0000000,-7.5893705),(-4.0992144,3.0000000,-7.3334358),(-3.7401914,3.0000000,-7.5893705),(-3.6941539,3.0000000,-7.5203143),(-4.0992144,3.0000000,-7.3334358),(-3.6941539,3.0000000,-7.5203143),(-3.6788080,3.0000000,-7.4380289),(-4.0992144,3.0000000,-7.3334358),(-3.6788080,3.0000000,-7.4380289),(-3.6701429,3.0000000,-7.3117565),(-4.0992144,3.0000000,-7.3334358),(-3.6701429,3.0000000,-7.3117565),(-3.6441476,3.0000000,-7.2006976),(-4.0992144,3.0000000,-7.3334358),(-3.6441476,3.0000000,-7.2006976),(-3.6008221,3.0000000,-7.1048523),(-4.0992144,3.0000000,-7.3334358),(-3.6008221,3.0000000,-7.1048523),(-3.5401664,3.0000000,-7.0242205),(-4.0992144,3.0000000,-7.3334358),(-3.5401664,3.0000000,-7.0242205),(-3.4686627,3.0000000,-6.9593976),(-2.8464289,3.0000000,-6.5199247),(-4.0992144,3.0000000,-7.3334358),(-3.4686627,3.0000000,-6.9593976),(-2.8464289,3.0000000,-6.5199247),(-3.4686627,3.0000000,-6.9593976),(-3.3885601,3.0000000,-6.9130955),(-2.8464289,3.0000000,-6.5199247),(-3.3885601,3.0000000,-6.9130955),(-3.2998586,3.0000000,-6.8853143),(-2.8464289,3.0000000,-6.5199247),(-3.2998586,3.0000000,-6.8853143),(-3.2025580,3.0000000,-6.8760539),(-2.8464289,3.0000000,-6.5199247),(-3.2025580,3.0000000,-6.8760539),(-3.1086971,3.0000000,-6.8852482),(-2.8464289,3.0000000,-6.5199247),(-3.1086971,3.0000000,-6.8852482),(-3.0239643,3.0000000,-6.9128310),(-2.8464289,3.0000000,-6.5199247),(-3.0239643,3.0000000,-6.9128310),(-2.9483596,3.0000000,-6.9588023),(-2.8464289,3.0000000,-6.5199247),(-2.9483596,3.0000000,-6.9588023),(-2.8818830,3.0000000,-7.0231622),(-2.8464289,3.0000000,-6.5199247),(-2.8818830,3.0000000,-7.0231622),(-2.8277096,3.0000000,-7.1042570),(-2.8464289,3.0000000,-6.5199247),(-2.8277096,3.0000000,-7.1042570),(-2.7890143,3.0000000,-7.2004330),(-2.8464289,3.0000000,-6.5199247),(-2.7890143,3.0000000,-7.2004330),(-2.7657971,3.0000000,-7.3116903),(-2.6183580,3.0000000,-8.2137872),(-2.8464289,3.0000000,-6.5199247),(-2.7657971,3.0000000,-7.3116903),(-2.6183580,3.0000000,-8.2137872),(-2.7657971,3.0000000,-7.3116903),(-2.7580580,3.0000000,-7.4380289),(-2.6183580,3.0000000,-8.2137872),(-2.7580580,3.0000000,-7.4380289),(-2.7657310,3.0000000,-7.5660872),(-2.6183580,3.0000000,-8.2137872),(-2.7657310,3.0000000,-7.5660872),(-2.7887497,3.0000000,-7.6814455),(-2.6183580,3.0000000,-8.2137872),(-2.7887497,3.0000000,-7.6814455),(-2.8271143,3.0000000,-7.7841039),(-2.6183580,3.0000000,-8.2137872),(-2.8271143,3.0000000,-7.7841039),(-2.8808247,3.0000000,-7.8740622),(-2.6183580,3.0000000,-8.2137872),(-2.8808247,3.0000000,-7.8740622),(-2.9430679,3.0000000,-7.9388851),(-2.5339560,3.0000000,-8.2899872),(-2.6183580,3.0000000,-8.2137872),(-2.9430679,3.0000000,-7.9388851),(-2.5339560,3.0000000,-8.2899872),(-2.9430679,3.0000000,-7.9388851),(-3.0123226,3.0000000,-7.9851872),(-2.5339560,3.0000000,-8.2899872),(-3.0123226,3.0000000,-7.9851872),(-3.0885888,3.0000000,-8.0129685),(-2.5339560,3.0000000,-8.2899872),(-3.0885888,3.0000000,-8.0129685),(-3.1718664,3.0000000,-8.0222289),(-2.5339560,3.0000000,-8.2899872),(-3.1718664,3.0000000,-8.0222289),(-3.2141997,3.0000000,-8.0222289),(-2.5339560,3.0000000,-8.2899872),(-3.2141997,3.0000000,-8.0222289),(-3.2808747,3.0000000,-8.0222289),(-2.5339560,3.0000000,-8.2899872),(-3.2808747,3.0000000,-8.0222289),(-3.3623664,3.0000000,-8.0378393),(-2.5339560,3.0000000,-8.2899872),(-3.3623664,3.0000000,-8.0378393),(-3.4311580,3.0000000,-8.0846705),(-2.5339560,3.0000000,-8.2899872),(-3.4311580,3.0000000,-8.0846705),(-3.4779893,3.0000000,-8.1531976),(-2.5339560,3.0000000,-8.2899872),(-3.4779893,3.0000000,-8.1531976),(-3.4935997,3.0000000,-8.2338955),(-2.5339560,3.0000000,-8.2899872),(-3.4935997,3.0000000,-8.2338955),(-3.4779893,3.0000000,-8.3148580),(-2.5339560,3.0000000,-8.2899872),(-3.4779893,3.0000000,-8.3148580),(-3.4311580,3.0000000,-8.3841789),(-2.5339560,3.0000000,-8.2899872),(-3.4311580,3.0000000,-8.3841789),(-3.3623664,3.0000000,-8.4318039),(-2.5339560,3.0000000,-8.2899872),(-3.3623664,3.0000000,-8.4318039),(-3.2808747,3.0000000,-8.4476789),(-2.5339560,3.0000000,-8.2899872),(-3.2808747,3.0000000,-8.4476789),(-3.2141997,3.0000000,-8.4476789),(-2.5339560,3.0000000,-8.2899872),(-3.2141997,3.0000000,-8.4476789),(-3.0838263,3.0000000,-8.4616357),(-2.5339560,3.0000000,-8.2899872),(-3.0838263,3.0000000,-8.4616357),(-2.9657560,3.0000000,-8.5035060),(-2.5339560,3.0000000,-8.2899872),(-2.9657560,3.0000000,-8.5035060),(-2.8599888,3.0000000,-8.5732898),(-2.5339560,3.0000000,-8.2899872),(-2.8599888,3.0000000,-8.5732898),(-2.7665247,3.0000000,-8.6709872),(-2.5339560,3.0000000,-8.2899872),(-2.7665247,3.0000000,-8.6709872),(-2.6896633,3.0000000,-8.7921664),(-2.5339560,3.0000000,-8.2899872),(-2.6896633,3.0000000,-8.7921664),(-2.6347622,3.0000000,-8.9323955),(-2.5339560,3.0000000,-8.2899872),(-2.6347622,3.0000000,-8.9323955),(-2.6018216,3.0000000,-9.0916747),(-2.5339560,3.0000000,-8.2899872),(-2.6018216,3.0000000,-9.0916747),(-2.5935864,3.0000000,-9.1784580),(-2.5339560,3.0000000,-8.2899872),(-2.5935864,3.0000000,-9.1784580),(-2.5908414,3.0000000,-9.2700039),(-2.5339560,3.0000000,-8.2899872),(-2.5908414,3.0000000,-9.2700039),(-2.5936195,3.0000000,-9.3606898),(-3.8126211,3.0000000,-9.3055077),(-3.8153330,3.0000000,-9.2054455),(-3.8312080,3.0000000,-9.1234247),(-3.8044851,3.0000000,-9.3998482),(-3.8126211,3.0000000,-9.3055077),(-3.8312080,3.0000000,-9.1234247),(-3.8044851,3.0000000,-9.3998482),(-3.8312080,3.0000000,-9.1234247),(-3.8788330,3.0000000,-9.0551622),(-3.7909252,3.0000000,-9.4884670),(-3.8044851,3.0000000,-9.3998482),(-3.8788330,3.0000000,-9.0551622),(-3.7909252,3.0000000,-9.4884670),(-3.8788330,3.0000000,-9.0551622),(-3.9481539,3.0000000,-9.0091247),(-3.7719414,3.0000000,-9.5713643),(-3.7909252,3.0000000,-9.4884670),(-3.9481539,3.0000000,-9.0091247),(-3.7719414,3.0000000,-9.5713643),(-3.9481539,3.0000000,-9.0091247),(-4.0312330,3.0000000,-8.9937789),(-3.7177018,3.0000000,-9.7199940),(-3.7719414,3.0000000,-9.5713643),(-4.0312330,3.0000000,-8.9937789),(-3.7177018,3.0000000,-9.7199940),(-4.0312330,3.0000000,-8.9937789),(-4.1140476,3.0000000,-9.0091247),(-3.7177018,3.0000000,-9.7199940),(-4.1140476,3.0000000,-9.0091247),(-4.1825747,3.0000000,-9.0551622),(-3.6417664,3.0000000,-9.8457372),(-3.7177018,3.0000000,-9.7199940),(-4.1825747,3.0000000,-9.0551622),(-3.6417664,3.0000000,-9.8457372),(-4.1825747,3.0000000,-9.0551622),(-4.2286122,3.0000000,-9.1234247),(-3.6417664,3.0000000,-9.8457372),(-4.2286122,3.0000000,-9.1234247),(-4.2439580,3.0000000,-9.2054455),(-3.5512127,3.0000000,-9.9452867),(-3.6417664,3.0000000,-9.8457372),(-4.2439580,3.0000000,-9.2054455),(-3.5512127,3.0000000,-9.9452867),(-4.2439580,3.0000000,-9.2054455),(-4.2395428,3.0000000,-9.3424170),(-3.5512127,3.0000000,-9.9452867),(-4.2395428,3.0000000,-9.3424170),(-4.2262971,3.0000000,-9.4734023),(-3.5512127,3.0000000,-9.9452867),(-4.2262971,3.0000000,-9.4734023),(-4.2042209,3.0000000,-9.5984014),(-3.4478268,3.0000000,-10.0163935),(-3.5512127,3.0000000,-9.9452867),(-4.2042209,3.0000000,-9.5984014),(-3.4478268,3.0000000,-10.0163935),(-4.2042209,3.0000000,-9.5984014),(-4.1733143,3.0000000,-9.7174143),(-3.4478268,3.0000000,-10.0163935),(-4.1733143,3.0000000,-9.7174143),(-4.1335772,3.0000000,-9.8304410),(-3.3316086,3.0000000,-10.0590575),(-3.4478268,3.0000000,-10.0163935),(-4.1335772,3.0000000,-9.8304410),(-3.3316086,3.0000000,-10.0590575),(-4.1335772,3.0000000,-9.8304410),(-4.0850096,3.0000000,-9.9374815),(-3.3316086,3.0000000,-10.0590575),(-4.0850096,3.0000000,-9.9374815),(-4.0276116,3.0000000,-10.0385358),(-3.2025580,3.0000000,-10.0732789),(-3.3316086,3.0000000,-10.0590575),(-4.0276116,3.0000000,-10.0385358),(-3.2025580,3.0000000,-10.0732789),(-4.0276116,3.0000000,-10.0385358),(-3.9613830,3.0000000,-10.1336039),(-3.2025580,3.0000000,-10.0732789),(-3.9613830,3.0000000,-10.1336039),(-3.8893337,3.0000000,-10.2191801),(-3.0789976,3.0000000,-10.0598513),(-3.2025580,3.0000000,-10.0732789),(-3.8893337,3.0000000,-10.2191801),(-3.0789976,3.0000000,-10.0598513),(-3.8893337,3.0000000,-10.2191801),(-3.8107690,3.0000000,-10.2933461),(-3.0789976,3.0000000,-10.0598513),(-3.8107690,3.0000000,-10.2933461),(-3.7256889,3.0000000,-10.3561019),(-2.9654914,3.0000000,-10.0195685),(-3.0789976,3.0000000,-10.0598513),(-3.7256889,3.0000000,-10.3561019),(-2.9654914,3.0000000,-10.0195685),(-3.7256889,3.0000000,-10.3561019),(-3.6340935,3.0000000,-10.4074476),(-2.9654914,3.0000000,-10.0195685),(-3.6340935,3.0000000,-10.4074476),(-3.5359827,3.0000000,-10.4473832),(-2.8620393,3.0000000,-9.9524304),(-2.9654914,3.0000000,-10.0195685),(-3.5359827,3.0000000,-10.4473832),(-2.8620393,3.0000000,-9.9524304),(-3.5359827,3.0000000,-10.4473832),(-3.4313565,3.0000000,-10.4759086),(-2.8620393,3.0000000,-9.9524304),(-3.4313565,3.0000000,-10.4759086),(-3.3202149,3.0000000,-10.4930238),(-2.7686414,3.0000000,-9.8584372),(-2.8620393,3.0000000,-9.9524304),(-3.3202149,3.0000000,-10.4930238),(-2.7686414,3.0000000,-9.8584372),(-3.3202149,3.0000000,-10.4930238),(-3.2025580,3.0000000,-10.4987289),(-2.7686414,3.0000000,-9.8584372),(-3.2025580,3.0000000,-10.4987289),(-3.0894321,3.0000000,-10.4932388),(-2.6908539,3.0000000,-9.7406976),(-2.7686414,3.0000000,-9.8584372),(-3.0894321,3.0000000,-10.4932388),(-2.6908539,3.0000000,-9.7406976),(-3.0894321,3.0000000,-10.4932388),(-2.9818294,3.0000000,-10.4767685),(-2.6352914,3.0000000,-9.6033789),(-2.6908539,3.0000000,-9.7406976),(-2.9818294,3.0000000,-10.4767685),(-2.6352914,3.0000000,-9.6033789),(-2.9818294,3.0000000,-10.4767685),(-2.8797498,3.0000000,-10.4493179),(-2.6352914,3.0000000,-9.6033789),(-2.8797498,3.0000000,-10.4493179),(-2.7831935,3.0000000,-10.4108872),(-2.6158445,3.0000000,-9.5273773),(-2.6352914,3.0000000,-9.6033789),(-2.7831935,3.0000000,-10.4108872),(-2.6158445,3.0000000,-9.5273773),(-2.7831935,3.0000000,-10.4108872),(-2.6921603,3.0000000,-10.3614763),(-2.6019539,3.0000000,-9.4464810),(-2.6158445,3.0000000,-9.5273773),(-2.6921603,3.0000000,-10.3614763),(-2.6019539,3.0000000,-9.4464810),(-2.6921603,3.0000000,-10.3614763),(-2.6066502,3.0000000,-10.3010851),(-2.5936195,3.0000000,-9.3606898),(-2.6019539,3.0000000,-9.4464810),(-2.6066502,3.0000000,-10.3010851),(-2.5339560,3.0000000,-8.2899872),(-2.5936195,3.0000000,-9.3606898),(-2.6066502,3.0000000,-10.3010851),(-2.5339560,3.0000000,-8.2899872),(-2.6066502,3.0000000,-10.3010851),(-2.5266634,3.0000000,-10.2297138),(-2.5339560,3.0000000,-8.2899872),(-2.5266634,3.0000000,-10.2297138),(-2.4521997,3.0000000,-10.1473622),(-2.5339560,3.0000000,-8.2899872),(-2.4521997,3.0000000,-10.1473622),(-2.3844829,3.0000000,-10.0560975),(-2.5339560,3.0000000,-8.2899872),(-2.3844829,3.0000000,-10.0560975),(-2.3257950,3.0000000,-9.9595742),(-2.5339560,3.0000000,-8.2899872),(-2.3257950,3.0000000,-9.9595742),(-2.2761360,3.0000000,-9.8577923),(-2.5339560,3.0000000,-8.2899872),(-2.2761360,3.0000000,-9.8577923),(-2.2355060,3.0000000,-9.7507518),(-2.5339560,3.0000000,-8.2899872),(-2.2355060,3.0000000,-9.7507518),(-2.2039048,3.0000000,-9.6384527),(-2.5339560,3.0000000,-8.2899872),(-2.2039048,3.0000000,-9.6384527),(-2.1813325,3.0000000,-9.5208950),(-2.5339560,3.0000000,-8.2899872),(-2.1813325,3.0000000,-9.5208950),(-2.1677892,3.0000000,-9.3980788),(-2.5339560,3.0000000,-8.2899872),(-2.1677892,3.0000000,-9.3980788),(-2.1632747,3.0000000,-9.2700039),(-2.5339560,3.0000000,-8.2899872),(-2.1632747,3.0000000,-9.2700039),(-2.1677561,3.0000000,-9.1406226),(-2.5339560,3.0000000,-8.2899872),(-2.1677561,3.0000000,-9.1406226),(-2.1812002,3.0000000,-9.0165330),(-2.5339560,3.0000000,-8.2899872),(-2.1812002,3.0000000,-9.0165330),(-2.2036071,3.0000000,-8.8977351),(-2.5339560,3.0000000,-8.2899872),(-2.2036071,3.0000000,-8.8977351),(-2.2349768,3.0000000,-8.7842289),(-2.5339560,3.0000000,-8.2899872),(-2.2349768,3.0000000,-8.7842289),(-2.2753092,3.0000000,-8.6760143),(-2.5339560,3.0000000,-8.2899872),(-2.2753092,3.0000000,-8.6760143),(-2.3246044,3.0000000,-8.5730914),(-2.5339560,3.0000000,-8.2899872),(-2.3246044,3.0000000,-8.5730914),(-2.3828623,3.0000000,-8.4754601),(-2.5339560,3.0000000,-8.2899872),(-2.3828623,3.0000000,-8.4754601),(-2.4500830,3.0000000,-8.3831205),(-23.8000247,3.0000000,-3.6847497),(-23.7029722,3.0000000,-3.7254294),(-23.6049607,3.0000000,-3.7606851),(-23.8000247,3.0000000,-3.6847497),(-23.6049607,3.0000000,-3.7606851),(-23.5059899,3.0000000,-3.7905169),(-23.8000247,3.0000000,-3.6847497),(-23.5059899,3.0000000,-3.7905169),(-23.4060601,3.0000000,-3.8149247),(-23.8000247,3.0000000,-3.6847497),(-23.4060601,3.0000000,-3.8149247),(-23.3051712,3.0000000,-3.8339086),(-23.8000247,3.0000000,-3.6847497),(-23.3051712,3.0000000,-3.8339086),(-23.2033232,3.0000000,-3.8474685),(-23.8000247,3.0000000,-3.6847497),(-23.2033232,3.0000000,-3.8474685),(-23.1005160,3.0000000,-3.8556044),(-23.8000247,3.0000000,-3.6847497),(-23.1005160,3.0000000,-3.8556044),(-22.9967497,3.0000000,-3.8583164),(-23.8000247,3.0000000,-3.6847497),(-22.9967497,3.0000000,-3.8583164),(-22.8609689,3.0000000,-3.8540004),(-23.8000247,3.0000000,-3.6847497),(-22.8609689,3.0000000,-3.8540004),(-22.7277346,3.0000000,-3.8410523),(-23.8000247,3.0000000,-3.6847497),(-22.7277346,3.0000000,-3.8410523),(-22.5970470,3.0000000,-3.8194722),(-23.8000247,3.0000000,-3.6847497),(-22.5970470,3.0000000,-3.8194722),(-22.4689060,3.0000000,-3.7892601),(-23.8000247,3.0000000,-3.6847497),(-22.4689060,3.0000000,-3.7892601),(-22.3433116,3.0000000,-3.7504160),(-23.8000247,3.0000000,-3.6847497),(-22.3433116,3.0000000,-3.7504160),(-22.2202638,3.0000000,-3.7029398),(-23.8000247,3.0000000,-3.6847497),(-22.2202638,3.0000000,-3.7029398),(-22.0997626,3.0000000,-3.6468316),(-23.8000247,3.0000000,-3.6847497),(-22.0997626,3.0000000,-3.6468316),(-21.9818080,3.0000000,-3.5820914),(-23.8000247,3.0000000,-3.6847497),(-21.9818080,3.0000000,-3.5820914),(-21.8682357,3.0000000,-3.5096948),(-23.8000247,3.0000000,-3.6847497),(-21.8682357,3.0000000,-3.5096948),(-21.7608810,3.0000000,-3.4311466),(-23.8000247,3.0000000,-3.6847497),(-21.7608810,3.0000000,-3.4311466),(-21.6597440,3.0000000,-3.3464468),(-23.8000247,3.0000000,-3.6847497),(-21.6597440,3.0000000,-3.3464468),(-21.5648247,3.0000000,-3.2555955),(-23.8000247,3.0000000,-3.6847497),(-21.5648247,3.0000000,-3.2555955),(-21.4761232,3.0000000,-3.1585927),(-21.4761232,3.0000000,-3.1585927),(-21.3936393,3.0000000,-3.0554383),(-21.3173732,3.0000000,-2.9461323),(-21.4761232,3.0000000,-3.1585927),(-21.3173732,3.0000000,-2.9461323),(-21.2473247,3.0000000,-2.8306747),(-21.4761232,3.0000000,-3.1585927),(-21.2473247,3.0000000,-2.8306747),(-21.1843208,3.0000000,-2.7109011),(-21.4761232,3.0000000,-3.1585927),(-21.1843208,3.0000000,-2.7109011),(-21.1297174,3.0000000,-2.5886471),(-21.4761232,3.0000000,-3.1585927),(-21.1297174,3.0000000,-2.5886471),(-21.0835146,3.0000000,-2.4639126),(-21.4761232,3.0000000,-3.1585927),(-21.0835146,3.0000000,-2.4639126),(-21.0457122,3.0000000,-2.3366976),(-21.4761232,3.0000000,-3.1585927),(-21.0457122,3.0000000,-2.3366976),(-21.0163104,3.0000000,-2.2070022),(-21.4761232,3.0000000,-3.1585927),(-21.0163104,3.0000000,-2.2070022),(-20.9953091,3.0000000,-2.0748263),(-21.4761232,3.0000000,-3.1585927),(-20.9953091,3.0000000,-2.0748263),(-20.9827083,3.0000000,-1.9401699),(-21.4761232,3.0000000,-3.1585927),(-20.9827083,3.0000000,-1.9401699),(-20.9785080,3.0000000,-1.8030330),(-21.4761232,3.0000000,-3.1585927),(-20.9785080,3.0000000,-1.8030330),(-20.9827083,3.0000000,-1.6714028),(-21.4761232,3.0000000,-3.1585927),(-20.9827083,3.0000000,-1.6714028),(-20.9953091,3.0000000,-1.5405664),(-21.4761232,3.0000000,-3.1585927),(-20.9953091,3.0000000,-1.5405664),(-21.0163104,3.0000000,-1.4105237),(-21.4761232,3.0000000,-3.1585927),(-21.0163104,3.0000000,-1.4105237),(-21.0457122,3.0000000,-1.2812747),(-21.4761232,3.0000000,-3.1585927),(-21.0457122,3.0000000,-1.2812747),(-21.0835146,3.0000000,-1.1528195),(-21.4761232,3.0000000,-3.1585927),(-21.0835146,3.0000000,-1.1528195),(-21.1297174,3.0000000,-1.0251580),(-21.1297174,3.0000000,-1.0251580),(-21.5214992,3.0000000,-1.1666440),(-21.4849371,3.0000000,-1.2645233),(-21.1297174,3.0000000,-1.0251580),(-21.4849371,3.0000000,-1.2645233),(-21.4550226,3.0000000,-1.3656768),(-21.1297174,3.0000000,-1.0251580),(-21.4550226,3.0000000,-1.3656768),(-21.4317558,3.0000000,-1.4701045),(-21.1297174,3.0000000,-1.0251580),(-21.4317558,3.0000000,-1.4701045),(-21.4151367,3.0000000,-1.5778065),(-21.1297174,3.0000000,-1.0251580),(-21.4151367,3.0000000,-1.5778065),(-21.4051652,3.0000000,-1.6887827),(-21.1297174,3.0000000,-1.0251580),(-21.4051652,3.0000000,-1.6887827),(-21.4018414,3.0000000,-1.8030330),(-21.1297174,3.0000000,-1.0251580),(-21.4018414,3.0000000,-1.8030330),(-21.4051983,3.0000000,-1.9130666),(-21.4761232,3.0000000,-3.1585927),(-21.1297174,3.0000000,-1.0251580),(-21.4051983,3.0000000,-1.9130666),(-21.4761232,3.0000000,-3.1585927),(-21.4051983,3.0000000,-1.9130666),(-21.4152690,3.0000000,-2.0209174),(-21.4761232,3.0000000,-3.1585927),(-21.4152690,3.0000000,-2.0209174),(-21.4320535,3.0000000,-2.1265854),(-21.4761232,3.0000000,-3.1585927),(-21.4320535,3.0000000,-2.1265854),(-21.4555518,3.0000000,-2.2300705),(-21.4761232,3.0000000,-3.1585927),(-21.4555518,3.0000000,-2.2300705),(-21.4857639,3.0000000,-2.3313729),(-21.4761232,3.0000000,-3.1585927),(-21.4857639,3.0000000,-2.3313729),(-21.5226898,3.0000000,-2.4304924),(-21.4761232,3.0000000,-3.1585927),(-21.5226898,3.0000000,-2.4304924),(-21.5663295,3.0000000,-2.5274291),(-21.4761232,3.0000000,-3.1585927),(-21.5663295,3.0000000,-2.5274291),(-21.6166830,3.0000000,-2.6221830),(-21.4761232,3.0000000,-3.1585927),(-21.6166830,3.0000000,-2.6221830),(-21.6725267,3.0000000,-2.7133982),(-21.4761232,3.0000000,-3.1585927),(-21.6725267,3.0000000,-2.7133982),(-21.7331659,3.0000000,-2.7997185),(-21.4761232,3.0000000,-3.1585927),(-21.7331659,3.0000000,-2.7997185),(-21.7986006,3.0000000,-2.8811440),(-21.4761232,3.0000000,-3.1585927),(-21.7986006,3.0000000,-2.8811440),(-21.8688310,3.0000000,-2.9576747),(-21.4761232,3.0000000,-3.1585927),(-21.8688310,3.0000000,-2.9576747),(-21.9438569,3.0000000,-3.0293107),(-21.4761232,3.0000000,-3.1585927),(-21.9438569,3.0000000,-3.0293107),(-22.0236784,3.0000000,-3.0960518),(-21.4761232,3.0000000,-3.1585927),(-22.0236784,3.0000000,-3.0960518),(-22.1082954,3.0000000,-3.1578982),(-21.4761232,3.0000000,-3.1585927),(-22.1082954,3.0000000,-3.1578982),(-22.1977080,3.0000000,-3.2148497),(-21.4761232,3.0000000,-3.1585927),(-22.1977080,3.0000000,-3.2148497),(-22.2902957,3.0000000,-3.2659474),(-21.4761232,3.0000000,-3.1585927),(-22.2902957,3.0000000,-3.2659474),(-22.3849669,3.0000000,-3.3102320),(-21.4761232,3.0000000,-3.1585927),(-22.3849669,3.0000000,-3.3102320),(-22.4817217,3.0000000,-3.3477036),(-21.4761232,3.0000000,-3.1585927),(-22.4817217,3.0000000,-3.3477036),(-22.5805601,3.0000000,-3.3783622),(-23.8000247,3.0000000,-3.6847497),(-21.4761232,3.0000000,-3.1585927),(-22.5805601,3.0000000,-3.3783622),(-23.8000247,3.0000000,-3.6847497),(-22.5805601,3.0000000,-3.3783622),(-22.6814821,3.0000000,-3.4022078),(-23.8000247,3.0000000,-3.6847497),(-22.6814821,3.0000000,-3.4022078),(-22.7844877,3.0000000,-3.4192403),(-23.8000247,3.0000000,-3.6847497),(-22.7844877,3.0000000,-3.4192403),(-22.8895769,3.0000000,-3.4294599),(-23.8000247,3.0000000,-3.6847497),(-22.8895769,3.0000000,-3.4294599),(-22.9967497,3.0000000,-3.4328664),(-23.8000247,3.0000000,-3.6847497),(-22.9967497,3.0000000,-3.4328664),(-23.1503403,3.0000000,-3.4257888),(-23.8000247,3.0000000,-3.6847497),(-23.1503403,3.0000000,-3.4257888),(-23.2999622,3.0000000,-3.4045560),(-23.8000247,3.0000000,-3.6847497),(-23.2999622,3.0000000,-3.4045560),(-23.4456153,3.0000000,-3.3691679),(-23.8000247,3.0000000,-3.6847497),(-23.4456153,3.0000000,-3.3691679),(-23.5872997,3.0000000,-3.3196247),(-23.8000247,3.0000000,-3.6847497),(-23.5872997,3.0000000,-3.3196247),(-21.9902747,3.0000000,-0.5362080),(-24.3609414,3.0000000,-4.6594747),(-23.8000247,3.0000000,-3.6847497),(-21.9902747,3.0000000,-0.5362080),(-21.5647090,3.0000000,-1.0720389),(-21.5214992,3.0000000,-1.1666440),(-21.1297174,3.0000000,-1.0251580),(-21.6145664,3.0000000,-0.9807080),(-21.5647090,3.0000000,-1.0720389),(-21.1297174,3.0000000,-1.0251580),(-21.6824982,3.0000000,-0.8767268),(-21.6145664,3.0000000,-0.9807080),(-21.1297174,3.0000000,-1.0251580),(-21.7677601,3.0000000,-0.7679830),(-21.6824982,3.0000000,-0.8767268),(-21.1297174,3.0000000,-1.0251580),(-21.8168899,3.0000000,-0.7118252),(-21.7677601,3.0000000,-0.7679830),(-21.1297174,3.0000000,-1.0251580),(-21.8703523,3.0000000,-0.6544768),(-21.8168899,3.0000000,-0.7118252),(-21.1297174,3.0000000,-1.0251580),(-21.9281472,3.0000000,-0.5959377),(-21.8703523,3.0000000,-0.6544768),(-21.1297174,3.0000000,-1.0251580),(-21.9902747,3.0000000,-0.5362080),(-21.9281472,3.0000000,-0.5959377),(-21.1297174,3.0000000,-1.0251580),(-21.9902747,3.0000000,-0.5362080),(-21.1297174,3.0000000,-1.0251580),(-21.1843208,3.0000000,-0.8982903),(-21.9902747,3.0000000,-0.5362080),(-21.1843208,3.0000000,-0.8982903),(-21.2473247,3.0000000,-0.7722164),(-21.9902747,3.0000000,-0.5362080),(-21.2473247,3.0000000,-0.7722164),(-21.2975129,3.0000000,-0.6854992),(-21.9902747,3.0000000,-0.5362080),(-21.2975129,3.0000000,-0.6854992),(-21.3522982,3.0000000,-0.6020893),(-21.9902747,3.0000000,-0.5362080),(-21.3522982,3.0000000,-0.6020893),(-21.4116806,3.0000000,-0.5219867),(-21.9902747,3.0000000,-0.5362080),(-21.4116806,3.0000000,-0.5219867),(-21.4756601,3.0000000,-0.4451914),(-21.9902747,3.0000000,-0.5362080),(-21.4756601,3.0000000,-0.4451914),(-21.5442368,3.0000000,-0.3717034),(-21.9902747,3.0000000,-0.5362080),(-21.5442368,3.0000000,-0.3717034),(-21.6174107,3.0000000,-0.3015226),(-21.9902747,3.0000000,-0.5362080),(-21.6174107,3.0000000,-0.3015226),(-21.6951816,3.0000000,-0.2346492),(-21.9902747,3.0000000,-0.5362080),(-21.6951816,3.0000000,-0.2346492),(-21.7775497,3.0000000,-0.1710830),(-21.9902747,3.0000000,-0.5362080),(-21.7775497,3.0000000,-0.1710830),(-21.2356830,3.0000000,0.7814170),(-24.3609414,3.0000000,-4.6594747),(-21.9902747,3.0000000,-0.5362080),(-21.2356830,3.0000000,0.7814170),(-24.3609414,3.0000000,-4.6594747),(-21.2356830,3.0000000,0.7814170),(-21.2071080,3.0000000,0.8851336),(-24.3609414,3.0000000,-4.6594747),(-21.2071080,3.0000000,0.8851336),(-21.2145164,3.0000000,0.9454586),(-24.3609414,3.0000000,-4.6594747),(-21.2145164,3.0000000,0.9454586),(-21.2531455,3.0000000,1.0206003),(-24.3609414,3.0000000,-4.6594747),(-21.2531455,3.0000000,1.0206003),(-21.3182330,3.0000000,1.0745753),(-24.3609414,3.0000000,-4.6594747),(-21.3182330,3.0000000,1.0745753),(-21.4208914,3.0000000,1.1052670),(-24.3609414,3.0000000,-4.6594747),(-21.4208914,3.0000000,1.1052670),(-21.4812164,3.0000000,1.0978586),(-24.3609414,3.0000000,-4.6594747),(-21.4812164,3.0000000,1.0978586),(-21.5568872,3.0000000,1.0592295),(-24.3609414,3.0000000,-4.6594747),(-21.5568872,3.0000000,1.0592295),(-21.6124497,3.0000000,0.9941420),(-24.3609414,3.0000000,-4.6594747),(-21.6124497,3.0000000,0.9941420),(-22.1479664,3.0000000,0.0659836),(-22.1479664,3.0000000,0.0659836),(-22.2485742,3.0000000,0.1103840),(-22.3524893,3.0000000,0.1488643),(-22.1479664,3.0000000,0.0659836),(-22.3524893,3.0000000,0.1488643),(-22.4597117,3.0000000,0.1814246),(-22.1479664,3.0000000,0.0659836),(-22.4597117,3.0000000,0.1814246),(-22.5702414,3.0000000,0.2080649),(-22.1479664,3.0000000,0.0659836),(-22.5702414,3.0000000,0.2080649),(-22.6840784,3.0000000,0.2287851),(-22.1479664,3.0000000,0.0659836),(-22.6840784,3.0000000,0.2287851),(-22.8012226,3.0000000,0.2435852),(-22.1479664,3.0000000,0.0659836),(-22.8012226,3.0000000,0.2435852),(-22.9216742,3.0000000,0.2524653),(-22.1479664,3.0000000,0.0659836),(-22.9216742,3.0000000,0.2524653),(-23.0454330,3.0000000,0.2554253),(-22.1479664,3.0000000,0.0659836),(-23.0454330,3.0000000,0.2554253),(-23.1700353,3.0000000,0.2510927),(-22.1479664,3.0000000,0.0659836),(-23.1700353,3.0000000,0.2510927),(-23.2935461,3.0000000,0.2380951),(-22.1479664,3.0000000,0.0659836),(-23.2935461,3.0000000,0.2380951),(-23.4159655,3.0000000,0.2164323),(-22.1479664,3.0000000,0.0659836),(-23.4159655,3.0000000,0.2164323),(-23.5372935,3.0000000,0.1861045),(-22.1479664,3.0000000,0.0659836),(-23.5372935,3.0000000,0.1861045),(-23.6575301,3.0000000,0.1471115),(-22.1479664,3.0000000,0.0659836),(-23.6575301,3.0000000,0.1471115),(-23.7766752,3.0000000,0.0994534),(-22.1479664,3.0000000,0.0659836),(-23.7766752,3.0000000,0.0994534),(-23.8947290,3.0000000,0.0431302),(-22.1479664,3.0000000,0.0659836),(-23.8947290,3.0000000,0.0431302),(-24.0116914,3.0000000,-0.0218580),(-22.1479664,3.0000000,0.0659836),(-24.0116914,3.0000000,-0.0218580),(-24.1248008,3.0000000,-0.0940232),(-22.1479664,3.0000000,0.0659836),(-24.1248008,3.0000000,-0.0940232),(-24.2318247,3.0000000,-0.1724060),(-22.1479664,3.0000000,0.0659836),(-24.2318247,3.0000000,-0.1724060),(-24.3327633,3.0000000,-0.2570065),(-22.1479664,3.0000000,0.0659836),(-24.3327633,3.0000000,-0.2570065),(-24.4276164,3.0000000,-0.3478247),(-22.1479664,3.0000000,0.0659836),(-24.4276164,3.0000000,-0.3478247),(-24.5163841,3.0000000,-0.4448607),(-24.5163841,3.0000000,-0.4448607),(-24.5990664,3.0000000,-0.5481143),(-24.6756633,3.0000000,-0.6575857),(-24.5163841,3.0000000,-0.4448607),(-24.6756633,3.0000000,-0.6575857),(-24.7461747,3.0000000,-0.7732747),(-24.5163841,3.0000000,-0.4448607),(-24.7461747,3.0000000,-0.7732747),(-24.8094267,3.0000000,-0.8930814),(-24.5163841,3.0000000,-0.4448607),(-24.8094267,3.0000000,-0.8930814),(-24.8642450,3.0000000,-1.0154346),(-24.5163841,3.0000000,-0.4448607),(-24.8642450,3.0000000,-1.0154346),(-24.9106298,3.0000000,-1.1403345),(-24.5163841,3.0000000,-0.4448607),(-24.9106298,3.0000000,-1.1403345),(-24.9485810,3.0000000,-1.2677810),(-24.5163841,3.0000000,-0.4448607),(-24.9485810,3.0000000,-1.2677810),(-24.9780985,3.0000000,-1.3977741),(-24.5163841,3.0000000,-0.4448607),(-24.9780985,3.0000000,-1.3977741),(-24.9991825,3.0000000,-1.5303138),(-24.5163841,3.0000000,-0.4448607),(-24.9991825,3.0000000,-1.5303138),(-25.0118329,3.0000000,-1.6654001),(-24.5163841,3.0000000,-0.4448607),(-25.0118329,3.0000000,-1.6654001),(-25.0160497,3.0000000,-1.8030330),(-24.5163841,3.0000000,-0.4448607),(-25.0160497,3.0000000,-1.8030330),(-25.0118495,3.0000000,-1.9410959),(-24.5163841,3.0000000,-0.4448607),(-25.0118495,3.0000000,-1.9410959),(-24.9992487,3.0000000,-2.0764138),(-24.5163841,3.0000000,-0.4448607),(-24.9992487,3.0000000,-2.0764138),(-24.9782474,3.0000000,-2.2089866),(-24.5163841,3.0000000,-0.4448607),(-24.9782474,3.0000000,-2.2089866),(-24.9488455,3.0000000,-2.3388143),(-24.5163841,3.0000000,-0.4448607),(-24.9488455,3.0000000,-2.3388143),(-24.9110432,3.0000000,-2.4658970),(-24.5163841,3.0000000,-0.4448607),(-24.9110432,3.0000000,-2.4658970),(-24.8648403,3.0000000,-2.5902346),(-24.5163841,3.0000000,-0.4448607),(-24.8648403,3.0000000,-2.5902346),(-24.8102370,3.0000000,-2.7118272),(-24.5163841,3.0000000,-0.4448607),(-24.8102370,3.0000000,-2.7118272),(-24.7472330,3.0000000,-2.8306747),(-24.7472330,3.0000000,-2.8306747),(-24.3789330,3.0000000,-2.6221830),(-24.4282944,3.0000000,-2.5274457),(-24.7472330,3.0000000,-2.8306747),(-24.4282944,3.0000000,-2.5274457),(-24.4710742,3.0000000,-2.4305586),(-24.7472330,3.0000000,-2.8306747),(-24.4710742,3.0000000,-2.4305586),(-24.5072725,3.0000000,-2.3315217),(-24.7472330,3.0000000,-2.8306747),(-24.5072725,3.0000000,-2.3315217),(-24.5368893,3.0000000,-2.2303351),(-24.7472330,3.0000000,-2.8306747),(-24.5368893,3.0000000,-2.2303351),(-24.5599246,3.0000000,-2.1269988),(-24.7472330,3.0000000,-2.8306747),(-24.5599246,3.0000000,-2.1269988),(-24.5763784,3.0000000,-2.0215127),(-24.7472330,3.0000000,-2.8306747),(-24.5763784,3.0000000,-2.0215127),(-24.5862506,3.0000000,-1.9138769),(-24.7472330,3.0000000,-2.8306747),(-24.5862506,3.0000000,-1.9138769),(-24.5895414,3.0000000,-1.8040914),(-24.7472330,3.0000000,-2.8306747),(-24.5895414,3.0000000,-1.8040914),(-24.5862010,3.0000000,-1.6942728),(-24.5163841,3.0000000,-0.4448607),(-24.7472330,3.0000000,-2.8306747),(-24.5862010,3.0000000,-1.6942728),(-24.5163841,3.0000000,-0.4448607),(-24.5862010,3.0000000,-1.6942728),(-24.5761799,3.0000000,-1.5865377),(-24.5163841,3.0000000,-0.4448607),(-24.5761799,3.0000000,-1.5865377),(-24.5594781,3.0000000,-1.4808863),(-24.5163841,3.0000000,-0.4448607),(-24.5594781,3.0000000,-1.4808863),(-24.5360955,3.0000000,-1.3773185),(-24.5163841,3.0000000,-0.4448607),(-24.5360955,3.0000000,-1.3773185),(-24.5060323,3.0000000,-1.2758342),(-24.5163841,3.0000000,-0.4448607),(-24.5060323,3.0000000,-1.2758342),(-24.4692883,3.0000000,-1.1764336),(-24.5163841,3.0000000,-0.4448607),(-24.4692883,3.0000000,-1.1764336),(-24.4258635,3.0000000,-1.0791165),(-24.5163841,3.0000000,-0.4448607),(-24.4258635,3.0000000,-1.0791165),(-24.3757580,3.0000000,-0.9838830),(-24.5163841,3.0000000,-0.4448607),(-24.3757580,3.0000000,-0.9838830),(-24.3199144,3.0000000,-0.8919403),(-24.5163841,3.0000000,-0.4448607),(-24.3199144,3.0000000,-0.8919403),(-24.2592752,3.0000000,-0.8050247),(-24.5163841,3.0000000,-0.4448607),(-24.2592752,3.0000000,-0.8050247),(-24.1938405,3.0000000,-0.7231362),(-24.5163841,3.0000000,-0.4448607),(-24.1938405,3.0000000,-0.7231362),(-24.1236101,3.0000000,-0.6462747),(-24.5163841,3.0000000,-0.4448607),(-24.1236101,3.0000000,-0.6462747),(-24.0485842,3.0000000,-0.5744403),(-24.5163841,3.0000000,-0.4448607),(-24.0485842,3.0000000,-0.5744403),(-23.9687627,3.0000000,-0.5076330),(-24.5163841,3.0000000,-0.4448607),(-23.9687627,3.0000000,-0.5076330),(-23.8841457,3.0000000,-0.4458528),(-24.5163841,3.0000000,-0.4448607),(-23.8841457,3.0000000,-0.4458528),(-23.7947330,3.0000000,-0.3890997),(-24.5163841,3.0000000,-0.4448607),(-23.7947330,3.0000000,-0.3890997),(-23.7026580,3.0000000,-0.3380021),(-24.5163841,3.0000000,-0.4448607),(-23.7026580,3.0000000,-0.3380021),(-23.6100539,3.0000000,-0.2937174),(-24.5163841,3.0000000,-0.4448607),(-23.6100539,3.0000000,-0.2937174),(-23.5169205,3.0000000,-0.2562458),(-24.5163841,3.0000000,-0.4448607),(-23.5169205,3.0000000,-0.2562458),(-23.4232580,3.0000000,-0.2255872),(-24.5163841,3.0000000,-0.4448607),(-23.4232580,3.0000000,-0.2255872),(-23.3290664,3.0000000,-0.2017416),(-22.1479664,3.0000000,0.0659836),(-24.5163841,3.0000000,-0.4448607),(-23.3290664,3.0000000,-0.2017416),(-22.1479664,3.0000000,0.0659836),(-23.3290664,3.0000000,-0.2017416),(-23.2343455,3.0000000,-0.1847091),(-22.1479664,3.0000000,0.0659836),(-23.2343455,3.0000000,-0.1847091),(-23.1390955,3.0000000,-0.1744896),(-22.1479664,3.0000000,0.0659836),(-23.1390955,3.0000000,-0.1744896),(-23.0433164,3.0000000,-0.1710830),(-22.1479664,3.0000000,0.0659836),(-23.0433164,3.0000000,-0.1710830),(-23.0369664,3.0000000,-0.1710830),(-22.1479664,3.0000000,0.0659836),(-23.0369664,3.0000000,-0.1710830),(-22.9432543,3.0000000,-0.1731666),(-22.1479664,3.0000000,0.0659836),(-22.9432543,3.0000000,-0.1731666),(-22.8520888,3.0000000,-0.1794174),(-22.1479664,3.0000000,0.0659836),(-22.8520888,3.0000000,-0.1794174),(-22.7634699,3.0000000,-0.1898354),(-22.1479664,3.0000000,0.0659836),(-22.7634699,3.0000000,-0.1898354),(-22.6773976,3.0000000,-0.2044205),(-22.1479664,3.0000000,0.0659836),(-22.6773976,3.0000000,-0.2044205),(-22.5938720,3.0000000,-0.2231729),(-22.1479664,3.0000000,0.0659836),(-22.5938720,3.0000000,-0.2231729),(-22.5128929,3.0000000,-0.2460924),(-22.1479664,3.0000000,0.0659836),(-22.5128929,3.0000000,-0.2460924),(-22.4344605,3.0000000,-0.2731791),(-22.1479664,3.0000000,0.0659836),(-22.4344605,3.0000000,-0.2731791),(-22.3585747,3.0000000,-0.3044330),(-24.3609414,3.0000000,-4.6594747),(-22.1479664,3.0000000,0.0659836),(-22.3585747,3.0000000,-0.3044330),(-24.3609414,3.0000000,-4.6594747),(-22.3585747,3.0000000,-0.3044330),(-23.9630080,3.0000000,-3.0994914),(-24.3609414,3.0000000,-4.6594747),(-23.9630080,3.0000000,-3.0994914),(-24.0834596,3.0000000,-2.9966346),(-24.3365501,3.0000000,-2.6914543),(-24.3789330,3.0000000,-2.6221830),(-24.7472330,3.0000000,-2.8306747),(-24.2914221,3.0000000,-2.7579804),(-24.3365501,3.0000000,-2.6914543),(-24.7472330,3.0000000,-2.8306747),(-24.1929310,3.0000000,-2.8827976),(-24.2914221,3.0000000,-2.7579804),(-24.7472330,3.0000000,-2.8306747),(-24.0834596,3.0000000,-2.9966346),(-24.1929310,3.0000000,-2.8827976),(-24.7472330,3.0000000,-2.8306747),(-24.0834596,3.0000000,-2.9966346),(-24.7472330,3.0000000,-2.8306747),(-24.6892893,3.0000000,-2.9257263),(-24.0834596,3.0000000,-2.9966346),(-24.6892893,3.0000000,-2.9257263),(-24.6276414,3.0000000,-3.0166768),(-24.0834596,3.0000000,-2.9966346),(-24.6276414,3.0000000,-3.0166768),(-24.5622893,3.0000000,-3.1035263),(-24.0834596,3.0000000,-2.9966346),(-24.5622893,3.0000000,-3.1035263),(-24.4932330,3.0000000,-3.1862747),(-24.0834596,3.0000000,-2.9966346),(-24.4932330,3.0000000,-3.1862747),(-24.4204726,3.0000000,-3.2649221),(-24.0834596,3.0000000,-2.9966346),(-24.4204726,3.0000000,-3.2649221),(-24.3440080,3.0000000,-3.3394685),(-24.0834596,3.0000000,-2.9966346),(-24.3440080,3.0000000,-3.3394685),(-24.2638393,3.0000000,-3.4099138),(-24.0834596,3.0000000,-2.9966346),(-24.2638393,3.0000000,-3.4099138),(-24.1799664,3.0000000,-3.4762580),(-24.3609414,3.0000000,-4.6594747),(-24.0834596,3.0000000,-2.9966346),(-24.1799664,3.0000000,-3.4762580),(-24.3609414,3.0000000,-4.6594747),(-24.1799664,3.0000000,-3.4762580),(-24.7355914,3.0000000,-4.4467497),(-24.3609414,3.0000000,-4.6594747),(-24.7355914,3.0000000,-4.4467497),(-24.7631080,3.0000000,-4.5483497),(-24.3609414,3.0000000,-4.6594747),(-24.7631080,3.0000000,-4.5483497),(-24.7567580,3.0000000,-4.6086747),(-24.3609414,3.0000000,-4.6594747),(-24.7567580,3.0000000,-4.6086747),(-24.7175997,3.0000000,-4.6856685),(-24.3609414,3.0000000,-4.6594747),(-24.7175997,3.0000000,-4.6856685),(-24.6551580,3.0000000,-4.7409664),(-24.3609414,3.0000000,-4.6594747),(-24.6551580,3.0000000,-4.7409664),(-24.5503830,3.0000000,-4.7684830),(-24.3609414,3.0000000,-4.6594747),(-24.5503830,3.0000000,-4.7684830),(-24.4900580,3.0000000,-4.7610747),(-24.3609414,3.0000000,-4.6594747),(-24.4900580,3.0000000,-4.7610747),(-24.4175622,3.0000000,-4.7256205),(-18.8480830,3.0000000,-1.5130497),(-18.8004580,3.0000000,-1.4643664),(-18.7443995,3.0000000,-1.3867939),(-18.8480830,3.0000000,-1.5130497),(-18.7443995,3.0000000,-1.3867939),(-18.6958153,3.0000000,-1.3054179),(-18.8480830,3.0000000,-1.5130497),(-18.6958153,3.0000000,-1.3054179),(-18.6547057,3.0000000,-1.2202386),(-18.8480830,3.0000000,-1.5130497),(-18.6547057,3.0000000,-1.2202386),(-18.6210705,3.0000000,-1.1312560),(-18.8480830,3.0000000,-1.5130497),(-18.6210705,3.0000000,-1.1312560),(-18.5949099,3.0000000,-1.0384699),(-18.8480830,3.0000000,-1.5130497),(-18.5949099,3.0000000,-1.0384699),(-18.5762237,3.0000000,-0.9418804),(-18.8480830,3.0000000,-1.5130497),(-18.5762237,3.0000000,-0.9418804),(-18.5650120,3.0000000,-0.8414876),(-18.8480830,3.0000000,-1.5130497),(-18.5650120,3.0000000,-0.8414876),(-18.5612747,3.0000000,-0.7372914),(-18.8480830,3.0000000,-1.5130497),(-18.5612747,3.0000000,-0.7372914),(-18.5649954,3.0000000,-0.6331778),(-18.8480830,3.0000000,-1.5130497),(-18.5649954,3.0000000,-0.6331778),(-18.5761575,3.0000000,-0.5335622),(-18.8480830,3.0000000,-1.5130497),(-18.5761575,3.0000000,-0.5335622),(-18.5947610,3.0000000,-0.4384445),(-18.8480830,3.0000000,-1.5130497),(-18.5947610,3.0000000,-0.4384445),(-18.6208060,3.0000000,-0.3478247),(-18.8480830,3.0000000,-1.5130497),(-18.6208060,3.0000000,-0.3478247),(-18.6542923,3.0000000,-0.2617028),(-18.8480830,3.0000000,-1.5130497),(-18.6542923,3.0000000,-0.2617028),(-18.6952200,3.0000000,-0.1800789),(-18.8480830,3.0000000,-1.5130497),(-18.6952200,3.0000000,-0.1800789),(-18.7435892,3.0000000,-0.1029528),(-18.8480830,3.0000000,-1.5130497),(-18.7435892,3.0000000,-0.1029528),(-18.7993997,3.0000000,-0.0303247),(-18.8480830,3.0000000,-1.5130497),(-18.7993997,3.0000000,-0.0303247),(-18.8611468,3.0000000,0.0356558),(-18.8480830,3.0000000,-1.5130497),(-18.8611468,3.0000000,0.0356558),(-18.9278549,3.0000000,0.0928388),(-18.8480830,3.0000000,-1.5130497),(-18.9278549,3.0000000,0.0928388),(-18.9995239,3.0000000,0.1412245),(-18.8480830,3.0000000,-1.5130497),(-18.9995239,3.0000000,0.1412245),(-19.0761539,3.0000000,0.1808128),(-19.0761539,3.0000000,0.1808128),(-19.1577448,3.0000000,0.2116037),(-19.2442966,3.0000000,0.2335972),(-19.0761539,3.0000000,0.1808128),(-19.2442966,3.0000000,0.2335972),(-19.3358093,3.0000000,0.2467933),(-19.0761539,3.0000000,0.1808128),(-19.3358093,3.0000000,0.2467933),(-19.4322830,3.0000000,0.2511920),(-19.0761539,3.0000000,0.1808128),(-19.4322830,3.0000000,0.2511920),(-19.5277976,3.0000000,0.2468098),(-19.0761539,3.0000000,0.1808128),(-19.5277976,3.0000000,0.2468098),(-19.6190789,3.0000000,0.2336633),(-19.0761539,3.0000000,0.1808128),(-19.6190789,3.0000000,0.2336633),(-19.7061268,3.0000000,0.2117525),(-19.0761539,3.0000000,0.1808128),(-19.7061268,3.0000000,0.2117525),(-19.7889414,3.0000000,0.1810774),(-19.0761539,3.0000000,0.1808128),(-19.7889414,3.0000000,0.1810774),(-19.8675226,3.0000000,0.1416379),(-19.0761539,3.0000000,0.1808128),(-19.8675226,3.0000000,0.1416379),(-19.9418705,3.0000000,0.0934341),(-19.0761539,3.0000000,0.1808128),(-19.9418705,3.0000000,0.0934341),(-20.0119851,3.0000000,0.0364660),(-19.0761539,3.0000000,0.1808128),(-20.0119851,3.0000000,0.0364660),(-20.0778664,3.0000000,-0.0292664),(-19.0761539,3.0000000,0.1808128),(-20.0778664,3.0000000,-0.0292664),(-20.1376457,3.0000000,-0.1016795),(-19.0761539,3.0000000,0.1808128),(-20.1376457,3.0000000,-0.1016795),(-20.1894544,3.0000000,-0.1786898),(-19.0761539,3.0000000,0.1808128),(-20.1894544,3.0000000,-0.1786898),(-20.2332926,3.0000000,-0.2602972),(-19.0761539,3.0000000,0.1808128),(-20.2332926,3.0000000,-0.2602972),(-20.2691601,3.0000000,-0.3465018),(-19.0761539,3.0000000,0.1808128),(-20.2691601,3.0000000,-0.3465018),(-20.2970571,3.0000000,-0.4373035),(-19.0761539,3.0000000,0.1808128),(-20.2970571,3.0000000,-0.4373035),(-20.3169836,3.0000000,-0.5327023),(-19.0761539,3.0000000,0.1808128),(-20.3169836,3.0000000,-0.5327023),(-20.3289394,3.0000000,-0.6326983),(-20.3289394,3.0000000,-0.6326983),(-20.3329247,3.0000000,-0.7372914),(-20.3175789,3.0000000,-0.8195768),(-20.3289394,3.0000000,-0.6326983),(-20.3175789,3.0000000,-0.8195768),(-20.2715414,3.0000000,-0.8886330),(-20.3289394,3.0000000,-0.6326983),(-20.2715414,3.0000000,-0.8886330),(-20.2032789,3.0000000,-0.9354643),(-20.3289394,3.0000000,-0.6326983),(-20.2032789,3.0000000,-0.9354643),(-20.1212580,3.0000000,-0.9510747),(-20.3289394,3.0000000,-0.6326983),(-20.1212580,3.0000000,-0.9510747),(-20.0384435,3.0000000,-0.9354643),(-20.3289394,3.0000000,-0.6326983),(-20.0384435,3.0000000,-0.9354643),(-19.9699164,3.0000000,-0.8886330),(-20.3289394,3.0000000,-0.6326983),(-19.9699164,3.0000000,-0.8886330),(-19.9238789,3.0000000,-0.8195768),(-20.3289394,3.0000000,-0.6326983),(-19.9238789,3.0000000,-0.8195768),(-19.9085330,3.0000000,-0.7372914),(-20.3289394,3.0000000,-0.6326983),(-19.9085330,3.0000000,-0.7372914),(-19.8998679,3.0000000,-0.6110190),(-20.3289394,3.0000000,-0.6326983),(-19.8998679,3.0000000,-0.6110190),(-19.8738726,3.0000000,-0.4999601),(-20.3289394,3.0000000,-0.6326983),(-19.8738726,3.0000000,-0.4999601),(-19.8305471,3.0000000,-0.4041148),(-20.3289394,3.0000000,-0.6326983),(-19.8305471,3.0000000,-0.4041148),(-19.7698914,3.0000000,-0.3234830),(-20.3289394,3.0000000,-0.6326983),(-19.7698914,3.0000000,-0.3234830),(-19.6983877,3.0000000,-0.2586601),(-19.0761539,3.0000000,0.1808128),(-20.3289394,3.0000000,-0.6326983),(-19.6983877,3.0000000,-0.2586601),(-19.0761539,3.0000000,0.1808128),(-19.6983877,3.0000000,-0.2586601),(-19.6182851,3.0000000,-0.2123580),(-19.0761539,3.0000000,0.1808128),(-19.6182851,3.0000000,-0.2123580),(-19.5295836,3.0000000,-0.1845768),(-19.0761539,3.0000000,0.1808128),(-19.5295836,3.0000000,-0.1845768),(-19.4322830,3.0000000,-0.1753164),(-19.0761539,3.0000000,0.1808128),(-19.4322830,3.0000000,-0.1753164),(-19.3384221,3.0000000,-0.1845107),(-19.0761539,3.0000000,0.1808128),(-19.3384221,3.0000000,-0.1845107),(-19.2536893,3.0000000,-0.2120935),(-19.0761539,3.0000000,0.1808128),(-19.2536893,3.0000000,-0.2120935),(-19.1780846,3.0000000,-0.2580648),(-19.0761539,3.0000000,0.1808128),(-19.1780846,3.0000000,-0.2580648),(-19.1116080,3.0000000,-0.3224247),(-19.0761539,3.0000000,0.1808128),(-19.1116080,3.0000000,-0.3224247),(-19.0574346,3.0000000,-0.4035195),(-19.0761539,3.0000000,0.1808128),(-19.0574346,3.0000000,-0.4035195),(-19.0187393,3.0000000,-0.4996955),(-19.0761539,3.0000000,0.1808128),(-19.0187393,3.0000000,-0.4996955),(-18.9955221,3.0000000,-0.6109528),(-18.8480830,3.0000000,-1.5130497),(-19.0761539,3.0000000,0.1808128),(-18.9955221,3.0000000,-0.6109528),(-18.8480830,3.0000000,-1.5130497),(-18.9955221,3.0000000,-0.6109528),(-18.9877830,3.0000000,-0.7372914),(-18.8480830,3.0000000,-1.5130497),(-18.9877830,3.0000000,-0.7372914),(-18.9954560,3.0000000,-0.8653497),(-18.8480830,3.0000000,-1.5130497),(-18.9954560,3.0000000,-0.8653497),(-19.0184747,3.0000000,-0.9807080),(-18.8480830,3.0000000,-1.5130497),(-19.0184747,3.0000000,-0.9807080),(-19.0568393,3.0000000,-1.0833664),(-18.8480830,3.0000000,-1.5130497),(-19.0568393,3.0000000,-1.0833664),(-19.1105497,3.0000000,-1.1733247),(-18.8480830,3.0000000,-1.5130497),(-19.1105497,3.0000000,-1.1733247),(-19.1727929,3.0000000,-1.2381476),(-18.7636810,3.0000000,-1.5892497),(-18.8480830,3.0000000,-1.5130497),(-19.1727929,3.0000000,-1.2381476),(-18.7636810,3.0000000,-1.5892497),(-19.1727929,3.0000000,-1.2381476),(-19.2420476,3.0000000,-1.2844497),(-18.7636810,3.0000000,-1.5892497),(-19.2420476,3.0000000,-1.2844497),(-19.3183138,3.0000000,-1.3122310),(-18.7636810,3.0000000,-1.5892497),(-19.3183138,3.0000000,-1.3122310),(-19.4015914,3.0000000,-1.3214914),(-18.7636810,3.0000000,-1.5892497),(-19.4015914,3.0000000,-1.3214914),(-19.4439247,3.0000000,-1.3214914),(-18.7636810,3.0000000,-1.5892497),(-19.4439247,3.0000000,-1.3214914),(-19.5105997,3.0000000,-1.3214914),(-18.7636810,3.0000000,-1.5892497),(-19.5105997,3.0000000,-1.3214914),(-19.5920914,3.0000000,-1.3371018),(-18.7636810,3.0000000,-1.5892497),(-19.5920914,3.0000000,-1.3371018),(-19.6608830,3.0000000,-1.3839330),(-18.7636810,3.0000000,-1.5892497),(-19.6608830,3.0000000,-1.3839330),(-19.7077143,3.0000000,-1.4524601),(-18.7636810,3.0000000,-1.5892497),(-19.7077143,3.0000000,-1.4524601),(-19.7233247,3.0000000,-1.5331580),(-18.7636810,3.0000000,-1.5892497),(-19.7233247,3.0000000,-1.5331580),(-19.7077143,3.0000000,-1.6141205),(-18.7636810,3.0000000,-1.5892497),(-19.7077143,3.0000000,-1.6141205),(-19.6608830,3.0000000,-1.6834414),(-18.7636810,3.0000000,-1.5892497),(-19.6608830,3.0000000,-1.6834414),(-19.5920914,3.0000000,-1.7310664),(-18.7636810,3.0000000,-1.5892497),(-19.5920914,3.0000000,-1.7310664),(-19.5105997,3.0000000,-1.7469414),(-18.7636810,3.0000000,-1.5892497),(-19.5105997,3.0000000,-1.7469414),(-19.4439247,3.0000000,-1.7469414),(-18.7636810,3.0000000,-1.5892497),(-19.4439247,3.0000000,-1.7469414),(-19.3135513,3.0000000,-1.7608982),(-18.7636810,3.0000000,-1.5892497),(-19.3135513,3.0000000,-1.7608982),(-19.1954810,3.0000000,-1.8027685),(-18.7636810,3.0000000,-1.5892497),(-19.1954810,3.0000000,-1.8027685),(-19.0897138,3.0000000,-1.8725523),(-18.7636810,3.0000000,-1.5892497),(-19.0897138,3.0000000,-1.8725523),(-18.9962497,3.0000000,-1.9702497),(-18.7636810,3.0000000,-1.5892497),(-18.9962497,3.0000000,-1.9702497),(-18.9193883,3.0000000,-2.0914289),(-18.7636810,3.0000000,-1.5892497),(-18.9193883,3.0000000,-2.0914289),(-18.8644872,3.0000000,-2.2316580),(-18.7636810,3.0000000,-1.5892497),(-18.8644872,3.0000000,-2.2316580),(-18.8315466,3.0000000,-2.3909372),(-18.7636810,3.0000000,-1.5892497),(-18.8315466,3.0000000,-2.3909372),(-18.8233114,3.0000000,-2.4777205),(-18.7636810,3.0000000,-1.5892497),(-18.8233114,3.0000000,-2.4777205),(-18.8205664,3.0000000,-2.5692664),(-18.7636810,3.0000000,-1.5892497),(-18.8205664,3.0000000,-2.5692664),(-18.8233445,3.0000000,-2.6599523),(-20.0423461,3.0000000,-2.6047702),(-20.0450580,3.0000000,-2.5047080),(-20.0609330,3.0000000,-2.4226872),(-20.0342101,3.0000000,-2.6991107),(-20.0423461,3.0000000,-2.6047702),(-20.0609330,3.0000000,-2.4226872),(-20.0342101,3.0000000,-2.6991107),(-20.0609330,3.0000000,-2.4226872),(-20.1085580,3.0000000,-2.3544247),(-20.0206502,3.0000000,-2.7877295),(-20.0342101,3.0000000,-2.6991107),(-20.1085580,3.0000000,-2.3544247),(-20.0206502,3.0000000,-2.7877295),(-20.1085580,3.0000000,-2.3544247),(-20.1778789,3.0000000,-2.3083872),(-20.0016664,3.0000000,-2.8706268),(-20.0206502,3.0000000,-2.7877295),(-20.1778789,3.0000000,-2.3083872),(-20.0016664,3.0000000,-2.8706268),(-20.1778789,3.0000000,-2.3083872),(-20.2609580,3.0000000,-2.2930414),(-19.9474268,3.0000000,-3.0192565),(-20.0016664,3.0000000,-2.8706268),(-20.2609580,3.0000000,-2.2930414),(-19.9474268,3.0000000,-3.0192565),(-20.2609580,3.0000000,-2.2930414),(-20.3437726,3.0000000,-2.3083872),(-19.9474268,3.0000000,-3.0192565),(-20.3437726,3.0000000,-2.3083872),(-20.4122997,3.0000000,-2.3544247),(-19.8714914,3.0000000,-3.1449997),(-19.9474268,3.0000000,-3.0192565),(-20.4122997,3.0000000,-2.3544247),(-19.8714914,3.0000000,-3.1449997),(-20.4122997,3.0000000,-2.3544247),(-20.4583372,3.0000000,-2.4226872),(-19.8714914,3.0000000,-3.1449997),(-20.4583372,3.0000000,-2.4226872),(-20.4736830,3.0000000,-2.5047080),(-19.7809377,3.0000000,-3.2445492),(-19.8714914,3.0000000,-3.1449997),(-20.4736830,3.0000000,-2.5047080),(-19.7809377,3.0000000,-3.2445492),(-20.4736830,3.0000000,-2.5047080),(-20.4692678,3.0000000,-2.6416795),(-19.7809377,3.0000000,-3.2445492),(-20.4692678,3.0000000,-2.6416795),(-20.4560221,3.0000000,-2.7726648),(-19.7809377,3.0000000,-3.2445492),(-20.4560221,3.0000000,-2.7726648),(-20.4339459,3.0000000,-2.8976639),(-19.6775518,3.0000000,-3.3156560),(-19.7809377,3.0000000,-3.2445492),(-20.4339459,3.0000000,-2.8976639),(-19.6775518,3.0000000,-3.3156560),(-20.4339459,3.0000000,-2.8976639),(-20.4030393,3.0000000,-3.0166768),(-19.6775518,3.0000000,-3.3156560),(-20.4030393,3.0000000,-3.0166768),(-20.3633022,3.0000000,-3.1297035),(-19.5613336,3.0000000,-3.3583200),(-19.6775518,3.0000000,-3.3156560),(-20.3633022,3.0000000,-3.1297035),(-19.5613336,3.0000000,-3.3583200),(-20.3633022,3.0000000,-3.1297035),(-20.3147346,3.0000000,-3.2367440),(-19.5613336,3.0000000,-3.3583200),(-20.3147346,3.0000000,-3.2367440),(-20.2573366,3.0000000,-3.3377983),(-19.4322830,3.0000000,-3.3725414),(-19.5613336,3.0000000,-3.3583200),(-20.2573366,3.0000000,-3.3377983),(-19.4322830,3.0000000,-3.3725414),(-20.2573366,3.0000000,-3.3377983),(-20.1911080,3.0000000,-3.4328664),(-19.4322830,3.0000000,-3.3725414),(-20.1911080,3.0000000,-3.4328664),(-20.1190587,3.0000000,-3.5184426),(-19.3087226,3.0000000,-3.3591138),(-19.4322830,3.0000000,-3.3725414),(-20.1190587,3.0000000,-3.5184426),(-19.3087226,3.0000000,-3.3591138),(-20.1190587,3.0000000,-3.5184426),(-20.0404940,3.0000000,-3.5926086),(-19.3087226,3.0000000,-3.3591138),(-20.0404940,3.0000000,-3.5926086),(-19.9554139,3.0000000,-3.6553644),(-19.1952164,3.0000000,-3.3188310),(-19.3087226,3.0000000,-3.3591138),(-19.9554139,3.0000000,-3.6553644),(-19.1952164,3.0000000,-3.3188310),(-19.9554139,3.0000000,-3.6553644),(-19.8638185,3.0000000,-3.7067101),(-19.1952164,3.0000000,-3.3188310),(-19.8638185,3.0000000,-3.7067101),(-19.7657077,3.0000000,-3.7466457),(-19.0917643,3.0000000,-3.2516929),(-19.1952164,3.0000000,-3.3188310),(-19.7657077,3.0000000,-3.7466457),(-19.0917643,3.0000000,-3.2516929),(-19.7657077,3.0000000,-3.7466457),(-19.6610815,3.0000000,-3.7751711),(-19.0917643,3.0000000,-3.2516929),(-19.6610815,3.0000000,-3.7751711),(-19.5499399,3.0000000,-3.7922863),(-18.9983664,3.0000000,-3.1576997),(-19.0917643,3.0000000,-3.2516929),(-19.5499399,3.0000000,-3.7922863),(-18.9983664,3.0000000,-3.1576997),(-19.5499399,3.0000000,-3.7922863),(-19.4322830,3.0000000,-3.7979914),(-18.9983664,3.0000000,-3.1576997),(-19.4322830,3.0000000,-3.7979914),(-19.3191571,3.0000000,-3.7925013),(-18.9205789,3.0000000,-3.0399601),(-18.9983664,3.0000000,-3.1576997),(-19.3191571,3.0000000,-3.7925013),(-18.9205789,3.0000000,-3.0399601),(-19.3191571,3.0000000,-3.7925013),(-19.2115544,3.0000000,-3.7760310),(-18.8650164,3.0000000,-2.9026414),(-18.9205789,3.0000000,-3.0399601),(-19.2115544,3.0000000,-3.7760310),(-18.8650164,3.0000000,-2.9026414),(-19.2115544,3.0000000,-3.7760310),(-19.1094748,3.0000000,-3.7485804),(-18.8650164,3.0000000,-2.9026414),(-19.1094748,3.0000000,-3.7485804),(-19.0129185,3.0000000,-3.7101497),(-18.8455695,3.0000000,-2.8266398),(-18.8650164,3.0000000,-2.9026414),(-19.0129185,3.0000000,-3.7101497),(-18.8455695,3.0000000,-2.8266398),(-19.0129185,3.0000000,-3.7101497),(-18.9218853,3.0000000,-3.6607388),(-18.8316789,3.0000000,-2.7457435),(-18.8455695,3.0000000,-2.8266398),(-18.9218853,3.0000000,-3.6607388),(-18.8316789,3.0000000,-2.7457435),(-18.9218853,3.0000000,-3.6607388),(-18.8363752,3.0000000,-3.6003476),(-18.8233445,3.0000000,-2.6599523),(-18.8316789,3.0000000,-2.7457435),(-18.8363752,3.0000000,-3.6003476),(-18.7636810,3.0000000,-1.5892497),(-18.8233445,3.0000000,-2.6599523),(-18.8363752,3.0000000,-3.6003476),(-18.7636810,3.0000000,-1.5892497),(-18.8363752,3.0000000,-3.6003476),(-18.7563884,3.0000000,-3.5289763),(-18.7636810,3.0000000,-1.5892497),(-18.7563884,3.0000000,-3.5289763),(-18.6819247,3.0000000,-3.4466247),(-18.7636810,3.0000000,-1.5892497),(-18.6819247,3.0000000,-3.4466247),(-18.6142079,3.0000000,-3.3553600),(-18.7636810,3.0000000,-1.5892497),(-18.6142079,3.0000000,-3.3553600),(-18.5555200,3.0000000,-3.2588367),(-18.7636810,3.0000000,-1.5892497),(-18.5555200,3.0000000,-3.2588367),(-18.5058610,3.0000000,-3.1570548),(-18.7636810,3.0000000,-1.5892497),(-18.5058610,3.0000000,-3.1570548),(-18.4652310,3.0000000,-3.0500143),(-18.7636810,3.0000000,-1.5892497),(-18.4652310,3.0000000,-3.0500143),(-18.4336298,3.0000000,-2.9377152),(-18.7636810,3.0000000,-1.5892497),(-18.4336298,3.0000000,-2.9377152),(-18.4110575,3.0000000,-2.8201575),(-18.7636810,3.0000000,-1.5892497),(-18.4110575,3.0000000,-2.8201575),(-18.3975142,3.0000000,-2.6973413),(-18.7636810,3.0000000,-1.5892497),(-18.3975142,3.0000000,-2.6973413),(-18.3929997,3.0000000,-2.5692664),(-18.7636810,3.0000000,-1.5892497),(-18.3929997,3.0000000,-2.5692664),(-18.3974811,3.0000000,-2.4398851),(-18.7636810,3.0000000,-1.5892497),(-18.3974811,3.0000000,-2.4398851),(-18.4109252,3.0000000,-2.3157955),(-18.7636810,3.0000000,-1.5892497),(-18.4109252,3.0000000,-2.3157955),(-18.4333321,3.0000000,-2.1969976),(-18.7636810,3.0000000,-1.5892497),(-18.4333321,3.0000000,-2.1969976),(-18.4647018,3.0000000,-2.0834914),(-18.7636810,3.0000000,-1.5892497),(-18.4647018,3.0000000,-2.0834914),(-18.5050342,3.0000000,-1.9752768),(-18.7636810,3.0000000,-1.5892497),(-18.5050342,3.0000000,-1.9752768),(-18.5543294,3.0000000,-1.8723539),(-18.7636810,3.0000000,-1.5892497),(-18.5543294,3.0000000,-1.8723539),(-18.6125873,3.0000000,-1.7747226),(-18.7636810,3.0000000,-1.5892497),(-18.6125873,3.0000000,-1.7747226),(-18.6798080,3.0000000,-1.6823830),(-8.0052747,3.0000000,-2.0184039),(-6.6230914,3.0000000,-3.8080455),(-6.5508601,3.0000000,-3.8699580),(-8.0052747,3.0000000,-2.0184039),(-6.5508601,3.0000000,-3.8699580),(-6.4590497,3.0000000,-3.8905955),(-8.0052747,3.0000000,-2.0184039),(-6.4590497,3.0000000,-3.8905955),(-6.3267580,3.0000000,-3.8450872),(-8.0052747,3.0000000,-2.0184039),(-6.3267580,3.0000000,-3.8450872),(-6.2624643,3.0000000,-3.7715330),(-8.0052747,3.0000000,-2.0184039),(-6.2624643,3.0000000,-3.7715330),(-6.2410330,3.0000000,-3.6757539),(-8.0052747,3.0000000,-2.0184039),(-6.2410330,3.0000000,-3.6757539),(-6.2854830,3.0000000,-3.5434622),(-8.0052747,3.0000000,-2.0184039),(-6.2854830,3.0000000,-3.5434622),(-7.4612914,3.0000000,-2.0184039),(-7.4612914,3.0000000,-2.0184039),(-7.3755664,3.0000000,-2.0184039),(-7.2563220,3.0000000,-2.0132941),(-8.0052747,3.0000000,-2.0184039),(-7.4612914,3.0000000,-2.0184039),(-7.2563220,3.0000000,-2.0132941),(-8.8688747,3.0000000,-2.0184039),(-8.0052747,3.0000000,-2.0184039),(-7.2563220,3.0000000,-2.0132941),(-8.8688747,3.0000000,-2.0184039),(-7.2563220,3.0000000,-2.0132941),(-7.1425346,3.0000000,-1.9979648),(-8.8688747,3.0000000,-2.0184039),(-7.1425346,3.0000000,-1.9979648),(-7.0342043,3.0000000,-1.9724160),(-8.8688747,3.0000000,-2.0184039),(-7.0342043,3.0000000,-1.9724160),(-6.9313310,3.0000000,-1.9366476),(-8.8688747,3.0000000,-2.0184039),(-6.9313310,3.0000000,-1.9366476),(-6.8339147,3.0000000,-1.8906597),(-8.8688747,3.0000000,-2.0184039),(-6.8339147,3.0000000,-1.8906597),(-6.7419554,3.0000000,-1.8344523),(-8.8688747,3.0000000,-2.0184039),(-6.7419554,3.0000000,-1.8344523),(-6.6554532,3.0000000,-1.7680254),(-8.8688747,3.0000000,-2.0184039),(-6.6554532,3.0000000,-1.7680254),(-6.5744080,3.0000000,-1.6913789),(-8.8688747,3.0000000,-2.0184039),(-6.5744080,3.0000000,-1.6913789),(-6.4980096,3.0000000,-1.6016521),(-8.8688747,3.0000000,-2.0184039),(-6.4980096,3.0000000,-1.6016521),(-6.4317976,3.0000000,-1.5092133),(-8.8688747,3.0000000,-2.0184039),(-6.4317976,3.0000000,-1.5092133),(-6.3757721,3.0000000,-1.4140625),(-6.3757721,3.0000000,-1.4140625),(-6.3299330,3.0000000,-1.3161997),(-6.7254851,3.0000000,-1.1669747),(-6.3757721,3.0000000,-1.4140625),(-6.7254851,3.0000000,-1.1669747),(-6.7899773,3.0000000,-1.2845820),(-6.3757721,3.0000000,-1.4140625),(-6.7899773,3.0000000,-1.2845820),(-6.8802664,3.0000000,-1.3908122),(-6.3757721,3.0000000,-1.4140625),(-6.8802664,3.0000000,-1.3908122),(-6.9902008,3.0000000,-1.4787862),(-6.3757721,3.0000000,-1.4140625),(-6.9902008,3.0000000,-1.4787862),(-7.1093955,3.0000000,-1.5416247),(-6.3757721,3.0000000,-1.4140625),(-7.1093955,3.0000000,-1.5416247),(-7.2378508,3.0000000,-1.5793278),(-8.8688747,3.0000000,-2.0184039),(-6.3757721,3.0000000,-1.4140625),(-7.2378508,3.0000000,-1.5793278),(-8.8688747,3.0000000,-2.0184039),(-7.2378508,3.0000000,-1.5793278),(-7.3755664,3.0000000,-1.5918955),(-8.8688747,3.0000000,-2.0184039),(-7.3755664,3.0000000,-1.5918955),(-8.8688747,3.0000000,-1.5918955),(-6.6867898,3.0000000,-1.0379903),(-6.7254851,3.0000000,-1.1669747),(-6.3299330,3.0000000,-1.3161997),(-6.6738914,3.0000000,-0.8976289),(-6.6867898,3.0000000,-1.0379903),(-6.3299330,3.0000000,-1.3161997),(-6.6867898,3.0000000,-0.7585903),(-6.6738914,3.0000000,-0.8976289),(-6.3299330,3.0000000,-1.3161997),(-6.7254851,3.0000000,-0.6303997),(-6.6867898,3.0000000,-0.7585903),(-6.3299330,3.0000000,-1.3161997),(-6.7899773,3.0000000,-0.5130570),(-6.7254851,3.0000000,-0.6303997),(-6.3299330,3.0000000,-1.3161997),(-6.7899773,3.0000000,-0.5130570),(-6.3299330,3.0000000,-1.3161997),(-6.2942804,3.0000000,-1.2156250),(-6.7899773,3.0000000,-0.5130570),(-6.2942804,3.0000000,-1.2156250),(-6.2688143,3.0000000,-1.1123383),(-6.8802664,3.0000000,-0.4065622),(-6.7899773,3.0000000,-0.5130570),(-6.2688143,3.0000000,-1.1123383),(-6.8802664,3.0000000,-0.4065622),(-6.2688143,3.0000000,-1.1123383),(-6.2535346,3.0000000,-1.0063396),(-6.8802664,3.0000000,-0.4065622),(-6.2535346,3.0000000,-1.0063396),(-6.2484414,3.0000000,-0.8976289),(-6.9874226,3.0000000,-0.3185883),(-6.8802664,3.0000000,-0.4065622),(-6.2484414,3.0000000,-0.8976289),(-6.9874226,3.0000000,-0.3185883),(-6.2484414,3.0000000,-0.8976289),(-6.2535346,3.0000000,-0.7850156),(-6.9874226,3.0000000,-0.3185883),(-6.2535346,3.0000000,-0.7850156),(-6.2688143,3.0000000,-0.6763049),(-7.1046330,3.0000000,-0.2557497),(-6.9874226,3.0000000,-0.3185883),(-6.2688143,3.0000000,-0.6763049),(-7.1046330,3.0000000,-0.2557497),(-6.2688143,3.0000000,-0.6763049),(-6.2942804,3.0000000,-0.5714968),(-7.1046330,3.0000000,-0.2557497),(-6.2942804,3.0000000,-0.5714968),(-6.3299330,3.0000000,-0.4705914),(-7.2318976,3.0000000,-0.2180466),(-7.1046330,3.0000000,-0.2557497),(-6.3299330,3.0000000,-0.4705914),(-7.2318976,3.0000000,-0.2180466),(-6.3299330,3.0000000,-0.4705914),(-6.3757721,3.0000000,-0.3735885),(-7.2318976,3.0000000,-0.2180466),(-6.3757721,3.0000000,-0.3735885),(-6.4317976,3.0000000,-0.2804883),(-7.3692164,3.0000000,-0.2054789),(-7.2318976,3.0000000,-0.2180466),(-6.4317976,3.0000000,-0.2804883),(-7.3692164,3.0000000,-0.2054789),(-6.4317976,3.0000000,-0.2804883),(-6.4980096,3.0000000,-0.1912906),(-8.8688747,3.0000000,-0.2054789),(-7.3692164,3.0000000,-0.2054789),(-6.4980096,3.0000000,-0.1912906),(-8.8688747,3.0000000,-0.2054789),(-6.4980096,3.0000000,-0.1912906),(-6.5744080,3.0000000,-0.1059955),(-8.8688747,3.0000000,-0.2054789),(-6.5744080,3.0000000,-0.1059955),(-6.6614725,3.0000000,-0.0278608),(-8.8688747,3.0000000,-0.2054789),(-6.6614725,3.0000000,-0.0278608),(-6.7522742,3.0000000,0.0398560),(-8.8688747,3.0000000,-0.2054789),(-6.7522742,3.0000000,0.0398560),(-6.8468131,3.0000000,0.0971548),(-8.8688747,3.0000000,-0.2054789),(-6.8468131,3.0000000,0.0971548),(-6.9450893,3.0000000,0.1440357),(-8.8688747,3.0000000,-0.2054789),(-6.9450893,3.0000000,0.1440357),(-7.0471027,3.0000000,0.1804986),(-8.8688747,3.0000000,-0.2054789),(-7.0471027,3.0000000,0.1804986),(-7.1528534,3.0000000,0.2065435),(-8.8688747,3.0000000,-0.2054789),(-7.1528534,3.0000000,0.2065435),(-7.2623413,3.0000000,0.2221705),(-8.8688747,3.0000000,-0.2054789),(-7.2623413,3.0000000,0.2221705),(-7.3755664,3.0000000,0.2273795),(-8.8688747,3.0000000,-0.2054789),(-7.3755664,3.0000000,0.2273795),(-9.0815997,3.0000000,0.2273795),(-8.8688747,3.0000000,-1.5918955),(-8.8688747,3.0000000,-0.2054789),(-9.0815997,3.0000000,0.2273795),(-8.8688747,3.0000000,-2.0184039),(-8.8688747,3.0000000,-1.5918955),(-9.0815997,3.0000000,0.2273795),(-8.8688747,3.0000000,-2.0184039),(-9.0815997,3.0000000,0.2273795),(-9.1675893,3.0000000,0.2107107),(-8.8688747,3.0000000,-2.0184039),(-9.1675893,3.0000000,0.2107107),(-9.2392914,3.0000000,0.1607045),(-8.8688747,3.0000000,-2.0184039),(-9.2392914,3.0000000,0.1607045),(-9.2813601,3.0000000,0.0863565),(-8.8688747,3.0000000,-2.0184039),(-9.2813601,3.0000000,0.0863565),(-9.2953830,3.0000000,0.0072461),(-8.8688747,3.0000000,-2.0184039),(-9.2953830,3.0000000,0.0072461),(-9.2953830,3.0000000,-3.6196622),(-8.8688747,3.0000000,-2.0184039),(-9.2953830,3.0000000,-3.6196622),(-9.2724966,3.0000000,-3.7030060),(-8.8688747,3.0000000,-2.0184039),(-9.2724966,3.0000000,-3.7030060),(-9.2292372,3.0000000,-3.7625372),(-8.8688747,3.0000000,-2.0184039),(-9.2292372,3.0000000,-3.7625372),(-9.0815997,3.0000000,-3.8101622),(-8.8688747,3.0000000,-2.0184039),(-9.0815997,3.0000000,-3.8101622),(-9.0075825,3.0000000,-3.7982560),(-8.8688747,3.0000000,-2.0184039),(-9.0075825,3.0000000,-3.7982560),(-8.9474560,3.0000000,-3.7625372),(-8.8688747,3.0000000,-2.0184039),(-8.9474560,3.0000000,-3.7625372),(-8.8688747,3.0000000,-3.6196622),(-10.2574080,3.0000000,-2.0131122),(-10.2595247,3.0000000,-3.6196622),(-10.2433851,3.0000000,-3.7016830),(-10.2574080,3.0000000,-2.0131122),(-10.2433851,3.0000000,-3.7016830),(-10.1949664,3.0000000,-3.7699455),(-10.2574080,3.0000000,-2.0131122),(-10.1949664,3.0000000,-3.7699455),(-10.1261747,3.0000000,-3.8159830),(-10.2574080,3.0000000,-2.0131122),(-10.1261747,3.0000000,-3.8159830),(-10.0489164,3.0000000,-3.8313289),(-10.2574080,3.0000000,-2.0131122),(-10.0489164,3.0000000,-3.8313289),(-9.9661018,3.0000000,-3.8159830),(-10.2574080,3.0000000,-2.0131122),(-9.9661018,3.0000000,-3.8159830),(-9.8975747,3.0000000,-3.7699455),(-10.2574080,3.0000000,-2.0131122),(-9.8975747,3.0000000,-3.7699455),(-9.8515372,3.0000000,-3.7016830),(-10.2574080,3.0000000,-2.0131122),(-9.8515372,3.0000000,-3.7016830),(-9.8361914,3.0000000,-3.6196622),(-10.2574080,3.0000000,-2.0131122),(-9.8361914,3.0000000,-3.6196622),(-9.8361914,3.0000000,0.0072461),(-10.2574080,3.0000000,-2.0131122),(-9.8361914,3.0000000,0.0072461),(-9.8515372,3.0000000,0.0887378),(-10.2574080,3.0000000,-2.0131122),(-9.8515372,3.0000000,0.0887378),(-9.8975747,3.0000000,0.1575295),(-10.2574080,3.0000000,-2.0131122),(-9.8975747,3.0000000,0.1575295),(-9.9650435,3.0000000,0.2051545),(-10.2574080,3.0000000,-2.0131122),(-9.9650435,3.0000000,0.2051545),(-10.0446830,3.0000000,0.2210295),(-10.2574080,3.0000000,-2.0131122),(-10.0446830,3.0000000,0.2210295),(-10.1267039,3.0000000,0.2046253),(-10.2574080,3.0000000,-2.0131122),(-10.1267039,3.0000000,0.2046253),(-10.1970830,3.0000000,0.1554128),(-10.2574080,3.0000000,-2.0131122),(-10.1970830,3.0000000,0.1554128),(-10.2439143,3.0000000,0.0908545),(-10.2574080,3.0000000,-2.0131122),(-10.2439143,3.0000000,0.0908545),(-10.2595247,3.0000000,0.0072461),(-10.2574080,3.0000000,-2.0131122),(-10.2595247,3.0000000,0.0072461),(-10.2595247,3.0000000,-1.5918955),(-12.4587414,3.0000000,-2.0131122),(-10.2574080,3.0000000,-2.0131122),(-10.2595247,3.0000000,-1.5918955),(-12.4587414,3.0000000,-2.0131122),(-10.2595247,3.0000000,-1.5918955),(-12.4523914,3.0000000,-1.5918955),(-12.4587414,3.0000000,-2.0131122),(-12.4523914,3.0000000,-1.5918955),(-12.4523914,3.0000000,0.0072461),(-12.4587414,3.0000000,-2.0131122),(-12.4523914,3.0000000,0.0072461),(-12.4687955,3.0000000,0.0887378),(-12.4587414,3.0000000,-2.0131122),(-12.4687955,3.0000000,0.0887378),(-12.5180080,3.0000000,0.1575295),(-12.4587414,3.0000000,-2.0131122),(-12.5180080,3.0000000,0.1575295),(-12.5875935,3.0000000,0.2051545),(-12.4587414,3.0000000,-2.0131122),(-12.5875935,3.0000000,0.2051545),(-12.6651164,3.0000000,0.2210295),(-12.4587414,3.0000000,-2.0131122),(-12.6651164,3.0000000,0.2210295),(-12.7474018,3.0000000,0.2051545),(-12.4587414,3.0000000,-2.0131122),(-12.7474018,3.0000000,0.2051545),(-12.8185747,3.0000000,0.1575295),(-12.4587414,3.0000000,-2.0131122),(-12.8185747,3.0000000,0.1575295),(-12.8669935,3.0000000,0.0887378),(-12.4587414,3.0000000,-2.0131122),(-12.8669935,3.0000000,0.0887378),(-12.8831330,3.0000000,0.0072461),(-12.4587414,3.0000000,-2.0131122),(-12.8831330,3.0000000,0.0072461),(-12.8831330,3.0000000,-3.6196622),(-12.4587414,3.0000000,-2.0131122),(-12.8831330,3.0000000,-3.6196622),(-12.8675226,3.0000000,-3.7016830),(-12.4587414,3.0000000,-2.0131122),(-12.8675226,3.0000000,-3.7016830),(-12.8206914,3.0000000,-3.7699455),(-12.4587414,3.0000000,-2.0131122),(-12.8206914,3.0000000,-3.7699455),(-12.7511060,3.0000000,-3.8159830),(-12.4587414,3.0000000,-2.0131122),(-12.7511060,3.0000000,-3.8159830),(-12.6693497,3.0000000,-3.8313289),(-12.4587414,3.0000000,-2.0131122),(-12.6693497,3.0000000,-3.8313289),(-12.5915622,3.0000000,-3.8162476),(-12.4587414,3.0000000,-2.0131122),(-12.5915622,3.0000000,-3.8162476),(-12.5190664,3.0000000,-3.7710039),(-12.4587414,3.0000000,-2.0131122),(-12.5190664,3.0000000,-3.7710039),(-12.4738226,3.0000000,-3.7061810),(-12.4587414,3.0000000,-2.0131122),(-12.4738226,3.0000000,-3.7061810),(-12.4587414,3.0000000,-3.6196622),(-5.2768914,3.0000000,-2.3009789),(-5.2768914,3.0000000,0.0072461),(-5.2922372,3.0000000,0.0887378),(-5.2768914,3.0000000,-2.3009789),(-5.2922372,3.0000000,0.0887378),(-5.3382747,3.0000000,0.1575295),(-5.2768914,3.0000000,-2.3009789),(-5.3382747,3.0000000,0.1575295),(-5.4057435,3.0000000,0.2051545),(-5.2719139,3.0000000,-2.4134433),(-5.2768914,3.0000000,-2.3009789),(-5.4057435,3.0000000,0.2051545),(-5.2719139,3.0000000,-2.4134433),(-5.4057435,3.0000000,0.2051545),(-5.4853830,3.0000000,0.2210295),(-5.2719139,3.0000000,-2.4134433),(-5.4853830,3.0000000,0.2210295),(-5.5687268,3.0000000,0.2046253),(-5.2719139,3.0000000,-2.4134433),(-5.5687268,3.0000000,0.2046253),(-5.6430747,3.0000000,0.1554128),(-5.2719139,3.0000000,-2.4134433),(-5.6430747,3.0000000,0.1554128),(-5.6883185,3.0000000,0.0908545),(-5.2719139,3.0000000,-2.4134433),(-5.6883185,3.0000000,0.0908545),(-5.7033997,3.0000000,0.0072461),(-5.2719139,3.0000000,-2.4134433),(-5.7033997,3.0000000,0.0072461),(-5.7033997,3.0000000,-2.3009789),(-5.2719139,3.0000000,-2.4134433),(-5.7033997,3.0000000,-2.3009789),(-5.6964544,3.0000000,-2.4560743),(-5.2719139,3.0000000,-2.4134433),(-5.6964544,3.0000000,-2.4560743),(-5.6756185,3.0000000,-2.6054482),(-5.2719139,3.0000000,-2.4134433),(-5.6756185,3.0000000,-2.6054482),(-5.6408919,3.0000000,-2.7491004),(-5.2719139,3.0000000,-2.4134433),(-5.6408919,3.0000000,-2.7491004),(-5.5922747,3.0000000,-2.8870310),(-5.2719139,3.0000000,-2.4134433),(-5.5922747,3.0000000,-2.8870310),(-5.5297669,3.0000000,-3.0192399),(-5.2719139,3.0000000,-2.4134433),(-5.5297669,3.0000000,-3.0192399),(-5.4533685,3.0000000,-3.1457273),(-5.2719139,3.0000000,-2.4134433),(-5.4533685,3.0000000,-3.1457273),(-5.3630794,3.0000000,-3.2664931),(-5.2719139,3.0000000,-2.4134433),(-5.3630794,3.0000000,-3.2664931),(-5.2588997,3.0000000,-3.3815372),(-5.2719139,3.0000000,-2.4134433),(-5.2588997,3.0000000,-3.3815372),(-5.1463195,3.0000000,-3.4869571),(-5.1463195,3.0000000,-3.4869571),(-5.0276539,3.0000000,-3.5783211),(-4.9029028,3.0000000,-3.6556290),(-5.1463195,3.0000000,-3.4869571),(-4.9029028,3.0000000,-3.6556290),(-4.7720664,3.0000000,-3.7188810),(-5.1463195,3.0000000,-3.4869571),(-4.7720664,3.0000000,-3.7188810),(-4.6351445,3.0000000,-3.7680769),(-5.1463195,3.0000000,-3.4869571),(-4.6351445,3.0000000,-3.7680769),(-4.4921372,3.0000000,-3.8032169),(-5.1463195,3.0000000,-3.4869571),(-4.4921372,3.0000000,-3.8032169),(-4.3430445,3.0000000,-3.8243009),(-5.1463195,3.0000000,-3.4869571),(-4.3430445,3.0000000,-3.8243009),(-4.1878664,3.0000000,-3.8313289),(-5.1463195,3.0000000,-3.4869571),(-4.1878664,3.0000000,-3.8313289),(-4.0324733,3.0000000,-3.8243009),(-5.1463195,3.0000000,-3.4869571),(-4.0324733,3.0000000,-3.8243009),(-3.8827357,3.0000000,-3.8032169),(-5.1463195,3.0000000,-3.4869571),(-3.8827357,3.0000000,-3.8032169),(-3.7386535,3.0000000,-3.7680769),(-5.1463195,3.0000000,-3.4869571),(-3.7386535,3.0000000,-3.7680769),(-3.6002268,3.0000000,-3.7188810),(-5.1463195,3.0000000,-3.4869571),(-3.6002268,3.0000000,-3.7188810),(-3.4674556,3.0000000,-3.6556290),(-5.1463195,3.0000000,-3.4869571),(-3.4674556,3.0000000,-3.6556290),(-3.3403398,3.0000000,-3.5783211),(-5.1463195,3.0000000,-3.4869571),(-3.3403398,3.0000000,-3.5783211),(-3.2188795,3.0000000,-3.4869571),(-5.1463195,3.0000000,-3.4869571),(-3.2188795,3.0000000,-3.4869571),(-3.1030747,3.0000000,-3.3815372),(-3.1030747,3.0000000,-3.3815372),(-2.9983989,3.0000000,-3.2678325),(-2.9076799,3.0000000,-3.1479101),(-3.1030747,3.0000000,-3.3815372),(-2.9076799,3.0000000,-3.1479101),(-2.8309177,3.0000000,-3.0217700),(-3.1030747,3.0000000,-3.3815372),(-2.8309177,3.0000000,-3.0217700),(-2.7681122,3.0000000,-2.8894122),(-3.1030747,3.0000000,-3.3815372),(-2.7681122,3.0000000,-2.8894122),(-2.7192635,3.0000000,-2.7508367),(-3.1030747,3.0000000,-3.3815372),(-2.7192635,3.0000000,-2.7508367),(-2.6843716,3.0000000,-2.6060435),(-3.1030747,3.0000000,-3.3815372),(-2.6843716,3.0000000,-2.6060435),(-2.6634364,3.0000000,-2.4550325),(-3.1030747,3.0000000,-3.3815372),(-2.6634364,3.0000000,-2.4550325),(-2.6564580,3.0000000,-2.2978039),(-3.1030747,3.0000000,-3.3815372),(-2.6564580,3.0000000,-2.2978039),(-2.6564580,3.0000000,0.0072461),(-3.1030747,3.0000000,-3.3815372),(-2.6564580,3.0000000,0.0072461),(-2.6718039,3.0000000,0.0887378),(-3.1030747,3.0000000,-3.3815372),(-2.6718039,3.0000000,0.0887378),(-2.7178414,3.0000000,0.1575295),(-3.1030747,3.0000000,-3.3815372),(-2.7178414,3.0000000,0.1575295),(-2.7861039,3.0000000,0.2051545),(-3.1030747,3.0000000,-3.3815372),(-2.7861039,3.0000000,0.2051545),(-2.8681247,3.0000000,0.2210295),(-3.1030747,3.0000000,-3.3815372),(-2.8681247,3.0000000,0.2210295),(-2.9501455,3.0000000,0.2051545),(-3.1030747,3.0000000,-3.3815372),(-2.9501455,3.0000000,0.2051545),(-3.0184080,3.0000000,0.1575295),(-3.0184080,3.0000000,0.1575295),(-3.0644455,3.0000000,0.0887378),(-3.0797914,3.0000000,0.0072461),(-3.0184080,3.0000000,0.1575295),(-3.0797914,3.0000000,0.0072461),(-3.0797914,3.0000000,-2.2978039),(-3.1030747,3.0000000,-3.3815372),(-3.0184080,3.0000000,0.1575295),(-3.0797914,3.0000000,-2.2978039),(-3.1030747,3.0000000,-3.3815372),(-3.0797914,3.0000000,-2.2978039),(-3.0849011,3.0000000,-2.4098218),(-3.1030747,3.0000000,-3.3815372),(-3.0849011,3.0000000,-2.4098218),(-3.1002304,3.0000000,-2.5178049),(-3.1030747,3.0000000,-3.3815372),(-3.1002304,3.0000000,-2.5178049),(-3.1257793,3.0000000,-2.6217531),(-3.1030747,3.0000000,-3.3815372),(-3.1257793,3.0000000,-2.6217531),(-3.1615476,3.0000000,-2.7216664),(-3.1030747,3.0000000,-3.3815372),(-3.1615476,3.0000000,-2.7216664),(-3.2075355,3.0000000,-2.8175448),(-3.1030747,3.0000000,-3.3815372),(-3.2075355,3.0000000,-2.8175448),(-3.2637429,3.0000000,-2.9093883),(-3.1030747,3.0000000,-3.3815372),(-3.2637429,3.0000000,-2.9093883),(-3.3301699,3.0000000,-2.9971968),(-3.1030747,3.0000000,-3.3815372),(-3.3301699,3.0000000,-2.9971968),(-3.4068164,3.0000000,-3.0809705),(-3.1030747,3.0000000,-3.3815372),(-3.4068164,3.0000000,-3.0809705),(-3.4886884,3.0000000,-3.1573690),(-3.1030747,3.0000000,-3.3815372),(-3.4886884,3.0000000,-3.1573690),(-3.5750252,3.0000000,-3.2235810),(-3.1030747,3.0000000,-3.3815372),(-3.5750252,3.0000000,-3.2235810),(-3.6658269,3.0000000,-3.2796065),(-3.1030747,3.0000000,-3.3815372),(-3.6658269,3.0000000,-3.2796065),(-3.7610935,3.0000000,-3.3254455),(-3.1030747,3.0000000,-3.3815372),(-3.7610935,3.0000000,-3.3254455),(-3.8608248,3.0000000,-3.3610982),(-3.1030747,3.0000000,-3.3815372),(-3.8608248,3.0000000,-3.3610982),(-3.9650211,3.0000000,-3.3865643),(-3.1030747,3.0000000,-3.3815372),(-3.9650211,3.0000000,-3.3865643),(-4.0736821,3.0000000,-3.4018440),(-5.1463195,3.0000000,-3.4869571),(-3.1030747,3.0000000,-3.3815372),(-4.0736821,3.0000000,-3.4018440),(-5.1463195,3.0000000,-3.4869571),(-4.0736821,3.0000000,-3.4018440),(-4.1868080,3.0000000,-3.4069372),(-5.1463195,3.0000000,-3.4869571),(-4.1868080,3.0000000,-3.4069372),(-4.2979496,3.0000000,-3.4018771),(-5.1463195,3.0000000,-3.4869571),(-4.2979496,3.0000000,-3.4018771),(-4.4048909,3.0000000,-3.3866966),(-5.1463195,3.0000000,-3.4869571),(-4.4048909,3.0000000,-3.3866966),(-4.5076319,3.0000000,-3.3613958),(-5.1463195,3.0000000,-3.4869571),(-4.5076319,3.0000000,-3.3613958),(-4.6061726,3.0000000,-3.3259747),(-5.1463195,3.0000000,-3.4869571),(-4.6061726,3.0000000,-3.3259747),(-4.7005131,3.0000000,-3.2804333),(-5.1463195,3.0000000,-3.4869571),(-4.7005131,3.0000000,-3.2804333),(-4.7906534,3.0000000,-3.2247716),(-5.1463195,3.0000000,-3.4869571),(-4.7906534,3.0000000,-3.2247716),(-4.8765933,3.0000000,-3.1589896),(-5.1463195,3.0000000,-3.4869571),(-4.8765933,3.0000000,-3.1589896),(-4.9583330,3.0000000,-3.0830872),(-5.1463195,3.0000000,-3.4869571),(-4.9583330,3.0000000,-3.0830872),(-5.0329952,3.0000000,-3.0000246),(-5.1463195,3.0000000,-3.4869571),(-5.0329952,3.0000000,-3.0000246),(-5.0977023,3.0000000,-2.9127617),(-5.1463195,3.0000000,-3.4869571),(-5.0977023,3.0000000,-2.9127617),(-5.1524545,3.0000000,-2.8212985),(-5.1463195,3.0000000,-3.4869571),(-5.1524545,3.0000000,-2.8212985),(-5.1972518,3.0000000,-2.7256351),(-5.1463195,3.0000000,-3.4869571),(-5.1972518,3.0000000,-2.7256351),(-5.2320941,3.0000000,-2.6257715),(-5.1463195,3.0000000,-3.4869571),(-5.2320941,3.0000000,-2.6257715),(-5.2569815,3.0000000,-2.5217075),(-5.2719139,3.0000000,-2.4134433),(-5.1463195,3.0000000,-3.4869571),(-5.2569815,3.0000000,-2.5217075),(-13.4792393,3.0000000,-0.1522976),(-13.4260580,3.0000000,0.0072461),(-13.4411393,3.0000000,0.0871503),(-13.4792393,3.0000000,-0.1522976),(-13.4411393,3.0000000,0.0871503),(-13.4863830,3.0000000,0.1554128),(-13.4792393,3.0000000,-0.1522976),(-13.4863830,3.0000000,0.1554128),(-13.5546455,3.0000000,0.2046253),(-13.4792393,3.0000000,-0.1522976),(-13.5546455,3.0000000,0.2046253),(-13.6387830,3.0000000,0.2210295),(-13.4792393,3.0000000,-0.1522976),(-13.6387830,3.0000000,0.2210295),(-16.2592164,3.0000000,0.2210295),(-13.4792393,3.0000000,-0.1522976),(-16.2592164,3.0000000,0.2210295),(-16.3523497,3.0000000,0.2006565),(-13.4792393,3.0000000,-0.1522976),(-16.3523497,3.0000000,0.2006565),(-16.4264330,3.0000000,0.1395378),(-13.4792393,3.0000000,-0.1522976),(-16.4264330,3.0000000,0.1395378),(-16.4729997,3.0000000,0.0072461),(-13.4792393,3.0000000,-0.1522976),(-16.4729997,3.0000000,0.0072461),(-16.4729997,3.0000000,-0.0086289),(-13.4792393,3.0000000,-0.1522976),(-16.4729997,3.0000000,-0.0086289),(-16.4126747,3.0000000,-0.1377455),(-13.4792393,3.0000000,-0.1522976),(-16.4126747,3.0000000,-0.1377455),(-16.3415018,3.0000000,-0.1885455),(-13.4792393,3.0000000,-0.1522976),(-16.3415018,3.0000000,-0.1885455),(-16.2592164,3.0000000,-0.2054789),(-13.4792393,3.0000000,-0.1522976),(-16.2592164,3.0000000,-0.2054789),(-15.1596080,3.0000000,-0.2054789),(-15.1596080,3.0000000,-0.2054789),(-15.1596080,3.0000000,-3.6196622),(-15.1442622,3.0000000,-3.7016830),(-15.1596080,3.0000000,-0.2054789),(-15.1442622,3.0000000,-3.7016830),(-15.0982247,3.0000000,-3.7699455),(-15.1596080,3.0000000,-0.2054789),(-15.0982247,3.0000000,-3.7699455),(-15.0299622,3.0000000,-3.8159830),(-15.1596080,3.0000000,-0.2054789),(-15.0299622,3.0000000,-3.8159830),(-14.9479414,3.0000000,-3.8313289),(-15.1596080,3.0000000,-0.2054789),(-14.9479414,3.0000000,-3.8313289),(-14.8659205,3.0000000,-3.8159830),(-15.1596080,3.0000000,-0.2054789),(-14.8659205,3.0000000,-3.8159830),(-14.7976580,3.0000000,-3.7699455),(-15.1596080,3.0000000,-0.2054789),(-14.7976580,3.0000000,-3.7699455),(-14.7516205,3.0000000,-3.7016830),(-15.1596080,3.0000000,-0.2054789),(-14.7516205,3.0000000,-3.7016830),(-14.7362747,3.0000000,-3.6196622),(-15.1596080,3.0000000,-0.2054789),(-14.7362747,3.0000000,-3.6196622),(-14.7362747,3.0000000,-0.2054789),(-13.4792393,3.0000000,-0.1522976),(-15.1596080,3.0000000,-0.2054789),(-14.7362747,3.0000000,-0.2054789),(-13.4792393,3.0000000,-0.1522976),(-14.7362747,3.0000000,-0.2054789),(-13.6387830,3.0000000,-0.2054789),(-13.4792393,3.0000000,-0.1522976),(-13.6387830,3.0000000,-0.2054789),(-13.5457159,3.0000000,-0.1921836)));
#1966=COMPLEX_TRIANGULATED_SURFACE_SET('surface set',#1965,3447,(),(),(),((1,2,3),(4,5,6),(7,8,9),(10,11,12),(13,14,15),(16,17,18),(19,20,21),(22,23,24),(25,26,27),(28,29,30),(31,32,33),(34,35,36),(37,38,39),(40,41,42),(43,44,45),(46,47,48),(49,50,51),(52,53,54),(55,56,57),(58,59,60),(61,62,63),(64,65,66),(67,68,69),(70,71,72),(73,74,75),(76,77,78),(79,80,81),(82,83,84),(85,86,87),(88,89,90),(91,92,93),(94,95,96),(97,98,99),(100,101,102),(103,104,105),(106,107,108),(109,110,111),(112,113,114),(115,116,117),(118,119,120),(121,122,123),(124,125,126),(127,128,129),(130,131,132),(133,134,135),(136,137,138),(139,140,141),(142,143,144),(145,146,147),(148,149,150),(151,152,153),(154,155,156),(157,158,159),(160,161,162),(163,164,165),(166,167,168),(169,170,171),(172,173,174),(175,176,177),(178,179,180),(181,182,183),(184,185,186),(187,188,189),(190,191,192),(193,194,195),(196,197,198),(199,200,201),(202,203,204),(205,206,207),(208,209,210),(211,212,213),(214,215,216),(217,218,219),(220,221,222),(223,224,225),(226,227,228),(229,230,231),(232,233,234),(235,236,237),(238,239,240),(241,242,243),(244,245,246),(247,248,249),(250,251,252),(253,254,255),(256,257,258),(259,260,261),(262,263,264),(265,266,267),(268,269,270),(271,272,273),(274,275,276),(277,278,279),(280,281,282),(283,284,285),(286,287,288),(289,290,291),(292,293,294),(295,296,297),(298,299,300),(301,302,303),(304,305,306),(307,308,309),(310,311,312),(313,314,315),(316,317,318),(319,320,321),(322,323,324),(325,326,327),(328,329,330),(331,332,333),(334,335,336),(337,338,339),(340,341,342),(343,344,345),(346,347,348),(349,350,351),(352,353,354),(355,356,357),(358,359,360),(361,362,363),(364,365,366),(367,368,369),(370,371,372),(373,374,375),(376,377,378),(379,380,381),(382,383,384),(385,386,387),(388,389,390),(391,392,393),(394,395,396),(397,398,399),(400,401,402),(403,404,405),(406,407,408),(409,410,411),(412,413,414),(415,416,417),(418,419,420),(421,422,423),(424,425,426),(427,428,429),(430,431,432),(433,434,435),(436,437,438),(439,440,441),(442,443,444),(445,446,447),(448,449,450),(451,452,453),(454,455,456),(457,458,459),(460,461,462),(463,464,465),(466,467,468),(469,470,471),(472,473,474),(475,476,477),(478,479,480),(481,482,483),(484,485,486),(487,488,489),(490,491,492),(493,494,495),(496,497,498),(499,500,501),(502,503,504),(505,506,507),(508,509,510),(511,512,513),(514,515,516),(517,518,519),(520,521,522),(523,524,525),(526,527,528),(529,530,531),(532,533,534),(535,536,537),(538,539,540),(541,542,543),(544,545,546),(547,548,549),(550,551,552),(553,554,555),(556,557,558),(559,560,561),(562,563,564),(565,566,567),(568,569,570),(571,572,573),(574,575,576),(577,578,579),(580,581,582),(583,584,585),(586,587,588),(589,590,591),(592,593,594),(595,596,597),(598,599,600),(601,602,603),(604,605,606),(607,608,609),(610,611,612),(613,614,615),(616,617,618),(619,620,621),(622,623,624),(625,626,627),(628,629,630),(631,632,633),(634,635,636),(637,638,639),(640,641,642),(643,644,645),(646,647,648),(649,650,651),(652,653,654),(655,656,657),(658,659,660),(661,662,663),(664,665,666),(667,668,669),(670,671,672),(673,674,675),(676,677,678),(679,680,681),(682,683,684),(685,686,687),(688,689,690),(691,692,693),(694,695,696),(697,698,699),(700,701,702),(703,704,705),(706,707,708),(709,710,711),(712,713,714),(715,716,717),(718,719,720),(721,722,723),(724,725,726),(727,728,729),(730,731,732),(733,734,735),(736,737,738),(739,740,741),(742,743,744),(745,746,747),(748,749,750),(751,752,753),(754,755,756),(757,758,759),(760,761,762),(763,764,765),(766,767,768),(769,770,771),(772,773,774),(775,776,777),(778,779,780),(781,782,783),(784,785,786),(787,788,789),(790,791,792),(793,794,795),(796,797,798),(799,800,801),(802,803,804),(805,806,807),(808,809,810),(811,812,813),(814,815,816),(817,818,819),(820,821,822),(823,824,825),(826,827,828),(829,830,831),(832,833,834),(835,836,837),(838,839,840),(841,842,843),(844,845,846),(847,848,849),(850,851,852),(853,854,855),(856,857,858),(859,860,861),(862,863,864),(865,866,867),(868,869,870),(871,872,873),(874,875,876),(877,878,879),(880,881,882),(883,884,885),(886,887,888),(889,890,891),(892,893,894),(895,896,897),(898,899,900),(901,902,903),(904,905,906),(907,908,909),(910,911,912),(913,914,915),(916,917,918),(919,920,921),(922,923,924),(925,926,927),(928,929,930),(931,932,933),(934,935,936),(937,938,939),(940,941,942),(943,944,945),(946,947,948),(949,950,951),(952,953,954),(955,956,957),(958,959,960),(961,962,963),(964,965,966),(967,968,969),(970,971,972),(973,974,975),(976,977,978),(979,980,981),(982,983,984),(985,986,987),(988,989,990),(991,992,993),(994,995,996),(997,998,999),(1000,1001,1002),(1003,1004,1005),(1006,1007,1008),(1009,1010,1011),(1012,1013,1014),(1015,1016,1017),(1018,1019,1020),(1021,1022,1023),(1024,1025,1026),(1027,1028,1029),(1030,1031,1032),(1033,1034,1035),(1036,1037,1038),(1039,1040,1041),(1042,1043,1044),(1045,1046,1047),(1048,1049,1050),(1051,1052,1053),(1054,1055,1056),(1057,1058,1059),(1060,1061,1062),(1063,1064,1065),(1066,1067,1068),(1069,1070,1071),(1072,1073,1074),(1075,1076,1077),(1078,1079,1080),(1081,1082,1083),(1084,1085,1086),(1087,1088,1089),(1090,1091,1092),(1093,1094,1095),(1096,1097,1098),(1099,1100,1101),(1102,1103,1104),(1105,1106,1107),(1108,1109,1110),(1111,1112,1113),(1114,1115,1116),(1117,1118,1119),(1120,1121,1122),(1123,1124,1125),(1126,1127,1128),(1129,1130,1131),(1132,1133,1134),(1135,1136,1137),(1138,1139,1140),(1141,1142,1143),(1144,1145,1146),(1147,1148,1149),(1150,1151,1152),(1153,1154,1155),(1156,1157,1158),(1159,1160,1161),(1162,1163,1164),(1165,1166,1167),(1168,1169,1170),(1171,1172,1173),(1174,1175,1176),(1177,1178,1179),(1180,1181,1182),(1183,1184,1185),(1186,1187,1188),(1189,1190,1191),(1192,1193,1194),(1195,1196,1197),(1198,1199,1200),(1201,1202,1203),(1204,1205,1206),(1207,1208,1209),(1210,1211,1212),(1213,1214,1215),(1216,1217,1218),(1219,1220,1221),(1222,1223,1224),(1225,1226,1227),(1228,1229,1230),(1231,1232,1233),(1234,1235,1236),(1237,1238,1239),(1240,1241,1242),(1243,1244,1245),(1246,1247,1248),(1249,1250,1251),(1252,1253,1254),(1255,1256,1257),(1258,1259,1260),(1261,1262,1263),(1264,1265,1266),(1267,1268,1269),(1270,1271,1272),(1273,1274,1275),(1276,1277,1278),(1279,1280,1281),(1282,1283,1284),(1285,1286,1287),(1288,1289,1290),(1291,1292,1293),(1294,1295,1296),(1297,1298,1299),(1300,1301,1302),(1303,1304,1305),(1306,1307,1308),(1309,1310,1311),(1312,1313,1314),(1315,1316,1317),(1318,1319,1320),(1321,1322,1323),(1324,1325,1326),(1327,1328,1329),(1330,1331,1332),(1333,1334,1335),(1336,1337,1338),(1339,1340,1341),(1342,1343,1344),(1345,1346,1347),(1348,1349,1350),(1351,1352,1353),(1354,1355,1356),(1357,1358,1359),(1360,1361,1362),(1363,1364,1365),(1366,1367,1368),(1369,1370,1371),(1372,1373,1374),(1375,1376,1377),(1378,1379,1380),(1381,1382,1383),(1384,1385,1386),(1387,1388,1389),(1390,1391,1392),(1393,1394,1395),(1396,1397,1398),(1399,1400,1401),(1402,1403,1404),(1405,1406,1407),(1408,1409,1410),(1411,1412,1413),(1414,1415,1416),(1417,1418,1419),(1420,1421,1422),(1423,1424,1425),(1426,1427,1428),(1429,1430,1431),(1432,1433,1434),(1435,1436,1437),(1438,1439,1440),(1441,1442,1443),(1444,1445,1446),(1447,1448,1449),(1450,1451,1452),(1453,1454,1455),(1456,1457,1458),(1459,1460,1461),(1462,1463,1464),(1465,1466,1467),(1468,1469,1470),(1471,1472,1473),(1474,1475,1476),(1477,1478,1479),(1480,1481,1482),(1483,1484,1485),(1486,1487,1488),(1489,1490,1491),(1492,1493,1494),(1495,1496,1497),(1498,1499,1500),(1501,1502,1503),(1504,1505,1506),(1507,1508,1509),(1510,1511,1512),(1513,1514,1515),(1516,1517,1518),(1519,1520,1521),(1522,1523,1524),(1525,1526,1527),(1528,1529,1530),(1531,1532,1533),(1534,1535,1536),(1537,1538,1539),(1540,1541,1542),(1543,1544,1545),(1546,1547,1548),(1549,1550,1551),(1552,1553,1554),(1555,1556,1557),(1558,1559,1560),(1561,1562,1563),(1564,1565,1566),(1567,1568,1569),(1570,1571,1572),(1573,1574,1575),(1576,1577,1578),(1579,1580,1581),(1582,1583,1584),(1585,1586,1587),(1588,1589,1590),(1591,1592,1593),(1594,1595,1596),(1597,1598,1599),(1600,1601,1602),(1603,1604,1605),(1606,1607,1608),(1609,1610,1611),(1612,1613,1614),(1615,1616,1617),(1618,1619,1620),(1621,1622,1623),(1624,1625,1626),(1627,1628,1629),(1630,1631,1632),(1633,1634,1635),(1636,1637,1638),(1639,1640,1641),(1642,1643,1644),(1645,1646,1647),(1648,1649,1650),(1651,1652,1653),(1654,1655,1656),(1657,1658,1659),(1660,1661,1662),(1663,1664,1665),(1666,1667,1668),(1669,1670,1671),(1672,1673,1674),(1675,1676,1677),(1678,1679,1680),(1681,1682,1683),(1684,1685,1686),(1687,1688,1689),(1690,1691,1692),(1693,1694,1695),(1696,1697,1698),(1699,1700,1701),(1702,1703,1704),(1705,1706,1707),(1708,1709,1710),(1711,1712,1713),(1714,1715,1716),(1717,1718,1719),(1720,1721,1722),(1723,1724,1725),(1726,1727,1728),(1729,1730,1731),(1732,1733,1734),(1735,1736,1737),(1738,1739,1740),(1741,1742,1743),(1744,1745,1746),(1747,1748,1749),(1750,1751,1752),(1753,1754,1755),(1756,1757,1758),(1759,1760,1761),(1762,1763,1764),(1765,1766,1767),(1768,1769,1770),(1771,1772,1773),(1774,1775,1776),(1777,1778,1779),(1780,1781,1782),(1783,1784,1785),(1786,1787,1788),(1789,1790,1791),(1792,1793,1794),(1795,1796,1797),(1798,1799,1800),(1801,1802,1803),(1804,1805,1806),(1807,1808,1809),(1810,1811,1812),(1813,1814,1815),(1816,1817,1818),(1819,1820,1821),(1822,1823,1824),(1825,1826,1827),(1828,1829,1830),(1831,1832,1833),(1834,1835,1836),(1837,1838,1839),(1840,1841,1842),(1843,1844,1845),(1846,1847,1848),(1849,1850,1851),(1852,1853,1854),(1855,1856,1857),(1858,1859,1860),(1861,1862,1863),(1864,1865,1866),(1867,1868,1869),(1870,1871,1872),(1873,1874,1875),(1876,1877,1878),(1879,1880,1881),(1882,1883,1884),(1885,1886,1887),(1888,1889,1890),(1891,1892,1893),(1894,1895,1896),(1897,1898,1899),(1900,1901,1902),(1903,1904,1905),(1906,1907,1908),(1909,1910,1911),(1912,1913,1914),(1915,1916,1917),(1918,1919,1920),(1921,1922,1923),(1924,1925,1926),(1927,1928,1929),(1930,1931,1932),(1933,1934,1935),(1936,1937,1938),(1939,1940,1941),(1942,1943,1944),(1945,1946,1947),(1948,1949,1950),(1951,1952,1953),(1954,1955,1956),(1957,1958,1959),(1960,1961,1962),(1963,1964,1965),(1966,1967,1968),(1969,1970,1971),(1972,1973,1974),(1975,1976,1977),(1978,1979,1980),(1981,1982,1983),(1984,1985,1986),(1987,1988,1989),(1990,1991,1992),(1993,1994,1995),(1996,1997,1998),(1999,2000,2001),(2002,2003,2004),(2005,2006,2007),(2008,2009,2010),(2011,2012,2013),(2014,2015,2016),(2017,2018,2019),(2020,2021,2022),(2023,2024,2025),(2026,2027,2028),(2029,2030,2031),(2032,2033,2034),(2035,2036,2037),(2038,2039,2040),(2041,2042,2043),(2044,2045,2046),(2047,2048,2049),(2050,2051,2052),(2053,2054,2055),(2056,2057,2058),(2059,2060,2061),(2062,2063,2064),(2065,2066,2067),(2068,2069,2070),(2071,2072,2073),(2074,2075,2076),(2077,2078,2079),(2080,2081,2082),(2083,2084,2085),(2086,2087,2088),(2089,2090,2091),(2092,2093,2094),(2095,2096,2097),(2098,2099,2100),(2101,2102,2103),(2104,2105,2106),(2107,2108,2109),(2110,2111,2112),(2113,2114,2115),(2116,2117,2118),(2119,2120,2121),(2122,2123,2124),(2125,2126,2127),(2128,2129,2130),(2131,2132,2133),(2134,2135,2136),(2137,2138,2139),(2140,2141,2142),(2143,2144,2145),(2146,2147,2148),(2149,2150,2151),(2152,2153,2154),(2155,2156,2157),(2158,2159,2160),(2161,2162,2163),(2164,2165,2166),(2167,2168,2169),(2170,2171,2172),(2173,2174,2175),(2176,2177,2178),(2179,2180,2181),(2182,2183,2184),(2185,2186,2187),(2188,2189,2190),(2191,2192,2193),(2194,2195,2196),(2197,2198,2199),(2200,2201,2202),(2203,2204,2205),(2206,2207,2208),(2209,2210,2211),(2212,2213,2214),(2215,2216,2217),(2218,2219,2220),(2221,2222,2223),(2224,2225,2226),(2227,2228,2229),(2230,2231,2232),(2233,2234,2235),(2236,2237,2238),(2239,2240,2241),(2242,2243,2244),(2245,2246,2247),(2248,2249,2250),(2251,2252,2253),(2254,2255,2256),(2257,2258,2259),(2260,2261,2262),(2263,2264,2265),(2266,2267,2268),(2269,2270,2271),(2272,2273,2274),(2275,2276,2277),(2278,2279,2280),(2281,2282,2283),(2284,2285,2286),(2287,2288,2289),(2290,2291,2292),(2293,2294,2295),(2296,2297,2298),(2299,2300,2301),(2302,2303,2304),(2305,2306,2307),(2308,2309,2310),(2311,2312,2313),(2314,2315,2316),(2317,2318,2319),(2320,2321,2322),(2323,2324,2325),(2326,2327,2328),(2329,2330,2331),(2332,2333,2334),(2335,2336,2337),(2338,2339,2340),(2341,2342,2343),(2344,2345,2346),(2347,2348,2349),(2350,2351,2352),(2353,2354,2355),(2356,2357,2358),(2359,2360,2361),(2362,2363,2364),(2365,2366,2367),(2368,2369,2370),(2371,2372,2373),(2374,2375,2376),(2377,2378,2379),(2380,2381,2382),(2383,2384,2385),(2386,2387,2388),(2389,2390,2391),(2392,2393,2394),(2395,2396,2397),(2398,2399,2400),(2401,2402,2403),(2404,2405,2406),(2407,2408,2409),(2410,2411,2412),(2413,2414,2415),(2416,2417,2418),(2419,2420,2421),(2422,2423,2424),(2425,2426,2427),(2428,2429,2430),(2431,2432,2433),(2434,2435,2436),(2437,2438,2439),(2440,2441,2442),(2443,2444,2445),(2446,2447,2448),(2449,2450,2451),(2452,2453,2454),(2455,2456,2457),(2458,2459,2460),(2461,2462,2463),(2464,2465,2466),(2467,2468,2469),(2470,2471,2472),(2473,2474,2475),(2476,2477,2478),(2479,2480,2481),(2482,2483,2484),(2485,2486,2487),(2488,2489,2490),(2491,2492,2493),(2494,2495,2496),(2497,2498,2499),(2500,2501,2502),(2503,2504,2505),(2506,2507,2508),(2509,2510,2511),(2512,2513,2514),(2515,2516,2517),(2518,2519,2520),(2521,2522,2523),(2524,2525,2526),(2527,2528,2529),(2530,2531,2532),(2533,2534,2535),(2536,2537,2538),(2539,2540,2541),(2542,2543,2544),(2545,2546,2547),(2548,2549,2550),(2551,2552,2553),(2554,2555,2556),(2557,2558,2559),(2560,2561,2562),(2563,2564,2565),(2566,2567,2568),(2569,2570,2571),(2572,2573,2574),(2575,2576,2577),(2578,2579,2580),(2581,2582,2583),(2584,2585,2586),(2587,2588,2589),(2590,2591,2592),(2593,2594,2595),(2596,2597,2598),(2599,2600,2601),(2602,2603,2604),(2605,2606,2607),(2608,2609,2610),(2611,2612,2613),(2614,2615,2616),(2617,2618,2619),(2620,2621,2622),(2623,2624,2625),(2626,2627,2628),(2629,2630,2631),(2632,2633,2634),(2635,2636,2637),(2638,2639,2640),(2641,2642,2643),(2644,2645,2646),(2647,2648,2649),(2650,2651,2652),(2653,2654,2655),(2656,2657,2658),(2659,2660,2661),(2662,2663,2664),(2665,2666,2667),(2668,2669,2670),(2671,2672,2673),(2674,2675,2676),(2677,2678,2679),(2680,2681,2682),(2683,2684,2685),(2686,2687,2688),(2689,2690,2691),(2692,2693,2694),(2695,2696,2697),(2698,2699,2700),(2701,2702,2703),(2704,2705,2706),(2707,2708,2709),(2710,2711,2712),(2713,2714,2715),(2716,2717,2718),(2719,2720,2721),(2722,2723,2724),(2725,2726,2727),(2728,2729,2730),(2731,2732,2733),(2734,2735,2736),(2737,2738,2739),(2740,2741,2742),(2743,2744,2745),(2746,2747,2748),(2749,2750,2751),(2752,2753,2754),(2755,2756,2757),(2758,2759,2760),(2761,2762,2763),(2764,2765,2766),(2767,2768,2769),(2770,2771,2772),(2773,2774,2775),(2776,2777,2778),(2779,2780,2781),(2782,2783,2784),(2785,2786,2787),(2788,2789,2790),(2791,2792,2793),(2794,2795,2796),(2797,2798,2799),(2800,2801,2802),(2803,2804,2805),(2806,2807,2808),(2809,2810,2811),(2812,2813,2814),(2815,2816,2817),(2818,2819,2820),(2821,2822,2823),(2824,2825,2826),(2827,2828,2829),(2830,2831,2832),(2833,2834,2835),(2836,2837,2838),(2839,2840,2841),(2842,2843,2844),(2845,2846,2847),(2848,2849,2850),(2851,2852,2853),(2854,2855,2856),(2857,2858,2859),(2860,2861,2862),(2863,2864,2865),(2866,2867,2868),(2869,2870,2871),(2872,2873,2874),(2875,2876,2877),(2878,2879,2880),(2881,2882,2883),(2884,2885,2886),(2887,2888,2889),(2890,2891,2892),(2893,2894,2895),(2896,2897,2898),(2899,2900,2901),(2902,2903,2904),(2905,2906,2907),(2908,2909,2910),(2911,2912,2913),(2914,2915,2916),(2917,2918,2919),(2920,2921,2922),(2923,2924,2925),(2926,2927,2928),(2929,2930,2931),(2932,2933,2934),(2935,2936,2937),(2938,2939,2940),(2941,2942,2943),(2944,2945,2946),(2947,2948,2949),(2950,2951,2952),(2953,2954,2955),(2956,2957,2958),(2959,2960,2961),(2962,2963,2964),(2965,2966,2967),(2968,2969,2970),(2971,2972,2973),(2974,2975,2976),(2977,2978,2979),(2980,2981,2982),(2983,2984,2985),(2986,2987,2988),(2989,2990,2991),(2992,2993,2994),(2995,2996,2997),(2998,2999,3000),(3001,3002,3003),(3004,3005,3006),(3007,3008,3009),(3010,3011,3012),(3013,3014,3015),(3016,3017,3018),(3019,3020,3021),(3022,3023,3024),(3025,3026,3027),(3028,3029,3030),(3031,3032,3033),(3034,3035,3036),(3037,3038,3039),(3040,3041,3042),(3043,3044,3045),(3046,3047,3048),(3049,3050,3051),(3052,3053,3054),(3055,3056,3057),(3058,3059,3060),(3061,3062,3063),(3064,3065,3066),(3067,3068,3069),(3070,3071,3072),(3073,3074,3075),(3076,3077,3078),(3079,3080,3081),(3082,3083,3084),(3085,3086,3087),(3088,3089,3090),(3091,3092,3093),(3094,3095,3096),(3097,3098,3099),(3100,3101,3102),(3103,3104,3105),(3106,3107,3108),(3109,3110,3111),(3112,3113,3114),(3115,3116,3117),(3118,3119,3120),(3121,3122,3123),(3124,3125,3126),(3127,3128,3129),(3130,3131,3132),(3133,3134,3135),(3136,3137,3138),(3139,3140,3141),(3142,3143,3144),(3145,3146,3147),(3148,3149,3150),(3151,3152,3153),(3154,3155,3156),(3157,3158,3159),(3160,3161,3162),(3163,3164,3165),(3166,3167,3168),(3169,3170,3171),(3172,3173,3174),(3175,3176,3177),(3178,3179,3180),(3181,3182,3183),(3184,3185,3186),(3187,3188,3189),(3190,3191,3192),(3193,3194,3195),(3196,3197,3198),(3199,3200,3201),(3202,3203,3204),(3205,3206,3207),(3208,3209,3210),(3211,3212,3213),(3214,3215,3216),(3217,3218,3219),(3220,3221,3222),(3223,3224,3225),(3226,3227,3228),(3229,3230,3231),(3232,3233,3234),(3235,3236,3237),(3238,3239,3240),(3241,3242,3243),(3244,3245,3246),(3247,3248,3249),(3250,3251,3252),(3253,3254,3255),(3256,3257,3258),(3259,3260,3261),(3262,3263,3264),(3265,3266,3267),(3268,3269,3270),(3271,3272,3273),(3274,3275,3276),(3277,3278,3279),(3280,3281,3282),(3283,3284,3285),(3286,3287,3288),(3289,3290,3291),(3292,3293,3294),(3295,3296,3297),(3298,3299,3300),(3301,3302,3303),(3304,3305,3306),(3307,3308,3309),(3310,3311,3312),(3313,3314,3315),(3316,3317,3318),(3319,3320,3321),(3322,3323,3324),(3325,3326,3327),(3328,3329,3330),(3331,3332,3333),(3334,3335,3336),(3337,3338,3339),(3340,3341,3342),(3343,3344,3345),(3346,3347,3348),(3349,3350,3351),(3352,3353,3354),(3355,3356,3357),(3358,3359,3360),(3361,3362,3363),(3364,3365,3366),(3367,3368,3369),(3370,3371,3372),(3373,3374,3375),(3376,3377,3378),(3379,3380,3381),(3382,3383,3384),(3385,3386,3387),(3388,3389,3390),(3391,3392,3393),(3394,3395,3396),(3397,3398,3399),(3400,3401,3402),(3403,3404,3405),(3406,3407,3408),(3409,3410,3411),(3412,3413,3414),(3415,3416,3417),(3418,3419,3420),(3421,3422,3423),(3424,3425,3426),(3427,3428,3429),(3430,3431,3432),(3433,3434,3435),(3436,3437,3438),(3439,3440,3441),(3442,3443,3444),(3445,3446,3447)));
#1967=TESSELLATED_GEOMETRIC_SET('hole callout',(#1966));
#1968=COORDINATES_LIST('coordinates',5,((-26.1492330,3.0000000,-13.0422330),(-1.5232747,3.0000000,-13.0422330),(-38.6492330,3.0000000,-20.5422330),(-31.1492330,3.0000000,-13.0422330),(-26.1492330,3.0000000,-13.0422330)));
#1969=TESSELLATED_CURVE_SET('curve set',#1968,((1,2),(3,4,5)));
#1970=TESSELLATED_GEOMETRIC_SET('hole callout',(#1969));
#1971=TESSELLATED_ANNOTATION_OCCURRENCE('hole callout',(#1964),#1967);
#1972=TESSELLATED_ANNOTATION_OCCURRENCE('hole callout',(#1964),#1970);
#1973=DRAUGHTING_CALLOUT('hole callout',(#1971,#1972));
#1974=DRAUGHTING_MODEL_ITEM_ASSOCIATION('','',#1915,#1960,#1973);
#1975=DRAUGHTING_MODEL_ITEM_ASSOCIATION('','',#1923,#1960,#1973);
#1976=DRAUGHTING_MODEL_ITEM_ASSOCIATION('','',#1931,#1960,#1973);
#1977=DRAUGHTING_MODEL_ITEM_ASSOCIATION('','',#1860,#1960,#1973);
#1978=COMPOSITE_SHAPE_ASPECT('hole_callout.FubwORuELUPikP1_1.JKD.2',$,#1850,$);
#1979=SHAPE_ASPECT('hole_callout.FubwORuELUPikP1_1.JKD.2',$,#1850,.T.);
#1980=GEOMETRIC_ITEM_SPECIFIC_USAGE('','',#1979,#11,#1011);
#1981=SHAPE_ASPECT_RELATIONSHIP('','',#1978,#1979);
#1982=SHAPE_ASPECT('hole_callout.FubwORuELUPikP1_1.JKD.2',$,#1850,.T.);
#1983=GEOMETRIC_ITEM_SPECIFIC_USAGE('','',#1982,#11,#1013);
#1984=SHAPE_ASPECT_RELATIONSHIP('','',#1978,#1982);
#1985=SHAPE_ASPECT('hole_callout.FubwORuELUPikP1_1.JKD.2',$,#1850,.T.);
#1986=GEOMETRIC_ITEM_SPECIFIC_USAGE('','',#1985,#11,#1012);
#1987=SHAPE_ASPECT_RELATIONSHIP('','',#1978,#1985);
#1988=DIMENSIONAL_SIZE(#1978,'diameter');
#1989=(
LENGTH_UNIT()
NAMED_UNIT(*)
SI_UNIT(.MILLI.,.METRE.)
);
#1991=PRECISION_QUALIFIER(3);
#1990=(
LENGTH_MEASURE_WITH_UNIT()
MEASURE_REPRESENTATION_ITEM()
MEASURE_WITH_UNIT(POSITIVE_LENGTH_MEASURE(2.5),#1989)
QUALIFIED_REPRESENTATION_ITEM((#1991))
REPRESENTATION_ITEM('nominal value')
);
#1992=COMPOUND_REPRESENTATION_ITEM('modifiers',SET_REPRESENTATION_ITEM((#1993)));
#1993=DESCRIPTIVE_REPRESENTATION_ITEM('dimensional note','diameter');
#1994=SHAPE_DIMENSION_REPRESENTATION('',(#1990,#1992),#1845);
#1995=DIMENSIONAL_CHARACTERISTIC_REPRESENTATION(#1988,#1994);
#1996=DIMENSIONAL_SIZE(#1978,'depth');
#1997=(
LENGTH_UNIT()
NAMED_UNIT(*)
SI_UNIT(.MILLI.,.METRE.)
);
#1999=PRECISION_QUALIFIER(3);
#1998=(
LENGTH_MEASURE_WITH_UNIT()
MEASURE_REPRESENTATION_ITEM()
MEASURE_WITH_UNIT(POSITIVE_LENGTH_MEASURE(0.01),#1997)
QUALIFIED_REPRESENTATION_ITEM((#1999))
REPRESENTATION_ITEM('nominal value')
);
#2000=COMPOUND_REPRESENTATION_ITEM('modifiers',SET_REPRESENTATION_ITEM((#2001)));
#2001=DESCRIPTIVE_REPRESENTATION_ITEM('dimensional note','depth');
#2002=SHAPE_DIMENSION_REPRESENTATION('',(#1998,#2000),#1845);
#2003=DIMENSIONAL_CHARACTERISTIC_REPRESENTATION(#1996,#2002);
#2004=PRESENTATION_STYLE_ASSIGNMENT((NULL_STYLE(.NULL.)));
#2005=CARTESIAN_POINT('',(-0.0255476,0.,-0.0356290526920706));
#2006=DIRECTION('',(0.,-1.,0.));
#2007=DIRECTION('',(1.,0.,0.));
#2008=AXIS2_PLACEMENT_3D('',#2005,#2006,#2007);
#2009=PLANE('',#2008);
#2010=ANNOTATION_PLANE('',(#2004),#2009,(#2036));
#2011=CARTESIAN_POINT('',(0.,0.,0.));
#2012=DIRECTION('',(0.,0.,1.));
#2013=DIRECTION('',(1.,0.,0.));
#2014=AXIS2_PLACEMENT_3D('',#2011,#2012,#2013);
#2015=CARTESIAN_POINT('',(0.,0.,0.));
#2016=DIRECTION('',(0.,0.,1.));
#2017=DIRECTION('',(1.,0.,0.));
#2018=AXIS2_PLACEMENT_3D('',#2015,#2016,#2017);
#2019=SHAPE_REPRESENTATION('',(#2018,#1025),#1845);
#2020=REPRESENTATION_MAP(#2014,#2019);
#2021=MAPPED_ITEM('',#2020,#2014);
#2022=PRESENTATION_STYLE_ASSIGNMENT((NULL_STYLE(.NULL.)));
#2023=STYLED_ITEM('',(#2022),#2021);
#2024=DRAUGHTING_PRE_DEFINED_CURVE_FONT('continuous');
#2025=COLOUR_RGB('',0.,0.,0.);
#2026=CURVE_STYLE('',#2024,POSITIVE_LENGTH_MEASURE(0.02),#2025);
#2027=PRESENTATION_STYLE_ASSIGNMENT((#2026));
#2028=COORDINATES_LIST('coordinates',4599,((-24.6637165,0.,-34.7451692),(-23.2495030,0.,-31.9167421),(-21.8352894,0.,-33.3309557),(1.5000505,0.,-28.1697184),(1.5053918,0.,-28.0373275),(1.5053918,0.,-26.3471692),(1.5000505,0.,-28.1697184),(1.5053918,0.,-26.3471692),(1.5000836,0.,-26.2165477),(1.5000505,0.,-28.1697184),(1.5000836,0.,-26.2165477),(1.4841590,0.,-26.0919124),(1.5000505,0.,-28.1697184),(1.4841590,0.,-26.0919124),(1.4576180,0.,-25.9732634),(1.5000505,0.,-28.1697184),(1.4576180,0.,-25.9732634),(1.4204606,0.,-25.8606005),(1.5000505,0.,-28.1697184),(1.4204606,0.,-25.8606005),(1.3726867,0.,-25.7539238),(1.5000505,0.,-28.1697184),(1.3726867,0.,-25.7539238),(1.3142965,0.,-25.6532333),(1.5000505,0.,-28.1697184),(1.3142965,0.,-25.6532333),(1.2452899,0.,-25.5585290),(1.5000505,0.,-28.1697184),(1.2452899,0.,-25.5585290),(1.1656668,0.,-25.4698109),(1.5000505,0.,-28.1697184),(1.1656668,0.,-25.4698109),(1.0889873,0.,-25.3981253),(1.5000505,0.,-28.1697184),(1.0889873,0.,-25.3981253),(1.0092319,0.,-25.3359979),(1.5000505,0.,-28.1697184),(1.0092319,0.,-25.3359979),(0.9264008,0.,-25.2834285),(0.9264008,0.,-25.2834285),(0.8404939,0.,-25.2404171),(0.7515112,0.,-25.2069639),(0.9264008,0.,-25.2834285),(0.7515112,0.,-25.2069639),(0.6594527,0.,-25.1830687),(0.9264008,0.,-25.2834285),(0.6594527,0.,-25.1830687),(0.5643185,0.,-25.1687316),(0.9264008,0.,-25.2834285),(0.5643185,0.,-25.1687316),(0.4661085,0.,-25.1639525),(0.9264008,0.,-25.2834285),(0.4661085,0.,-25.1639525),(0.3690229,0.,-25.1687316),(0.9264008,0.,-25.2834285),(0.3690229,0.,-25.1687316),(0.2746163,0.,-25.1830687),(0.9264008,0.,-25.2834285),(0.2746163,0.,-25.1830687),(0.1828886,0.,-25.2069639),(0.9264008,0.,-25.2834285),(0.1828886,0.,-25.2069639),(0.0938397,0.,-25.2404171),(0.9264008,0.,-25.2834285),(0.0938397,0.,-25.2404171),(0.0074698,0.,-25.2834285),(0.9264008,0.,-25.2834285),(0.0074698,0.,-25.2834285),(-0.0762212,0.,-25.3359979),(0.9264008,0.,-25.2834285),(-0.0762212,0.,-25.3359979),(-0.1572333,0.,-25.3981253),(0.9264008,0.,-25.2834285),(-0.1572333,0.,-25.3981253),(-0.2355665,0.,-25.4698109),(0.9264008,0.,-25.2834285),(-0.2355665,0.,-25.4698109),(-0.3151896,0.,-25.5567927),(0.9264008,0.,-25.2834285),(-0.3151896,0.,-25.5567927),(-0.3841962,0.,-25.6499921),(0.9264008,0.,-25.2834285),(-0.3841962,0.,-25.6499921),(-0.4425864,0.,-25.7494093),(0.9264008,0.,-25.2834285),(-0.4425864,0.,-25.7494093),(-0.4903603,0.,-25.8550442),(0.9264008,0.,-25.2834285),(-0.4903603,0.,-25.8550442),(-0.5275177,0.,-25.9668968),(-0.5275177,0.,-25.9668968),(-0.5540587,0.,-26.0849671),(-0.5699833,0.,-26.2092552),(-0.5275177,0.,-25.9668968),(-0.5699833,0.,-26.2092552),(-0.5752915,0.,-26.3397609),(-0.5275177,0.,-25.9668968),(-0.5752915,0.,-26.3397609),(-0.5752915,0.,-26.3471692),(-0.5275177,0.,-25.9668968),(-0.5752915,0.,-26.3471692),(-0.5752915,0.,-28.0415609),(-0.5275177,0.,-25.9668968),(-0.5752915,0.,-28.0415609),(-0.5699833,0.,-28.1728769),(-0.5275177,0.,-25.9668968),(-0.5699833,0.,-28.1728769),(-0.5540587,0.,-28.2980083),(-0.5275177,0.,-25.9668968),(-0.5540587,0.,-28.2980083),(-0.5275177,0.,-28.4169550),(-0.5275177,0.,-25.9668968),(-0.5275177,0.,-28.4169550),(-0.4903603,0.,-28.5297171),(-0.5275177,0.,-25.9668968),(-0.4903603,0.,-28.5297171),(-0.4425864,0.,-28.6362946),(-0.5275177,0.,-25.9668968),(-0.4425864,0.,-28.6362946),(-0.3841962,0.,-28.7366874),(-0.5275177,0.,-25.9668968),(-0.3841962,0.,-28.7366874),(-0.3151896,0.,-28.8308956),(-0.5275177,0.,-25.9668968),(-0.3151896,0.,-28.8308956),(-0.2355665,0.,-28.9189192),(-0.2355665,0.,-28.9189192),(0.0681751,0.,-28.6225859),(-0.0258181,0.,-28.5062354),(-0.2355665,0.,-28.9189192),(-0.0258181,0.,-28.5062354),(-0.0929561,0.,-28.3699088),(-0.2355665,0.,-28.9189192),(-0.0929561,0.,-28.3699088),(-0.1332389,0.,-28.2136062),(-0.5275177,0.,-25.9668968),(-0.2355665,0.,-28.9189192),(-0.1332389,0.,-28.2136062),(-0.5275177,0.,-25.9668968),(-0.1332389,0.,-28.2136062),(-0.1433096,0.,-28.1279639),(-0.5275177,0.,-25.9668968),(-0.1433096,0.,-28.1279639),(-0.1466665,0.,-28.0373275),(-0.5275177,0.,-25.9668968),(-0.1466665,0.,-28.0373275),(-0.1466665,0.,-26.3397609),(-0.5275177,0.,-25.9668968),(-0.1466665,0.,-26.3397609),(-0.1433427,0.,-26.2514562),(-0.5275177,0.,-25.9668968),(-0.1433427,0.,-26.2514562),(-0.1333712,0.,-26.1680463),(-0.5275177,0.,-25.9668968),(-0.1333712,0.,-26.1680463),(-0.1167521,0.,-26.0895312),(-0.5275177,0.,-25.9668968),(-0.1167521,0.,-26.0895312),(-0.0934853,0.,-26.0159109),(-0.5275177,0.,-25.9668968),(-0.0934853,0.,-26.0159109),(-0.0270087,0.,-25.8833546),(-0.5275177,0.,-25.9668968),(-0.0270087,0.,-25.8833546),(0.0660585,0.,-25.7703775),(-0.5275177,0.,-25.9668968),(0.0660585,0.,-25.7703775),(0.1613085,0.,-25.6916640),(-0.5275177,0.,-25.9668968),(0.1613085,0.,-25.6916640),(0.2597335,0.,-25.6354400),(0.9264008,0.,-25.2834285),(-0.5275177,0.,-25.9668968),(0.2597335,0.,-25.6354400),(0.9264008,0.,-25.2834285),(0.2597335,0.,-25.6354400),(0.3613335,0.,-25.6017057),(0.9264008,0.,-25.2834285),(0.3613335,0.,-25.6017057),(0.4661085,0.,-25.5904609),(0.9264008,0.,-25.2834285),(0.4661085,0.,-25.5904609),(0.5751830,0.,-25.6017057),(0.9264008,0.,-25.2834285),(0.5751830,0.,-25.6017057),(0.6780397,0.,-25.6354400),(0.9264008,0.,-25.2834285),(0.6780397,0.,-25.6354400),(0.7746788,0.,-25.6916640),(0.9264008,0.,-25.2834285),(0.7746788,0.,-25.6916640),(0.8651001,0.,-25.7703775),(0.9264008,0.,-25.2834285),(0.8651001,0.,-25.7703775),(0.9581673,0.,-25.8889770),(0.9264008,0.,-25.2834285),(0.9581673,0.,-25.8889770),(1.0246439,0.,-26.0246421),(0.9264008,0.,-25.2834285),(1.0246439,0.,-26.0246421),(1.0645298,0.,-26.1773729),(1.5000505,0.,-28.1697184),(0.9264008,0.,-25.2834285),(1.0645298,0.,-26.1773729),(1.5000505,0.,-28.1697184),(1.0645298,0.,-26.1773729),(1.0745013,0.,-26.2601378),(1.5000505,0.,-28.1697184),(1.0745013,0.,-26.2601378),(1.0778251,0.,-26.3471692),(1.5000505,0.,-28.1697184),(1.0778251,0.,-26.3471692),(1.0778251,0.,-28.0373275),(1.5000505,0.,-28.1697184),(1.0778251,0.,-28.0373275),(1.0745013,0.,-28.1269717),(1.5000505,0.,-28.1697184),(1.0745013,0.,-28.1269717),(1.0645298,0.,-28.2117541),(1.5000505,0.,-28.1697184),(1.0645298,0.,-28.2117541),(1.0479107,0.,-28.2916748),(1.5000505,0.,-28.1697184),(1.0479107,0.,-28.2916748),(1.0246439,0.,-28.3667338),(1.5000505,0.,-28.1697184),(1.0246439,0.,-28.3667338),(0.9581673,0.,-28.5022666),(1.5000505,0.,-28.1697184),(0.9581673,0.,-28.5022666),(0.8651001,0.,-28.6183525),(1.5000505,0.,-28.1697184),(0.8651001,0.,-28.6183525),(0.7738850,0.,-28.6961400),(0.1597210,0.,-28.6985213),(0.0681751,0.,-28.6225859),(-0.2355665,0.,-28.9189192),(0.2565585,0.,-28.7527609),(0.1597210,0.,-28.6985213),(-0.2355665,0.,-28.9189192),(0.3586876,0.,-28.7853046),(0.2565585,0.,-28.7527609),(-0.2355665,0.,-28.9189192),(0.4661085,0.,-28.7961525),(0.3586876,0.,-28.7853046),(-0.2355665,0.,-28.9189192),(0.5743892,0.,-28.7850400),(0.4661085,0.,-28.7961525),(-0.2355665,0.,-28.9189192),(0.5743892,0.,-28.7850400),(-0.2355665,0.,-28.9189192),(-0.1586885,0.,-28.9896126),(0.5743892,0.,-28.7850400),(-0.1586885,0.,-28.9896126),(-0.0788670,0.,-29.0508802),(0.6769814,0.,-28.7517025),(0.5743892,0.,-28.7850400),(-0.0788670,0.,-29.0508802),(0.6769814,0.,-28.7517025),(-0.0788670,0.,-29.0508802),(0.0038979,0.,-29.1027219),(0.6769814,0.,-28.7517025),(0.0038979,0.,-29.1027219),(0.0896064,0.,-29.1451380),(0.7738850,0.,-28.6961400),(0.6769814,0.,-28.7517025),(0.0896064,0.,-29.1451380),(0.7738850,0.,-28.6961400),(0.0896064,0.,-29.1451380),(0.1782583,0.,-29.1781282),(1.5000505,0.,-28.1697184),(0.7738850,0.,-28.6961400),(0.1782583,0.,-29.1781282),(1.5000505,0.,-28.1697184),(0.1782583,0.,-29.1781282),(0.2698538,0.,-29.2016927),(1.5000505,0.,-28.1697184),(0.2698538,0.,-29.2016927),(0.3643927,0.,-29.2158313),(1.5000505,0.,-28.1697184),(0.3643927,0.,-29.2158313),(0.4618751,0.,-29.2205442),(1.5000505,0.,-28.1697184),(0.4618751,0.,-29.2205442),(0.5610443,0.,-29.2159140),(1.5000505,0.,-28.1697184),(0.5610443,0.,-29.2159140),(0.6569392,0.,-29.2020234),(1.5000505,0.,-28.1697184),(0.6569392,0.,-29.2020234),(0.7495599,0.,-29.1788723),(1.5000505,0.,-28.1697184),(0.7495599,0.,-29.1788723),(0.8389064,0.,-29.1464609),(1.5000505,0.,-28.1697184),(0.8389064,0.,-29.1464609),(0.9249787,0.,-29.1047890),(1.5000505,0.,-28.1697184),(0.9249787,0.,-29.1047890),(1.0077767,0.,-29.0538567),(1.5000505,0.,-28.1697184),(1.0077767,0.,-29.0538567),(1.0873005,0.,-28.9936640),(1.5000505,0.,-28.1697184),(1.0873005,0.,-28.9936640),(1.1635501,0.,-28.9242109),(1.5000505,0.,-28.1697184),(1.1635501,0.,-28.9242109),(1.2436693,0.,-28.8348809),(1.5000505,0.,-28.1697184),(1.2436693,0.,-28.8348809),(1.3131059,0.,-28.7393994),(1.5000505,0.,-28.1697184),(1.3131059,0.,-28.7393994),(1.3718599,0.,-28.6377664),(1.5000505,0.,-28.1697184),(1.3718599,0.,-28.6377664),(1.4199314,0.,-28.5299817),(1.5000505,0.,-28.1697184),(1.4199314,0.,-28.5299817),(1.4573203,0.,-28.4160455),(1.5000505,0.,-28.1697184),(1.4573203,0.,-28.4160455),(1.4840267,0.,-28.2959578),(-4.7991495,0.,-28.1697184),(-4.7938082,0.,-28.0373275),(-4.7938082,0.,-26.3471692),(-4.7991495,0.,-28.1697184),(-4.7938082,0.,-26.3471692),(-4.7991164,0.,-26.2165477),(-4.7991495,0.,-28.1697184),(-4.7991164,0.,-26.2165477),(-4.8150410,0.,-26.0919124),(-4.7991495,0.,-28.1697184),(-4.8150410,0.,-26.0919124),(-4.8415820,0.,-25.9732634),(-4.7991495,0.,-28.1697184),(-4.8415820,0.,-25.9732634),(-4.8787394,0.,-25.8606005),(-4.7991495,0.,-28.1697184),(-4.8787394,0.,-25.8606005),(-4.9265133,0.,-25.7539238),(-4.7991495,0.,-28.1697184),(-4.9265133,0.,-25.7539238),(-4.9849035,0.,-25.6532333),(-4.7991495,0.,-28.1697184),(-4.9849035,0.,-25.6532333),(-5.0539101,0.,-25.5585290),(-4.7991495,0.,-28.1697184),(-5.0539101,0.,-25.5585290),(-5.1335332,0.,-25.4698109),(-4.7991495,0.,-28.1697184),(-5.1335332,0.,-25.4698109),(-5.2102127,0.,-25.3981253),(-4.7991495,0.,-28.1697184),(-5.2102127,0.,-25.3981253),(-5.2899681,0.,-25.3359979),(-4.7991495,0.,-28.1697184),(-5.2899681,0.,-25.3359979),(-5.3727992,0.,-25.2834285),(-5.3727992,0.,-25.2834285),(-5.4587061,0.,-25.2404171),(-5.5476888,0.,-25.2069639),(-5.3727992,0.,-25.2834285),(-5.5476888,0.,-25.2069639),(-5.6397473,0.,-25.1830687),(-5.3727992,0.,-25.2834285),(-5.6397473,0.,-25.1830687),(-5.7348815,0.,-25.1687316),(-5.3727992,0.,-25.2834285),(-5.7348815,0.,-25.1687316),(-5.8330915,0.,-25.1639525),(-5.3727992,0.,-25.2834285),(-5.8330915,0.,-25.1639525),(-5.9301771,0.,-25.1687316),(-5.3727992,0.,-25.2834285),(-5.9301771,0.,-25.1687316),(-6.0245837,0.,-25.1830687),(-5.3727992,0.,-25.2834285),(-6.0245837,0.,-25.1830687),(-6.1163114,0.,-25.2069639),(-5.3727992,0.,-25.2834285),(-6.1163114,0.,-25.2069639),(-6.2053603,0.,-25.2404171),(-5.3727992,0.,-25.2834285),(-6.2053603,0.,-25.2404171),(-6.2917302,0.,-25.2834285),(-5.3727992,0.,-25.2834285),(-6.2917302,0.,-25.2834285),(-6.3754212,0.,-25.3359979),(-5.3727992,0.,-25.2834285),(-6.3754212,0.,-25.3359979),(-6.4564333,0.,-25.3981253),(-5.3727992,0.,-25.2834285),(-6.4564333,0.,-25.3981253),(-6.5347665,0.,-25.4698109),(-5.3727992,0.,-25.2834285),(-6.5347665,0.,-25.4698109),(-6.6143896,0.,-25.5567927),(-5.3727992,0.,-25.2834285),(-6.6143896,0.,-25.5567927),(-6.6833962,0.,-25.6499921),(-5.3727992,0.,-25.2834285),(-6.6833962,0.,-25.6499921),(-6.7417864,0.,-25.7494093),(-5.3727992,0.,-25.2834285),(-6.7417864,0.,-25.7494093),(-6.7895603,0.,-25.8550442),(-5.3727992,0.,-25.2834285),(-6.7895603,0.,-25.8550442),(-6.8267177,0.,-25.9668968),(-6.8267177,0.,-25.9668968),(-6.8532587,0.,-26.0849671),(-6.8691833,0.,-26.2092552),(-6.8267177,0.,-25.9668968),(-6.8691833,0.,-26.2092552),(-6.8744915,0.,-26.3397609),(-6.8267177,0.,-25.9668968),(-6.8744915,0.,-26.3397609),(-6.8744915,0.,-26.3471692),(-6.8267177,0.,-25.9668968),(-6.8744915,0.,-26.3471692),(-6.8744915,0.,-28.0415609),(-6.8267177,0.,-25.9668968),(-6.8744915,0.,-28.0415609),(-6.8691833,0.,-28.1728769),(-6.8267177,0.,-25.9668968),(-6.8691833,0.,-28.1728769),(-6.8532587,0.,-28.2980083),(-6.8267177,0.,-25.9668968),(-6.8532587,0.,-28.2980083),(-6.8267177,0.,-28.4169550),(-6.8267177,0.,-25.9668968),(-6.8267177,0.,-28.4169550),(-6.7895603,0.,-28.5297171),(-6.8267177,0.,-25.9668968),(-6.7895603,0.,-28.5297171),(-6.7417864,0.,-28.6362946),(-6.8267177,0.,-25.9668968),(-6.7417864,0.,-28.6362946),(-6.6833962,0.,-28.7366874),(-6.8267177,0.,-25.9668968),(-6.6833962,0.,-28.7366874),(-6.6143896,0.,-28.8308956),(-6.8267177,0.,-25.9668968),(-6.6143896,0.,-28.8308956),(-6.5347665,0.,-28.9189192),(-6.5347665,0.,-28.9189192),(-6.2310249,0.,-28.6225859),(-6.3250181,0.,-28.5062354),(-6.5347665,0.,-28.9189192),(-6.3250181,0.,-28.5062354),(-6.3921561,0.,-28.3699088),(-6.5347665,0.,-28.9189192),(-6.3921561,0.,-28.3699088),(-6.4324389,0.,-28.2136062),(-6.8267177,0.,-25.9668968),(-6.5347665,0.,-28.9189192),(-6.4324389,0.,-28.2136062),(-6.8267177,0.,-25.9668968),(-6.4324389,0.,-28.2136062),(-6.4425096,0.,-28.1279639),(-6.8267177,0.,-25.9668968),(-6.4425096,0.,-28.1279639),(-6.4458665,0.,-28.0373275),(-6.8267177,0.,-25.9668968),(-6.4458665,0.,-28.0373275),(-6.4458665,0.,-26.3397609),(-6.8267177,0.,-25.9668968),(-6.4458665,0.,-26.3397609),(-6.4425427,0.,-26.2514562),(-6.8267177,0.,-25.9668968),(-6.4425427,0.,-26.2514562),(-6.4325712,0.,-26.1680463),(-6.8267177,0.,-25.9668968),(-6.4325712,0.,-26.1680463),(-6.4159521,0.,-26.0895312),(-6.8267177,0.,-25.9668968),(-6.4159521,0.,-26.0895312),(-6.3926853,0.,-26.0159109),(-6.8267177,0.,-25.9668968),(-6.3926853,0.,-26.0159109),(-6.3262087,0.,-25.8833546),(-6.8267177,0.,-25.9668968),(-6.3262087,0.,-25.8833546),(-6.2331415,0.,-25.7703775),(-6.8267177,0.,-25.9668968),(-6.2331415,0.,-25.7703775),(-6.1378915,0.,-25.6916640),(-6.8267177,0.,-25.9668968),(-6.1378915,0.,-25.6916640),(-6.0394665,0.,-25.6354400),(-5.3727992,0.,-25.2834285),(-6.8267177,0.,-25.9668968),(-6.0394665,0.,-25.6354400),(-5.3727992,0.,-25.2834285),(-6.0394665,0.,-25.6354400),(-5.9378665,0.,-25.6017057),(-5.3727992,0.,-25.2834285),(-5.9378665,0.,-25.6017057),(-5.8330915,0.,-25.5904609),(-5.3727992,0.,-25.2834285),(-5.8330915,0.,-25.5904609),(-5.7240170,0.,-25.6017057),(-5.3727992,0.,-25.2834285),(-5.7240170,0.,-25.6017057),(-5.6211603,0.,-25.6354400),(-5.3727992,0.,-25.2834285),(-5.6211603,0.,-25.6354400),(-5.5245212,0.,-25.6916640),(-5.3727992,0.,-25.2834285),(-5.5245212,0.,-25.6916640),(-5.4340999,0.,-25.7703775),(-5.3727992,0.,-25.2834285),(-5.4340999,0.,-25.7703775),(-5.3410327,0.,-25.8889770),(-5.3727992,0.,-25.2834285),(-5.3410327,0.,-25.8889770),(-5.2745561,0.,-26.0246421),(-5.3727992,0.,-25.2834285),(-5.2745561,0.,-26.0246421),(-5.2346702,0.,-26.1773729),(-4.7991495,0.,-28.1697184),(-5.3727992,0.,-25.2834285),(-5.2346702,0.,-26.1773729),(-4.7991495,0.,-28.1697184),(-5.2346702,0.,-26.1773729),(-5.2246987,0.,-26.2601378),(-4.7991495,0.,-28.1697184),(-5.2246987,0.,-26.2601378),(-5.2213749,0.,-26.3471692),(-4.7991495,0.,-28.1697184),(-5.2213749,0.,-26.3471692),(-5.2213749,0.,-28.0373275),(-4.7991495,0.,-28.1697184),(-5.2213749,0.,-28.0373275),(-5.2246987,0.,-28.1269717),(-4.7991495,0.,-28.1697184),(-5.2246987,0.,-28.1269717),(-5.2346702,0.,-28.2117541),(-4.7991495,0.,-28.1697184),(-5.2346702,0.,-28.2117541),(-5.2512893,0.,-28.2916748),(-4.7991495,0.,-28.1697184),(-5.2512893,0.,-28.2916748),(-5.2745561,0.,-28.3667338),(-4.7991495,0.,-28.1697184),(-5.2745561,0.,-28.3667338),(-5.3410327,0.,-28.5022666),(-4.7991495,0.,-28.1697184),(-5.3410327,0.,-28.5022666),(-5.4340999,0.,-28.6183525),(-4.7991495,0.,-28.1697184),(-5.4340999,0.,-28.6183525),(-5.5253150,0.,-28.6961400),(-6.1394790,0.,-28.6985213),(-6.2310249,0.,-28.6225859),(-6.5347665,0.,-28.9189192),(-6.0426415,0.,-28.7527609),(-6.1394790,0.,-28.6985213),(-6.5347665,0.,-28.9189192),(-5.9405124,0.,-28.7853046),(-6.0426415,0.,-28.7527609),(-6.5347665,0.,-28.9189192),(-5.8330915,0.,-28.7961525),(-5.9405124,0.,-28.7853046),(-6.5347665,0.,-28.9189192),(-5.7248108,0.,-28.7850400),(-5.8330915,0.,-28.7961525),(-6.5347665,0.,-28.9189192),(-5.7248108,0.,-28.7850400),(-6.5347665,0.,-28.9189192),(-6.4578885,0.,-28.9896126),(-5.7248108,0.,-28.7850400),(-6.4578885,0.,-28.9896126),(-6.3780670,0.,-29.0508802),(-5.6222186,0.,-28.7517025),(-5.7248108,0.,-28.7850400),(-6.3780670,0.,-29.0508802),(-5.6222186,0.,-28.7517025),(-6.3780670,0.,-29.0508802),(-6.2953021,0.,-29.1027219),(-5.6222186,0.,-28.7517025),(-6.2953021,0.,-29.1027219),(-6.2095936,0.,-29.1451380),(-5.5253150,0.,-28.6961400),(-5.6222186,0.,-28.7517025),(-6.2095936,0.,-29.1451380),(-5.5253150,0.,-28.6961400),(-6.2095936,0.,-29.1451380),(-6.1209417,0.,-29.1781282),(-4.7991495,0.,-28.1697184),(-5.5253150,0.,-28.6961400),(-6.1209417,0.,-29.1781282),(-4.7991495,0.,-28.1697184),(-6.1209417,0.,-29.1781282),(-6.0293462,0.,-29.2016927),(-4.7991495,0.,-28.1697184),(-6.0293462,0.,-29.2016927),(-5.9348073,0.,-29.2158313),(-4.7991495,0.,-28.1697184),(-5.9348073,0.,-29.2158313),(-5.8373249,0.,-29.2205442),(-4.7991495,0.,-28.1697184),(-5.8373249,0.,-29.2205442),(-5.7381557,0.,-29.2159140),(-4.7991495,0.,-28.1697184),(-5.7381557,0.,-29.2159140),(-5.6422608,0.,-29.2020234),(-4.7991495,0.,-28.1697184),(-5.6422608,0.,-29.2020234),(-5.5496401,0.,-29.1788723),(-4.7991495,0.,-28.1697184),(-5.5496401,0.,-29.1788723),(-5.4602936,0.,-29.1464609),(-4.7991495,0.,-28.1697184),(-5.4602936,0.,-29.1464609),(-5.3742213,0.,-29.1047890),(-4.7991495,0.,-28.1697184),(-5.3742213,0.,-29.1047890),(-5.2914233,0.,-29.0538567),(-4.7991495,0.,-28.1697184),(-5.2914233,0.,-29.0538567),(-5.2118995,0.,-28.9936640),(-4.7991495,0.,-28.1697184),(-5.2118995,0.,-28.9936640),(-5.1356499,0.,-28.9242109),(-4.7991495,0.,-28.1697184),(-5.1356499,0.,-28.9242109),(-5.0555307,0.,-28.8348809),(-4.7991495,0.,-28.1697184),(-5.0555307,0.,-28.8348809),(-4.9860941,0.,-28.7393994),(-4.7991495,0.,-28.1697184),(-4.9860941,0.,-28.7393994),(-4.9273401,0.,-28.6377664),(-4.7991495,0.,-28.1697184),(-4.9273401,0.,-28.6377664),(-4.8792686,0.,-28.5299817),(-4.7991495,0.,-28.1697184),(-4.8792686,0.,-28.5299817),(-4.8418797,0.,-28.4160455),(-4.7991495,0.,-28.1697184),(-4.8418797,0.,-28.4160455),(-4.8151733,0.,-28.2959578),(-15.5062582,0.,-25.2962442),(-15.5803415,0.,-25.2031109),(-15.7105165,0.,-25.1681859),(-15.5062582,0.,-25.2962442),(-15.7105165,0.,-25.1681859),(-15.7875103,0.,-25.1832671),(-15.5062582,0.,-25.2962442),(-15.7875103,0.,-25.1832671),(-15.8533915,0.,-25.2285109),(-15.5062582,0.,-25.2962442),(-15.8533915,0.,-25.2285109),(-15.8986353,0.,-25.2970380),(-15.5062582,0.,-25.2962442),(-15.8986353,0.,-25.2970380),(-15.9137165,0.,-25.3819692),(-15.5062582,0.,-25.2962442),(-15.9137165,0.,-25.3819692),(-15.9137165,0.,-29.0088775),(-15.5062582,0.,-25.2962442),(-15.9137165,0.,-29.0088775),(-15.8973124,0.,-29.0911630),(-15.5062582,0.,-25.2962442),(-15.8973124,0.,-29.0911630),(-15.8480999,0.,-29.1602192),(-15.5062582,0.,-25.2962442),(-15.8480999,0.,-29.1602192),(-15.7806311,0.,-29.2054630),(-15.5062582,0.,-25.2962442),(-15.7806311,0.,-29.2054630),(-15.6988749,0.,-29.2205442),(-15.5062582,0.,-25.2962442),(-15.6988749,0.,-29.2205442),(-15.6171186,0.,-29.2054630),(-15.5062582,0.,-25.2962442),(-15.6171186,0.,-29.2054630),(-15.5496499,0.,-29.1602192),(-15.5062582,0.,-25.2962442),(-15.5496499,0.,-29.1602192),(-15.5028186,0.,-29.0911630),(-15.5062582,0.,-25.2962442),(-15.5028186,0.,-29.0911630),(-15.4872082,0.,-29.0088775),(-15.5062582,0.,-25.2962442),(-15.4872082,0.,-29.0088775),(-15.4872082,0.,-26.5440192),(-15.5062582,0.,-25.2962442),(-15.4872082,0.,-26.5440192),(-14.5844499,0.,-29.0903692),(-15.5062582,0.,-25.2962442),(-14.5844499,0.,-29.0903692),(-14.5122186,0.,-29.1880005),(-15.5062582,0.,-25.2962442),(-14.5122186,0.,-29.1880005),(-14.3886582,0.,-29.2205442),(-15.5062582,0.,-25.2962442),(-14.3886582,0.,-29.2205442),(-14.2650978,0.,-29.1880005),(-15.5062582,0.,-25.2962442),(-14.2650978,0.,-29.1880005),(-14.1928665,0.,-29.0903692),(-13.2901082,0.,-26.5440192),(-13.2901082,0.,-29.0088775),(-13.2744978,0.,-29.1223838),(-13.2901082,0.,-26.5440192),(-13.2744978,0.,-29.1223838),(-13.2276665,0.,-29.1602192),(-13.2901082,0.,-26.5440192),(-13.2276665,0.,-29.1602192),(-13.0794999,0.,-29.2205442),(-13.2901082,0.,-26.5440192),(-13.0794999,0.,-29.2205442),(-13.0466915,0.,-29.2321859),(-13.2901082,0.,-26.5440192),(-13.0466915,0.,-29.2321859),(-12.9270999,0.,-29.1602192),(-13.2901082,0.,-26.5440192),(-12.9270999,0.,-29.1602192),(-12.8818561,0.,-29.0922213),(-13.2901082,0.,-26.5440192),(-12.8818561,0.,-29.0922213),(-12.8667749,0.,-29.0088775),(-13.2901082,0.,-26.5440192),(-12.8667749,0.,-29.0088775),(-12.8667749,0.,-25.3819692),(-13.2901082,0.,-26.5440192),(-12.8667749,0.,-25.3819692),(-12.8818561,0.,-25.3010067),(-14.1928665,0.,-29.0903692),(-13.2901082,0.,-26.5440192),(-12.8818561,0.,-25.3010067),(-14.1928665,0.,-29.0903692),(-12.8818561,0.,-25.3010067),(-12.9270999,0.,-25.2338025),(-14.1928665,0.,-29.0903692),(-12.9270999,0.,-25.2338025),(-12.9935103,0.,-25.1845900),(-14.1928665,0.,-29.0903692),(-12.9935103,0.,-25.1845900),(-13.0678582,0.,-25.1681859),(-14.1928665,0.,-29.0903692),(-13.0678582,0.,-25.1681859),(-13.1948582,0.,-25.2031109),(-14.1928665,0.,-29.0903692),(-13.1948582,0.,-25.2031109),(-13.2742332,0.,-25.3004775),(-14.1928665,0.,-29.0903692),(-13.2742332,0.,-25.3004775),(-14.3897165,0.,-28.3516525),(-15.5062582,0.,-25.2962442),(-14.1928665,0.,-29.0903692),(-14.3897165,0.,-28.3516525),(-3.2454665,0.,-28.3008525),(-3.2433499,0.,-28.3495359),(-3.2194216,0.,-28.4416274),(-3.2454665,0.,-28.3008525),(-3.2194216,0.,-28.4416274),(-3.1915577,0.,-28.5279312),(-3.2454665,0.,-28.3008525),(-3.1915577,0.,-28.5279312),(-3.1597581,0.,-28.6084472),(-3.2454665,0.,-28.3008525),(-3.1597581,0.,-28.6084472),(-3.1240228,0.,-28.6831755),(-3.2454665,0.,-28.3008525),(-3.1240228,0.,-28.6831755),(-3.0843518,0.,-28.7521160),(-3.2454665,0.,-28.3008525),(-3.0843518,0.,-28.7521160),(-3.0407452,0.,-28.8152687),(-3.2454665,0.,-28.3008525),(-3.0407452,0.,-28.8152687),(-2.9417249,0.,-28.9242109),(-3.2454665,0.,-28.3008525),(-2.9417249,0.,-28.9242109),(-2.8607458,0.,-28.9936640),(-3.2454665,0.,-28.3008525),(-2.8607458,0.,-28.9936640),(-2.7776170,0.,-29.0538567),(-3.2454665,0.,-28.3008525),(-2.7776170,0.,-29.0538567),(-2.6923385,0.,-29.1047890),(-3.2454665,0.,-28.3008525),(-2.6923385,0.,-29.1047890),(-2.6049103,0.,-29.1464609),(-3.2454665,0.,-28.3008525),(-2.6049103,0.,-29.1464609),(-2.5153323,0.,-29.1788723),(-3.2454665,0.,-28.3008525),(-2.5153323,0.,-29.1788723),(-2.4236045,0.,-29.2020234),(-3.2454665,0.,-28.3008525),(-2.4236045,0.,-29.2020234),(-2.3297271,0.,-29.2159140),(-3.2454665,0.,-28.3008525),(-2.3297271,0.,-29.2159140),(-2.2336999,0.,-29.2205442),(-3.2454665,0.,-28.3008525),(-2.2336999,0.,-29.2205442),(-2.1384499,0.,-29.2158313),(-3.2454665,0.,-28.3008525),(-2.1384499,0.,-29.2158313),(-2.0458457,0.,-29.2016927),(-3.2454665,0.,-28.3008525),(-2.0458457,0.,-29.2016927),(-1.9558874,0.,-29.1781282),(-3.2454665,0.,-28.3008525),(-1.9558874,0.,-29.1781282),(-1.8685749,0.,-29.1451380),(-1.8685749,0.,-29.1451380),(-1.7839082,0.,-29.1027219),(-1.7018874,0.,-29.0508802),(-1.8685749,0.,-29.1451380),(-1.7018874,0.,-29.0508802),(-1.6225124,0.,-28.9896126),(-1.8685749,0.,-29.1451380),(-1.6225124,0.,-28.9896126),(-1.5457832,0.,-28.9189192),(-1.8685749,0.,-29.1451380),(-1.5457832,0.,-28.9189192),(-1.4656640,0.,-28.8306807),(-1.8685749,0.,-29.1451380),(-1.4656640,0.,-28.8306807),(-1.3962275,0.,-28.7358275),(-1.8685749,0.,-29.1451380),(-1.3962275,0.,-28.7358275),(-1.3374734,0.,-28.6343598),(-1.8685749,0.,-29.1451380),(-1.3374734,0.,-28.6343598),(-1.2894019,0.,-28.5262775),(-1.8685749,0.,-29.1451380),(-1.2894019,0.,-28.5262775),(-1.2520130,0.,-28.4115807),(-1.8685749,0.,-29.1451380),(-1.2520130,0.,-28.4115807),(-1.2253066,0.,-28.2902692),(-1.8685749,0.,-29.1451380),(-1.2253066,0.,-28.2902692),(-1.2092828,0.,-28.1623432),(-1.8685749,0.,-29.1451380),(-1.2092828,0.,-28.1623432),(-1.2039415,0.,-28.0278025),(-1.8685749,0.,-29.1451380),(-1.2039415,0.,-28.0278025),(-1.2052314,0.,-27.9245200),(-1.8685749,0.,-29.1451380),(-1.2052314,0.,-27.9245200),(-1.2091009,0.,-27.8252805),(-1.8685749,0.,-29.1451380),(-1.2091009,0.,-27.8252805),(-1.2155501,0.,-27.7300843),(-1.8685749,0.,-29.1451380),(-1.2155501,0.,-27.7300843),(-1.2245790,0.,-27.6389312),(-1.8685749,0.,-29.1451380),(-1.2245790,0.,-27.6389312),(-1.2361876,0.,-27.5518213),(-1.8685749,0.,-29.1451380),(-1.2361876,0.,-27.5518213),(-1.2503759,0.,-27.4687545),(-1.8685749,0.,-29.1451380),(-1.2503759,0.,-27.4687545),(-1.2671439,0.,-27.3897309),(-1.8685749,0.,-29.1451380),(-1.2671439,0.,-27.3897309),(-1.2864915,0.,-27.3147505),(-1.8685749,0.,-29.1451380),(-1.2864915,0.,-27.3147505),(-1.3329259,0.,-27.1769191),(-1.3329259,0.,-27.1769191),(-1.3896790,0.,-27.0552604),(-1.4567509,0.,-26.9497743),(-1.3329259,0.,-27.1769191),(-1.4567509,0.,-26.9497743),(-1.5341415,0.,-26.8604609),(-1.3329259,0.,-27.1769191),(-1.5341415,0.,-26.8604609),(-1.6136323,0.,-26.7910078),(-1.3329259,0.,-27.1769191),(-1.6136323,0.,-26.7910078),(-1.6954712,0.,-26.7308150),(-1.3329259,0.,-27.1769191),(-1.6954712,0.,-26.7308150),(-1.7796583,0.,-26.6798828),(-1.3329259,0.,-27.1769191),(-1.7796583,0.,-26.6798828),(-1.8661936,0.,-26.6382109),(-1.3329259,0.,-27.1769191),(-1.8661936,0.,-26.6382109),(-1.9550771,0.,-26.6057994),(-1.3329259,0.,-27.1769191),(-1.9550771,0.,-26.6057994),(-2.0463087,0.,-26.5826484),(-1.3329259,0.,-27.1769191),(-2.0463087,0.,-26.5826484),(-2.1398885,0.,-26.5687578),(-1.3329259,0.,-27.1769191),(-2.1398885,0.,-26.5687578),(-2.2358165,0.,-26.5641275),(-1.3329259,0.,-27.1769191),(-2.2358165,0.,-26.5641275),(-2.3211281,0.,-26.5673852),(-1.3329259,0.,-27.1769191),(-2.3211281,0.,-26.5673852),(-2.4034962,0.,-26.5771583),(-1.3329259,0.,-27.1769191),(-2.4034962,0.,-26.5771583),(-2.4829208,0.,-26.5934467),(-1.3329259,0.,-27.1769191),(-2.4829208,0.,-26.5934467),(-2.5594019,0.,-26.6162505),(-1.3329259,0.,-27.1769191),(-2.5594019,0.,-26.6162505),(-2.7035337,0.,-26.6814041),(-1.3329259,0.,-27.1769191),(-2.7035337,0.,-26.6814041),(-2.8358915,0.,-26.7726192),(-2.7935582,0.,-25.5946942),(-1.5182665,0.,-25.5946942),(-1.4367749,0.,-25.5788192),(-2.7935582,0.,-25.5946942),(-1.4367749,0.,-25.5788192),(-1.3679832,0.,-25.5311942),(-2.7935582,0.,-25.5946942),(-1.3679832,0.,-25.5311942),(-1.3211519,0.,-25.4618734),(-2.7935582,0.,-25.5946942),(-1.3211519,0.,-25.4618734),(-1.3055415,0.,-25.3809109),(-2.7935582,0.,-25.5946942),(-1.3055415,0.,-25.3809109),(-1.3211519,0.,-25.3002130),(-2.7935582,0.,-25.5946942),(-1.3211519,0.,-25.3002130),(-1.3679832,0.,-25.2316859),(-2.7935582,0.,-25.5946942),(-1.3679832,0.,-25.2316859),(-1.4367749,0.,-25.1840609),(-2.7935582,0.,-25.5946942),(-1.4367749,0.,-25.1840609),(-1.5182665,0.,-25.1681859),(-2.7935582,0.,-25.5946942),(-1.5182665,0.,-25.1681859),(-2.9904082,0.,-25.1681859),(-2.8358915,0.,-26.7726192),(-2.7935582,0.,-25.5946942),(-2.9904082,0.,-25.1681859),(-2.8358915,0.,-26.7726192),(-2.9904082,0.,-25.1681859),(-3.0708415,0.,-25.1822088),(-2.8358915,0.,-26.7726192),(-3.0708415,0.,-25.1822088),(-3.1406915,0.,-25.2242775),(-2.8358915,0.,-26.7726192),(-3.1406915,0.,-25.2242775),(-3.1883165,0.,-25.2893650),(-2.8358915,0.,-26.7726192),(-3.1883165,0.,-25.2893650),(-3.2041915,0.,-25.3682109),(-2.8358915,0.,-26.7726192),(-3.2041915,0.,-25.3682109),(-3.2846249,0.,-27.4330192),(-2.8358915,0.,-26.7726192),(-3.2846249,0.,-27.4330192),(-3.2713957,0.,-27.5123942),(-2.8358915,0.,-26.7726192),(-3.2713957,0.,-27.5123942),(-3.2317082,0.,-27.5833025),(-2.8358915,0.,-26.7726192),(-3.2317082,0.,-27.5833025),(-3.1666207,0.,-27.6372775),(-2.8358915,0.,-26.7726192),(-3.1666207,0.,-27.6372775),(-3.0835415,0.,-27.6552692),(-2.8358915,0.,-26.7726192),(-3.0835415,0.,-27.6552692),(-3.0023144,0.,-27.6417755),(-2.8358915,0.,-26.7726192),(-3.0023144,0.,-27.6417755),(-2.9300832,0.,-27.6012942),(-2.8358915,0.,-26.7726192),(-2.9300832,0.,-27.6012942),(-2.8676415,0.,-27.4996942),(-2.8358915,0.,-26.7726192),(-2.8676415,0.,-27.4996942),(-2.8336426,0.,-27.4145645),(-2.8358915,0.,-26.7726192),(-2.8336426,0.,-27.4145645),(-2.7845624,0.,-27.3306255),(-2.8358915,0.,-26.7726192),(-2.7845624,0.,-27.3306255),(-2.7204009,0.,-27.2478770),(-2.8358915,0.,-26.7726192),(-2.7204009,0.,-27.2478770),(-2.6411582,0.,-27.1663192),(-2.8358915,0.,-26.7726192),(-2.6411582,0.,-27.1663192),(-2.5455775,0.,-27.0885317),(-2.8358915,0.,-26.7726192),(-2.5455775,0.,-27.0885317),(-2.4461603,0.,-27.0329692),(-2.8358915,0.,-26.7726192),(-2.4461603,0.,-27.0329692),(-2.3429066,0.,-26.9996317),(-2.8358915,0.,-26.7726192),(-2.3429066,0.,-26.9996317),(-2.2358165,0.,-26.9885192),(-2.8358915,0.,-26.7726192),(-2.2358165,0.,-26.9885192),(-2.1293217,0.,-26.9996317),(-1.3329259,0.,-27.1769191),(-2.8358915,0.,-26.7726192),(-2.1293217,0.,-26.9996317),(-1.3329259,0.,-27.1769191),(-2.1293217,0.,-26.9996317),(-2.0267957,0.,-27.0329692),(-1.3329259,0.,-27.1769191),(-2.0267957,0.,-27.0329692),(-1.9282384,0.,-27.0885317),(-1.3329259,0.,-27.1769191),(-1.9282384,0.,-27.0885317),(-1.8336499,0.,-27.1663192),(-1.3329259,0.,-27.1769191),(-1.8336499,0.,-27.1663192),(-1.7433608,0.,-27.2949067),(-1.3329259,0.,-27.1769191),(-1.7433608,0.,-27.2949067),(-1.7078901,0.,-27.3810286),(-1.3329259,0.,-27.1769191),(-1.7078901,0.,-27.3810286),(-1.6788686,0.,-27.4817025),(-1.3329259,0.,-27.1769191),(-1.6788686,0.,-27.4817025),(-1.6562963,0.,-27.5969286),(-1.3329259,0.,-27.1769191),(-1.6562963,0.,-27.5969286),(-1.6401733,0.,-27.7267067),(-1.3329259,0.,-27.1769191),(-1.6401733,0.,-27.7267067),(-1.6304995,0.,-27.8710369),(-1.3329259,0.,-27.1769191),(-1.6304995,0.,-27.8710369),(-1.6272749,0.,-28.0299192),(-1.3329259,0.,-27.1769191),(-1.6272749,0.,-28.0299192),(-1.6307144,0.,-28.1213658),(-1.3329259,0.,-27.1769191),(-1.6307144,0.,-28.1213658),(-1.6410332,0.,-28.2078515),(-1.3329259,0.,-27.1769191),(-1.6410332,0.,-28.2078515),(-1.6582311,0.,-28.2893762),(-1.8685749,0.,-29.1451380),(-1.3329259,0.,-27.1769191),(-1.6582311,0.,-28.2893762),(-1.8685749,0.,-29.1451380),(-1.6582311,0.,-28.2893762),(-1.6823082,0.,-28.3659400),(-1.8685749,0.,-29.1451380),(-1.6823082,0.,-28.3659400),(-1.7510999,0.,-28.5041848),(-1.8685749,0.,-29.1451380),(-1.7510999,0.,-28.5041848),(-1.8474082,0.,-28.6225859),(-1.8685749,0.,-29.1451380),(-1.8474082,0.,-28.6225859),(-1.9386894,0.,-28.6985213),(-1.8685749,0.,-29.1451380),(-1.9386894,0.,-28.6985213),(-2.0347332,0.,-28.7527609),(-1.8685749,0.,-29.1451380),(-2.0347332,0.,-28.7527609),(-2.1355394,0.,-28.7853046),(-1.8685749,0.,-29.1451380),(-2.1355394,0.,-28.7853046),(-2.2411082,0.,-28.7961525),(-1.8685749,0.,-29.1451380),(-2.2411082,0.,-28.7961525),(-2.3437004,0.,-28.7849078),(-1.8685749,0.,-29.1451380),(-2.3437004,0.,-28.7849078),(-2.4461603,0.,-28.7511734),(-1.8685749,0.,-29.1451380),(-2.4461603,0.,-28.7511734),(-2.5484879,0.,-28.6949494),(-3.2454665,0.,-28.3008525),(-1.8685749,0.,-29.1451380),(-2.5484879,0.,-28.6949494),(-3.2454665,0.,-28.3008525),(-2.5484879,0.,-28.6949494),(-2.6506832,0.,-28.6162359),(-3.2454665,0.,-28.3008525),(-2.6506832,0.,-28.6162359),(-2.7528124,0.,-28.4733609),(-3.2454665,0.,-28.3008525),(-2.7528124,0.,-28.4733609),(-2.7923676,0.,-28.3733484),(-3.2454665,0.,-28.3008525),(-2.7923676,0.,-28.3733484),(-2.8242499,0.,-28.2542859),(-3.2454665,0.,-28.3008525),(-2.8242499,0.,-28.2542859),(-2.8683030,0.,-28.1815916),(-3.2454665,0.,-28.3008525),(-2.8683030,0.,-28.1815916),(-2.9168540,0.,-28.1296671),(-3.2454665,0.,-28.3008525),(-2.9168540,0.,-28.1296671),(-3.0274499,0.,-28.0881275),(-3.2454665,0.,-28.3008525),(-3.0274499,0.,-28.0881275),(-3.0348582,0.,-28.0881275),(-3.2454665,0.,-28.3008525),(-3.0348582,0.,-28.0881275),(-3.1087431,0.,-28.1038041),(-3.2454665,0.,-28.3008525),(-3.1087431,0.,-28.1038041),(-3.1684728,0.,-28.1444838),(-10.6675582,0.,-26.9324275),(-10.6199332,0.,-26.8837442),(-10.5638746,0.,-26.8061717),(-10.6675582,0.,-26.9324275),(-10.5638746,0.,-26.8061717),(-10.5152905,0.,-26.7247958),(-10.6675582,0.,-26.9324275),(-10.5152905,0.,-26.7247958),(-10.4741808,0.,-26.6396165),(-10.6675582,0.,-26.9324275),(-10.4741808,0.,-26.6396165),(-10.4405457,0.,-26.5506338),(-10.6675582,0.,-26.9324275),(-10.4405457,0.,-26.5506338),(-10.4143850,0.,-26.4578477),(-10.6675582,0.,-26.9324275),(-10.4143850,0.,-26.4578477),(-10.3956988,0.,-26.3612583),(-10.6675582,0.,-26.9324275),(-10.3956988,0.,-26.3612583),(-10.3844871,0.,-26.2608654),(-10.6675582,0.,-26.9324275),(-10.3844871,0.,-26.2608654),(-10.3807499,0.,-26.1566692),(-10.6675582,0.,-26.9324275),(-10.3807499,0.,-26.1566692),(-10.3844706,0.,-26.0525557),(-10.6675582,0.,-26.9324275),(-10.3844706,0.,-26.0525557),(-10.3956327,0.,-25.9529400),(-10.6675582,0.,-26.9324275),(-10.3956327,0.,-25.9529400),(-10.4142362,0.,-25.8578223),(-10.6675582,0.,-26.9324275),(-10.4142362,0.,-25.8578223),(-10.4402811,0.,-25.7672025),(-10.6675582,0.,-26.9324275),(-10.4402811,0.,-25.7672025),(-10.4737674,0.,-25.6810807),(-10.6675582,0.,-26.9324275),(-10.4737674,0.,-25.6810807),(-10.5146952,0.,-25.5994567),(-10.6675582,0.,-26.9324275),(-10.5146952,0.,-25.5994567),(-10.5630643,0.,-25.5223307),(-10.6675582,0.,-26.9324275),(-10.5630643,0.,-25.5223307),(-10.6188749,0.,-25.4497025),(-10.6675582,0.,-26.9324275),(-10.6188749,0.,-25.4497025),(-10.6806220,0.,-25.3837221),(-10.6675582,0.,-26.9324275),(-10.6806220,0.,-25.3837221),(-10.7473301,0.,-25.3265390),(-10.6675582,0.,-26.9324275),(-10.7473301,0.,-25.3265390),(-10.8189991,0.,-25.2781533),(-10.6675582,0.,-26.9324275),(-10.8189991,0.,-25.2781533),(-10.8956290,0.,-25.2385650),(-10.8956290,0.,-25.2385650),(-10.9772199,0.,-25.2077742),(-11.0637717,0.,-25.1857807),(-10.8956290,0.,-25.2385650),(-11.0637717,0.,-25.1857807),(-11.1552845,0.,-25.1725846),(-10.8956290,0.,-25.2385650),(-11.1552845,0.,-25.1725846),(-11.2517582,0.,-25.1681859),(-10.8956290,0.,-25.2385650),(-11.2517582,0.,-25.1681859),(-11.3472728,0.,-25.1725680),(-10.8956290,0.,-25.2385650),(-11.3472728,0.,-25.1725680),(-11.4385540,0.,-25.1857145),(-10.8956290,0.,-25.2385650),(-11.4385540,0.,-25.1857145),(-11.5256019,0.,-25.2076253),(-10.8956290,0.,-25.2385650),(-11.5256019,0.,-25.2076253),(-11.6084165,0.,-25.2383005),(-10.8956290,0.,-25.2385650),(-11.6084165,0.,-25.2383005),(-11.6869978,0.,-25.2777399),(-10.8956290,0.,-25.2385650),(-11.6869978,0.,-25.2777399),(-11.7613457,0.,-25.3259437),(-10.8956290,0.,-25.2385650),(-11.7613457,0.,-25.3259437),(-11.8314603,0.,-25.3829118),(-10.8956290,0.,-25.2385650),(-11.8314603,0.,-25.3829118),(-11.8973415,0.,-25.4486442),(-10.8956290,0.,-25.2385650),(-11.8973415,0.,-25.4486442),(-11.9571208,0.,-25.5210574),(-10.8956290,0.,-25.2385650),(-11.9571208,0.,-25.5210574),(-12.0089295,0.,-25.5980677),(-10.8956290,0.,-25.2385650),(-12.0089295,0.,-25.5980677),(-12.0527677,0.,-25.6796751),(-10.8956290,0.,-25.2385650),(-12.0527677,0.,-25.6796751),(-12.0886353,0.,-25.7658796),(-10.8956290,0.,-25.2385650),(-12.0886353,0.,-25.7658796),(-12.1165323,0.,-25.8566813),(-10.8956290,0.,-25.2385650),(-12.1165323,0.,-25.8566813),(-12.1364587,0.,-25.9520802),(-10.8956290,0.,-25.2385650),(-12.1364587,0.,-25.9520802),(-12.1484146,0.,-26.0520761),(-12.1484146,0.,-26.0520761),(-12.1523999,0.,-26.1566692),(-12.1370540,0.,-26.2389546),(-12.1484146,0.,-26.0520761),(-12.1370540,0.,-26.2389546),(-12.0910165,0.,-26.3080109),(-12.1484146,0.,-26.0520761),(-12.0910165,0.,-26.3080109),(-12.0227540,0.,-26.3548421),(-12.1484146,0.,-26.0520761),(-12.0227540,0.,-26.3548421),(-11.9407332,0.,-26.3704525),(-12.1484146,0.,-26.0520761),(-11.9407332,0.,-26.3704525),(-11.8579186,0.,-26.3548421),(-12.1484146,0.,-26.0520761),(-11.8579186,0.,-26.3548421),(-11.7893915,0.,-26.3080109),(-12.1484146,0.,-26.0520761),(-11.7893915,0.,-26.3080109),(-11.7433540,0.,-26.2389546),(-12.1484146,0.,-26.0520761),(-11.7433540,0.,-26.2389546),(-11.7280082,0.,-26.1566692),(-12.1484146,0.,-26.0520761),(-11.7280082,0.,-26.1566692),(-11.7193431,0.,-26.0303968),(-12.1484146,0.,-26.0520761),(-11.7193431,0.,-26.0303968),(-11.6933478,0.,-25.9193380),(-12.1484146,0.,-26.0520761),(-11.6933478,0.,-25.9193380),(-11.6500223,0.,-25.8234927),(-12.1484146,0.,-26.0520761),(-11.6500223,0.,-25.8234927),(-11.5893665,0.,-25.7428609),(-12.1484146,0.,-26.0520761),(-11.5893665,0.,-25.7428609),(-11.5178629,0.,-25.6780380),(-10.8956290,0.,-25.2385650),(-12.1484146,0.,-26.0520761),(-11.5178629,0.,-25.6780380),(-10.8956290,0.,-25.2385650),(-11.5178629,0.,-25.6780380),(-11.4377603,0.,-25.6317359),(-10.8956290,0.,-25.2385650),(-11.4377603,0.,-25.6317359),(-11.3490587,0.,-25.6039546),(-10.8956290,0.,-25.2385650),(-11.3490587,0.,-25.6039546),(-11.2517582,0.,-25.5946942),(-10.8956290,0.,-25.2385650),(-11.2517582,0.,-25.5946942),(-11.1578973,0.,-25.6038885),(-10.8956290,0.,-25.2385650),(-11.1578973,0.,-25.6038885),(-11.0731644,0.,-25.6314713),(-10.8956290,0.,-25.2385650),(-11.0731644,0.,-25.6314713),(-10.9975598,0.,-25.6774427),(-10.8956290,0.,-25.2385650),(-10.9975598,0.,-25.6774427),(-10.9310832,0.,-25.7418025),(-10.8956290,0.,-25.2385650),(-10.9310832,0.,-25.7418025),(-10.8769098,0.,-25.8228973),(-10.8956290,0.,-25.2385650),(-10.8769098,0.,-25.8228973),(-10.8382144,0.,-25.9190734),(-10.8956290,0.,-25.2385650),(-10.8382144,0.,-25.9190734),(-10.8149973,0.,-26.0303307),(-10.6675582,0.,-26.9324275),(-10.8956290,0.,-25.2385650),(-10.8149973,0.,-26.0303307),(-10.6675582,0.,-26.9324275),(-10.8149973,0.,-26.0303307),(-10.8072582,0.,-26.1566692),(-10.6675582,0.,-26.9324275),(-10.8072582,0.,-26.1566692),(-10.8149311,0.,-26.2847275),(-10.6675582,0.,-26.9324275),(-10.8149311,0.,-26.2847275),(-10.8379499,0.,-26.4000859),(-10.6675582,0.,-26.9324275),(-10.8379499,0.,-26.4000859),(-10.8763144,0.,-26.5027442),(-10.6675582,0.,-26.9324275),(-10.8763144,0.,-26.5027442),(-10.9300249,0.,-26.5927025),(-10.6675582,0.,-26.9324275),(-10.9300249,0.,-26.5927025),(-10.9922681,0.,-26.6575255),(-10.5831561,0.,-27.0086275),(-10.6675582,0.,-26.9324275),(-10.9922681,0.,-26.6575255),(-10.5831561,0.,-27.0086275),(-10.9922681,0.,-26.6575255),(-11.0615228,0.,-26.7038275),(-10.5831561,0.,-27.0086275),(-11.0615228,0.,-26.7038275),(-11.1377889,0.,-26.7316088),(-10.5831561,0.,-27.0086275),(-11.1377889,0.,-26.7316088),(-11.2210665,0.,-26.7408692),(-10.5831561,0.,-27.0086275),(-11.2210665,0.,-26.7408692),(-11.2633999,0.,-26.7408692),(-10.5831561,0.,-27.0086275),(-11.2633999,0.,-26.7408692),(-11.3300749,0.,-26.7408692),(-10.5831561,0.,-27.0086275),(-11.3300749,0.,-26.7408692),(-11.4115665,0.,-26.7564796),(-10.5831561,0.,-27.0086275),(-11.4115665,0.,-26.7564796),(-11.4803582,0.,-26.8033109),(-10.5831561,0.,-27.0086275),(-11.4803582,0.,-26.8033109),(-11.5271894,0.,-26.8718380),(-10.5831561,0.,-27.0086275),(-11.5271894,0.,-26.8718380),(-11.5427999,0.,-26.9525359),(-10.5831561,0.,-27.0086275),(-11.5427999,0.,-26.9525359),(-11.5271894,0.,-27.0334984),(-10.5831561,0.,-27.0086275),(-11.5271894,0.,-27.0334984),(-11.4803582,0.,-27.1028192),(-10.5831561,0.,-27.0086275),(-11.4803582,0.,-27.1028192),(-11.4115665,0.,-27.1504442),(-10.5831561,0.,-27.0086275),(-11.4115665,0.,-27.1504442),(-11.3300749,0.,-27.1663192),(-10.5831561,0.,-27.0086275),(-11.3300749,0.,-27.1663192),(-11.2633999,0.,-27.1663192),(-10.5831561,0.,-27.0086275),(-11.2633999,0.,-27.1663192),(-11.1330264,0.,-27.1802760),(-10.5831561,0.,-27.0086275),(-11.1330264,0.,-27.1802760),(-11.0149561,0.,-27.2221463),(-10.5831561,0.,-27.0086275),(-11.0149561,0.,-27.2221463),(-10.9091889,0.,-27.2919302),(-10.5831561,0.,-27.0086275),(-10.9091889,0.,-27.2919302),(-10.8157249,0.,-27.3896275),(-10.5831561,0.,-27.0086275),(-10.8157249,0.,-27.3896275),(-10.7388634,0.,-27.5108067),(-10.5831561,0.,-27.0086275),(-10.7388634,0.,-27.5108067),(-10.6839624,0.,-27.6510359),(-10.5831561,0.,-27.0086275),(-10.6839624,0.,-27.6510359),(-10.6510217,0.,-27.8103150),(-10.5831561,0.,-27.0086275),(-10.6510217,0.,-27.8103150),(-10.6427866,0.,-27.8970984),(-10.5831561,0.,-27.0086275),(-10.6427866,0.,-27.8970984),(-10.6400415,0.,-27.9886442),(-10.5831561,0.,-27.0086275),(-10.6400415,0.,-27.9886442),(-10.6428196,0.,-28.0793302),(-11.8618212,0.,-28.0241480),(-11.8645332,0.,-27.9240859),(-11.8804082,0.,-27.8420650),(-11.8536853,0.,-28.1184885),(-11.8618212,0.,-28.0241480),(-11.8804082,0.,-27.8420650),(-11.8536853,0.,-28.1184885),(-11.8804082,0.,-27.8420650),(-11.9280332,0.,-27.7738025),(-11.8401254,0.,-28.2071074),(-11.8536853,0.,-28.1184885),(-11.9280332,0.,-27.7738025),(-11.8401254,0.,-28.2071074),(-11.9280332,0.,-27.7738025),(-11.9973540,0.,-27.7277650),(-11.8211415,0.,-28.2900046),(-11.8401254,0.,-28.2071074),(-11.9973540,0.,-27.7277650),(-11.8211415,0.,-28.2900046),(-11.9973540,0.,-27.7277650),(-12.0804332,0.,-27.7124192),(-11.7669019,0.,-28.4386343),(-11.8211415,0.,-28.2900046),(-12.0804332,0.,-27.7124192),(-11.7669019,0.,-28.4386343),(-12.0804332,0.,-27.7124192),(-12.1632478,0.,-27.7277650),(-11.7669019,0.,-28.4386343),(-12.1632478,0.,-27.7277650),(-12.2317749,0.,-27.7738025),(-11.6909665,0.,-28.5643775),(-11.7669019,0.,-28.4386343),(-12.2317749,0.,-27.7738025),(-11.6909665,0.,-28.5643775),(-12.2317749,0.,-27.7738025),(-12.2778124,0.,-27.8420650),(-11.6909665,0.,-28.5643775),(-12.2778124,0.,-27.8420650),(-12.2931582,0.,-27.9240859),(-11.6004129,0.,-28.6639270),(-11.6909665,0.,-28.5643775),(-12.2931582,0.,-27.9240859),(-11.6004129,0.,-28.6639270),(-12.2931582,0.,-27.9240859),(-12.2887430,0.,-28.0610574),(-11.6004129,0.,-28.6639270),(-12.2887430,0.,-28.0610574),(-12.2754973,0.,-28.1920427),(-11.6004129,0.,-28.6639270),(-12.2754973,0.,-28.1920427),(-12.2534211,0.,-28.3170417),(-11.4970269,0.,-28.7350338),(-11.6004129,0.,-28.6639270),(-12.2534211,0.,-28.3170417),(-11.4970269,0.,-28.7350338),(-12.2534211,0.,-28.3170417),(-12.2225144,0.,-28.4360546),(-11.4970269,0.,-28.7350338),(-12.2225144,0.,-28.4360546),(-12.1827773,0.,-28.5490813),(-11.3808087,0.,-28.7776979),(-11.4970269,0.,-28.7350338),(-12.1827773,0.,-28.5490813),(-11.3808087,0.,-28.7776979),(-12.1827773,0.,-28.5490813),(-12.1342098,0.,-28.6561218),(-11.3808087,0.,-28.7776979),(-12.1342098,0.,-28.6561218),(-12.0768117,0.,-28.7571761),(-11.2517582,0.,-28.7919192),(-11.3808087,0.,-28.7776979),(-12.0768117,0.,-28.7571761),(-11.2517582,0.,-28.7919192),(-12.0768117,0.,-28.7571761),(-12.0105832,0.,-28.8522442),(-11.2517582,0.,-28.7919192),(-12.0105832,0.,-28.8522442),(-11.9385338,0.,-28.9378204),(-11.1281978,0.,-28.7784916),(-11.2517582,0.,-28.7919192),(-11.9385338,0.,-28.9378204),(-11.1281978,0.,-28.7784916),(-11.9385338,0.,-28.9378204),(-11.8599691,0.,-29.0119864),(-11.1281978,0.,-28.7784916),(-11.8599691,0.,-29.0119864),(-11.7748890,0.,-29.0747423),(-11.0146915,0.,-28.7382088),(-11.1281978,0.,-28.7784916),(-11.7748890,0.,-29.0747423),(-11.0146915,0.,-28.7382088),(-11.7748890,0.,-29.0747423),(-11.6832936,0.,-29.1260880),(-11.0146915,0.,-28.7382088),(-11.6832936,0.,-29.1260880),(-11.5851828,0.,-29.1660235),(-10.9112394,0.,-28.6710708),(-11.0146915,0.,-28.7382088),(-11.5851828,0.,-29.1660235),(-10.9112394,0.,-28.6710708),(-11.5851828,0.,-29.1660235),(-11.4805566,0.,-29.1945489),(-10.9112394,0.,-28.6710708),(-11.4805566,0.,-29.1945489),(-11.3694151,0.,-29.2116641),(-10.8178415,0.,-28.5770775),(-10.9112394,0.,-28.6710708),(-11.3694151,0.,-29.2116641),(-10.8178415,0.,-28.5770775),(-11.3694151,0.,-29.2116641),(-11.2517582,0.,-29.2173692),(-10.8178415,0.,-28.5770775),(-11.2517582,0.,-29.2173692),(-11.1386323,0.,-29.2118791),(-10.7400540,0.,-28.4593380),(-10.8178415,0.,-28.5770775),(-11.1386323,0.,-29.2118791),(-10.7400540,0.,-28.4593380),(-11.1386323,0.,-29.2118791),(-11.0310295,0.,-29.1954088),(-10.6844915,0.,-28.3220192),(-10.7400540,0.,-28.4593380),(-11.0310295,0.,-29.1954088),(-10.6844915,0.,-28.3220192),(-11.0310295,0.,-29.1954088),(-10.9289500,0.,-29.1679583),(-10.6844915,0.,-28.3220192),(-10.9289500,0.,-29.1679583),(-10.8323936,0.,-29.1295275),(-10.6650446,0.,-28.2460177),(-10.6844915,0.,-28.3220192),(-10.8323936,0.,-29.1295275),(-10.6650446,0.,-28.2460177),(-10.8323936,0.,-29.1295275),(-10.7413604,0.,-29.0801166),(-10.6511540,0.,-28.1651213),(-10.6650446,0.,-28.2460177),(-10.7413604,0.,-29.0801166),(-10.6511540,0.,-28.1651213),(-10.7413604,0.,-29.0801166),(-10.6558504,0.,-29.0197255),(-10.6428196,0.,-28.0793302),(-10.6511540,0.,-28.1651213),(-10.6558504,0.,-29.0197255),(-10.5831561,0.,-27.0086275),(-10.6428196,0.,-28.0793302),(-10.6558504,0.,-29.0197255),(-10.5831561,0.,-27.0086275),(-10.6558504,0.,-29.0197255),(-10.5758635,0.,-28.9483541),(-10.5831561,0.,-27.0086275),(-10.5758635,0.,-28.9483541),(-10.5013999,0.,-28.8660025),(-10.5831561,0.,-27.0086275),(-10.5013999,0.,-28.8660025),(-10.4336831,0.,-28.7747378),(-10.5831561,0.,-27.0086275),(-10.4336831,0.,-28.7747378),(-10.3749952,0.,-28.6782145),(-10.5831561,0.,-27.0086275),(-10.3749952,0.,-28.6782145),(-10.3253362,0.,-28.5764326),(-10.5831561,0.,-27.0086275),(-10.3253362,0.,-28.5764326),(-10.2847061,0.,-28.4693921),(-10.5831561,0.,-27.0086275),(-10.2847061,0.,-28.4693921),(-10.2531049,0.,-28.3570930),(-10.5831561,0.,-27.0086275),(-10.2531049,0.,-28.3570930),(-10.2305327,0.,-28.2395354),(-10.5831561,0.,-27.0086275),(-10.2305327,0.,-28.2395354),(-10.2169893,0.,-28.1167191),(-10.5831561,0.,-27.0086275),(-10.2169893,0.,-28.1167191),(-10.2124749,0.,-27.9886442),(-10.5831561,0.,-27.0086275),(-10.2124749,0.,-27.9886442),(-10.2169562,0.,-27.8592630),(-10.5831561,0.,-27.0086275),(-10.2169562,0.,-27.8592630),(-10.2304004,0.,-27.7351734),(-10.5831561,0.,-27.0086275),(-10.2304004,0.,-27.7351734),(-10.2528073,0.,-27.6163755),(-10.5831561,0.,-27.0086275),(-10.2528073,0.,-27.6163755),(-10.2841769,0.,-27.5028692),(-10.5831561,0.,-27.0086275),(-10.2841769,0.,-27.5028692),(-10.3245094,0.,-27.3946546),(-10.5831561,0.,-27.0086275),(-10.3245094,0.,-27.3946546),(-10.3738045,0.,-27.2917317),(-10.5831561,0.,-27.0086275),(-10.3738045,0.,-27.2917317),(-10.4320625,0.,-27.1941005),(-10.5831561,0.,-27.0086275),(-10.4320625,0.,-27.1941005),(-10.4992832,0.,-27.1017609),(-9.3237394,0.,-29.2456796),(-9.2620915,0.,-29.1898525),(-8.5424249,0.,-28.1939609),(-8.5424249,0.,-28.1939609),(-7.8248749,0.,-29.1898525),(-7.7626978,0.,-29.2456796),(-8.5424249,0.,-28.1939609),(-7.7626978,0.,-29.2456796),(-7.6841165,0.,-29.2734609),(-8.5424249,0.,-28.1939609),(-7.6841165,0.,-29.2734609),(-7.6015665,0.,-29.2710796),(-8.5424249,0.,-28.1939609),(-7.6015665,0.,-29.2710796),(-7.5274832,0.,-29.2364192),(-8.5424249,0.,-28.1939609),(-7.5274832,0.,-29.2364192),(-7.4708624,0.,-29.1766234),(-8.5424249,0.,-28.1939609),(-7.4708624,0.,-29.1766234),(-7.4428165,0.,-29.0988359),(-8.5424249,0.,-28.1939609),(-7.4428165,0.,-29.0988359),(-7.4444040,0.,-29.0157567),(-8.5424249,0.,-28.1939609),(-7.4444040,0.,-29.0157567),(-7.4766832,0.,-28.9400859),(-8.5424249,0.,-28.1939609),(-7.4766832,0.,-28.9400859),(-8.2810165,0.,-27.8288359),(-9.3237394,0.,-29.2456796),(-8.5424249,0.,-28.1939609),(-8.2810165,0.,-27.8288359),(-9.3237394,0.,-29.2456796),(-8.2810165,0.,-27.8288359),(-7.4766832,0.,-26.7197025),(-9.3237394,0.,-29.2456796),(-7.4766832,0.,-26.7197025),(-7.4444040,0.,-26.6456192),(-9.3237394,0.,-29.2456796),(-7.4444040,0.,-26.6456192),(-7.4428165,0.,-26.5630692),(-9.3237394,0.,-29.2456796),(-7.4428165,0.,-26.5630692),(-7.4708624,0.,-26.4850171),(-9.3237394,0.,-29.2456796),(-7.4708624,0.,-26.4850171),(-7.5274832,0.,-26.4244275),(-9.3237394,0.,-29.2456796),(-7.5274832,0.,-26.4244275),(-7.6015665,0.,-26.3889734),(-9.3237394,0.,-29.2456796),(-7.6015665,0.,-26.3889734),(-7.6841165,0.,-26.3863275),(-9.3237394,0.,-29.2456796),(-7.6841165,0.,-26.3863275),(-7.7626978,0.,-26.4146380),(-9.3237394,0.,-29.2456796),(-7.7626978,0.,-26.4146380),(-7.8248749,0.,-26.4720525),(-9.3237394,0.,-29.2456796),(-7.8248749,0.,-26.4720525),(-8.5424249,0.,-27.4679442),(-8.5424249,0.,-27.4679442),(-9.2620915,0.,-26.4720525),(-9.3232103,0.,-26.4135796),(-8.5424249,0.,-27.4679442),(-9.3232103,0.,-26.4135796),(-9.4007332,0.,-26.3863275),(-8.5424249,0.,-27.4679442),(-9.4007332,0.,-26.3863275),(-9.4872519,0.,-26.3887088),(-8.5424249,0.,-27.4679442),(-9.4872519,0.,-26.3887088),(-9.5605415,0.,-26.4233692),(-8.5424249,0.,-27.4679442),(-9.5605415,0.,-26.4233692),(-9.6163686,0.,-26.4839588),(-8.5424249,0.,-27.4679442),(-9.6163686,0.,-26.4839588),(-9.6441499,0.,-26.5598942),(-8.5424249,0.,-27.4679442),(-9.6441499,0.,-26.5598942),(-9.6412394,0.,-26.6448255),(-8.5424249,0.,-27.4679442),(-9.6412394,0.,-26.6448255),(-9.6049915,0.,-26.7197025),(-8.5424249,0.,-27.4679442),(-9.6049915,0.,-26.7197025),(-8.8059499,0.,-27.8288359),(-9.3237394,0.,-29.2456796),(-8.5424249,0.,-27.4679442),(-8.8059499,0.,-27.8288359),(-9.3237394,0.,-29.2456796),(-8.8059499,0.,-27.8288359),(-9.6092249,0.,-28.9400859),(-9.3237394,0.,-29.2456796),(-9.6092249,0.,-28.9400859),(-9.6422978,0.,-29.0154921),(-9.3237394,0.,-29.2456796),(-9.6422978,0.,-29.0154921),(-9.6441499,0.,-29.0977775),(-9.3237394,0.,-29.2456796),(-9.6441499,0.,-29.0977775),(-9.6161040,0.,-29.1790046),(-9.3237394,0.,-29.2456796),(-9.6161040,0.,-29.1790046),(-9.5594832,0.,-29.2385359),(-9.3237394,0.,-29.2456796),(-9.5594832,0.,-29.2385359),(-9.4848707,0.,-29.2716088),(-9.3237394,0.,-29.2456796),(-9.4848707,0.,-29.2716088),(-9.4028499,0.,-29.2734609),(-4.3355499,0.,-29.1901171),(-4.2625249,0.,-29.2967442),(-4.1558978,0.,-29.3697692),(-4.3355499,0.,-29.1901171),(-4.1558978,0.,-29.3697692),(-4.0307499,0.,-29.3941109),(-4.3355499,0.,-29.1901171),(-4.0307499,0.,-29.3941109),(-3.9058665,0.,-29.3697692),(-4.3355499,0.,-29.1901171),(-3.9058665,0.,-29.3697692),(-3.8000332,0.,-29.2967442),(-4.3355499,0.,-29.1901171),(-3.8000332,0.,-29.2967442),(-3.7270082,0.,-29.1901171),(-4.3355499,0.,-29.1901171),(-3.7270082,0.,-29.1901171),(-3.7026665,0.,-29.0649692),(-4.3355499,0.,-29.1901171),(-3.7026665,0.,-29.0649692),(-3.7270082,0.,-28.9398213),(-4.3355499,0.,-29.1901171),(-3.7270082,0.,-28.9398213),(-3.8000332,0.,-28.8331942),(-4.3355499,0.,-29.1901171),(-3.8000332,0.,-28.8331942),(-3.9058665,0.,-28.7601692),(-4.3355499,0.,-29.1901171),(-3.9058665,0.,-28.7601692),(-4.0307499,0.,-28.7358275),(-4.3355499,0.,-29.1901171),(-4.0307499,0.,-28.7358275),(-4.1558978,0.,-28.7601692),(-4.3355499,0.,-29.1901171),(-4.1558978,0.,-28.7601692),(-4.2625249,0.,-28.8331942),(-4.3355499,0.,-29.1901171),(-4.2625249,0.,-28.8331942),(-4.3355499,0.,-28.9398213),(-4.3355499,0.,-29.1901171),(-4.3355499,0.,-28.9398213),(-4.3598915,0.,-29.0649692),(13.4872089,0.,-28.1707768),(13.4925501,0.,-28.0383859),(13.4925501,0.,-26.3482275),(13.4872089,0.,-28.1707768),(13.4925501,0.,-26.3482275),(13.4872419,0.,-26.2176061),(13.4872089,0.,-28.1707768),(13.4872419,0.,-26.2176061),(13.4713173,0.,-26.0929708),(13.4872089,0.,-28.1707768),(13.4713173,0.,-26.0929708),(13.4447763,0.,-25.9743217),(13.4872089,0.,-28.1707768),(13.4447763,0.,-25.9743217),(13.4076189,0.,-25.8616588),(13.4872089,0.,-28.1707768),(13.4076189,0.,-25.8616588),(13.3598451,0.,-25.7549821),(13.4872089,0.,-28.1707768),(13.3598451,0.,-25.7549821),(13.3014548,0.,-25.6542916),(13.4872089,0.,-28.1707768),(13.3014548,0.,-25.6542916),(13.2324482,0.,-25.5595873),(13.4872089,0.,-28.1707768),(13.2324482,0.,-25.5595873),(13.1528251,0.,-25.4708692),(13.4872089,0.,-28.1707768),(13.1528251,0.,-25.4708692),(13.0761456,0.,-25.3991837),(13.4872089,0.,-28.1707768),(13.0761456,0.,-25.3991837),(12.9963902,0.,-25.3370562),(13.4872089,0.,-28.1707768),(12.9963902,0.,-25.3370562),(12.9135591,0.,-25.2844868),(12.9135591,0.,-25.2844868),(12.8276522,0.,-25.2414755),(12.7386695,0.,-25.2080222),(12.9135591,0.,-25.2844868),(12.7386695,0.,-25.2080222),(12.6466111,0.,-25.1841270),(12.9135591,0.,-25.2844868),(12.6466111,0.,-25.1841270),(12.5514768,0.,-25.1697899),(12.9135591,0.,-25.2844868),(12.5514768,0.,-25.1697899),(12.4532668,0.,-25.1650109),(12.9135591,0.,-25.2844868),(12.4532668,0.,-25.1650109),(12.3561813,0.,-25.1697899),(12.9135591,0.,-25.2844868),(12.3561813,0.,-25.1697899),(12.2617746,0.,-25.1841270),(12.9135591,0.,-25.2844868),(12.2617746,0.,-25.1841270),(12.1700469,0.,-25.2080222),(12.9135591,0.,-25.2844868),(12.1700469,0.,-25.2080222),(12.0809981,0.,-25.2414755),(12.9135591,0.,-25.2844868),(12.0809981,0.,-25.2414755),(11.9946281,0.,-25.2844868),(12.9135591,0.,-25.2844868),(11.9946281,0.,-25.2844868),(11.9109371,0.,-25.3370562),(12.9135591,0.,-25.2844868),(11.9109371,0.,-25.3370562),(11.8299250,0.,-25.3991837),(12.9135591,0.,-25.2844868),(11.8299250,0.,-25.3991837),(11.7515918,0.,-25.4708692),(12.9135591,0.,-25.2844868),(11.7515918,0.,-25.4708692),(11.6719688,0.,-25.5578510),(12.9135591,0.,-25.2844868),(11.6719688,0.,-25.5578510),(11.6029621,0.,-25.6510505),(12.9135591,0.,-25.2844868),(11.6029621,0.,-25.6510505),(11.5445719,0.,-25.7504677),(12.9135591,0.,-25.2844868),(11.5445719,0.,-25.7504677),(11.4967981,0.,-25.8561025),(12.9135591,0.,-25.2844868),(11.4967981,0.,-25.8561025),(11.4596406,0.,-25.9679552),(11.4596406,0.,-25.9679552),(11.4330996,0.,-26.0860255),(11.4171750,0.,-26.2103135),(11.4596406,0.,-25.9679552),(11.4171750,0.,-26.2103135),(11.4118668,0.,-26.3408192),(11.4596406,0.,-25.9679552),(11.4118668,0.,-26.3408192),(11.4118668,0.,-26.3482275),(11.4596406,0.,-25.9679552),(11.4118668,0.,-26.3482275),(11.4118668,0.,-28.0426192),(11.4596406,0.,-25.9679552),(11.4118668,0.,-28.0426192),(11.4171750,0.,-28.1739352),(11.4596406,0.,-25.9679552),(11.4171750,0.,-28.1739352),(11.4330996,0.,-28.2990666),(11.4596406,0.,-25.9679552),(11.4330996,0.,-28.2990666),(11.4596406,0.,-28.4180134),(11.4596406,0.,-25.9679552),(11.4596406,0.,-28.4180134),(11.4967981,0.,-28.5307755),(11.4596406,0.,-25.9679552),(11.4967981,0.,-28.5307755),(11.5445719,0.,-28.6373529),(11.4596406,0.,-25.9679552),(11.5445719,0.,-28.6373529),(11.6029621,0.,-28.7377458),(11.4596406,0.,-25.9679552),(11.6029621,0.,-28.7377458),(11.6719688,0.,-28.8319540),(11.4596406,0.,-25.9679552),(11.6719688,0.,-28.8319540),(11.7515918,0.,-28.9199775),(11.7515918,0.,-28.9199775),(12.0553335,0.,-28.6236442),(11.9613402,0.,-28.5072937),(11.7515918,0.,-28.9199775),(11.9613402,0.,-28.5072937),(11.8942022,0.,-28.3709671),(11.7515918,0.,-28.9199775),(11.8942022,0.,-28.3709671),(11.8539194,0.,-28.2146645),(11.4596406,0.,-25.9679552),(11.7515918,0.,-28.9199775),(11.8539194,0.,-28.2146645),(11.4596406,0.,-25.9679552),(11.8539194,0.,-28.2146645),(11.8438487,0.,-28.1290222),(11.4596406,0.,-25.9679552),(11.8438487,0.,-28.1290222),(11.8404918,0.,-28.0383859),(11.4596406,0.,-25.9679552),(11.8404918,0.,-28.0383859),(11.8404918,0.,-26.3408192),(11.4596406,0.,-25.9679552),(11.8404918,0.,-26.3408192),(11.8438156,0.,-26.2525145),(11.4596406,0.,-25.9679552),(11.8438156,0.,-26.2525145),(11.8537871,0.,-26.1691046),(11.4596406,0.,-25.9679552),(11.8537871,0.,-26.1691046),(11.8704063,0.,-26.0905895),(11.4596406,0.,-25.9679552),(11.8704063,0.,-26.0905895),(11.8936731,0.,-26.0169692),(11.4596406,0.,-25.9679552),(11.8936731,0.,-26.0169692),(11.9601496,0.,-25.8844130),(11.4596406,0.,-25.9679552),(11.9601496,0.,-25.8844130),(12.0532168,0.,-25.7714359),(11.4596406,0.,-25.9679552),(12.0532168,0.,-25.7714359),(12.1484668,0.,-25.6927223),(11.4596406,0.,-25.9679552),(12.1484668,0.,-25.6927223),(12.2468918,0.,-25.6364984),(12.9135591,0.,-25.2844868),(11.4596406,0.,-25.9679552),(12.2468918,0.,-25.6364984),(12.9135591,0.,-25.2844868),(12.2468918,0.,-25.6364984),(12.3484918,0.,-25.6027640),(12.9135591,0.,-25.2844868),(12.3484918,0.,-25.6027640),(12.4532668,0.,-25.5915192),(12.9135591,0.,-25.2844868),(12.4532668,0.,-25.5915192),(12.5623413,0.,-25.6027640),(12.9135591,0.,-25.2844868),(12.5623413,0.,-25.6027640),(12.6651981,0.,-25.6364984),(12.9135591,0.,-25.2844868),(12.6651981,0.,-25.6364984),(12.7618371,0.,-25.6927223),(12.9135591,0.,-25.2844868),(12.7618371,0.,-25.6927223),(12.8522585,0.,-25.7714359),(12.9135591,0.,-25.2844868),(12.8522585,0.,-25.7714359),(12.9453257,0.,-25.8900354),(12.9135591,0.,-25.2844868),(12.9453257,0.,-25.8900354),(13.0118022,0.,-26.0257005),(12.9135591,0.,-25.2844868),(13.0118022,0.,-26.0257005),(13.0516882,0.,-26.1784312),(13.4872089,0.,-28.1707768),(12.9135591,0.,-25.2844868),(13.0516882,0.,-26.1784312),(13.4872089,0.,-28.1707768),(13.0516882,0.,-26.1784312),(13.0616596,0.,-26.2611962),(13.4872089,0.,-28.1707768),(13.0616596,0.,-26.2611962),(13.0649835,0.,-26.3482275),(13.4872089,0.,-28.1707768),(13.0649835,0.,-26.3482275),(13.0649835,0.,-28.0383859),(13.4872089,0.,-28.1707768),(13.0649835,0.,-28.0383859),(13.0616596,0.,-28.1280300),(13.4872089,0.,-28.1707768),(13.0616596,0.,-28.1280300),(13.0516882,0.,-28.2128124),(13.4872089,0.,-28.1707768),(13.0516882,0.,-28.2128124),(13.0350690,0.,-28.2927331),(13.4872089,0.,-28.1707768),(13.0350690,0.,-28.2927331),(13.0118022,0.,-28.3677921),(13.4872089,0.,-28.1707768),(13.0118022,0.,-28.3677921),(12.9453257,0.,-28.5033249),(13.4872089,0.,-28.1707768),(12.9453257,0.,-28.5033249),(12.8522585,0.,-28.6194109),(13.4872089,0.,-28.1707768),(12.8522585,0.,-28.6194109),(12.7610434,0.,-28.6971984),(12.1468793,0.,-28.6995796),(12.0553335,0.,-28.6236442),(11.7515918,0.,-28.9199775),(12.2437168,0.,-28.7538192),(12.1468793,0.,-28.6995796),(11.7515918,0.,-28.9199775),(12.3458460,0.,-28.7863630),(12.2437168,0.,-28.7538192),(11.7515918,0.,-28.9199775),(12.4532668,0.,-28.7972109),(12.3458460,0.,-28.7863630),(11.7515918,0.,-28.9199775),(12.5615475,0.,-28.7860984),(12.4532668,0.,-28.7972109),(11.7515918,0.,-28.9199775),(12.5615475,0.,-28.7860984),(11.7515918,0.,-28.9199775),(11.8284698,0.,-28.9906709),(12.5615475,0.,-28.7860984),(11.8284698,0.,-28.9906709),(11.9082913,0.,-29.0519385),(12.6641397,0.,-28.7527609),(12.5615475,0.,-28.7860984),(11.9082913,0.,-29.0519385),(12.6641397,0.,-28.7527609),(11.9082913,0.,-29.0519385),(11.9910563,0.,-29.1037803),(12.6641397,0.,-28.7527609),(11.9910563,0.,-29.1037803),(12.0767647,0.,-29.1461963),(12.7610434,0.,-28.6971984),(12.6641397,0.,-28.7527609),(12.0767647,0.,-29.1461963),(12.7610434,0.,-28.6971984),(12.0767647,0.,-29.1461963),(12.1654167,0.,-29.1791865),(13.4872089,0.,-28.1707768),(12.7610434,0.,-28.6971984),(12.1654167,0.,-29.1791865),(13.4872089,0.,-28.1707768),(12.1654167,0.,-29.1791865),(12.2570121,0.,-29.2027510),(13.4872089,0.,-28.1707768),(12.2570121,0.,-29.2027510),(12.3515511,0.,-29.2168897),(13.4872089,0.,-28.1707768),(12.3515511,0.,-29.2168897),(12.4490335,0.,-29.2216025),(13.4872089,0.,-28.1707768),(12.4490335,0.,-29.2216025),(12.5482026,0.,-29.2169723),(13.4872089,0.,-28.1707768),(12.5482026,0.,-29.2169723),(12.6440975,0.,-29.2030817),(13.4872089,0.,-28.1707768),(12.6440975,0.,-29.2030817),(12.7367182,0.,-29.1799307),(13.4872089,0.,-28.1707768),(12.7367182,0.,-29.1799307),(12.8260647,0.,-29.1475192),(13.4872089,0.,-28.1707768),(12.8260647,0.,-29.1475192),(12.9121370,0.,-29.1058473),(13.4872089,0.,-28.1707768),(12.9121370,0.,-29.1058473),(12.9949350,0.,-29.0549150),(13.4872089,0.,-28.1707768),(12.9949350,0.,-29.0549150),(13.0744589,0.,-28.9947223),(13.4872089,0.,-28.1707768),(13.0744589,0.,-28.9947223),(13.1507085,0.,-28.9252692),(13.4872089,0.,-28.1707768),(13.1507085,0.,-28.9252692),(13.2308276,0.,-28.8359393),(13.4872089,0.,-28.1707768),(13.2308276,0.,-28.8359393),(13.3002642,0.,-28.7404578),(13.4872089,0.,-28.1707768),(13.3002642,0.,-28.7404578),(13.3590182,0.,-28.6388247),(13.4872089,0.,-28.1707768),(13.3590182,0.,-28.6388247),(13.4070897,0.,-28.5310400),(13.4872089,0.,-28.1707768),(13.4070897,0.,-28.5310400),(13.4444787,0.,-28.4171039),(13.4872089,0.,-28.1707768),(13.4444787,0.,-28.4171039),(13.4711850,0.,-28.2970161),(9.8973422,0.,-28.1707768),(9.9026835,0.,-28.0383859),(9.9026835,0.,-26.3482275),(9.8973422,0.,-28.1707768),(9.9026835,0.,-26.3482275),(9.8973753,0.,-26.2176061),(9.8973422,0.,-28.1707768),(9.8973753,0.,-26.2176061),(9.8814507,0.,-26.0929708),(9.8973422,0.,-28.1707768),(9.8814507,0.,-26.0929708),(9.8549096,0.,-25.9743217),(9.8973422,0.,-28.1707768),(9.8549096,0.,-25.9743217),(9.8177522,0.,-25.8616588),(9.8973422,0.,-28.1707768),(9.8177522,0.,-25.8616588),(9.7699784,0.,-25.7549821),(9.8973422,0.,-28.1707768),(9.7699784,0.,-25.7549821),(9.7115882,0.,-25.6542916),(9.8973422,0.,-28.1707768),(9.7115882,0.,-25.6542916),(9.6425815,0.,-25.5595873),(9.8973422,0.,-28.1707768),(9.6425815,0.,-25.5595873),(9.5629585,0.,-25.4708692),(9.8973422,0.,-28.1707768),(9.5629585,0.,-25.4708692),(9.4862789,0.,-25.3991837),(9.8973422,0.,-28.1707768),(9.4862789,0.,-25.3991837),(9.4065236,0.,-25.3370562),(9.8973422,0.,-28.1707768),(9.4065236,0.,-25.3370562),(9.3236925,0.,-25.2844868),(9.3236925,0.,-25.2844868),(9.2377856,0.,-25.2414755),(9.1488029,0.,-25.2080222),(9.3236925,0.,-25.2844868),(9.1488029,0.,-25.2080222),(9.0567444,0.,-25.1841270),(9.3236925,0.,-25.2844868),(9.0567444,0.,-25.1841270),(8.9616102,0.,-25.1697899),(9.3236925,0.,-25.2844868),(8.9616102,0.,-25.1697899),(8.8634001,0.,-25.1650109),(9.3236925,0.,-25.2844868),(8.8634001,0.,-25.1650109),(8.7663146,0.,-25.1697899),(9.3236925,0.,-25.2844868),(8.7663146,0.,-25.1697899),(8.6719080,0.,-25.1841270),(9.3236925,0.,-25.2844868),(8.6719080,0.,-25.1841270),(8.5801802,0.,-25.2080222),(9.3236925,0.,-25.2844868),(8.5801802,0.,-25.2080222),(8.4911314,0.,-25.2414755),(9.3236925,0.,-25.2844868),(8.4911314,0.,-25.2414755),(8.4047615,0.,-25.2844868),(9.3236925,0.,-25.2844868),(8.4047615,0.,-25.2844868),(8.3210705,0.,-25.3370562),(9.3236925,0.,-25.2844868),(8.3210705,0.,-25.3370562),(8.2400583,0.,-25.3991837),(9.3236925,0.,-25.2844868),(8.2400583,0.,-25.3991837),(8.1617251,0.,-25.4708692),(9.3236925,0.,-25.2844868),(8.1617251,0.,-25.4708692),(8.0821021,0.,-25.5578510),(9.3236925,0.,-25.2844868),(8.0821021,0.,-25.5578510),(8.0130955,0.,-25.6510505),(9.3236925,0.,-25.2844868),(8.0130955,0.,-25.6510505),(7.9547052,0.,-25.7504677),(9.3236925,0.,-25.2844868),(7.9547052,0.,-25.7504677),(7.9069314,0.,-25.8561025),(9.3236925,0.,-25.2844868),(7.9069314,0.,-25.8561025),(7.8697740,0.,-25.9679552),(7.8697740,0.,-25.9679552),(7.8432330,0.,-26.0860255),(7.8273083,0.,-26.2103135),(7.8697740,0.,-25.9679552),(7.8273083,0.,-26.2103135),(7.8220001,0.,-26.3408192),(7.8697740,0.,-25.9679552),(7.8220001,0.,-26.3408192),(7.8220001,0.,-26.3482275),(7.8697740,0.,-25.9679552),(7.8220001,0.,-26.3482275),(7.8220001,0.,-28.0426192),(7.8697740,0.,-25.9679552),(7.8220001,0.,-28.0426192),(7.8273083,0.,-28.1739352),(7.8697740,0.,-25.9679552),(7.8273083,0.,-28.1739352),(7.8432330,0.,-28.2990666),(7.8697740,0.,-25.9679552),(7.8432330,0.,-28.2990666),(7.8697740,0.,-28.4180134),(7.8697740,0.,-25.9679552),(7.8697740,0.,-28.4180134),(7.9069314,0.,-28.5307755),(7.8697740,0.,-25.9679552),(7.9069314,0.,-28.5307755),(7.9547052,0.,-28.6373529),(7.8697740,0.,-25.9679552),(7.9547052,0.,-28.6373529),(8.0130955,0.,-28.7377458),(7.8697740,0.,-25.9679552),(8.0130955,0.,-28.7377458),(8.0821021,0.,-28.8319540),(7.8697740,0.,-25.9679552),(8.0821021,0.,-28.8319540),(8.1617251,0.,-28.9199775),(8.1617251,0.,-28.9199775),(8.4654668,0.,-28.6236442),(8.3714736,0.,-28.5072937),(8.1617251,0.,-28.9199775),(8.3714736,0.,-28.5072937),(8.3043356,0.,-28.3709671),(8.1617251,0.,-28.9199775),(8.3043356,0.,-28.3709671),(8.2640527,0.,-28.2146645),(7.8697740,0.,-25.9679552),(8.1617251,0.,-28.9199775),(8.2640527,0.,-28.2146645),(7.8697740,0.,-25.9679552),(8.2640527,0.,-28.2146645),(8.2539820,0.,-28.1290222),(7.8697740,0.,-25.9679552),(8.2539820,0.,-28.1290222),(8.2506251,0.,-28.0383859),(7.8697740,0.,-25.9679552),(8.2506251,0.,-28.0383859),(8.2506251,0.,-26.3408192),(7.8697740,0.,-25.9679552),(8.2506251,0.,-26.3408192),(8.2539490,0.,-26.2525145),(7.8697740,0.,-25.9679552),(8.2539490,0.,-26.2525145),(8.2639205,0.,-26.1691046),(7.8697740,0.,-25.9679552),(8.2639205,0.,-26.1691046),(8.2805396,0.,-26.0905895),(7.8697740,0.,-25.9679552),(8.2805396,0.,-26.0905895),(8.3038064,0.,-26.0169692),(7.8697740,0.,-25.9679552),(8.3038064,0.,-26.0169692),(8.3702830,0.,-25.8844130),(7.8697740,0.,-25.9679552),(8.3702830,0.,-25.8844130),(8.4633501,0.,-25.7714359),(7.8697740,0.,-25.9679552),(8.4633501,0.,-25.7714359),(8.5586001,0.,-25.6927223),(7.8697740,0.,-25.9679552),(8.5586001,0.,-25.6927223),(8.6570251,0.,-25.6364984),(9.3236925,0.,-25.2844868),(7.8697740,0.,-25.9679552),(8.6570251,0.,-25.6364984),(9.3236925,0.,-25.2844868),(8.6570251,0.,-25.6364984),(8.7586251,0.,-25.6027640),(9.3236925,0.,-25.2844868),(8.7586251,0.,-25.6027640),(8.8634001,0.,-25.5915192),(9.3236925,0.,-25.2844868),(8.8634001,0.,-25.5915192),(8.9724746,0.,-25.6027640),(9.3236925,0.,-25.2844868),(8.9724746,0.,-25.6027640),(9.0753314,0.,-25.6364984),(9.3236925,0.,-25.2844868),(9.0753314,0.,-25.6364984),(9.1719705,0.,-25.6927223),(9.3236925,0.,-25.2844868),(9.1719705,0.,-25.6927223),(9.2623918,0.,-25.7714359),(9.3236925,0.,-25.2844868),(9.2623918,0.,-25.7714359),(9.3554590,0.,-25.8900354),(9.3236925,0.,-25.2844868),(9.3554590,0.,-25.8900354),(9.4219356,0.,-26.0257005),(9.3236925,0.,-25.2844868),(9.4219356,0.,-26.0257005),(9.4618215,0.,-26.1784312),(9.8973422,0.,-28.1707768),(9.3236925,0.,-25.2844868),(9.4618215,0.,-26.1784312),(9.8973422,0.,-28.1707768),(9.4618215,0.,-26.1784312),(9.4717930,0.,-26.2611962),(9.8973422,0.,-28.1707768),(9.4717930,0.,-26.2611962),(9.4751168,0.,-26.3482275),(9.8973422,0.,-28.1707768),(9.4751168,0.,-26.3482275),(9.4751168,0.,-28.0383859),(9.8973422,0.,-28.1707768),(9.4751168,0.,-28.0383859),(9.4717930,0.,-28.1280300),(9.8973422,0.,-28.1707768),(9.4717930,0.,-28.1280300),(9.4618215,0.,-28.2128124),(9.8973422,0.,-28.1707768),(9.4618215,0.,-28.2128124),(9.4452024,0.,-28.2927331),(9.8973422,0.,-28.1707768),(9.4452024,0.,-28.2927331),(9.4219356,0.,-28.3677921),(9.8973422,0.,-28.1707768),(9.4219356,0.,-28.3677921),(9.3554590,0.,-28.5033249),(9.8973422,0.,-28.1707768),(9.3554590,0.,-28.5033249),(9.2623918,0.,-28.6194109),(9.8973422,0.,-28.1707768),(9.2623918,0.,-28.6194109),(9.1711767,0.,-28.6971984),(8.5570126,0.,-28.6995796),(8.4654668,0.,-28.6236442),(8.1617251,0.,-28.9199775),(8.6538501,0.,-28.7538192),(8.5570126,0.,-28.6995796),(8.1617251,0.,-28.9199775),(8.7559793,0.,-28.7863630),(8.6538501,0.,-28.7538192),(8.1617251,0.,-28.9199775),(8.8634001,0.,-28.7972109),(8.7559793,0.,-28.7863630),(8.1617251,0.,-28.9199775),(8.9716809,0.,-28.7860984),(8.8634001,0.,-28.7972109),(8.1617251,0.,-28.9199775),(8.9716809,0.,-28.7860984),(8.1617251,0.,-28.9199775),(8.2386031,0.,-28.9906709),(8.9716809,0.,-28.7860984),(8.2386031,0.,-28.9906709),(8.3184246,0.,-29.0519385),(9.0742731,0.,-28.7527609),(8.9716809,0.,-28.7860984),(8.3184246,0.,-29.0519385),(9.0742731,0.,-28.7527609),(8.3184246,0.,-29.0519385),(8.4011896,0.,-29.1037803),(9.0742731,0.,-28.7527609),(8.4011896,0.,-29.1037803),(8.4868981,0.,-29.1461963),(9.1711767,0.,-28.6971984),(9.0742731,0.,-28.7527609),(8.4868981,0.,-29.1461963),(9.1711767,0.,-28.6971984),(8.4868981,0.,-29.1461963),(8.5755500,0.,-29.1791865),(9.8973422,0.,-28.1707768),(9.1711767,0.,-28.6971984),(8.5755500,0.,-29.1791865),(9.8973422,0.,-28.1707768),(8.5755500,0.,-29.1791865),(8.6671455,0.,-29.2027510),(9.8973422,0.,-28.1707768),(8.6671455,0.,-29.2027510),(8.7616844,0.,-29.2168897),(9.8973422,0.,-28.1707768),(8.7616844,0.,-29.2168897),(8.8591668,0.,-29.2216025),(9.8973422,0.,-28.1707768),(8.8591668,0.,-29.2216025),(8.9583360,0.,-29.2169723),(9.8973422,0.,-28.1707768),(8.9583360,0.,-29.2169723),(9.0542309,0.,-29.2030817),(9.8973422,0.,-28.1707768),(9.0542309,0.,-29.2030817),(9.1468516,0.,-29.1799307),(9.8973422,0.,-28.1707768),(9.1468516,0.,-29.1799307),(9.2361981,0.,-29.1475192),(9.8973422,0.,-28.1707768),(9.2361981,0.,-29.1475192),(9.3222703,0.,-29.1058473),(9.8973422,0.,-28.1707768),(9.3222703,0.,-29.1058473),(9.4050684,0.,-29.0549150),(9.8973422,0.,-28.1707768),(9.4050684,0.,-29.0549150),(9.4845922,0.,-28.9947223),(9.8973422,0.,-28.1707768),(9.4845922,0.,-28.9947223),(9.5608418,0.,-28.9252692),(9.8973422,0.,-28.1707768),(9.5608418,0.,-28.9252692),(9.6409610,0.,-28.8359393),(9.8973422,0.,-28.1707768),(9.6409610,0.,-28.8359393),(9.7103975,0.,-28.7404578),(9.8973422,0.,-28.1707768),(9.7103975,0.,-28.7404578),(9.7691516,0.,-28.6388247),(9.8973422,0.,-28.1707768),(9.7691516,0.,-28.6388247),(9.8172231,0.,-28.5310400),(9.8973422,0.,-28.1707768),(9.8172231,0.,-28.5310400),(9.8546120,0.,-28.4171039),(9.8973422,0.,-28.1707768),(9.8546120,0.,-28.4171039),(9.8813184,0.,-28.2970161),(4.5983168,0.,-29.1443442),(4.6978001,0.,-29.2533525),(4.8110418,0.,-29.2808692),(4.5983168,0.,-29.1443442),(4.8110418,0.,-29.2808692),(4.9121126,0.,-29.2554692),(4.5983168,0.,-29.1443442),(4.9121126,0.,-29.2554692),(4.9888418,0.,-29.1792692),(4.5983168,0.,-29.1443442),(4.9888418,0.,-29.1792692),(4.9962501,0.,-29.1729192),(4.5983168,0.,-29.1443442),(4.9962501,0.,-29.1729192),(6.2419085,0.,-27.0054525),(4.5983168,0.,-29.1443442),(6.2419085,0.,-27.0054525),(6.2694251,0.,-26.8985609),(4.5983168,0.,-29.1443442),(6.2694251,0.,-26.8985609),(6.2416439,0.,-26.7892880),(4.5983168,0.,-29.1443442),(6.2416439,0.,-26.7892880),(6.1583001,0.,-26.7112359),(4.5983168,0.,-29.1443442),(6.1583001,0.,-26.7112359),(6.0514085,0.,-26.6816025),(4.5983168,0.,-29.1443442),(6.0514085,0.,-26.6816025),(5.9426647,0.,-26.7093838),(4.5983168,0.,-29.1443442),(5.9426647,0.,-26.7093838),(5.8662001,0.,-26.7927275),(4.5983168,0.,-29.1443442),(5.8662001,0.,-26.7927275),(5.0237668,0.,-28.2585192),(4.5983168,0.,-29.1443442),(5.0237668,0.,-28.2585192),(5.0237668,0.,-25.6507859),(5.0237668,0.,-25.6507859),(6.6102085,0.,-25.6507859),(6.6951397,0.,-25.6349109),(5.0237668,0.,-25.6507859),(6.6951397,0.,-25.6349109),(6.7657835,0.,-25.5872859),(5.0237668,0.,-25.6507859),(6.7657835,0.,-25.5872859),(6.8134085,0.,-25.5177005),(5.0237668,0.,-25.6507859),(6.8134085,0.,-25.5177005),(6.8292835,0.,-25.4359442),(5.0237668,0.,-25.6507859),(6.8292835,0.,-25.4359442),(6.8134085,0.,-25.3539234),(5.0237668,0.,-25.6507859),(6.8134085,0.,-25.3539234),(6.7657835,0.,-25.2835442),(5.0237668,0.,-25.6507859),(6.7657835,0.,-25.2835442),(6.6951397,0.,-25.2343317),(5.0237668,0.,-25.6507859),(6.6951397,0.,-25.2343317),(6.6102085,0.,-25.2179275),(5.0237668,0.,-25.6507859),(6.6102085,0.,-25.2179275),(4.8036335,0.,-25.2179275),(4.5983168,0.,-29.1443442),(5.0237668,0.,-25.6507859),(4.8036335,0.,-25.2179275),(4.8036335,0.,-25.2179275),(2.9981168,0.,-25.2179275),(2.9153022,0.,-25.2343317),(4.8036335,0.,-25.2179275),(2.9153022,0.,-25.2343317),(2.8467751,0.,-25.2835442),(4.8036335,0.,-25.2179275),(2.8467751,0.,-25.2835442),(2.8007376,0.,-25.3539234),(4.8036335,0.,-25.2179275),(2.8007376,0.,-25.3539234),(2.7853918,0.,-25.4359442),(4.8036335,0.,-25.2179275),(2.7853918,0.,-25.4359442),(2.8007376,0.,-25.5177005),(4.8036335,0.,-25.2179275),(2.8007376,0.,-25.5177005),(2.8467751,0.,-25.5872859),(4.8036335,0.,-25.2179275),(2.8467751,0.,-25.5872859),(2.9153022,0.,-25.6349109),(4.8036335,0.,-25.2179275),(2.9153022,0.,-25.6349109),(2.9981168,0.,-25.6507859),(4.8036335,0.,-25.2179275),(2.9981168,0.,-25.6507859),(4.5909085,0.,-25.6507859),(4.5983168,0.,-29.1443442),(4.8036335,0.,-25.2179275),(4.5909085,0.,-25.6507859),(4.5983168,0.,-29.1443442),(4.5909085,0.,-25.6507859),(4.5909085,0.,-28.2627525),(4.5983168,0.,-29.1443442),(4.5909085,0.,-28.2627525),(3.7347168,0.,-26.7736775),(4.5983168,0.,-29.1443442),(3.7347168,0.,-26.7736775),(3.6550772,0.,-26.6943025),(4.5983168,0.,-29.1443442),(3.6550772,0.,-26.6943025),(3.5473918,0.,-26.6678442),(4.5983168,0.,-29.1443442),(3.5473918,0.,-26.6678442),(3.4362668,0.,-26.6953609),(4.5983168,0.,-29.1443442),(3.4362668,0.,-26.6953609),(3.3545106,0.,-26.7750005),(4.5983168,0.,-29.1443442),(3.3545106,0.,-26.7750005),(3.3272585,0.,-26.8848025),(4.5983168,0.,-29.1443442),(3.3272585,0.,-26.8848025),(3.3590085,0.,-26.9938109),(15.4568168,0.,-25.1628942),(15.3393418,0.,-25.2094609),(14.7318585,0.,-25.7111109),(15.4568168,0.,-25.1628942),(14.7318585,0.,-25.7111109),(14.6741793,0.,-25.7788442),(15.4568168,0.,-25.1628942),(14.6741793,0.,-25.7788442),(14.6493085,0.,-25.8508109),(15.4568168,0.,-25.1628942),(14.6493085,0.,-25.8508109),(14.6493085,0.,-25.8846775),(15.4568168,0.,-25.1628942),(14.6493085,0.,-25.8846775),(14.6831751,0.,-26.0127359),(15.4568168,0.,-25.1628942),(14.6831751,0.,-26.0127359),(14.7424418,0.,-26.0696213),(15.4568168,0.,-25.1628942),(14.7424418,0.,-26.0696213),(14.8228751,0.,-26.0984609),(15.4568168,0.,-25.1628942),(14.8228751,0.,-26.0984609),(14.8641501,0.,-26.1005775),(15.4568168,0.,-25.1628942),(14.8641501,0.,-26.1005775),(14.9795085,0.,-26.0635359),(15.4568168,0.,-25.1628942),(14.9795085,0.,-26.0635359),(15.2504418,0.,-25.8243525),(15.4568168,0.,-25.1628942),(15.2504418,0.,-25.8243525),(15.2504418,0.,-29.0099359),(15.4568168,0.,-25.1628942),(15.2504418,0.,-29.0099359),(15.2657876,0.,-29.0919567),(15.4568168,0.,-25.1628942),(15.2657876,0.,-29.0919567),(15.3118251,0.,-29.1602192),(15.4568168,0.,-25.1628942),(15.3118251,0.,-29.1602192),(15.3800876,0.,-29.2062567),(15.4568168,0.,-25.1628942),(15.3800876,0.,-29.2062567),(15.4621085,0.,-29.2216025),(15.4568168,0.,-25.1628942),(15.4621085,0.,-29.2216025),(15.5449231,0.,-29.2062567),(15.4568168,0.,-25.1628942),(15.5449231,0.,-29.2062567),(15.6134501,0.,-29.1602192),(15.4568168,0.,-25.1628942),(15.6134501,0.,-29.1602192),(15.6594876,0.,-29.0919567),(15.4568168,0.,-25.1628942),(15.6594876,0.,-29.0919567),(15.6748335,0.,-29.0099359),(15.4568168,0.,-25.1628942),(15.6748335,0.,-29.0099359),(15.6748335,0.,-25.3830275),(15.4568168,0.,-25.1628942),(15.6748335,0.,-25.3830275),(15.6465231,0.,-25.2697859),(15.4568168,0.,-25.1628942),(15.6465231,0.,-25.2697859),(15.5615918,0.,-25.1946442),(10.3609418,0.,-29.1911755),(10.4339668,0.,-29.2978025),(10.5405939,0.,-29.3708275),(10.3609418,0.,-29.1911755),(10.5405939,0.,-29.3708275),(10.6657418,0.,-29.3951692),(10.3609418,0.,-29.1911755),(10.6657418,0.,-29.3951692),(10.7906251,0.,-29.3708275),(10.3609418,0.,-29.1911755),(10.7906251,0.,-29.3708275),(10.8964585,0.,-29.2978025),(10.3609418,0.,-29.1911755),(10.8964585,0.,-29.2978025),(10.9694835,0.,-29.1911755),(10.3609418,0.,-29.1911755),(10.9694835,0.,-29.1911755),(10.9938251,0.,-29.0660275),(10.3609418,0.,-29.1911755),(10.9938251,0.,-29.0660275),(10.9694835,0.,-28.9408796),(10.3609418,0.,-29.1911755),(10.9694835,0.,-28.9408796),(10.8964585,0.,-28.8342525),(10.3609418,0.,-29.1911755),(10.8964585,0.,-28.8342525),(10.7906251,0.,-28.7612275),(10.3609418,0.,-29.1911755),(10.7906251,0.,-28.7612275),(10.6657418,0.,-28.7368859),(10.3609418,0.,-29.1911755),(10.6657418,0.,-28.7368859),(10.5405939,0.,-28.7612275),(10.3609418,0.,-29.1911755),(10.5405939,0.,-28.7612275),(10.4339668,0.,-28.8342525),(10.3609418,0.,-29.1911755),(10.4339668,0.,-28.8342525),(10.3609418,0.,-28.9408796),(10.3609418,0.,-29.1911755),(10.3609418,0.,-28.9408796),(10.3366001,0.,-29.0660275),(-11.5581457,0.,-23.2791609),(-11.4610932,0.,-23.3198406),(-11.3630816,0.,-23.3550963),(-11.5581457,0.,-23.2791609),(-11.3630816,0.,-23.3550963),(-11.2641109,0.,-23.3849281),(-11.5581457,0.,-23.2791609),(-11.2641109,0.,-23.3849281),(-11.1641811,0.,-23.4093359),(-11.5581457,0.,-23.2791609),(-11.1641811,0.,-23.4093359),(-11.0632922,0.,-23.4283197),(-11.5581457,0.,-23.2791609),(-11.0632922,0.,-23.4283197),(-10.9614441,0.,-23.4418796),(-11.5581457,0.,-23.2791609),(-10.9614441,0.,-23.4418796),(-10.8586370,0.,-23.4500156),(-11.5581457,0.,-23.2791609),(-10.8586370,0.,-23.4500156),(-10.7548707,0.,-23.4527275),(-11.5581457,0.,-23.2791609),(-10.7548707,0.,-23.4527275),(-10.6190898,0.,-23.4484115),(-11.5581457,0.,-23.2791609),(-10.6190898,0.,-23.4484115),(-10.4858556,0.,-23.4354635),(-11.5581457,0.,-23.2791609),(-10.4858556,0.,-23.4354635),(-10.3551680,0.,-23.4138834),(-11.5581457,0.,-23.2791609),(-10.3551680,0.,-23.4138834),(-10.2270269,0.,-23.3836713),(-11.5581457,0.,-23.2791609),(-10.2270269,0.,-23.3836713),(-10.1014325,0.,-23.3448272),(-11.5581457,0.,-23.2791609),(-10.1014325,0.,-23.3448272),(-9.9783848,0.,-23.2973510),(-11.5581457,0.,-23.2791609),(-9.9783848,0.,-23.2973510),(-9.8578836,0.,-23.2412428),(-11.5581457,0.,-23.2791609),(-9.8578836,0.,-23.2412428),(-9.7399290,0.,-23.1765025),(-11.5581457,0.,-23.2791609),(-9.7399290,0.,-23.1765025),(-9.6263566,0.,-23.1041059),(-11.5581457,0.,-23.2791609),(-9.6263566,0.,-23.1041059),(-9.5190019,0.,-23.0255578),(-11.5581457,0.,-23.2791609),(-9.5190019,0.,-23.0255578),(-9.4178650,0.,-22.9408580),(-11.5581457,0.,-23.2791609),(-9.4178650,0.,-22.9408580),(-9.3229457,0.,-22.8500067),(-11.5581457,0.,-23.2791609),(-9.3229457,0.,-22.8500067),(-9.2342441,0.,-22.7530039),(-9.2342441,0.,-22.7530039),(-9.1517603,0.,-22.6498494),(-9.0754941,0.,-22.5405434),(-9.2342441,0.,-22.7530039),(-9.0754941,0.,-22.5405434),(-9.0054457,0.,-22.4250859),(-9.2342441,0.,-22.7530039),(-9.0054457,0.,-22.4250859),(-8.9424418,0.,-22.3053123),(-9.2342441,0.,-22.7530039),(-8.9424418,0.,-22.3053123),(-8.8878384,0.,-22.1830583),(-9.2342441,0.,-22.7530039),(-8.8878384,0.,-22.1830583),(-8.8416355,0.,-22.0583238),(-9.2342441,0.,-22.7530039),(-8.8416355,0.,-22.0583238),(-8.8038332,0.,-21.9311088),(-9.2342441,0.,-22.7530039),(-8.8038332,0.,-21.9311088),(-8.7744314,0.,-21.8014134),(-9.2342441,0.,-22.7530039),(-8.7744314,0.,-21.8014134),(-8.7534301,0.,-21.6692374),(-9.2342441,0.,-22.7530039),(-8.7534301,0.,-21.6692374),(-8.7408293,0.,-21.5345811),(-9.2342441,0.,-22.7530039),(-8.7408293,0.,-21.5345811),(-8.7366290,0.,-21.3974442),(-9.2342441,0.,-22.7530039),(-8.7366290,0.,-21.3974442),(-8.7408293,0.,-21.2658140),(-9.2342441,0.,-22.7530039),(-8.7408293,0.,-21.2658140),(-8.7534301,0.,-21.1349775),(-9.2342441,0.,-22.7530039),(-8.7534301,0.,-21.1349775),(-8.7744314,0.,-21.0049348),(-9.2342441,0.,-22.7530039),(-8.7744314,0.,-21.0049348),(-8.8038332,0.,-20.8756859),(-9.2342441,0.,-22.7530039),(-8.8038332,0.,-20.8756859),(-8.8416355,0.,-20.7472307),(-9.2342441,0.,-22.7530039),(-8.8416355,0.,-20.7472307),(-8.8878384,0.,-20.6195692),(-8.8878384,0.,-20.6195692),(-9.2796202,0.,-20.7610552),(-9.2430581,0.,-20.8589344),(-8.8878384,0.,-20.6195692),(-9.2430581,0.,-20.8589344),(-9.2131436,0.,-20.9600880),(-8.8878384,0.,-20.6195692),(-9.2131436,0.,-20.9600880),(-9.1898768,0.,-21.0645157),(-8.8878384,0.,-20.6195692),(-9.1898768,0.,-21.0645157),(-9.1732577,0.,-21.1722177),(-8.8878384,0.,-20.6195692),(-9.1732577,0.,-21.1722177),(-9.1632862,0.,-21.2831938),(-8.8878384,0.,-20.6195692),(-9.1632862,0.,-21.2831938),(-9.1599624,0.,-21.3974442),(-8.8878384,0.,-20.6195692),(-9.1599624,0.,-21.3974442),(-9.1633193,0.,-21.5074778),(-9.2342441,0.,-22.7530039),(-8.8878384,0.,-20.6195692),(-9.1633193,0.,-21.5074778),(-9.2342441,0.,-22.7530039),(-9.1633193,0.,-21.5074778),(-9.1733900,0.,-21.6153286),(-9.2342441,0.,-22.7530039),(-9.1733900,0.,-21.6153286),(-9.1901745,0.,-21.7209966),(-9.2342441,0.,-22.7530039),(-9.1901745,0.,-21.7209966),(-9.2136728,0.,-21.8244817),(-9.2342441,0.,-22.7530039),(-9.2136728,0.,-21.8244817),(-9.2438849,0.,-21.9257841),(-9.2342441,0.,-22.7530039),(-9.2438849,0.,-21.9257841),(-9.2808108,0.,-22.0249036),(-9.2342441,0.,-22.7530039),(-9.2808108,0.,-22.0249036),(-9.3244505,0.,-22.1218403),(-9.2342441,0.,-22.7530039),(-9.3244505,0.,-22.1218403),(-9.3748040,0.,-22.2165942),(-9.2342441,0.,-22.7530039),(-9.3748040,0.,-22.2165942),(-9.4306476,0.,-22.3078093),(-9.2342441,0.,-22.7530039),(-9.4306476,0.,-22.3078093),(-9.4912868,0.,-22.3941296),(-9.2342441,0.,-22.7530039),(-9.4912868,0.,-22.3941296),(-9.5567216,0.,-22.4755552),(-9.2342441,0.,-22.7530039),(-9.5567216,0.,-22.4755552),(-9.6269519,0.,-22.5520859),(-9.2342441,0.,-22.7530039),(-9.6269519,0.,-22.5520859),(-9.7019779,0.,-22.6237218),(-9.2342441,0.,-22.7530039),(-9.7019779,0.,-22.6237218),(-9.7817993,0.,-22.6904630),(-9.2342441,0.,-22.7530039),(-9.7817993,0.,-22.6904630),(-9.8664164,0.,-22.7523093),(-9.2342441,0.,-22.7530039),(-9.8664164,0.,-22.7523093),(-9.9558290,0.,-22.8092609),(-9.2342441,0.,-22.7530039),(-9.9558290,0.,-22.8092609),(-10.0484167,0.,-22.8603585),(-9.2342441,0.,-22.7530039),(-10.0484167,0.,-22.8603585),(-10.1430879,0.,-22.9046432),(-9.2342441,0.,-22.7530039),(-10.1430879,0.,-22.9046432),(-10.2398427,0.,-22.9421148),(-9.2342441,0.,-22.7530039),(-10.2398427,0.,-22.9421148),(-10.3386811,0.,-22.9727734),(-11.5581457,0.,-23.2791609),(-9.2342441,0.,-22.7530039),(-10.3386811,0.,-22.9727734),(-11.5581457,0.,-23.2791609),(-10.3386811,0.,-22.9727734),(-10.4396031,0.,-22.9966190),(-11.5581457,0.,-23.2791609),(-10.4396031,0.,-22.9966190),(-10.5426087,0.,-23.0136515),(-11.5581457,0.,-23.2791609),(-10.5426087,0.,-23.0136515),(-10.6476979,0.,-23.0238710),(-11.5581457,0.,-23.2791609),(-10.6476979,0.,-23.0238710),(-10.7548707,0.,-23.0272775),(-11.5581457,0.,-23.2791609),(-10.7548707,0.,-23.0272775),(-10.9084613,0.,-23.0201999),(-11.5581457,0.,-23.2791609),(-10.9084613,0.,-23.0201999),(-11.0580832,0.,-22.9989671),(-11.5581457,0.,-23.2791609),(-11.0580832,0.,-22.9989671),(-11.2037363,0.,-22.9635791),(-11.5581457,0.,-23.2791609),(-11.2037363,0.,-22.9635791),(-11.3454207,0.,-22.9140359),(-11.5581457,0.,-23.2791609),(-11.3454207,0.,-22.9140359),(-9.7483957,0.,-20.1306192),(-12.1190624,0.,-24.2538859),(-11.5581457,0.,-23.2791609),(-9.7483957,0.,-20.1306192),(-9.3228299,0.,-20.6664501),(-9.2796202,0.,-20.7610552),(-8.8878384,0.,-20.6195692),(-9.3726874,0.,-20.5751192),(-9.3228299,0.,-20.6664501),(-8.8878384,0.,-20.6195692),(-9.4406191,0.,-20.4711380),(-9.3726874,0.,-20.5751192),(-8.8878384,0.,-20.6195692),(-9.5258811,0.,-20.3623942),(-9.4406191,0.,-20.4711380),(-8.8878384,0.,-20.6195692),(-9.5750109,0.,-20.3062364),(-9.5258811,0.,-20.3623942),(-8.8878384,0.,-20.6195692),(-9.6284733,0.,-20.2488880),(-9.5750109,0.,-20.3062364),(-8.8878384,0.,-20.6195692),(-9.6862682,0.,-20.1903489),(-9.6284733,0.,-20.2488880),(-8.8878384,0.,-20.6195692),(-9.7483957,0.,-20.1306192),(-9.6862682,0.,-20.1903489),(-8.8878384,0.,-20.6195692),(-9.7483957,0.,-20.1306192),(-8.8878384,0.,-20.6195692),(-8.9424418,0.,-20.4927015),(-9.7483957,0.,-20.1306192),(-8.9424418,0.,-20.4927015),(-9.0054457,0.,-20.3666275),(-9.7483957,0.,-20.1306192),(-9.0054457,0.,-20.3666275),(-9.0556338,0.,-20.2799104),(-9.7483957,0.,-20.1306192),(-9.0556338,0.,-20.2799104),(-9.1104191,0.,-20.1965005),(-9.7483957,0.,-20.1306192),(-9.1104191,0.,-20.1965005),(-9.1698015,0.,-20.1163979),(-9.7483957,0.,-20.1306192),(-9.1698015,0.,-20.1163979),(-9.2337811,0.,-20.0396025),(-9.7483957,0.,-20.1306192),(-9.2337811,0.,-20.0396025),(-9.3023578,0.,-19.9661145),(-9.7483957,0.,-20.1306192),(-9.3023578,0.,-19.9661145),(-9.3755316,0.,-19.8959338),(-9.7483957,0.,-20.1306192),(-9.3755316,0.,-19.8959338),(-9.4533026,0.,-19.8290604),(-9.7483957,0.,-20.1306192),(-9.4533026,0.,-19.8290604),(-9.5356707,0.,-19.7654942),(-9.7483957,0.,-20.1306192),(-9.5356707,0.,-19.7654942),(-8.9938040,0.,-18.8129942),(-12.1190624,0.,-24.2538859),(-9.7483957,0.,-20.1306192),(-8.9938040,0.,-18.8129942),(-12.1190624,0.,-24.2538859),(-8.9938040,0.,-18.8129942),(-8.9652290,0.,-18.7092775),(-12.1190624,0.,-24.2538859),(-8.9652290,0.,-18.7092775),(-8.9726374,0.,-18.6489525),(-12.1190624,0.,-24.2538859),(-8.9726374,0.,-18.6489525),(-9.0112665,0.,-18.5738109),(-12.1190624,0.,-24.2538859),(-9.0112665,0.,-18.5738109),(-9.0763540,0.,-18.5198359),(-12.1190624,0.,-24.2538859),(-9.0763540,0.,-18.5198359),(-9.1790124,0.,-18.4891442),(-12.1190624,0.,-24.2538859),(-9.1790124,0.,-18.4891442),(-9.2393374,0.,-18.4965525),(-12.1190624,0.,-24.2538859),(-9.2393374,0.,-18.4965525),(-9.3150082,0.,-18.5351817),(-12.1190624,0.,-24.2538859),(-9.3150082,0.,-18.5351817),(-9.3705707,0.,-18.6002692),(-12.1190624,0.,-24.2538859),(-9.3705707,0.,-18.6002692),(-9.9060874,0.,-19.5284275),(-9.9060874,0.,-19.5284275),(-10.0066952,0.,-19.4840272),(-10.1106103,0.,-19.4455468),(-9.9060874,0.,-19.5284275),(-10.1106103,0.,-19.4455468),(-10.2178327,0.,-19.4129865),(-9.9060874,0.,-19.5284275),(-10.2178327,0.,-19.4129865),(-10.3283624,0.,-19.3863463),(-9.9060874,0.,-19.5284275),(-10.3283624,0.,-19.3863463),(-10.4421993,0.,-19.3656261),(-9.9060874,0.,-19.5284275),(-10.4421993,0.,-19.3656261),(-10.5593436,0.,-19.3508260),(-9.9060874,0.,-19.5284275),(-10.5593436,0.,-19.3508260),(-10.6797952,0.,-19.3419459),(-9.9060874,0.,-19.5284275),(-10.6797952,0.,-19.3419459),(-10.8035540,0.,-19.3389859),(-9.9060874,0.,-19.5284275),(-10.8035540,0.,-19.3389859),(-10.9281562,0.,-19.3433184),(-9.9060874,0.,-19.5284275),(-10.9281562,0.,-19.3433184),(-11.0516670,0.,-19.3563161),(-9.9060874,0.,-19.5284275),(-11.0516670,0.,-19.3563161),(-11.1740864,0.,-19.3779789),(-9.9060874,0.,-19.5284275),(-11.1740864,0.,-19.3779789),(-11.2954144,0.,-19.4083067),(-9.9060874,0.,-19.5284275),(-11.2954144,0.,-19.4083067),(-11.4156510,0.,-19.4472997),(-9.9060874,0.,-19.5284275),(-11.4156510,0.,-19.4472997),(-11.5347962,0.,-19.4949578),(-9.9060874,0.,-19.5284275),(-11.5347962,0.,-19.4949578),(-11.6528500,0.,-19.5512809),(-9.9060874,0.,-19.5284275),(-11.6528500,0.,-19.5512809),(-11.7698124,0.,-19.6162692),(-9.9060874,0.,-19.5284275),(-11.7698124,0.,-19.6162692),(-11.8829217,0.,-19.6884343),(-9.9060874,0.,-19.5284275),(-11.8829217,0.,-19.6884343),(-11.9899457,0.,-19.7668171),(-9.9060874,0.,-19.5284275),(-11.9899457,0.,-19.7668171),(-12.0908842,0.,-19.8514177),(-9.9060874,0.,-19.5284275),(-12.0908842,0.,-19.8514177),(-12.1857374,0.,-19.9422359),(-9.9060874,0.,-19.5284275),(-12.1857374,0.,-19.9422359),(-12.2745051,0.,-20.0392718),(-12.2745051,0.,-20.0392718),(-12.3571874,0.,-20.1425255),(-12.4337842,0.,-20.2519968),(-12.2745051,0.,-20.0392718),(-12.4337842,0.,-20.2519968),(-12.5042957,0.,-20.3676859),(-12.2745051,0.,-20.0392718),(-12.5042957,0.,-20.3676859),(-12.5675476,0.,-20.4874925),(-12.2745051,0.,-20.0392718),(-12.5675476,0.,-20.4874925),(-12.6223660,0.,-20.6098458),(-12.2745051,0.,-20.0392718),(-12.6223660,0.,-20.6098458),(-12.6687508,0.,-20.7347456),(-12.2745051,0.,-20.0392718),(-12.6687508,0.,-20.7347456),(-12.7067019,0.,-20.8621921),(-12.2745051,0.,-20.0392718),(-12.7067019,0.,-20.8621921),(-12.7362195,0.,-20.9921852),(-12.2745051,0.,-20.0392718),(-12.7362195,0.,-20.9921852),(-12.7573035,0.,-21.1247249),(-12.2745051,0.,-20.0392718),(-12.7573035,0.,-21.1247249),(-12.7699539,0.,-21.2598113),(-12.2745051,0.,-20.0392718),(-12.7699539,0.,-21.2598113),(-12.7741707,0.,-21.3974442),(-12.2745051,0.,-20.0392718),(-12.7741707,0.,-21.3974442),(-12.7699704,0.,-21.5355071),(-12.2745051,0.,-20.0392718),(-12.7699704,0.,-21.5355071),(-12.7573696,0.,-21.6708249),(-12.2745051,0.,-20.0392718),(-12.7573696,0.,-21.6708249),(-12.7363683,0.,-21.8033977),(-12.2745051,0.,-20.0392718),(-12.7363683,0.,-21.8033977),(-12.7069665,0.,-21.9332255),(-12.2745051,0.,-20.0392718),(-12.7069665,0.,-21.9332255),(-12.6691642,0.,-22.0603081),(-12.2745051,0.,-20.0392718),(-12.6691642,0.,-22.0603081),(-12.6229613,0.,-22.1846458),(-12.2745051,0.,-20.0392718),(-12.6229613,0.,-22.1846458),(-12.5683579,0.,-22.3062384),(-12.2745051,0.,-20.0392718),(-12.5683579,0.,-22.3062384),(-12.5053540,0.,-22.4250859),(-12.5053540,0.,-22.4250859),(-12.1370540,0.,-22.2165942),(-12.1864154,0.,-22.1218568),(-12.5053540,0.,-22.4250859),(-12.1864154,0.,-22.1218568),(-12.2291952,0.,-22.0249697),(-12.5053540,0.,-22.4250859),(-12.2291952,0.,-22.0249697),(-12.2653935,0.,-21.9259329),(-12.5053540,0.,-22.4250859),(-12.2653935,0.,-21.9259329),(-12.2950103,0.,-21.8247463),(-12.5053540,0.,-22.4250859),(-12.2950103,0.,-21.8247463),(-12.3180456,0.,-21.7214100),(-12.5053540,0.,-22.4250859),(-12.3180456,0.,-21.7214100),(-12.3344993,0.,-21.6159239),(-12.5053540,0.,-22.4250859),(-12.3344993,0.,-21.6159239),(-12.3443716,0.,-21.5082881),(-12.5053540,0.,-22.4250859),(-12.3443716,0.,-21.5082881),(-12.3476624,0.,-21.3985025),(-12.5053540,0.,-22.4250859),(-12.3476624,0.,-21.3985025),(-12.3443220,0.,-21.2886839),(-12.2745051,0.,-20.0392718),(-12.5053540,0.,-22.4250859),(-12.3443220,0.,-21.2886839),(-12.2745051,0.,-20.0392718),(-12.3443220,0.,-21.2886839),(-12.3343009,0.,-21.1809489),(-12.2745051,0.,-20.0392718),(-12.3343009,0.,-21.1809489),(-12.3175991,0.,-21.0752975),(-12.2745051,0.,-20.0392718),(-12.3175991,0.,-21.0752975),(-12.2942165,0.,-20.9717296),(-12.2745051,0.,-20.0392718),(-12.2942165,0.,-20.9717296),(-12.2641532,0.,-20.8702454),(-12.2745051,0.,-20.0392718),(-12.2641532,0.,-20.8702454),(-12.2274092,0.,-20.7708447),(-12.2745051,0.,-20.0392718),(-12.2274092,0.,-20.7708447),(-12.1839845,0.,-20.6735277),(-12.2745051,0.,-20.0392718),(-12.1839845,0.,-20.6735277),(-12.1338790,0.,-20.5782942),(-12.2745051,0.,-20.0392718),(-12.1338790,0.,-20.5782942),(-12.0780354,0.,-20.4863515),(-12.2745051,0.,-20.0392718),(-12.0780354,0.,-20.4863515),(-12.0173962,0.,-20.3994359),(-12.2745051,0.,-20.0392718),(-12.0173962,0.,-20.3994359),(-11.9519614,0.,-20.3175473),(-12.2745051,0.,-20.0392718),(-11.9519614,0.,-20.3175473),(-11.8817311,0.,-20.2406859),(-12.2745051,0.,-20.0392718),(-11.8817311,0.,-20.2406859),(-11.8067052,0.,-20.1688515),(-12.2745051,0.,-20.0392718),(-11.8067052,0.,-20.1688515),(-11.7268837,0.,-20.1020442),(-12.2745051,0.,-20.0392718),(-11.7268837,0.,-20.1020442),(-11.6422667,0.,-20.0402640),(-12.2745051,0.,-20.0392718),(-11.6422667,0.,-20.0402640),(-11.5528540,0.,-19.9835109),(-12.2745051,0.,-20.0392718),(-11.5528540,0.,-19.9835109),(-11.4607790,0.,-19.9324132),(-12.2745051,0.,-20.0392718),(-11.4607790,0.,-19.9324132),(-11.3681749,0.,-19.8881286),(-12.2745051,0.,-20.0392718),(-11.3681749,0.,-19.8881286),(-11.2750415,0.,-19.8506570),(-12.2745051,0.,-20.0392718),(-11.2750415,0.,-19.8506570),(-11.1813790,0.,-19.8199984),(-12.2745051,0.,-20.0392718),(-11.1813790,0.,-19.8199984),(-11.0871874,0.,-19.7961528),(-9.9060874,0.,-19.5284275),(-12.2745051,0.,-20.0392718),(-11.0871874,0.,-19.7961528),(-9.9060874,0.,-19.5284275),(-11.0871874,0.,-19.7961528),(-10.9924665,0.,-19.7791203),(-9.9060874,0.,-19.5284275),(-10.9924665,0.,-19.7791203),(-10.8972165,0.,-19.7689007),(-9.9060874,0.,-19.5284275),(-10.8972165,0.,-19.7689007),(-10.8014374,0.,-19.7654942),(-9.9060874,0.,-19.5284275),(-10.8014374,0.,-19.7654942),(-10.7950874,0.,-19.7654942),(-9.9060874,0.,-19.5284275),(-10.7950874,0.,-19.7654942),(-10.7013752,0.,-19.7675778),(-9.9060874,0.,-19.5284275),(-10.7013752,0.,-19.7675778),(-10.6102098,0.,-19.7738286),(-9.9060874,0.,-19.5284275),(-10.6102098,0.,-19.7738286),(-10.5215909,0.,-19.7842466),(-9.9060874,0.,-19.5284275),(-10.5215909,0.,-19.7842466),(-10.4355186,0.,-19.7988317),(-9.9060874,0.,-19.5284275),(-10.4355186,0.,-19.7988317),(-10.3519930,0.,-19.8175841),(-9.9060874,0.,-19.5284275),(-10.3519930,0.,-19.8175841),(-10.2710139,0.,-19.8405036),(-9.9060874,0.,-19.5284275),(-10.2710139,0.,-19.8405036),(-10.1925815,0.,-19.8675903),(-9.9060874,0.,-19.5284275),(-10.1925815,0.,-19.8675903),(-10.1166957,0.,-19.8988442),(-12.1190624,0.,-24.2538859),(-9.9060874,0.,-19.5284275),(-10.1166957,0.,-19.8988442),(-12.1190624,0.,-24.2538859),(-10.1166957,0.,-19.8988442),(-11.7211290,0.,-22.6939025),(-12.1190624,0.,-24.2538859),(-11.7211290,0.,-22.6939025),(-11.8415806,0.,-22.5910458),(-12.0946711,0.,-22.2858654),(-12.1370540,0.,-22.2165942),(-12.5053540,0.,-22.4250859),(-12.0495431,0.,-22.3523916),(-12.0946711,0.,-22.2858654),(-12.5053540,0.,-22.4250859),(-11.9510519,0.,-22.4772088),(-12.0495431,0.,-22.3523916),(-12.5053540,0.,-22.4250859),(-11.8415806,0.,-22.5910458),(-11.9510519,0.,-22.4772088),(-12.5053540,0.,-22.4250859),(-11.8415806,0.,-22.5910458),(-12.5053540,0.,-22.4250859),(-12.4474103,0.,-22.5201374),(-11.8415806,0.,-22.5910458),(-12.4474103,0.,-22.5201374),(-12.3857624,0.,-22.6110880),(-11.8415806,0.,-22.5910458),(-12.3857624,0.,-22.6110880),(-12.3204103,0.,-22.6979374),(-11.8415806,0.,-22.5910458),(-12.3204103,0.,-22.6979374),(-12.2513540,0.,-22.7806859),(-11.8415806,0.,-22.5910458),(-12.2513540,0.,-22.7806859),(-12.1785936,0.,-22.8593333),(-11.8415806,0.,-22.5910458),(-12.1785936,0.,-22.8593333),(-12.1021290,0.,-22.9338796),(-11.8415806,0.,-22.5910458),(-12.1021290,0.,-22.9338796),(-12.0219603,0.,-23.0043249),(-11.8415806,0.,-22.5910458),(-12.0219603,0.,-23.0043249),(-11.9380874,0.,-23.0706692),(-12.1190624,0.,-24.2538859),(-11.8415806,0.,-22.5910458),(-11.9380874,0.,-23.0706692),(-12.1190624,0.,-24.2538859),(-11.9380874,0.,-23.0706692),(-12.4937124,0.,-24.0411609),(-12.1190624,0.,-24.2538859),(-12.4937124,0.,-24.0411609),(-12.5212290,0.,-24.1427609),(-12.1190624,0.,-24.2538859),(-12.5212290,0.,-24.1427609),(-12.5148790,0.,-24.2030859),(-12.1190624,0.,-24.2538859),(-12.5148790,0.,-24.2030859),(-12.4757207,0.,-24.2800796),(-12.1190624,0.,-24.2538859),(-12.4757207,0.,-24.2800796),(-12.4132790,0.,-24.3353775),(-12.1190624,0.,-24.2538859),(-12.4132790,0.,-24.3353775),(-12.3085040,0.,-24.3628942),(-12.1190624,0.,-24.2538859),(-12.3085040,0.,-24.3628942),(-12.2481790,0.,-24.3554859),(-12.1190624,0.,-24.2538859),(-12.2481790,0.,-24.3554859),(-12.1756832,0.,-24.3200317),(-4.6027790,0.,-22.4758859),(-4.6006624,0.,-22.5245692),(-4.5767341,0.,-22.6166608),(-4.6027790,0.,-22.4758859),(-4.5767341,0.,-22.6166608),(-4.5488702,0.,-22.7029645),(-4.6027790,0.,-22.4758859),(-4.5488702,0.,-22.7029645),(-4.5170706,0.,-22.7834805),(-4.6027790,0.,-22.4758859),(-4.5170706,0.,-22.7834805),(-4.4813353,0.,-22.8582088),(-4.6027790,0.,-22.4758859),(-4.4813353,0.,-22.8582088),(-4.4416643,0.,-22.9271493),(-4.6027790,0.,-22.4758859),(-4.4416643,0.,-22.9271493),(-4.3980577,0.,-22.9903020),(-4.6027790,0.,-22.4758859),(-4.3980577,0.,-22.9903020),(-4.2990374,0.,-23.0992442),(-4.6027790,0.,-22.4758859),(-4.2990374,0.,-23.0992442),(-4.2180583,0.,-23.1686973),(-4.6027790,0.,-22.4758859),(-4.2180583,0.,-23.1686973),(-4.1349295,0.,-23.2288900),(-4.6027790,0.,-22.4758859),(-4.1349295,0.,-23.2288900),(-4.0496510,0.,-23.2798223),(-4.6027790,0.,-22.4758859),(-4.0496510,0.,-23.2798223),(-3.9622228,0.,-23.3214942),(-4.6027790,0.,-22.4758859),(-3.9622228,0.,-23.3214942),(-3.8726448,0.,-23.3539057),(-4.6027790,0.,-22.4758859),(-3.8726448,0.,-23.3539057),(-3.7809170,0.,-23.3770567),(-4.6027790,0.,-22.4758859),(-3.7809170,0.,-23.3770567),(-3.6870396,0.,-23.3909473),(-4.6027790,0.,-22.4758859),(-3.6870396,0.,-23.3909473),(-3.5910124,0.,-23.3955775),(-4.6027790,0.,-22.4758859),(-3.5910124,0.,-23.3955775),(-3.4957624,0.,-23.3908647),(-4.6027790,0.,-22.4758859),(-3.4957624,0.,-23.3908647),(-3.4031582,0.,-23.3767260),(-4.6027790,0.,-22.4758859),(-3.4031582,0.,-23.3767260),(-3.3131999,0.,-23.3531615),(-4.6027790,0.,-22.4758859),(-3.3131999,0.,-23.3531615),(-3.2258874,0.,-23.3201713),(-3.2258874,0.,-23.3201713),(-3.1412207,0.,-23.2777553),(-3.0591999,0.,-23.2259135),(-3.2258874,0.,-23.3201713),(-3.0591999,0.,-23.2259135),(-2.9798249,0.,-23.1646459),(-3.2258874,0.,-23.3201713),(-2.9798249,0.,-23.1646459),(-2.9030957,0.,-23.0939525),(-3.2258874,0.,-23.3201713),(-2.9030957,0.,-23.0939525),(-2.8229765,0.,-23.0057140),(-3.2258874,0.,-23.3201713),(-2.8229765,0.,-23.0057140),(-2.7535400,0.,-22.9108609),(-3.2258874,0.,-23.3201713),(-2.7535400,0.,-22.9108609),(-2.6947859,0.,-22.8093932),(-3.2258874,0.,-23.3201713),(-2.6947859,0.,-22.8093932),(-2.6467144,0.,-22.7013109),(-3.2258874,0.,-23.3201713),(-2.6467144,0.,-22.7013109),(-2.6093255,0.,-22.5866140),(-3.2258874,0.,-23.3201713),(-2.6093255,0.,-22.5866140),(-2.5826191,0.,-22.4653025),(-3.2258874,0.,-23.3201713),(-2.5826191,0.,-22.4653025),(-2.5665953,0.,-22.3373765),(-3.2258874,0.,-23.3201713),(-2.5665953,0.,-22.3373765),(-2.5612540,0.,-22.2028359),(-3.2258874,0.,-23.3201713),(-2.5612540,0.,-22.2028359),(-2.5625439,0.,-22.0995533),(-3.2258874,0.,-23.3201713),(-2.5625439,0.,-22.0995533),(-2.5664134,0.,-22.0003139),(-3.2258874,0.,-23.3201713),(-2.5664134,0.,-22.0003139),(-2.5728626,0.,-21.9051176),(-3.2258874,0.,-23.3201713),(-2.5728626,0.,-21.9051176),(-2.5818915,0.,-21.8139645),(-3.2258874,0.,-23.3201713),(-2.5818915,0.,-21.8139645),(-2.5935001,0.,-21.7268546),(-3.2258874,0.,-23.3201713),(-2.5935001,0.,-21.7268546),(-2.6076884,0.,-21.6437878),(-3.2258874,0.,-23.3201713),(-2.6076884,0.,-21.6437878),(-2.6244564,0.,-21.5647642),(-3.2258874,0.,-23.3201713),(-2.6244564,0.,-21.5647642),(-2.6438040,0.,-21.4897838),(-3.2258874,0.,-23.3201713),(-2.6438040,0.,-21.4897838),(-2.6902384,0.,-21.3519524),(-2.6902384,0.,-21.3519524),(-2.7469915,0.,-21.2302937),(-2.8140634,0.,-21.1248076),(-2.6902384,0.,-21.3519524),(-2.8140634,0.,-21.1248076),(-2.8914540,0.,-21.0354942),(-2.6902384,0.,-21.3519524),(-2.8914540,0.,-21.0354942),(-2.9709448,0.,-20.9660411),(-2.6902384,0.,-21.3519524),(-2.9709448,0.,-20.9660411),(-3.0527837,0.,-20.9058484),(-2.6902384,0.,-21.3519524),(-3.0527837,0.,-20.9058484),(-3.1369708,0.,-20.8549161),(-2.6902384,0.,-21.3519524),(-3.1369708,0.,-20.8549161),(-3.2235061,0.,-20.8132442),(-2.6902384,0.,-21.3519524),(-3.2235061,0.,-20.8132442),(-3.3123896,0.,-20.7808328),(-2.6902384,0.,-21.3519524),(-3.3123896,0.,-20.7808328),(-3.4036212,0.,-20.7576817),(-2.6902384,0.,-21.3519524),(-3.4036212,0.,-20.7576817),(-3.4972010,0.,-20.7437911),(-2.6902384,0.,-21.3519524),(-3.4972010,0.,-20.7437911),(-3.5931290,0.,-20.7391609),(-2.6902384,0.,-21.3519524),(-3.5931290,0.,-20.7391609),(-3.6784406,0.,-20.7424186),(-2.6902384,0.,-21.3519524),(-3.6784406,0.,-20.7424186),(-3.7608087,0.,-20.7521916),(-2.6902384,0.,-21.3519524),(-3.7608087,0.,-20.7521916),(-3.8402333,0.,-20.7684800),(-2.6902384,0.,-21.3519524),(-3.8402333,0.,-20.7684800),(-3.9167144,0.,-20.7912838),(-2.6902384,0.,-21.3519524),(-3.9167144,0.,-20.7912838),(-4.0608462,0.,-20.8564374),(-2.6902384,0.,-21.3519524),(-4.0608462,0.,-20.8564374),(-4.1932040,0.,-20.9476525),(-4.1508707,0.,-19.7697275),(-2.8755790,0.,-19.7697275),(-2.7940874,0.,-19.7538525),(-4.1508707,0.,-19.7697275),(-2.7940874,0.,-19.7538525),(-2.7252957,0.,-19.7062275),(-4.1508707,0.,-19.7697275),(-2.7252957,0.,-19.7062275),(-2.6784644,0.,-19.6369067),(-4.1508707,0.,-19.7697275),(-2.6784644,0.,-19.6369067),(-2.6628540,0.,-19.5559442),(-4.1508707,0.,-19.7697275),(-2.6628540,0.,-19.5559442),(-2.6784644,0.,-19.4752463),(-4.1508707,0.,-19.7697275),(-2.6784644,0.,-19.4752463),(-2.7252957,0.,-19.4067192),(-4.1508707,0.,-19.7697275),(-2.7252957,0.,-19.4067192),(-2.7940874,0.,-19.3590942),(-4.1508707,0.,-19.7697275),(-2.7940874,0.,-19.3590942),(-2.8755790,0.,-19.3432192),(-4.1508707,0.,-19.7697275),(-2.8755790,0.,-19.3432192),(-4.3477207,0.,-19.3432192),(-4.1932040,0.,-20.9476525),(-4.1508707,0.,-19.7697275),(-4.3477207,0.,-19.3432192),(-4.1932040,0.,-20.9476525),(-4.3477207,0.,-19.3432192),(-4.4281540,0.,-19.3572421),(-4.1932040,0.,-20.9476525),(-4.4281540,0.,-19.3572421),(-4.4980040,0.,-19.3993109),(-4.1932040,0.,-20.9476525),(-4.4980040,0.,-19.3993109),(-4.5456290,0.,-19.4643984),(-4.1932040,0.,-20.9476525),(-4.5456290,0.,-19.4643984),(-4.5615040,0.,-19.5432442),(-4.1932040,0.,-20.9476525),(-4.5615040,0.,-19.5432442),(-4.6419374,0.,-21.6080525),(-4.1932040,0.,-20.9476525),(-4.6419374,0.,-21.6080525),(-4.6287082,0.,-21.6874275),(-4.1932040,0.,-20.9476525),(-4.6287082,0.,-21.6874275),(-4.5890207,0.,-21.7583359),(-4.1932040,0.,-20.9476525),(-4.5890207,0.,-21.7583359),(-4.5239332,0.,-21.8123109),(-4.1932040,0.,-20.9476525),(-4.5239332,0.,-21.8123109),(-4.4408540,0.,-21.8303025),(-4.1932040,0.,-20.9476525),(-4.4408540,0.,-21.8303025),(-4.3596269,0.,-21.8168088),(-4.1932040,0.,-20.9476525),(-4.3596269,0.,-21.8168088),(-4.2873957,0.,-21.7763275),(-4.1932040,0.,-20.9476525),(-4.2873957,0.,-21.7763275),(-4.2249540,0.,-21.6747275),(-4.1932040,0.,-20.9476525),(-4.2249540,0.,-21.6747275),(-4.1909551,0.,-21.5895979),(-4.1932040,0.,-20.9476525),(-4.1909551,0.,-21.5895979),(-4.1418749,0.,-21.5056588),(-4.1932040,0.,-20.9476525),(-4.1418749,0.,-21.5056588),(-4.0777134,0.,-21.4229104),(-4.1932040,0.,-20.9476525),(-4.0777134,0.,-21.4229104),(-3.9984707,0.,-21.3413525),(-4.1932040,0.,-20.9476525),(-3.9984707,0.,-21.3413525),(-3.9028900,0.,-21.2635650),(-4.1932040,0.,-20.9476525),(-3.9028900,0.,-21.2635650),(-3.8034728,0.,-21.2080025),(-4.1932040,0.,-20.9476525),(-3.8034728,0.,-21.2080025),(-3.7002191,0.,-21.1746650),(-4.1932040,0.,-20.9476525),(-3.7002191,0.,-21.1746650),(-3.5931290,0.,-21.1635525),(-4.1932040,0.,-20.9476525),(-3.5931290,0.,-21.1635525),(-3.4866342,0.,-21.1746650),(-2.6902384,0.,-21.3519524),(-4.1932040,0.,-20.9476525),(-3.4866342,0.,-21.1746650),(-2.6902384,0.,-21.3519524),(-3.4866342,0.,-21.1746650),(-3.3841082,0.,-21.2080025),(-2.6902384,0.,-21.3519524),(-3.3841082,0.,-21.2080025),(-3.2855509,0.,-21.2635650),(-2.6902384,0.,-21.3519524),(-3.2855509,0.,-21.2635650),(-3.1909624,0.,-21.3413525),(-2.6902384,0.,-21.3519524),(-3.1909624,0.,-21.3413525),(-3.1006733,0.,-21.4699400),(-2.6902384,0.,-21.3519524),(-3.1006733,0.,-21.4699400),(-3.0652026,0.,-21.5560619),(-2.6902384,0.,-21.3519524),(-3.0652026,0.,-21.5560619),(-3.0361811,0.,-21.6567359),(-2.6902384,0.,-21.3519524),(-3.0361811,0.,-21.6567359),(-3.0136088,0.,-21.7719619),(-2.6902384,0.,-21.3519524),(-3.0136088,0.,-21.7719619),(-2.9974858,0.,-21.9017400),(-2.6902384,0.,-21.3519524),(-2.9974858,0.,-21.9017400),(-2.9878120,0.,-22.0460703),(-2.6902384,0.,-21.3519524),(-2.9878120,0.,-22.0460703),(-2.9845874,0.,-22.2049525),(-2.6902384,0.,-21.3519524),(-2.9845874,0.,-22.2049525),(-2.9880269,0.,-22.2963992),(-2.6902384,0.,-21.3519524),(-2.9880269,0.,-22.2963992),(-2.9983457,0.,-22.3828848),(-2.6902384,0.,-21.3519524),(-2.9983457,0.,-22.3828848),(-3.0155436,0.,-22.4644096),(-3.2258874,0.,-23.3201713),(-2.6902384,0.,-21.3519524),(-3.0155436,0.,-22.4644096),(-3.2258874,0.,-23.3201713),(-3.0155436,0.,-22.4644096),(-3.0396207,0.,-22.5409734),(-3.2258874,0.,-23.3201713),(-3.0396207,0.,-22.5409734),(-3.1084124,0.,-22.6792182),(-3.2258874,0.,-23.3201713),(-3.1084124,0.,-22.6792182),(-3.2047207,0.,-22.7976192),(-3.2258874,0.,-23.3201713),(-3.2047207,0.,-22.7976192),(-3.2960019,0.,-22.8735546),(-3.2258874,0.,-23.3201713),(-3.2960019,0.,-22.8735546),(-3.3920457,0.,-22.9277942),(-3.2258874,0.,-23.3201713),(-3.3920457,0.,-22.9277942),(-3.4928519,0.,-22.9603380),(-3.2258874,0.,-23.3201713),(-3.4928519,0.,-22.9603380),(-3.5984207,0.,-22.9711859),(-3.2258874,0.,-23.3201713),(-3.5984207,0.,-22.9711859),(-3.7010129,0.,-22.9599411),(-3.2258874,0.,-23.3201713),(-3.7010129,0.,-22.9599411),(-3.8034728,0.,-22.9262067),(-3.2258874,0.,-23.3201713),(-3.8034728,0.,-22.9262067),(-3.9058004,0.,-22.8699828),(-4.6027790,0.,-22.4758859),(-3.2258874,0.,-23.3201713),(-3.9058004,0.,-22.8699828),(-4.6027790,0.,-22.4758859),(-3.9058004,0.,-22.8699828),(-4.0079957,0.,-22.7912692),(-4.6027790,0.,-22.4758859),(-4.0079957,0.,-22.7912692),(-4.1101249,0.,-22.6483942),(-4.6027790,0.,-22.4758859),(-4.1101249,0.,-22.6483942),(-4.1496801,0.,-22.5483817),(-4.6027790,0.,-22.4758859),(-4.1496801,0.,-22.5483817),(-4.1815624,0.,-22.4293192),(-4.6027790,0.,-22.4758859),(-4.1815624,0.,-22.4293192),(-4.2256155,0.,-22.3566249),(-4.6027790,0.,-22.4758859),(-4.2256155,0.,-22.3566249),(-4.2741665,0.,-22.3047005),(-4.6027790,0.,-22.4758859),(-4.2741665,0.,-22.3047005),(-4.3847624,0.,-22.2631609),(-4.6027790,0.,-22.4758859),(-4.3847624,0.,-22.2631609),(-4.3921707,0.,-22.2631609),(-4.6027790,0.,-22.4758859),(-4.3921707,0.,-22.2631609),(-4.4660556,0.,-22.2788374),(-4.6027790,0.,-22.4758859),(-4.4660556,0.,-22.2788374),(-4.5257853,0.,-22.3195171),(-7.5978624,0.,-22.9711859),(-6.4262874,0.,-21.3805109),(-6.3617952,0.,-21.2867657),(-7.5978624,0.,-22.9711859),(-6.3617952,0.,-21.2867657),(-6.3059019,0.,-21.1891510),(-7.5978624,0.,-22.9711859),(-6.3059019,0.,-21.1891510),(-6.2586077,0.,-21.0876667),(-7.5978624,0.,-22.9711859),(-6.2586077,0.,-21.0876667),(-6.2199124,0.,-20.9823130),(-7.5978624,0.,-22.9711859),(-6.2199124,0.,-20.9823130),(-6.1898160,0.,-20.8730897),(-7.5978624,0.,-22.9711859),(-6.1898160,0.,-20.8730897),(-6.1683186,0.,-20.7599968),(-7.5978624,0.,-22.9711859),(-6.1683186,0.,-20.7599968),(-6.1554202,0.,-20.6430344),(-7.5978624,0.,-22.9711859),(-6.1554202,0.,-20.6430344),(-6.1511207,0.,-20.5222025),(-7.5978624,0.,-22.9711859),(-6.1511207,0.,-20.5222025),(-6.1562470,0.,-20.3972365),(-7.5978624,0.,-22.9711859),(-6.1562470,0.,-20.3972365),(-6.1716259,0.,-20.2768677),(-7.5978624,0.,-22.9711859),(-6.1716259,0.,-20.2768677),(-6.1972574,0.,-20.1610959),(-7.5978624,0.,-22.9711859),(-6.1972574,0.,-20.1610959),(-6.2331415,0.,-20.0499213),(-6.2331415,0.,-20.0499213),(-6.2792782,0.,-19.9433438),(-6.3356676,0.,-19.8413635),(-6.2331415,0.,-20.0499213),(-6.3356676,0.,-19.8413635),(-6.4023095,0.,-19.7439803),(-6.2331415,0.,-20.0499213),(-6.4023095,0.,-19.7439803),(-6.4792040,0.,-19.6511942),(-6.2331415,0.,-20.0499213),(-6.4792040,0.,-19.6511942),(-6.5520967,0.,-19.5780204),(-6.2331415,0.,-20.0499213),(-6.5520967,0.,-19.5780204),(-6.6294874,0.,-19.5146031),(-6.2331415,0.,-20.0499213),(-6.6294874,0.,-19.5146031),(-6.7113759,0.,-19.4609423),(-6.2331415,0.,-20.0499213),(-6.7113759,0.,-19.4609423),(-6.7977624,0.,-19.4170380),(-6.2331415,0.,-20.0499213),(-6.7977624,0.,-19.4170380),(-6.8886467,0.,-19.3828902),(-6.2331415,0.,-20.0499213),(-6.8886467,0.,-19.3828902),(-6.9840290,0.,-19.3584989),(-6.2331415,0.,-20.0499213),(-6.9840290,0.,-19.3584989),(-7.0839092,0.,-19.3438641),(-6.2331415,0.,-20.0499213),(-7.0839092,0.,-19.3438641),(-7.1882874,0.,-19.3389859),(-6.2331415,0.,-20.0499213),(-7.1882874,0.,-19.3389859),(-7.2867950,0.,-19.3437649),(-6.2331415,0.,-20.0499213),(-7.2867950,0.,-19.3437649),(-7.3822931,0.,-19.3581020),(-6.2331415,0.,-20.0499213),(-7.3822931,0.,-19.3581020),(-7.4747815,0.,-19.3819972),(-6.2331415,0.,-20.0499213),(-7.4747815,0.,-19.3819972),(-7.5642603,0.,-19.4154505),(-6.2331415,0.,-20.0499213),(-7.5642603,0.,-19.4154505),(-7.6507294,0.,-19.4584618),(-6.2331415,0.,-20.0499213),(-7.6507294,0.,-19.4584618),(-7.7341889,0.,-19.5110312),(-7.7341889,0.,-19.5110312),(-7.8146388,0.,-19.5731587),(-7.8920790,0.,-19.6448442),(-7.7341889,0.,-19.5110312),(-7.8920790,0.,-19.6448442),(-7.9712060,0.,-19.7313630),(-7.7341889,0.,-19.5110312),(-7.9712060,0.,-19.7313630),(-8.0397827,0.,-19.8242317),(-7.7341889,0.,-19.5110312),(-8.0397827,0.,-19.8242317),(-8.0978091,0.,-19.9234505),(-7.7341889,0.,-19.5110312),(-8.0978091,0.,-19.9234505),(-8.1452853,0.,-20.0290192),(-7.7341889,0.,-19.5110312),(-8.1452853,0.,-20.0290192),(-8.1822112,0.,-20.1409380),(-7.7341889,0.,-19.5110312),(-8.1822112,0.,-20.1409380),(-8.2085868,0.,-20.2592067),(-7.7341889,0.,-19.5110312),(-8.2085868,0.,-20.2592067),(-8.2244122,0.,-20.3838255),(-7.7341889,0.,-19.5110312),(-8.2244122,0.,-20.3838255),(-8.2296874,0.,-20.5147942),(-7.7341889,0.,-19.5110312),(-8.2296874,0.,-20.5147942),(-8.2296874,0.,-20.5200859),(-7.7341889,0.,-19.5110312),(-8.2296874,0.,-20.5200859),(-8.2140769,0.,-20.6015775),(-7.7341889,0.,-19.5110312),(-8.2140769,0.,-20.6015775),(-8.1672457,0.,-20.6703692),(-7.7341889,0.,-19.5110312),(-8.1672457,0.,-20.6703692),(-8.0984540,0.,-20.7172005),(-7.7341889,0.,-19.5110312),(-8.0984540,0.,-20.7172005),(-8.0169624,0.,-20.7328109),(-7.7341889,0.,-19.5110312),(-8.0169624,0.,-20.7328109),(-7.9354707,0.,-20.7172005),(-7.7341889,0.,-19.5110312),(-7.9354707,0.,-20.7172005),(-7.8666790,0.,-20.6703692),(-7.7341889,0.,-19.5110312),(-7.8666790,0.,-20.6703692),(-7.8190540,0.,-20.6015775),(-7.8190540,0.,-20.6015775),(-7.8031790,0.,-20.5200859),(-7.8031790,0.,-20.5147942),(-7.8190540,0.,-20.6015775),(-7.8031790,0.,-20.5147942),(-7.7998552,0.,-20.4278786),(-7.7341889,0.,-19.5110312),(-7.8190540,0.,-20.6015775),(-7.7998552,0.,-20.4278786),(-7.7341889,0.,-19.5110312),(-7.7998552,0.,-20.4278786),(-7.7898837,0.,-20.3454609),(-7.7341889,0.,-19.5110312),(-7.7898837,0.,-20.3454609),(-7.7732646,0.,-20.2675411),(-7.7341889,0.,-19.5110312),(-7.7732646,0.,-20.2675411),(-7.7499978,0.,-20.1941192),(-7.7341889,0.,-19.5110312),(-7.7499978,0.,-20.1941192),(-7.6835212,0.,-20.0607692),(-7.7341889,0.,-19.5110312),(-7.6835212,0.,-20.0607692),(-7.5904540,0.,-19.9454109),(-7.7341889,0.,-19.5110312),(-7.5904540,0.,-19.9454109),(-7.4995696,0.,-19.8666973),(-7.7341889,0.,-19.5110312),(-7.4995696,0.,-19.8666973),(-7.4025999,0.,-19.8104734),(-7.7341889,0.,-19.5110312),(-7.4025999,0.,-19.8104734),(-7.2995446,0.,-19.7767390),(-7.7341889,0.,-19.5110312),(-7.2995446,0.,-19.7767390),(-7.1904040,0.,-19.7654942),(-7.7341889,0.,-19.5110312),(-7.1904040,0.,-19.7654942),(-7.0771624,0.,-19.7763421),(-7.7341889,0.,-19.5110312),(-7.0771624,0.,-19.7763421),(-6.9734457,0.,-19.8088859),(-6.2331415,0.,-20.0499213),(-7.7341889,0.,-19.5110312),(-6.9734457,0.,-19.8088859),(-6.2331415,0.,-20.0499213),(-6.9734457,0.,-19.8088859),(-6.8792540,0.,-19.8631255),(-6.2331415,0.,-20.0499213),(-6.8792540,0.,-19.8631255),(-6.7945874,0.,-19.9390609),(-6.2331415,0.,-20.0499213),(-6.7945874,0.,-19.9390609),(-6.7429936,0.,-20.0002292),(-6.2331415,0.,-20.0499213),(-6.7429936,0.,-20.0002292),(-6.6982790,0.,-20.0646718),(-6.2331415,0.,-20.0499213),(-6.6982790,0.,-20.0646718),(-6.6294874,0.,-20.2033796),(-6.2331415,0.,-20.0499213),(-6.6294874,0.,-20.2033796),(-6.5882124,0.,-20.3551843),(-6.2331415,0.,-20.0499213),(-6.5882124,0.,-20.3551843),(-6.5778936,0.,-20.4359980),(-6.2331415,0.,-20.0499213),(-6.5778936,0.,-20.4359980),(-6.5744540,0.,-20.5200859),(-6.2331415,0.,-20.0499213),(-6.5744540,0.,-20.5200859),(-6.5773810,0.,-20.6068031),(-6.2331415,0.,-20.0499213),(-6.5773810,0.,-20.6068031),(-6.5861618,0.,-20.6902130),(-6.2331415,0.,-20.0499213),(-6.5861618,0.,-20.6902130),(-6.6007966,0.,-20.7703156),(-6.2331415,0.,-20.0499213),(-6.6007966,0.,-20.7703156),(-6.6212853,0.,-20.8471109),(-6.2331415,0.,-20.0499213),(-6.6212853,0.,-20.8471109),(-6.6798243,0.,-20.9907796),(-7.5978624,0.,-22.9711859),(-6.2331415,0.,-20.0499213),(-6.6798243,0.,-20.9907796),(-7.5978624,0.,-22.9711859),(-6.6798243,0.,-20.9907796),(-6.7617790,0.,-21.1212192),(-7.5978624,0.,-22.9711859),(-6.7617790,0.,-21.1212192),(-8.1852374,0.,-23.0547942),(-6.3617290,0.,-22.9711859),(-7.5978624,0.,-22.9711859),(-8.1852374,0.,-23.0547942),(-6.3617290,0.,-22.9711859),(-8.1852374,0.,-23.0547942),(-8.2318040,0.,-23.1796775),(-6.3617290,0.,-22.9711859),(-8.2318040,0.,-23.1796775),(-8.2296874,0.,-23.2146025),(-6.3617290,0.,-22.9711859),(-8.2296874,0.,-23.2146025),(-8.2032290,0.,-23.2931838),(-6.3617290,0.,-22.9711859),(-8.2032290,0.,-23.2931838),(-8.1513707,0.,-23.3490109),(-6.3617290,0.,-22.9711859),(-8.1513707,0.,-23.3490109),(-8.0828436,0.,-23.3839359),(-6.3617290,0.,-22.9711859),(-8.0828436,0.,-23.3839359),(-8.0169624,0.,-23.3955775),(-6.3617290,0.,-22.9711859),(-8.0169624,0.,-23.3955775),(-6.3617290,0.,-23.3955775),(-6.3617290,0.,-22.9711859),(-6.3617290,0.,-23.3955775),(-6.2783853,0.,-23.3804963),(-6.3617290,0.,-22.9711859),(-6.2783853,0.,-23.3804963),(-6.2103874,0.,-23.3352525),(-6.3617290,0.,-22.9711859),(-6.2103874,0.,-23.3352525),(-6.1659374,0.,-23.2672546),(-6.3617290,0.,-22.9711859),(-6.1659374,0.,-23.2672546),(-6.1511207,0.,-23.1839109),(-6.3617290,0.,-22.9711859),(-6.1511207,0.,-23.1839109),(-6.1659374,0.,-23.0997734),(-6.3617290,0.,-22.9711859),(-6.1659374,0.,-23.0997734),(-6.2103874,0.,-23.0315109),(-6.3617290,0.,-22.9711859),(-6.2103874,0.,-23.0315109),(-6.2762686,0.,-22.9862671),(-5.6928624,0.,-23.3651505),(-5.6198374,0.,-23.4717775),(-5.5132103,0.,-23.5448025),(-5.6928624,0.,-23.3651505),(-5.5132103,0.,-23.5448025),(-5.3880624,0.,-23.5691442),(-5.6928624,0.,-23.3651505),(-5.3880624,0.,-23.5691442),(-5.2631790,0.,-23.5448025),(-5.6928624,0.,-23.3651505),(-5.2631790,0.,-23.5448025),(-5.1573457,0.,-23.4717775),(-5.6928624,0.,-23.3651505),(-5.1573457,0.,-23.4717775),(-5.0843207,0.,-23.3651505),(-5.6928624,0.,-23.3651505),(-5.0843207,0.,-23.3651505),(-5.0599790,0.,-23.2400025),(-5.6928624,0.,-23.3651505),(-5.0599790,0.,-23.2400025),(-5.0843207,0.,-23.1148546),(-5.6928624,0.,-23.3651505),(-5.0843207,0.,-23.1148546),(-5.1573457,0.,-23.0082275),(-5.6928624,0.,-23.3651505),(-5.1573457,0.,-23.0082275),(-5.2631790,0.,-22.9352025),(-5.6928624,0.,-23.3651505),(-5.2631790,0.,-22.9352025),(-5.3880624,0.,-22.9108609),(-5.6928624,0.,-23.3651505),(-5.3880624,0.,-22.9108609),(-5.5132103,0.,-22.9352025),(-5.6928624,0.,-23.3651505),(-5.5132103,0.,-22.9352025),(-5.6198374,0.,-23.0082275),(-5.6928624,0.,-23.3651505),(-5.6198374,0.,-23.0082275),(-5.6928624,0.,-23.1148546),(-5.6928624,0.,-23.3651505),(-5.6928624,0.,-23.1148546),(-5.7172040,0.,-23.2400025),(7.8264710,0.,-21.6128150),(9.2086543,0.,-23.4024567),(9.2808856,0.,-23.4643692),(7.8264710,0.,-21.6128150),(9.2808856,0.,-23.4643692),(9.3726960,0.,-23.4850067),(7.8264710,0.,-21.6128150),(9.3726960,0.,-23.4850067),(9.5049876,0.,-23.4394984),(7.8264710,0.,-21.6128150),(9.5049876,0.,-23.4394984),(9.5692814,0.,-23.3659442),(7.8264710,0.,-21.6128150),(9.5692814,0.,-23.3659442),(9.5907126,0.,-23.2701650),(7.8264710,0.,-21.6128150),(9.5907126,0.,-23.2701650),(9.5462626,0.,-23.1378734),(7.8264710,0.,-21.6128150),(9.5462626,0.,-23.1378734),(8.3704543,0.,-21.6128150),(8.3704543,0.,-21.6128150),(8.4561793,0.,-21.6128150),(8.5754237,0.,-21.6077053),(7.8264710,0.,-21.6128150),(8.3704543,0.,-21.6128150),(8.5754237,0.,-21.6077053),(6.9628710,0.,-21.6128150),(7.8264710,0.,-21.6128150),(8.5754237,0.,-21.6077053),(6.9628710,0.,-21.6128150),(8.5754237,0.,-21.6077053),(8.6892111,0.,-21.5923760),(6.9628710,0.,-21.6128150),(8.6892111,0.,-21.5923760),(8.7975414,0.,-21.5668272),(6.9628710,0.,-21.6128150),(8.7975414,0.,-21.5668272),(8.9004147,0.,-21.5310588),(6.9628710,0.,-21.6128150),(8.9004147,0.,-21.5310588),(8.9978310,0.,-21.4850709),(6.9628710,0.,-21.6128150),(8.9978310,0.,-21.4850709),(9.0897902,0.,-21.4288635),(6.9628710,0.,-21.6128150),(9.0897902,0.,-21.4288635),(9.1762925,0.,-21.3624365),(6.9628710,0.,-21.6128150),(9.1762925,0.,-21.3624365),(9.2573376,0.,-21.2857900),(6.9628710,0.,-21.6128150),(9.2573376,0.,-21.2857900),(9.3337361,0.,-21.1960632),(6.9628710,0.,-21.6128150),(9.3337361,0.,-21.1960632),(9.3999481,0.,-21.1036244),(6.9628710,0.,-21.6128150),(9.3999481,0.,-21.1036244),(9.4559736,0.,-21.0084736),(9.4559736,0.,-21.0084736),(9.5018126,0.,-20.9106109),(9.1062606,0.,-20.7613859),(9.4559736,0.,-21.0084736),(9.1062606,0.,-20.7613859),(9.0417684,0.,-20.8789932),(9.4559736,0.,-21.0084736),(9.0417684,0.,-20.8789932),(8.9514793,0.,-20.9852234),(9.4559736,0.,-21.0084736),(8.9514793,0.,-20.9852234),(8.8415449,0.,-21.0731973),(9.4559736,0.,-21.0084736),(8.8415449,0.,-21.0731973),(8.7223501,0.,-21.1360359),(9.4559736,0.,-21.0084736),(8.7223501,0.,-21.1360359),(8.5938949,0.,-21.1737390),(6.9628710,0.,-21.6128150),(9.4559736,0.,-21.0084736),(8.5938949,0.,-21.1737390),(6.9628710,0.,-21.6128150),(8.5938949,0.,-21.1737390),(8.4561793,0.,-21.1863067),(6.9628710,0.,-21.6128150),(8.4561793,0.,-21.1863067),(6.9628710,0.,-21.1863067),(9.1449559,0.,-20.6324015),(9.1062606,0.,-20.7613859),(9.5018126,0.,-20.9106109),(9.1578543,0.,-20.4920400),(9.1449559,0.,-20.6324015),(9.5018126,0.,-20.9106109),(9.1449559,0.,-20.3530015),(9.1578543,0.,-20.4920400),(9.5018126,0.,-20.9106109),(9.1062606,0.,-20.2248109),(9.1449559,0.,-20.3530015),(9.5018126,0.,-20.9106109),(9.0417684,0.,-20.1074682),(9.1062606,0.,-20.2248109),(9.5018126,0.,-20.9106109),(9.0417684,0.,-20.1074682),(9.5018126,0.,-20.9106109),(9.5374652,0.,-20.8100361),(9.0417684,0.,-20.1074682),(9.5374652,0.,-20.8100361),(9.5629314,0.,-20.7067494),(8.9514793,0.,-20.0009734),(9.0417684,0.,-20.1074682),(9.5629314,0.,-20.7067494),(8.9514793,0.,-20.0009734),(9.5629314,0.,-20.7067494),(9.5782111,0.,-20.6007507),(8.9514793,0.,-20.0009734),(9.5782111,0.,-20.6007507),(9.5833043,0.,-20.4920400),(8.8443231,0.,-19.9129994),(8.9514793,0.,-20.0009734),(9.5833043,0.,-20.4920400),(8.8443231,0.,-19.9129994),(9.5833043,0.,-20.4920400),(9.5782111,0.,-20.3794268),(8.8443231,0.,-19.9129994),(9.5782111,0.,-20.3794268),(9.5629314,0.,-20.2707161),(8.7271126,0.,-19.8501609),(8.8443231,0.,-19.9129994),(9.5629314,0.,-20.2707161),(8.7271126,0.,-19.8501609),(9.5629314,0.,-20.2707161),(9.5374652,0.,-20.1659080),(8.7271126,0.,-19.8501609),(9.5374652,0.,-20.1659080),(9.5018126,0.,-20.0650025),(8.5998481,0.,-19.8124578),(8.7271126,0.,-19.8501609),(9.5018126,0.,-20.0650025),(8.5998481,0.,-19.8124578),(9.5018126,0.,-20.0650025),(9.4559736,0.,-19.9679997),(8.5998481,0.,-19.8124578),(9.4559736,0.,-19.9679997),(9.3999481,0.,-19.8748994),(8.4625293,0.,-19.7998900),(8.5998481,0.,-19.8124578),(9.3999481,0.,-19.8748994),(8.4625293,0.,-19.7998900),(9.3999481,0.,-19.8748994),(9.3337361,0.,-19.7857018),(6.9628710,0.,-19.7998900),(8.4625293,0.,-19.7998900),(9.3337361,0.,-19.7857018),(6.9628710,0.,-19.7998900),(9.3337361,0.,-19.7857018),(9.2573376,0.,-19.7004067),(6.9628710,0.,-19.7998900),(9.2573376,0.,-19.7004067),(9.1702732,0.,-19.6222719),(6.9628710,0.,-19.7998900),(9.1702732,0.,-19.6222719),(9.0794715,0.,-19.5545552),(6.9628710,0.,-19.7998900),(9.0794715,0.,-19.5545552),(8.9849326,0.,-19.4972563),(6.9628710,0.,-19.7998900),(8.9849326,0.,-19.4972563),(8.8866564,0.,-19.4503755),(6.9628710,0.,-19.7998900),(8.8866564,0.,-19.4503755),(8.7846430,0.,-19.4139126),(6.9628710,0.,-19.7998900),(8.7846430,0.,-19.4139126),(8.6788923,0.,-19.3878677),(6.9628710,0.,-19.7998900),(8.6788923,0.,-19.3878677),(8.5694044,0.,-19.3722407),(6.9628710,0.,-19.7998900),(8.5694044,0.,-19.3722407),(8.4561793,0.,-19.3670317),(6.9628710,0.,-19.7998900),(8.4561793,0.,-19.3670317),(6.7501460,0.,-19.3670317),(6.9628710,0.,-21.1863067),(6.9628710,0.,-19.7998900),(6.7501460,0.,-19.3670317),(6.9628710,0.,-21.6128150),(6.9628710,0.,-21.1863067),(6.7501460,0.,-19.3670317),(6.9628710,0.,-21.6128150),(6.7501460,0.,-19.3670317),(6.6641564,0.,-19.3837005),(6.9628710,0.,-21.6128150),(6.6641564,0.,-19.3837005),(6.5924543,0.,-19.4337067),(6.9628710,0.,-21.6128150),(6.5924543,0.,-19.4337067),(6.5503856,0.,-19.5080546),(6.9628710,0.,-21.6128150),(6.5503856,0.,-19.5080546),(6.5363626,0.,-19.5871650),(6.9628710,0.,-21.6128150),(6.5363626,0.,-19.5871650),(6.5363626,0.,-23.2140734),(6.9628710,0.,-21.6128150),(6.5363626,0.,-23.2140734),(6.5592491,0.,-23.2974171),(6.9628710,0.,-21.6128150),(6.5592491,0.,-23.2974171),(6.6025085,0.,-23.3569484),(6.9628710,0.,-21.6128150),(6.6025085,0.,-23.3569484),(6.7501460,0.,-23.4045734),(6.9628710,0.,-21.6128150),(6.7501460,0.,-23.4045734),(6.8241632,0.,-23.3926671),(6.9628710,0.,-21.6128150),(6.8241632,0.,-23.3926671),(6.8842897,0.,-23.3569484),(6.9628710,0.,-21.6128150),(6.8842897,0.,-23.3569484),(6.9628710,0.,-23.2140734),(5.5743376,0.,-21.6075234),(5.5722210,0.,-23.2140734),(5.5883606,0.,-23.2960942),(5.5743376,0.,-21.6075234),(5.5883606,0.,-23.2960942),(5.6367793,0.,-23.3643567),(5.5743376,0.,-21.6075234),(5.6367793,0.,-23.3643567),(5.7055710,0.,-23.4103942),(5.5743376,0.,-21.6075234),(5.7055710,0.,-23.4103942),(5.7828293,0.,-23.4257400),(5.5743376,0.,-21.6075234),(5.7828293,0.,-23.4257400),(5.8656439,0.,-23.4103942),(5.5743376,0.,-21.6075234),(5.8656439,0.,-23.4103942),(5.9341710,0.,-23.3643567),(5.5743376,0.,-21.6075234),(5.9341710,0.,-23.3643567),(5.9802085,0.,-23.2960942),(5.5743376,0.,-21.6075234),(5.9802085,0.,-23.2960942),(5.9955543,0.,-23.2140734),(5.5743376,0.,-21.6075234),(5.9955543,0.,-23.2140734),(5.9955543,0.,-19.5871650),(5.5743376,0.,-21.6075234),(5.9955543,0.,-19.5871650),(5.9802085,0.,-19.5056734),(5.5743376,0.,-21.6075234),(5.9802085,0.,-19.5056734),(5.9341710,0.,-19.4368817),(5.5743376,0.,-21.6075234),(5.9341710,0.,-19.4368817),(5.8667022,0.,-19.3892567),(5.5743376,0.,-21.6075234),(5.8667022,0.,-19.3892567),(5.7870626,0.,-19.3733817),(5.5743376,0.,-21.6075234),(5.7870626,0.,-19.3733817),(5.7050418,0.,-19.3897859),(5.5743376,0.,-21.6075234),(5.7050418,0.,-19.3897859),(5.6346626,0.,-19.4389984),(5.5743376,0.,-21.6075234),(5.6346626,0.,-19.4389984),(5.5878314,0.,-19.5035567),(5.5743376,0.,-21.6075234),(5.5878314,0.,-19.5035567),(5.5722210,0.,-19.5871650),(5.5743376,0.,-21.6075234),(5.5722210,0.,-19.5871650),(5.5722210,0.,-21.1863067),(3.3730043,0.,-21.6075234),(5.5743376,0.,-21.6075234),(5.5722210,0.,-21.1863067),(3.3730043,0.,-21.6075234),(5.5722210,0.,-21.1863067),(3.3793543,0.,-21.1863067),(3.3730043,0.,-21.6075234),(3.3793543,0.,-21.1863067),(3.3793543,0.,-19.5871650),(3.3730043,0.,-21.6075234),(3.3793543,0.,-19.5871650),(3.3629501,0.,-19.5056734),(3.3730043,0.,-21.6075234),(3.3629501,0.,-19.5056734),(3.3137376,0.,-19.4368817),(3.3730043,0.,-21.6075234),(3.3137376,0.,-19.4368817),(3.2441522,0.,-19.3892567),(3.3730043,0.,-21.6075234),(3.2441522,0.,-19.3892567),(3.1666293,0.,-19.3733817),(3.3730043,0.,-21.6075234),(3.1666293,0.,-19.3733817),(3.0843439,0.,-19.3892567),(3.3730043,0.,-21.6075234),(3.0843439,0.,-19.3892567),(3.0131710,0.,-19.4368817),(3.3730043,0.,-21.6075234),(3.0131710,0.,-19.4368817),(2.9647522,0.,-19.5056734),(3.3730043,0.,-21.6075234),(2.9647522,0.,-19.5056734),(2.9486126,0.,-19.5871650),(3.3730043,0.,-21.6075234),(2.9486126,0.,-19.5871650),(2.9486126,0.,-23.2140734),(3.3730043,0.,-21.6075234),(2.9486126,0.,-23.2140734),(2.9642231,0.,-23.2960942),(3.3730043,0.,-21.6075234),(2.9642231,0.,-23.2960942),(3.0110543,0.,-23.3643567),(3.3730043,0.,-21.6075234),(3.0110543,0.,-23.3643567),(3.0806397,0.,-23.4103942),(3.3730043,0.,-21.6075234),(3.0806397,0.,-23.4103942),(3.1623960,0.,-23.4257400),(3.3730043,0.,-21.6075234),(3.1623960,0.,-23.4257400),(3.2401835,0.,-23.4106588),(3.3730043,0.,-21.6075234),(3.2401835,0.,-23.4106588),(3.3126793,0.,-23.3654150),(3.3730043,0.,-21.6075234),(3.3126793,0.,-23.3654150),(3.3579231,0.,-23.3005921),(3.3730043,0.,-21.6075234),(3.3579231,0.,-23.3005921),(3.3730043,0.,-23.2140734),(10.5548543,0.,-21.8953900),(10.5548543,0.,-19.5871650),(10.5395085,0.,-19.5056734),(10.5548543,0.,-21.8953900),(10.5395085,0.,-19.5056734),(10.4934710,0.,-19.4368817),(10.5548543,0.,-21.8953900),(10.4934710,0.,-19.4368817),(10.4260022,0.,-19.3892567),(10.5598318,0.,-22.0078545),(10.5548543,0.,-21.8953900),(10.4260022,0.,-19.3892567),(10.5598318,0.,-22.0078545),(10.4260022,0.,-19.3892567),(10.3463626,0.,-19.3733817),(10.5598318,0.,-22.0078545),(10.3463626,0.,-19.3733817),(10.2630189,0.,-19.3897859),(10.5598318,0.,-22.0078545),(10.2630189,0.,-19.3897859),(10.1886710,0.,-19.4389984),(10.5598318,0.,-22.0078545),(10.1886710,0.,-19.4389984),(10.1434272,0.,-19.5035567),(10.5598318,0.,-22.0078545),(10.1434272,0.,-19.5035567),(10.1283460,0.,-19.5871650),(10.5598318,0.,-22.0078545),(10.1283460,0.,-19.5871650),(10.1283460,0.,-21.8953900),(10.5598318,0.,-22.0078545),(10.1283460,0.,-21.8953900),(10.1352913,0.,-22.0504855),(10.5598318,0.,-22.0078545),(10.1352913,0.,-22.0504855),(10.1561272,0.,-22.1998593),(10.5598318,0.,-22.0078545),(10.1561272,0.,-22.1998593),(10.1908538,0.,-22.3435115),(10.5598318,0.,-22.0078545),(10.1908538,0.,-22.3435115),(10.2394710,0.,-22.4814421),(10.5598318,0.,-22.0078545),(10.2394710,0.,-22.4814421),(10.3019788,0.,-22.6136511),(10.5598318,0.,-22.0078545),(10.3019788,0.,-22.6136511),(10.3783772,0.,-22.7401385),(10.5598318,0.,-22.0078545),(10.3783772,0.,-22.7401385),(10.4686663,0.,-22.8609042),(10.5598318,0.,-22.0078545),(10.4686663,0.,-22.8609042),(10.5728460,0.,-22.9759484),(10.5598318,0.,-22.0078545),(10.5728460,0.,-22.9759484),(10.6854262,0.,-23.0813683),(10.6854262,0.,-23.0813683),(10.8040918,0.,-23.1727322),(10.9288429,0.,-23.2500402),(10.6854262,0.,-23.0813683),(10.9288429,0.,-23.2500402),(11.0596793,0.,-23.3132921),(10.6854262,0.,-23.0813683),(11.0596793,0.,-23.3132921),(11.1966012,0.,-23.3624881),(10.6854262,0.,-23.0813683),(11.1966012,0.,-23.3624881),(11.3396085,0.,-23.3976281),(10.6854262,0.,-23.0813683),(11.3396085,0.,-23.3976281),(11.4887012,0.,-23.4187121),(10.6854262,0.,-23.0813683),(11.4887012,0.,-23.4187121),(11.6438793,0.,-23.4257400),(10.6854262,0.,-23.0813683),(11.6438793,0.,-23.4257400),(11.7992724,0.,-23.4187121),(10.6854262,0.,-23.0813683),(11.7992724,0.,-23.4187121),(11.9490100,0.,-23.3976281),(10.6854262,0.,-23.0813683),(11.9490100,0.,-23.3976281),(12.0930922,0.,-23.3624881),(10.6854262,0.,-23.0813683),(12.0930922,0.,-23.3624881),(12.2315189,0.,-23.3132921),(10.6854262,0.,-23.0813683),(12.2315189,0.,-23.3132921),(12.3642901,0.,-23.2500402),(10.6854262,0.,-23.0813683),(12.3642901,0.,-23.2500402),(12.4914059,0.,-23.1727322),(10.6854262,0.,-23.0813683),(12.4914059,0.,-23.1727322),(12.6128662,0.,-23.0813683),(10.6854262,0.,-23.0813683),(12.6128662,0.,-23.0813683),(12.7286710,0.,-22.9759484),(12.7286710,0.,-22.9759484),(12.8333468,0.,-22.8622437),(12.9240658,0.,-22.7423213),(12.7286710,0.,-22.9759484),(12.9240658,0.,-22.7423213),(13.0008280,0.,-22.6161812),(12.7286710,0.,-22.9759484),(13.0008280,0.,-22.6161812),(13.0636335,0.,-22.4838234),(12.7286710,0.,-22.9759484),(13.0636335,0.,-22.4838234),(13.1124822,0.,-22.3452479),(12.7286710,0.,-22.9759484),(13.1124822,0.,-22.3452479),(13.1473741,0.,-22.2004546),(12.7286710,0.,-22.9759484),(13.1473741,0.,-22.2004546),(13.1683093,0.,-22.0494437),(12.7286710,0.,-22.9759484),(13.1683093,0.,-22.0494437),(13.1752876,0.,-21.8922150),(12.7286710,0.,-22.9759484),(13.1752876,0.,-21.8922150),(13.1752876,0.,-19.5871650),(12.7286710,0.,-22.9759484),(13.1752876,0.,-19.5871650),(13.1599418,0.,-19.5056734),(12.7286710,0.,-22.9759484),(13.1599418,0.,-19.5056734),(13.1139043,0.,-19.4368817),(12.7286710,0.,-22.9759484),(13.1139043,0.,-19.4368817),(13.0456418,0.,-19.3892567),(12.7286710,0.,-22.9759484),(13.0456418,0.,-19.3892567),(12.9636210,0.,-19.3733817),(12.7286710,0.,-22.9759484),(12.9636210,0.,-19.3733817),(12.8816001,0.,-19.3892567),(12.7286710,0.,-22.9759484),(12.8816001,0.,-19.3892567),(12.8133376,0.,-19.4368817),(12.8133376,0.,-19.4368817),(12.7673001,0.,-19.5056734),(12.7519543,0.,-19.5871650),(12.8133376,0.,-19.4368817),(12.7519543,0.,-19.5871650),(12.7519543,0.,-21.8922150),(12.7286710,0.,-22.9759484),(12.8133376,0.,-19.4368817),(12.7519543,0.,-21.8922150),(12.7286710,0.,-22.9759484),(12.7519543,0.,-21.8922150),(12.7468445,0.,-22.0042330),(12.7286710,0.,-22.9759484),(12.7468445,0.,-22.0042330),(12.7315152,0.,-22.1122161),(12.7286710,0.,-22.9759484),(12.7315152,0.,-22.1122161),(12.7059664,0.,-22.2161643),(12.7286710,0.,-22.9759484),(12.7059664,0.,-22.2161643),(12.6701981,0.,-22.3160775),(12.7286710,0.,-22.9759484),(12.6701981,0.,-22.3160775),(12.6242102,0.,-22.4119559),(12.7286710,0.,-22.9759484),(12.6242102,0.,-22.4119559),(12.5680027,0.,-22.5037994),(12.7286710,0.,-22.9759484),(12.5680027,0.,-22.5037994),(12.5015758,0.,-22.5916080),(12.7286710,0.,-22.9759484),(12.5015758,0.,-22.5916080),(12.4249293,0.,-22.6753817),(12.7286710,0.,-22.9759484),(12.4249293,0.,-22.6753817),(12.3430573,0.,-22.7517802),(12.7286710,0.,-22.9759484),(12.3430573,0.,-22.7517802),(12.2567205,0.,-22.8179921),(12.7286710,0.,-22.9759484),(12.2567205,0.,-22.8179921),(12.1659188,0.,-22.8740177),(12.7286710,0.,-22.9759484),(12.1659188,0.,-22.8740177),(12.0706522,0.,-22.9198567),(12.7286710,0.,-22.9759484),(12.0706522,0.,-22.9198567),(11.9709208,0.,-22.9555093),(12.7286710,0.,-22.9759484),(11.9709208,0.,-22.9555093),(11.8667246,0.,-22.9809755),(12.7286710,0.,-22.9759484),(11.8667246,0.,-22.9809755),(11.7580636,0.,-22.9962552),(10.6854262,0.,-23.0813683),(12.7286710,0.,-22.9759484),(11.7580636,0.,-22.9962552),(10.6854262,0.,-23.0813683),(11.7580636,0.,-22.9962552),(11.6449376,0.,-23.0013484),(10.6854262,0.,-23.0813683),(11.6449376,0.,-23.0013484),(11.5337961,0.,-22.9962882),(10.6854262,0.,-23.0813683),(11.5337961,0.,-22.9962882),(11.4268548,0.,-22.9811078),(10.6854262,0.,-23.0813683),(11.4268548,0.,-22.9811078),(11.3241138,0.,-22.9558070),(10.6854262,0.,-23.0813683),(11.3241138,0.,-22.9558070),(11.2255731,0.,-22.9203859),(10.6854262,0.,-23.0813683),(11.2255731,0.,-22.9203859),(11.1312326,0.,-22.8748445),(10.6854262,0.,-23.0813683),(11.1312326,0.,-22.8748445),(11.0410923,0.,-22.8191828),(10.6854262,0.,-23.0813683),(11.0410923,0.,-22.8191828),(10.9551524,0.,-22.7534007),(10.6854262,0.,-23.0813683),(10.9551524,0.,-22.7534007),(10.8734126,0.,-22.6774984),(10.6854262,0.,-23.0813683),(10.8734126,0.,-22.6774984),(10.7987505,0.,-22.5944358),(10.6854262,0.,-23.0813683),(10.7987505,0.,-22.5944358),(10.7340434,0.,-22.5071729),(10.6854262,0.,-23.0813683),(10.7340434,0.,-22.5071729),(10.6792912,0.,-22.4157097),(10.6854262,0.,-23.0813683),(10.6792912,0.,-22.4157097),(10.6344939,0.,-22.3200463),(10.6854262,0.,-23.0813683),(10.6344939,0.,-22.3200463),(10.5996516,0.,-22.2201826),(10.6854262,0.,-23.0813683),(10.5996516,0.,-22.2201826),(10.5747642,0.,-22.1161187),(10.5598318,0.,-22.0078545),(10.6854262,0.,-23.0813683),(10.5747642,0.,-22.1161187),(2.3525064,0.,-19.7467088),(2.4056876,0.,-19.5871650),(2.3906064,0.,-19.5072609),(2.3525064,0.,-19.7467088),(2.3906064,0.,-19.5072609),(2.3453626,0.,-19.4389984),(2.3525064,0.,-19.7467088),(2.3453626,0.,-19.4389984),(2.2771001,0.,-19.3897859),(2.3525064,0.,-19.7467088),(2.2771001,0.,-19.3897859),(2.1929626,0.,-19.3733817),(2.3525064,0.,-19.7467088),(2.1929626,0.,-19.3733817),(-0.4274707,0.,-19.3733817),(2.3525064,0.,-19.7467088),(-0.4274707,0.,-19.3733817),(-0.5206040,0.,-19.3937546),(2.3525064,0.,-19.7467088),(-0.5206040,0.,-19.3937546),(-0.5946874,0.,-19.4548734),(2.3525064,0.,-19.7467088),(-0.5946874,0.,-19.4548734),(-0.6412540,0.,-19.5871650),(2.3525064,0.,-19.7467088),(-0.6412540,0.,-19.5871650),(-0.6412540,0.,-19.6030400),(2.3525064,0.,-19.7467088),(-0.6412540,0.,-19.6030400),(-0.5809290,0.,-19.7321567),(2.3525064,0.,-19.7467088),(-0.5809290,0.,-19.7321567),(-0.5097561,0.,-19.7829567),(2.3525064,0.,-19.7467088),(-0.5097561,0.,-19.7829567),(-0.4274707,0.,-19.7998900),(2.3525064,0.,-19.7467088),(-0.4274707,0.,-19.7998900),(0.6721376,0.,-19.7998900),(0.6721376,0.,-19.7998900),(0.6721376,0.,-23.2140734),(0.6874835,0.,-23.2960942),(0.6721376,0.,-19.7998900),(0.6874835,0.,-23.2960942),(0.7335210,0.,-23.3643567),(0.6721376,0.,-19.7998900),(0.7335210,0.,-23.3643567),(0.8017835,0.,-23.4103942),(0.6721376,0.,-19.7998900),(0.8017835,0.,-23.4103942),(0.8838043,0.,-23.4257400),(0.6721376,0.,-19.7998900),(0.8838043,0.,-23.4257400),(0.9658251,0.,-23.4103942),(0.6721376,0.,-19.7998900),(0.9658251,0.,-23.4103942),(1.0340876,0.,-23.3643567),(0.6721376,0.,-19.7998900),(1.0340876,0.,-23.3643567),(1.0801251,0.,-23.2960942),(0.6721376,0.,-19.7998900),(1.0801251,0.,-23.2960942),(1.0954710,0.,-23.2140734),(0.6721376,0.,-19.7998900),(1.0954710,0.,-23.2140734),(1.0954710,0.,-19.7998900),(2.3525064,0.,-19.7467088),(0.6721376,0.,-19.7998900),(1.0954710,0.,-19.7998900),(2.3525064,0.,-19.7467088),(1.0954710,0.,-19.7998900),(2.1929626,0.,-19.7998900),(2.3525064,0.,-19.7467088),(2.1929626,0.,-19.7998900),(2.2860298,0.,-19.7865947)));
#2029=COMPLEX_TRIANGULATED_SURFACE_SET('surface set',#2028,4599,(),(),(),((1,2,3),(4,5,6),(7,8,9),(10,11,12),(13,14,15),(16,17,18),(19,20,21),(22,23,24),(25,26,27),(28,29,30),(31,32,33),(34,35,36),(37,38,39),(40,41,42),(43,44,45),(46,47,48),(49,50,51),(52,53,54),(55,56,57),(58,59,60),(61,62,63),(64,65,66),(67,68,69),(70,71,72),(73,74,75),(76,77,78),(79,80,81),(82,83,84),(85,86,87),(88,89,90),(91,92,93),(94,95,96),(97,98,99),(100,101,102),(103,104,105),(106,107,108),(109,110,111),(112,113,114),(115,116,117),(118,119,120),(121,122,123),(124,125,126),(127,128,129),(130,131,132),(133,134,135),(136,137,138),(139,140,141),(142,143,144),(145,146,147),(148,149,150),(151,152,153),(154,155,156),(157,158,159),(160,161,162),(163,164,165),(166,167,168),(169,170,171),(172,173,174),(175,176,177),(178,179,180),(181,182,183),(184,185,186),(187,188,189),(190,191,192),(193,194,195),(196,197,198),(199,200,201),(202,203,204),(205,206,207),(208,209,210),(211,212,213),(214,215,216),(217,218,219),(220,221,222),(223,224,225),(226,227,228),(229,230,231),(232,233,234),(235,236,237),(238,239,240),(241,242,243),(244,245,246),(247,248,249),(250,251,252),(253,254,255),(256,257,258),(259,260,261),(262,263,264),(265,266,267),(268,269,270),(271,272,273),(274,275,276),(277,278,279),(280,281,282),(283,284,285),(286,287,288),(289,290,291),(292,293,294),(295,296,297),(298,299,300),(301,302,303),(304,305,306),(307,308,309),(310,311,312),(313,314,315),(316,317,318),(319,320,321),(322,323,324),(325,326,327),(328,329,330),(331,332,333),(334,335,336),(337,338,339),(340,341,342),(343,344,345),(346,347,348),(349,350,351),(352,353,354),(355,356,357),(358,359,360),(361,362,363),(364,365,366),(367,368,369),(370,371,372),(373,374,375),(376,377,378),(379,380,381),(382,383,384),(385,386,387),(388,389,390),(391,392,393),(394,395,396),(397,398,399),(400,401,402),(403,404,405),(406,407,408),(409,410,411),(412,413,414),(415,416,417),(418,419,420),(421,422,423),(424,425,426),(427,428,429),(430,431,432),(433,434,435),(436,437,438),(439,440,441),(442,443,444),(445,446,447),(448,449,450),(451,452,453),(454,455,456),(457,458,459),(460,461,462),(463,464,465),(466,467,468),(469,470,471),(472,473,474),(475,476,477),(478,479,480),(481,482,483),(484,485,486),(487,488,489),(490,491,492),(493,494,495),(496,497,498),(499,500,501),(502,503,504),(505,506,507),(508,509,510),(511,512,513),(514,515,516),(517,518,519),(520,521,522),(523,524,525),(526,527,528),(529,530,531),(532,533,534),(535,536,537),(538,539,540),(541,542,543),(544,545,546),(547,548,549),(550,551,552),(553,554,555),(556,557,558),(559,560,561),(562,563,564),(565,566,567),(568,569,570),(571,572,573),(574,575,576),(577,578,579),(580,581,582),(583,584,585),(586,587,588),(589,590,591),(592,593,594),(595,596,597),(598,599,600),(601,602,603),(604,605,606),(607,608,609),(610,611,612),(613,614,615),(616,617,618),(619,620,621),(622,623,624),(625,626,627),(628,629,630),(631,632,633),(634,635,636),(637,638,639),(640,641,642),(643,644,645),(646,647,648),(649,650,651),(652,653,654),(655,656,657),(658,659,660),(661,662,663),(664,665,666),(667,668,669),(670,671,672),(673,674,675),(676,677,678),(679,680,681),(682,683,684),(685,686,687),(688,689,690),(691,692,693),(694,695,696),(697,698,699),(700,701,702),(703,704,705),(706,707,708),(709,710,711),(712,713,714),(715,716,717),(718,719,720),(721,722,723),(724,725,726),(727,728,729),(730,731,732),(733,734,735),(736,737,738),(739,740,741),(742,743,744),(745,746,747),(748,749,750),(751,752,753),(754,755,756),(757,758,759),(760,761,762),(763,764,765),(766,767,768),(769,770,771),(772,773,774),(775,776,777),(778,779,780),(781,782,783),(784,785,786),(787,788,789),(790,791,792),(793,794,795),(796,797,798),(799,800,801),(802,803,804),(805,806,807),(808,809,810),(811,812,813),(814,815,816),(817,818,819),(820,821,822),(823,824,825),(826,827,828),(829,830,831),(832,833,834),(835,836,837),(838,839,840),(841,842,843),(844,845,846),(847,848,849),(850,851,852),(853,854,855),(856,857,858),(859,860,861),(862,863,864),(865,866,867),(868,869,870),(871,872,873),(874,875,876),(877,878,879),(880,881,882),(883,884,885),(886,887,888),(889,890,891),(892,893,894),(895,896,897),(898,899,900),(901,902,903),(904,905,906),(907,908,909),(910,911,912),(913,914,915),(916,917,918),(919,920,921),(922,923,924),(925,926,927),(928,929,930),(931,932,933),(934,935,936),(937,938,939),(940,941,942),(943,944,945),(946,947,948),(949,950,951),(952,953,954),(955,956,957),(958,959,960),(961,962,963),(964,965,966),(967,968,969),(970,971,972),(973,974,975),(976,977,978),(979,980,981),(982,983,984),(985,986,987),(988,989,990),(991,992,993),(994,995,996),(997,998,999),(1000,1001,1002),(1003,1004,1005),(1006,1007,1008),(1009,1010,1011),(1012,1013,1014),(1015,1016,1017),(1018,1019,1020),(1021,1022,1023),(1024,1025,1026),(1027,1028,1029),(1030,1031,1032),(1033,1034,1035),(1036,1037,1038),(1039,1040,1041),(1042,1043,1044),(1045,1046,1047),(1048,1049,1050),(1051,1052,1053),(1054,1055,1056),(1057,1058,1059),(1060,1061,1062),(1063,1064,1065),(1066,1067,1068),(1069,1070,1071),(1072,1073,1074),(1075,1076,1077),(1078,1079,1080),(1081,1082,1083),(1084,1085,1086),(1087,1088,1089),(1090,1091,1092),(1093,1094,1095),(1096,1097,1098),(1099,1100,1101),(1102,1103,1104),(1105,1106,1107),(1108,1109,1110),(1111,1112,1113),(1114,1115,1116),(1117,1118,1119),(1120,1121,1122),(1123,1124,1125),(1126,1127,1128),(1129,1130,1131),(1132,1133,1134),(1135,1136,1137),(1138,1139,1140),(1141,1142,1143),(1144,1145,1146),(1147,1148,1149),(1150,1151,1152),(1153,1154,1155),(1156,1157,1158),(1159,1160,1161),(1162,1163,1164),(1165,1166,1167),(1168,1169,1170),(1171,1172,1173),(1174,1175,1176),(1177,1178,1179),(1180,1181,1182),(1183,1184,1185),(1186,1187,1188),(1189,1190,1191),(1192,1193,1194),(1195,1196,1197),(1198,1199,1200),(1201,1202,1203),(1204,1205,1206),(1207,1208,1209),(1210,1211,1212),(1213,1214,1215),(1216,1217,1218),(1219,1220,1221),(1222,1223,1224),(1225,1226,1227),(1228,1229,1230),(1231,1232,1233),(1234,1235,1236),(1237,1238,1239),(1240,1241,1242),(1243,1244,1245),(1246,1247,1248),(1249,1250,1251),(1252,1253,1254),(1255,1256,1257),(1258,1259,1260),(1261,1262,1263),(1264,1265,1266),(1267,1268,1269),(1270,1271,1272),(1273,1274,1275),(1276,1277,1278),(1279,1280,1281),(1282,1283,1284),(1285,1286,1287),(1288,1289,1290),(1291,1292,1293),(1294,1295,1296),(1297,1298,1299),(1300,1301,1302),(1303,1304,1305),(1306,1307,1308),(1309,1310,1311),(1312,1313,1314),(1315,1316,1317),(1318,1319,1320),(1321,1322,1323),(1324,1325,1326),(1327,1328,1329),(1330,1331,1332),(1333,1334,1335),(1336,1337,1338),(1339,1340,1341),(1342,1343,1344),(1345,1346,1347),(1348,1349,1350),(1351,1352,1353),(1354,1355,1356),(1357,1358,1359),(1360,1361,1362),(1363,1364,1365),(1366,1367,1368),(1369,1370,1371),(1372,1373,1374),(1375,1376,1377),(1378,1379,1380),(1381,1382,1383),(1384,1385,1386),(1387,1388,1389),(1390,1391,1392),(1393,1394,1395),(1396,1397,1398),(1399,1400,1401),(1402,1403,1404),(1405,1406,1407),(1408,1409,1410),(1411,1412,1413),(1414,1415,1416),(1417,1418,1419),(1420,1421,1422),(1423,1424,1425),(1426,1427,1428),(1429,1430,1431),(1432,1433,1434),(1435,1436,1437),(1438,1439,1440),(1441,1442,1443),(1444,1445,1446),(1447,1448,1449),(1450,1451,1452),(1453,1454,1455),(1456,1457,1458),(1459,1460,1461),(1462,1463,1464),(1465,1466,1467),(1468,1469,1470),(1471,1472,1473),(1474,1475,1476),(1477,1478,1479),(1480,1481,1482),(1483,1484,1485),(1486,1487,1488),(1489,1490,1491),(1492,1493,1494),(1495,1496,1497),(1498,1499,1500),(1501,1502,1503),(1504,1505,1506),(1507,1508,1509),(1510,1511,1512),(1513,1514,1515),(1516,1517,1518),(1519,1520,1521),(1522,1523,1524),(1525,1526,1527),(1528,1529,1530),(1531,1532,1533),(1534,1535,1536),(1537,1538,1539),(1540,1541,1542),(1543,1544,1545),(1546,1547,1548),(1549,1550,1551),(1552,1553,1554),(1555,1556,1557),(1558,1559,1560),(1561,1562,1563),(1564,1565,1566),(1567,1568,1569),(1570,1571,1572),(1573,1574,1575),(1576,1577,1578),(1579,1580,1581),(1582,1583,1584),(1585,1586,1587),(1588,1589,1590),(1591,1592,1593),(1594,1595,1596),(1597,1598,1599),(1600,1601,1602),(1603,1604,1605),(1606,1607,1608),(1609,1610,1611),(1612,1613,1614),(1615,1616,1617),(1618,1619,1620),(1621,1622,1623),(1624,1625,1626),(1627,1628,1629),(1630,1631,1632),(1633,1634,1635),(1636,1637,1638),(1639,1640,1641),(1642,1643,1644),(1645,1646,1647),(1648,1649,1650),(1651,1652,1653),(1654,1655,1656),(1657,1658,1659),(1660,1661,1662),(1663,1664,1665),(1666,1667,1668),(1669,1670,1671),(1672,1673,1674),(1675,1676,1677),(1678,1679,1680),(1681,1682,1683),(1684,1685,1686),(1687,1688,1689),(1690,1691,1692),(1693,1694,1695),(1696,1697,1698),(1699,1700,1701),(1702,1703,1704),(1705,1706,1707),(1708,1709,1710),(1711,1712,1713),(1714,1715,1716),(1717,1718,1719),(1720,1721,1722),(1723,1724,1725),(1726,1727,1728),(1729,1730,1731),(1732,1733,1734),(1735,1736,1737),(1738,1739,1740),(1741,1742,1743),(1744,1745,1746),(1747,1748,1749),(1750,1751,1752),(1753,1754,1755),(1756,1757,1758),(1759,1760,1761),(1762,1763,1764),(1765,1766,1767),(1768,1769,1770),(1771,1772,1773),(1774,1775,1776),(1777,1778,1779),(1780,1781,1782),(1783,1784,1785),(1786,1787,1788),(1789,1790,1791),(1792,1793,1794),(1795,1796,1797),(1798,1799,1800),(1801,1802,1803),(1804,1805,1806),(1807,1808,1809),(1810,1811,1812),(1813,1814,1815),(1816,1817,1818),(1819,1820,1821),(1822,1823,1824),(1825,1826,1827),(1828,1829,1830),(1831,1832,1833),(1834,1835,1836),(1837,1838,1839),(1840,1841,1842),(1843,1844,1845),(1846,1847,1848),(1849,1850,1851),(1852,1853,1854),(1855,1856,1857),(1858,1859,1860),(1861,1862,1863),(1864,1865,1866),(1867,1868,1869),(1870,1871,1872),(1873,1874,1875),(1876,1877,1878),(1879,1880,1881),(1882,1883,1884),(1885,1886,1887),(1888,1889,1890),(1891,1892,1893),(1894,1895,1896),(1897,1898,1899),(1900,1901,1902),(1903,1904,1905),(1906,1907,1908),(1909,1910,1911),(1912,1913,1914),(1915,1916,1917),(1918,1919,1920),(1921,1922,1923),(1924,1925,1926),(1927,1928,1929),(1930,1931,1932),(1933,1934,1935),(1936,1937,1938),(1939,1940,1941),(1942,1943,1944),(1945,1946,1947),(1948,1949,1950),(1951,1952,1953),(1954,1955,1956),(1957,1958,1959),(1960,1961,1962),(1963,1964,1965),(1966,1967,1968),(1969,1970,1971),(1972,1973,1974),(1975,1976,1977),(1978,1979,1980),(1981,1982,1983),(1984,1985,1986),(1987,1988,1989),(1990,1991,1992),(1993,1994,1995),(1996,1997,1998),(1999,2000,2001),(2002,2003,2004),(2005,2006,2007),(2008,2009,2010),(2011,2012,2013),(2014,2015,2016),(2017,2018,2019),(2020,2021,2022),(2023,2024,2025),(2026,2027,2028),(2029,2030,2031),(2032,2033,2034),(2035,2036,2037),(2038,2039,2040),(2041,2042,2043),(2044,2045,2046),(2047,2048,2049),(2050,2051,2052),(2053,2054,2055),(2056,2057,2058),(2059,2060,2061),(2062,2063,2064),(2065,2066,2067),(2068,2069,2070),(2071,2072,2073),(2074,2075,2076),(2077,2078,2079),(2080,2081,2082),(2083,2084,2085),(2086,2087,2088),(2089,2090,2091),(2092,2093,2094),(2095,2096,2097),(2098,2099,2100),(2101,2102,2103),(2104,2105,2106),(2107,2108,2109),(2110,2111,2112),(2113,2114,2115),(2116,2117,2118),(2119,2120,2121),(2122,2123,2124),(2125,2126,2127),(2128,2129,2130),(2131,2132,2133),(2134,2135,2136),(2137,2138,2139),(2140,2141,2142),(2143,2144,2145),(2146,2147,2148),(2149,2150,2151),(2152,2153,2154),(2155,2156,2157),(2158,2159,2160),(2161,2162,2163),(2164,2165,2166),(2167,2168,2169),(2170,2171,2172),(2173,2174,2175),(2176,2177,2178),(2179,2180,2181),(2182,2183,2184),(2185,2186,2187),(2188,2189,2190),(2191,2192,2193),(2194,2195,2196),(2197,2198,2199),(2200,2201,2202),(2203,2204,2205),(2206,2207,2208),(2209,2210,2211),(2212,2213,2214),(2215,2216,2217),(2218,2219,2220),(2221,2222,2223),(2224,2225,2226),(2227,2228,2229),(2230,2231,2232),(2233,2234,2235),(2236,2237,2238),(2239,2240,2241),(2242,2243,2244),(2245,2246,2247),(2248,2249,2250),(2251,2252,2253),(2254,2255,2256),(2257,2258,2259),(2260,2261,2262),(2263,2264,2265),(2266,2267,2268),(2269,2270,2271),(2272,2273,2274),(2275,2276,2277),(2278,2279,2280),(2281,2282,2283),(2284,2285,2286),(2287,2288,2289),(2290,2291,2292),(2293,2294,2295),(2296,2297,2298),(2299,2300,2301),(2302,2303,2304),(2305,2306,2307),(2308,2309,2310),(2311,2312,2313),(2314,2315,2316),(2317,2318,2319),(2320,2321,2322),(2323,2324,2325),(2326,2327,2328),(2329,2330,2331),(2332,2333,2334),(2335,2336,2337),(2338,2339,2340),(2341,2342,2343),(2344,2345,2346),(2347,2348,2349),(2350,2351,2352),(2353,2354,2355),(2356,2357,2358),(2359,2360,2361),(2362,2363,2364),(2365,2366,2367),(2368,2369,2370),(2371,2372,2373),(2374,2375,2376),(2377,2378,2379),(2380,2381,2382),(2383,2384,2385),(2386,2387,2388),(2389,2390,2391),(2392,2393,2394),(2395,2396,2397),(2398,2399,2400),(2401,2402,2403),(2404,2405,2406),(2407,2408,2409),(2410,2411,2412),(2413,2414,2415),(2416,2417,2418),(2419,2420,2421),(2422,2423,2424),(2425,2426,2427),(2428,2429,2430),(2431,2432,2433),(2434,2435,2436),(2437,2438,2439),(2440,2441,2442),(2443,2444,2445),(2446,2447,2448),(2449,2450,2451),(2452,2453,2454),(2455,2456,2457),(2458,2459,2460),(2461,2462,2463),(2464,2465,2466),(2467,2468,2469),(2470,2471,2472),(2473,2474,2475),(2476,2477,2478),(2479,2480,2481),(2482,2483,2484),(2485,2486,2487),(2488,2489,2490),(2491,2492,2493),(2494,2495,2496),(2497,2498,2499),(2500,2501,2502),(2503,2504,2505),(2506,2507,2508),(2509,2510,2511),(2512,2513,2514),(2515,2516,2517),(2518,2519,2520),(2521,2522,2523),(2524,2525,2526),(2527,2528,2529),(2530,2531,2532),(2533,2534,2535),(2536,2537,2538),(2539,2540,2541),(2542,2543,2544),(2545,2546,2547),(2548,2549,2550),(2551,2552,2553),(2554,2555,2556),(2557,2558,2559),(2560,2561,2562),(2563,2564,2565),(2566,2567,2568),(2569,2570,2571),(2572,2573,2574),(2575,2576,2577),(2578,2579,2580),(2581,2582,2583),(2584,2585,2586),(2587,2588,2589),(2590,2591,2592),(2593,2594,2595),(2596,2597,2598),(2599,2600,2601),(2602,2603,2604),(2605,2606,2607),(2608,2609,2610),(2611,2612,2613),(2614,2615,2616),(2617,2618,2619),(2620,2621,2622),(2623,2624,2625),(2626,2627,2628),(2629,2630,2631),(2632,2633,2634),(2635,2636,2637),(2638,2639,2640),(2641,2642,2643),(2644,2645,2646),(2647,2648,2649),(2650,2651,2652),(2653,2654,2655),(2656,2657,2658),(2659,2660,2661),(2662,2663,2664),(2665,2666,2667),(2668,2669,2670),(2671,2672,2673),(2674,2675,2676),(2677,2678,2679),(2680,2681,2682),(2683,2684,2685),(2686,2687,2688),(2689,2690,2691),(2692,2693,2694),(2695,2696,2697),(2698,2699,2700),(2701,2702,2703),(2704,2705,2706),(2707,2708,2709),(2710,2711,2712),(2713,2714,2715),(2716,2717,2718),(2719,2720,2721),(2722,2723,2724),(2725,2726,2727),(2728,2729,2730),(2731,2732,2733),(2734,2735,2736),(2737,2738,2739),(2740,2741,2742),(2743,2744,2745),(2746,2747,2748),(2749,2750,2751),(2752,2753,2754),(2755,2756,2757),(2758,2759,2760),(2761,2762,2763),(2764,2765,2766),(2767,2768,2769),(2770,2771,2772),(2773,2774,2775),(2776,2777,2778),(2779,2780,2781),(2782,2783,2784),(2785,2786,2787),(2788,2789,2790),(2791,2792,2793),(2794,2795,2796),(2797,2798,2799),(2800,2801,2802),(2803,2804,2805),(2806,2807,2808),(2809,2810,2811),(2812,2813,2814),(2815,2816,2817),(2818,2819,2820),(2821,2822,2823),(2824,2825,2826),(2827,2828,2829),(2830,2831,2832),(2833,2834,2835),(2836,2837,2838),(2839,2840,2841),(2842,2843,2844),(2845,2846,2847),(2848,2849,2850),(2851,2852,2853),(2854,2855,2856),(2857,2858,2859),(2860,2861,2862),(2863,2864,2865),(2866,2867,2868),(2869,2870,2871),(2872,2873,2874),(2875,2876,2877),(2878,2879,2880),(2881,2882,2883),(2884,2885,2886),(2887,2888,2889),(2890,2891,2892),(2893,2894,2895),(2896,2897,2898),(2899,2900,2901),(2902,2903,2904),(2905,2906,2907),(2908,2909,2910),(2911,2912,2913),(2914,2915,2916),(2917,2918,2919),(2920,2921,2922),(2923,2924,2925),(2926,2927,2928),(2929,2930,2931),(2932,2933,2934),(2935,2936,2937),(2938,2939,2940),(2941,2942,2943),(2944,2945,2946),(2947,2948,2949),(2950,2951,2952),(2953,2954,2955),(2956,2957,2958),(2959,2960,2961),(2962,2963,2964),(2965,2966,2967),(2968,2969,2970),(2971,2972,2973),(2974,2975,2976),(2977,2978,2979),(2980,2981,2982),(2983,2984,2985),(2986,2987,2988),(2989,2990,2991),(2992,2993,2994),(2995,2996,2997),(2998,2999,3000),(3001,3002,3003),(3004,3005,3006),(3007,3008,3009),(3010,3011,3012),(3013,3014,3015),(3016,3017,3018),(3019,3020,3021),(3022,3023,3024),(3025,3026,3027),(3028,3029,3030),(3031,3032,3033),(3034,3035,3036),(3037,3038,3039),(3040,3041,3042),(3043,3044,3045),(3046,3047,3048),(3049,3050,3051),(3052,3053,3054),(3055,3056,3057),(3058,3059,3060),(3061,3062,3063),(3064,3065,3066),(3067,3068,3069),(3070,3071,3072),(3073,3074,3075),(3076,3077,3078),(3079,3080,3081),(3082,3083,3084),(3085,3086,3087),(3088,3089,3090),(3091,3092,3093),(3094,3095,3096),(3097,3098,3099),(3100,3101,3102),(3103,3104,3105),(3106,3107,3108),(3109,3110,3111),(3112,3113,3114),(3115,3116,3117),(3118,3119,3120),(3121,3122,3123),(3124,3125,3126),(3127,3128,3129),(3130,3131,3132),(3133,3134,3135),(3136,3137,3138),(3139,3140,3141),(3142,3143,3144),(3145,3146,3147),(3148,3149,3150),(3151,3152,3153),(3154,3155,3156),(3157,3158,3159),(3160,3161,3162),(3163,3164,3165),(3166,3167,3168),(3169,3170,3171),(3172,3173,3174),(3175,3176,3177),(3178,3179,3180),(3181,3182,3183),(3184,3185,3186),(3187,3188,3189),(3190,3191,3192),(3193,3194,3195),(3196,3197,3198),(3199,3200,3201),(3202,3203,3204),(3205,3206,3207),(3208,3209,3210),(3211,3212,3213),(3214,3215,3216),(3217,3218,3219),(3220,3221,3222),(3223,3224,3225),(3226,3227,3228),(3229,3230,3231),(3232,3233,3234),(3235,3236,3237),(3238,3239,3240),(3241,3242,3243),(3244,3245,3246),(3247,3248,3249),(3250,3251,3252),(3253,3254,3255),(3256,3257,3258),(3259,3260,3261),(3262,3263,3264),(3265,3266,3267),(3268,3269,3270),(3271,3272,3273),(3274,3275,3276),(3277,3278,3279),(3280,3281,3282),(3283,3284,3285),(3286,3287,3288),(3289,3290,3291),(3292,3293,3294),(3295,3296,3297),(3298,3299,3300),(3301,3302,3303),(3304,3305,3306),(3307,3308,3309),(3310,3311,3312),(3313,3314,3315),(3316,3317,3318),(3319,3320,3321),(3322,3323,3324),(3325,3326,3327),(3328,3329,3330),(3331,3332,3333),(3334,3335,3336),(3337,3338,3339),(3340,3341,3342),(3343,3344,3345),(3346,3347,3348),(3349,3350,3351),(3352,3353,3354),(3355,3356,3357),(3358,3359,3360),(3361,3362,3363),(3364,3365,3366),(3367,3368,3369),(3370,3371,3372),(3373,3374,3375),(3376,3377,3378),(3379,3380,3381),(3382,3383,3384),(3385,3386,3387),(3388,3389,3390),(3391,3392,3393),(3394,3395,3396),(3397,3398,3399),(3400,3401,3402),(3403,3404,3405),(3406,3407,3408),(3409,3410,3411),(3412,3413,3414),(3415,3416,3417),(3418,3419,3420),(3421,3422,3423),(3424,3425,3426),(3427,3428,3429),(3430,3431,3432),(3433,3434,3435),(3436,3437,3438),(3439,3440,3441),(3442,3443,3444),(3445,3446,3447),(3448,3449,3450),(3451,3452,3453),(3454,3455,3456),(3457,3458,3459),(3460,3461,3462),(3463,3464,3465),(3466,3467,3468),(3469,3470,3471),(3472,3473,3474),(3475,3476,3477),(3478,3479,3480),(3481,3482,3483),(3484,3485,3486),(3487,3488,3489),(3490,3491,3492),(3493,3494,3495),(3496,3497,3498),(3499,3500,3501),(3502,3503,3504),(3505,3506,3507),(3508,3509,3510),(3511,3512,3513),(3514,3515,3516),(3517,3518,3519),(3520,3521,3522),(3523,3524,3525),(3526,3527,3528),(3529,3530,3531),(3532,3533,3534),(3535,3536,3537),(3538,3539,3540),(3541,3542,3543),(3544,3545,3546),(3547,3548,3549),(3550,3551,3552),(3553,3554,3555),(3556,3557,3558),(3559,3560,3561),(3562,3563,3564),(3565,3566,3567),(3568,3569,3570),(3571,3572,3573),(3574,3575,3576),(3577,3578,3579),(3580,3581,3582),(3583,3584,3585),(3586,3587,3588),(3589,3590,3591),(3592,3593,3594),(3595,3596,3597),(3598,3599,3600),(3601,3602,3603),(3604,3605,3606),(3607,3608,3609),(3610,3611,3612),(3613,3614,3615),(3616,3617,3618),(3619,3620,3621),(3622,3623,3624),(3625,3626,3627),(3628,3629,3630),(3631,3632,3633),(3634,3635,3636),(3637,3638,3639),(3640,3641,3642),(3643,3644,3645),(3646,3647,3648),(3649,3650,3651),(3652,3653,3654),(3655,3656,3657),(3658,3659,3660),(3661,3662,3663),(3664,3665,3666),(3667,3668,3669),(3670,3671,3672),(3673,3674,3675),(3676,3677,3678),(3679,3680,3681),(3682,3683,3684),(3685,3686,3687),(3688,3689,3690),(3691,3692,3693),(3694,3695,3696),(3697,3698,3699),(3700,3701,3702),(3703,3704,3705),(3706,3707,3708),(3709,3710,3711),(3712,3713,3714),(3715,3716,3717),(3718,3719,3720),(3721,3722,3723),(3724,3725,3726),(3727,3728,3729),(3730,3731,3732),(3733,3734,3735),(3736,3737,3738),(3739,3740,3741),(3742,3743,3744),(3745,3746,3747),(3748,3749,3750),(3751,3752,3753),(3754,3755,3756),(3757,3758,3759),(3760,3761,3762),(3763,3764,3765),(3766,3767,3768),(3769,3770,3771),(3772,3773,3774),(3775,3776,3777),(3778,3779,3780),(3781,3782,3783),(3784,3785,3786),(3787,3788,3789),(3790,3791,3792),(3793,3794,3795),(3796,3797,3798),(3799,3800,3801),(3802,3803,3804),(3805,3806,3807),(3808,3809,3810),(3811,3812,3813),(3814,3815,3816),(3817,3818,3819),(3820,3821,3822),(3823,3824,3825),(3826,3827,3828),(3829,3830,3831),(3832,3833,3834),(3835,3836,3837),(3838,3839,3840),(3841,3842,3843),(3844,3845,3846),(3847,3848,3849),(3850,3851,3852),(3853,3854,3855),(3856,3857,3858),(3859,3860,3861),(3862,3863,3864),(3865,3866,3867),(3868,3869,3870),(3871,3872,3873),(3874,3875,3876),(3877,3878,3879),(3880,3881,3882),(3883,3884,3885),(3886,3887,3888),(3889,3890,3891),(3892,3893,3894),(3895,3896,3897),(3898,3899,3900),(3901,3902,3903),(3904,3905,3906),(3907,3908,3909),(3910,3911,3912),(3913,3914,3915),(3916,3917,3918),(3919,3920,3921),(3922,3923,3924),(3925,3926,3927),(3928,3929,3930),(3931,3932,3933),(3934,3935,3936),(3937,3938,3939),(3940,3941,3942),(3943,3944,3945),(3946,3947,3948),(3949,3950,3951),(3952,3953,3954),(3955,3956,3957),(3958,3959,3960),(3961,3962,3963),(3964,3965,3966),(3967,3968,3969),(3970,3971,3972),(3973,3974,3975),(3976,3977,3978),(3979,3980,3981),(3982,3983,3984),(3985,3986,3987),(3988,3989,3990),(3991,3992,3993),(3994,3995,3996),(3997,3998,3999),(4000,4001,4002),(4003,4004,4005),(4006,4007,4008),(4009,4010,4011),(4012,4013,4014),(4015,4016,4017),(4018,4019,4020),(4021,4022,4023),(4024,4025,4026),(4027,4028,4029),(4030,4031,4032),(4033,4034,4035),(4036,4037,4038),(4039,4040,4041),(4042,4043,4044),(4045,4046,4047),(4048,4049,4050),(4051,4052,4053),(4054,4055,4056),(4057,4058,4059),(4060,4061,4062),(4063,4064,4065),(4066,4067,4068),(4069,4070,4071),(4072,4073,4074),(4075,4076,4077),(4078,4079,4080),(4081,4082,4083),(4084,4085,4086),(4087,4088,4089),(4090,4091,4092),(4093,4094,4095),(4096,4097,4098),(4099,4100,4101),(4102,4103,4104),(4105,4106,4107),(4108,4109,4110),(4111,4112,4113),(4114,4115,4116),(4117,4118,4119),(4120,4121,4122),(4123,4124,4125),(4126,4127,4128),(4129,4130,4131),(4132,4133,4134),(4135,4136,4137),(4138,4139,4140),(4141,4142,4143),(4144,4145,4146),(4147,4148,4149),(4150,4151,4152),(4153,4154,4155),(4156,4157,4158),(4159,4160,4161),(4162,4163,4164),(4165,4166,4167),(4168,4169,4170),(4171,4172,4173),(4174,4175,4176),(4177,4178,4179),(4180,4181,4182),(4183,4184,4185),(4186,4187,4188),(4189,4190,4191),(4192,4193,4194),(4195,4196,4197),(4198,4199,4200),(4201,4202,4203),(4204,4205,4206),(4207,4208,4209),(4210,4211,4212),(4213,4214,4215),(4216,4217,4218),(4219,4220,4221),(4222,4223,4224),(4225,4226,4227),(4228,4229,4230),(4231,4232,4233),(4234,4235,4236),(4237,4238,4239),(4240,4241,4242),(4243,4244,4245),(4246,4247,4248),(4249,4250,4251),(4252,4253,4254),(4255,4256,4257),(4258,4259,4260),(4261,4262,4263),(4264,4265,4266),(4267,4268,4269),(4270,4271,4272),(4273,4274,4275),(4276,4277,4278),(4279,4280,4281),(4282,4283,4284),(4285,4286,4287),(4288,4289,4290),(4291,4292,4293),(4294,4295,4296),(4297,4298,4299),(4300,4301,4302),(4303,4304,4305),(4306,4307,4308),(4309,4310,4311),(4312,4313,4314),(4315,4316,4317),(4318,4319,4320),(4321,4322,4323),(4324,4325,4326),(4327,4328,4329),(4330,4331,4332),(4333,4334,4335),(4336,4337,4338),(4339,4340,4341),(4342,4343,4344),(4345,4346,4347),(4348,4349,4350),(4351,4352,4353),(4354,4355,4356),(4357,4358,4359),(4360,4361,4362),(4363,4364,4365),(4366,4367,4368),(4369,4370,4371),(4372,4373,4374),(4375,4376,4377),(4378,4379,4380),(4381,4382,4383),(4384,4385,4386),(4387,4388,4389),(4390,4391,4392),(4393,4394,4395),(4396,4397,4398),(4399,4400,4401),(4402,4403,4404),(4405,4406,4407),(4408,4409,4410),(4411,4412,4413),(4414,4415,4416),(4417,4418,4419),(4420,4421,4422),(4423,4424,4425),(4426,4427,4428),(4429,4430,4431),(4432,4433,4434),(4435,4436,4437),(4438,4439,4440),(4441,4442,4443),(4444,4445,4446),(4447,4448,4449),(4450,4451,4452),(4453,4454,4455),(4456,4457,4458),(4459,4460,4461),(4462,4463,4464),(4465,4466,4467),(4468,4469,4470),(4471,4472,4473),(4474,4475,4476),(4477,4478,4479),(4480,4481,4482),(4483,4484,4485),(4486,4487,4488),(4489,4490,4491),(4492,4493,4494),(4495,4496,4497),(4498,4499,4500),(4501,4502,4503),(4504,4505,4506),(4507,4508,4509),(4510,4511,4512),(4513,4514,4515),(4516,4517,4518),(4519,4520,4521),(4522,4523,4524),(4525,4526,4527),(4528,4529,4530),(4531,4532,4533),(4534,4535,4536),(4537,4538,4539),(4540,4541,4542),(4543,4544,4545),(4546,4547,4548),(4549,4550,4551),(4552,4553,4554),(4555,4556,4557),(4558,4559,4560),(4561,4562,4563),(4564,4565,4566),(4567,4568,4569),(4570,4571,4572),(4573,4574,4575),(4576,4577,4578),(4579,4580,4581),(4582,4583,4584),(4585,4586,4587),(4588,4589,4590),(4591,4592,4593),(4594,4595,4596),(4597,4598,4599)));
#2030=TESSELLATED_GEOMETRIC_SET('hole callout',(#2029));
#2031=COORDINATES_LIST('coordinates',5,((-15.9137165,0.,-30.9951692),(16.3148335,0.,-30.9951692),(-24.6637165,0.,-34.7451692),(-20.9137165,0.,-30.9951692),(-15.9137165,0.,-30.9951692)));
#2032=TESSELLATED_CURVE_SET('curve set',#2031,((1,2),(3,4,5)));
#2033=TESSELLATED_GEOMETRIC_SET('hole callout',(#2032));
#2034=TESSELLATED_ANNOTATION_OCCURRENCE('hole callout',(#2027),#2030);
#2035=TESSELLATED_ANNOTATION_OCCURRENCE('hole callout',(#2027),#2033);
#2036=DRAUGHTING_CALLOUT('hole callout',(#2034,#2035));
#2037=DRAUGHTING_MODEL_ITEM_ASSOCIATION('','',#1988,#1960,#2036);
#2038=DRAUGHTING_MODEL_ITEM_ASSOCIATION('','',#1996,#1960,#2036);
#2039=DRAUGHTING_MODEL_ITEM_ASSOCIATION('','',#1978,#1960,#2036);
ENDSEC;
END-ISO-10303-21;
